--------------------------------------------------------
--  File created - Thursday-September-04-2014   
--------------------------------------------------------
USE etrustex;
SET foreign_key_checks = 0;

START TRANSACTION;

-- MySQL date format '%d-%b-%y %H.%i.%s'
--REM INSERTING into ETRUSTEX.CPA_TB_BUSINESS_DOMAIN

Insert into ETRUSTEX.CPA_TB_BUSINESS_DOMAIN (CBD_ID,CBD_NAME,CRE_DT,CRE_ID,MOD_DT,MOD_ID) values (2,'testDomain',null,null,null,null);
Insert into ETRUSTEX.CPA_TB_BUSINESS_DOMAIN (CBD_ID,CBD_NAME,CRE_DT,CRE_ID,MOD_DT,MOD_ID) values (1,'eProcurement',null,null,null,null);
--REM INSERTING into ETRUSTEX.CPA_TB_USER

Insert into ETRUSTEX.CPA_TB_USER (CUS_ID,CUS_NAME,CUS_PASSW,CRE_DT,CRE_ID,MOD_DT,MOD_ID) values (1,'testadm','testadm',null,null,null,null);
Insert into ETRUSTEX.CPA_TB_USER (CUS_ID,CUS_NAME,CUS_PASSW,CRE_DT,CRE_ID,MOD_DT,MOD_ID) values (2,'testcbo','testcbo',null,null,null,null);
Insert into ETRUSTEX.CPA_TB_USER (CUS_ID,CUS_NAME,CUS_PASSW,CRE_DT,CRE_ID,MOD_DT,MOD_ID) values (3,'testlbo','testlbo',null,null,null,null);
Insert into ETRUSTEX.CPA_TB_USER (CUS_ID,CUS_NAME,CUS_PASSW,CRE_DT,CRE_ID,MOD_DT,MOD_ID) values (4,'batrian','batrian',null,null,null,null);
Insert into ETRUSTEX.CPA_TB_USER (CUS_ID,CUS_NAME,CUS_PASSW,CRE_DT,CRE_ID,MOD_DT,MOD_ID) values (5,'testuser','testuser',null,null,null,null);
Insert into ETRUSTEX.CPA_TB_USER (CUS_ID,CUS_NAME,CUS_PASSW,CRE_DT,CRE_ID,MOD_DT,MOD_ID) values (6,'ventrgi','ventrgi',null,null,null,null);
Insert into ETRUSTEX.CPA_TB_USER (CUS_ID,CUS_NAME,CUS_PASSW,CRE_DT,CRE_ID,MOD_DT,MOD_ID) values (7,'derveol','derveol',null,null,null,null);
Insert into ETRUSTEX.CPA_TB_USER (CUS_ID,CUS_NAME,CUS_PASSW,CRE_DT,CRE_ID,MOD_DT,MOD_ID) values (437174,'user02','[B@75914d08',str_to_date('18-AUG-14 16.24.16','%d-%b-%y %H.%i.%s'),'daniemn',null,null);
Insert into ETRUSTEX.CPA_TB_USER (CUS_ID,CUS_NAME,CUS_PASSW,CRE_DT,CRE_ID,MOD_DT,MOD_ID) values (443031,'user05','GXzAAtdyU14q9K2KGsBJaQkef/Y=',str_to_date('21-AUG-14 10.09.39','%d-%b-%y %H.%i.%s'),'daniemn',null,null);
Insert into ETRUSTEX.CPA_TB_USER (CUS_ID,CUS_NAME,CUS_PASSW,CRE_DT,CRE_ID,MOD_DT,MOD_ID) values (444672,'x50b125','4q+cW468KhTtu2eKqOsui1ZWbAQ=',str_to_date('21-AUG-14 17.38.44','%d-%b-%y %H.%i.%s'),'daniemn',null,null);
Insert into ETRUSTEX.CPA_TB_USER (CUS_ID,CUS_NAME,CUS_PASSW,CRE_DT,CRE_ID,MOD_DT,MOD_ID) values (444698,'user22','He0uPJLK97cIJTSsvTqmO6cp1T8=',str_to_date('21-AUG-14 17.51.16','%d-%b-%y %H.%i.%s'),'x50b125',null,null);
Insert into ETRUSTEX.CPA_TB_USER (CUS_ID,CUS_NAME,CUS_PASSW,CRE_DT,CRE_ID,MOD_DT,MOD_ID) values (437147,'user01','[B@248048c7',str_to_date('18-AUG-14 16.18.54','%d-%b-%y %H.%i.%s'),'daniemn',null,null);
Insert into ETRUSTEX.CPA_TB_USER (CUS_ID,CUS_NAME,CUS_PASSW,CRE_DT,CRE_ID,MOD_DT,MOD_ID) values (441380,'qq','vtTraYxu7qfx3fU5fUgNPywPuTg=',str_to_date('20-AUG-14 15.38.18','%d-%b-%y %H.%i.%s'),'daniemn',null,null);
Insert into ETRUSTEX.CPA_TB_USER (CUS_ID,CUS_NAME,CUS_PASSW,CRE_DT,CRE_ID,MOD_DT,MOD_ID) values (8,'daniemn','daniemn',null,null,null,null);
Insert into ETRUSTEX.CPA_TB_USER (CUS_ID,CUS_NAME,CUS_PASSW,CRE_DT,CRE_ID,MOD_DT,MOD_ID) values (441168,'user09a','AJ9ugeKjBm32eHwSaSPbD1N8Qn8=',str_to_date('20-AUG-14 14.08.40','%d-%b-%y %H.%i.%s'),'daniemn',null,null);
Insert into ETRUSTEX.CPA_TB_USER (CUS_ID,CUS_NAME,CUS_PASSW,CRE_DT,CRE_ID,MOD_DT,MOD_ID) values (9,'orazisa','orazisa',null,null,null,null);
Insert into ETRUSTEX.CPA_TB_USER (CUS_ID,CUS_NAME,CUS_PASSW,CRE_DT,CRE_ID,MOD_DT,MOD_ID) values (424986,'usr09','[B@7dc309af',str_to_date('12-AUG-14 14.46.15','%d-%b-%y %H.%i.%s'),'daniemn',null,null);
Insert into ETRUSTEX.CPA_TB_USER (CUS_ID,CUS_NAME,CUS_PASSW,CRE_DT,CRE_ID,MOD_DT,MOD_ID) values (441166,'user09','AJ9ugeKjBm32eHwSaSPbD1N8Qn8=',str_to_date('20-AUG-14 14.07.31','%d-%b-%y %H.%i.%s'),'daniemn',null,null);
--REM INSERTING into ETRUSTEX.CPA_TB_USER_RIGHTS

Insert into ETRUSTEX.CPA_TB_USER_RIGHTS (CUR_ID,CUR_BUD_ID,CUR_PTY_ID,CUR_URR_ID,CUR_USR_ID,CRE_DT,CRE_ID,MOD_DT,MOD_ID) values (1,1,null,1,1,null,null,null,null);
Insert into ETRUSTEX.CPA_TB_USER_RIGHTS (CUR_ID,CUR_BUD_ID,CUR_PTY_ID,CUR_URR_ID,CUR_USR_ID,CRE_DT,CRE_ID,MOD_DT,MOD_ID) values (2,1,null,1,2,null,null,null,null);
Insert into ETRUSTEX.CPA_TB_USER_RIGHTS (CUR_ID,CUR_BUD_ID,CUR_PTY_ID,CUR_URR_ID,CUR_USR_ID,CRE_DT,CRE_ID,MOD_DT,MOD_ID) values (3,1,6,3,3,null,null,null,null);
Insert into ETRUSTEX.CPA_TB_USER_RIGHTS (CUR_ID,CUR_BUD_ID,CUR_PTY_ID,CUR_URR_ID,CUR_USR_ID,CRE_DT,CRE_ID,MOD_DT,MOD_ID) values (4,1,null,1,4,null,null,null,null);
Insert into ETRUSTEX.CPA_TB_USER_RIGHTS (CUR_ID,CUR_BUD_ID,CUR_PTY_ID,CUR_URR_ID,CUR_USR_ID,CRE_DT,CRE_ID,MOD_DT,MOD_ID) values (5,2,null,1,4,null,null,null,null);
Insert into ETRUSTEX.CPA_TB_USER_RIGHTS (CUR_ID,CUR_BUD_ID,CUR_PTY_ID,CUR_URR_ID,CUR_USR_ID,CRE_DT,CRE_ID,MOD_DT,MOD_ID) values (6,null,null,1,5,null,null,null,null);
Insert into ETRUSTEX.CPA_TB_USER_RIGHTS (CUR_ID,CUR_BUD_ID,CUR_PTY_ID,CUR_URR_ID,CUR_USR_ID,CRE_DT,CRE_ID,MOD_DT,MOD_ID) values (7,null,null,1,6,null,null,null,null);
Insert into ETRUSTEX.CPA_TB_USER_RIGHTS (CUR_ID,CUR_BUD_ID,CUR_PTY_ID,CUR_URR_ID,CUR_USR_ID,CRE_DT,CRE_ID,MOD_DT,MOD_ID) values (8,1,null,1,7,null,null,null,null);
Insert into ETRUSTEX.CPA_TB_USER_RIGHTS (CUR_ID,CUR_BUD_ID,CUR_PTY_ID,CUR_URR_ID,CUR_USR_ID,CRE_DT,CRE_ID,MOD_DT,MOD_ID) values (437175,1,null,1,437174,str_to_date('18-AUG-14 16.24.16','%d-%b-%y %H.%i.%s'),'daniemn',null,null);
Insert into ETRUSTEX.CPA_TB_USER_RIGHTS (CUR_ID,CUR_BUD_ID,CUR_PTY_ID,CUR_URR_ID,CUR_USR_ID,CRE_DT,CRE_ID,MOD_DT,MOD_ID) values (443032,1,null,1,443031,str_to_date('21-AUG-14 10.09.39','%d-%b-%y %H.%i.%s'),'daniemn',null,null);
Insert into ETRUSTEX.CPA_TB_USER_RIGHTS (CUR_ID,CUR_BUD_ID,CUR_PTY_ID,CUR_URR_ID,CUR_USR_ID,CRE_DT,CRE_ID,MOD_DT,MOD_ID) values (443033,null,null,1,443031,str_to_date('21-AUG-14 10.09.39','%d-%b-%y %H.%i.%s'),'daniemn',null,null);
Insert into ETRUSTEX.CPA_TB_USER_RIGHTS (CUR_ID,CUR_BUD_ID,CUR_PTY_ID,CUR_URR_ID,CUR_USR_ID,CRE_DT,CRE_ID,MOD_DT,MOD_ID) values (444673,1,null,2,444672,str_to_date('21-AUG-14 17.38.44','%d-%b-%y %H.%i.%s'),'daniemn',null,null);
Insert into ETRUSTEX.CPA_TB_USER_RIGHTS (CUR_ID,CUR_BUD_ID,CUR_PTY_ID,CUR_URR_ID,CUR_USR_ID,CRE_DT,CRE_ID,MOD_DT,MOD_ID) values (444699,1,402005,3,444698,str_to_date('21-AUG-14 17.51.16','%d-%b-%y %H.%i.%s'),'x50b125',null,null);
Insert into ETRUSTEX.CPA_TB_USER_RIGHTS (CUR_ID,CUR_BUD_ID,CUR_PTY_ID,CUR_URR_ID,CUR_USR_ID,CRE_DT,CRE_ID,MOD_DT,MOD_ID) values (437148,1,null,1,437147,str_to_date('18-AUG-14 16.18.54','%d-%b-%y %H.%i.%s'),'daniemn',null,null);
Insert into ETRUSTEX.CPA_TB_USER_RIGHTS (CUR_ID,CUR_BUD_ID,CUR_PTY_ID,CUR_URR_ID,CUR_USR_ID,CRE_DT,CRE_ID,MOD_DT,MOD_ID) values (9,null,null,1,8,null,null,null,null);
Insert into ETRUSTEX.CPA_TB_USER_RIGHTS (CUR_ID,CUR_BUD_ID,CUR_PTY_ID,CUR_URR_ID,CUR_USR_ID,CRE_DT,CRE_ID,MOD_DT,MOD_ID) values (441169,1,null,1,441168,str_to_date('20-AUG-14 14.08.40','%d-%b-%y %H.%i.%s'),'daniemn',null,null);
Insert into ETRUSTEX.CPA_TB_USER_RIGHTS (CUR_ID,CUR_BUD_ID,CUR_PTY_ID,CUR_URR_ID,CUR_USR_ID,CRE_DT,CRE_ID,MOD_DT,MOD_ID) values (10,1,null,1,9,null,null,null,null);
Insert into ETRUSTEX.CPA_TB_USER_RIGHTS (CUR_ID,CUR_BUD_ID,CUR_PTY_ID,CUR_URR_ID,CUR_USR_ID,CRE_DT,CRE_ID,MOD_DT,MOD_ID) values (441167,1,null,1,441166,str_to_date('20-AUG-14 14.07.31','%d-%b-%y %H.%i.%s'),'daniemn',null,null);
--REM INSERTING into ETRUSTEX.CPA_TB_USER_ROLE

Insert into ETRUSTEX.CPA_TB_USER_ROLE (RDL_ID,RDL_CODE,RDL_DESC,CRE_DT,CRE_ID,MOD_DT,MOD_ID) values (1,'ADM','General Administrator',null,null,null,null);
Insert into ETRUSTEX.CPA_TB_USER_ROLE (RDL_ID,RDL_CODE,RDL_DESC,CRE_DT,CRE_ID,MOD_DT,MOD_ID) values (2,'CBO','Central Business Owner',null,null,null,null);
Insert into ETRUSTEX.CPA_TB_USER_ROLE (RDL_ID,RDL_CODE,RDL_DESC,CRE_DT,CRE_ID,MOD_DT,MOD_ID) values (3,'LBO','Local Business Owner',null,null,null,null);
--REM INSERTING into ETRUSTEX.ETR_TB_CERTIFICATE

Insert into ETRUSTEX.ETR_TB_CERTIFICATE (CERT_ID,CRE_DT,CRE_ID,MOD_DT,MOD_ID,CERT_ATTRIBUTES,CERT_ENCODED_DATA,CERT_HOLDER,CERT_ISSUER,CERT_SERIAL_NR,CERT_SIGN_ALG,CERT_SIGN_VAL,CERT_TYPE,CERT_USAGE,CERT_VALID_TO,CERT_VALID_FROM,CERT_VERSION) values (28,str_to_date('19-DEC-13 14.28.00','%d-%b-%y %H.%i.%s'),'ventrgi',str_to_date('19-DEC-13 14.28.00','%d-%b-%y %H.%i.%s'),'ventrgi',null,'MIICXzCCAcigAwIBAgIEUCoNcTANBgkqhkiG9w0BAQUFADB0MQswCQYDVQQGEwJFVTEPMA0GA1UECBMGRXVyb3BlMREwDwYDVQQHEwhCcnVzc2VsczEcMBoGA1UEChMTRXVyb3BlYW4gQ29tbWlzc2lvbjEOMAwGA1UECxMFRElHSVQxEzARBgNVBAMTCmV0cnVzdGV4Y2EwHhcNMTIwODE0MDgzMzUzWhcNMTQwODE0MDgzMzUzWjB0MQswCQYDVQQGEwJFVTEPMA0GA1UECBMGRXVyb3BlMREwDwYDVQQHEwhCcnVzc2VsczEcMBoGA1UEChMTRXVyb3BlYW4gQ29tbWlzc2lvbjEOMAwGA1UECxMFRElHSVQxEzARMIICXzCCAcigAwIBAgIEUCoNcTANBgkqhkiG9w0BAQUFADB0MQswCQYDVQQGEwJFVTEPMA0GA1UECBMGRXVyb3BlMREwDwYDVQQHEwhCcnVzc2VsczEcMBoGA1UEChMTRXVyb3BlYW4gQ29tbWlzc2lvbjEOMAwGA1UECxMFRElHSVQxEzARBgNVBAMTCmV0cnVzdGV4Y2EwHhcNMTIwODE0MDgzMzUzWhcNMTQwODE0MDgzMzUzWjB0MQswCQYDVQQGEwJFVTEPMA0GA1UECBMGRXVyb3BlMREwDwYDVQQHEwhCcnVzc2VsczEcMBoGA1UEChMTRXVyb3BlYW4gQ29tbWlzc2lvbjEOMAwGA1UECxMFRElHSVQxEzARBgNVBAMTCmV0cnVzdGV4Y2EwgZ8wDQYJKoZIhvcNAQEBBQADgY0AMIGJAoGBALH4RzuzvPjdlbxyWFRdIFthiQOkvJ88G+krJEor3HXnZFa5xiRtVQitvdwvWg1XnGgGhubWPWASMWPP6UNT1zQGOa1MjFoyF3HhPXeBG3mP4AmXVvApEPQtW8YjTogUz53kqCvs0QuOP4jw0Nrh+1X/YnEKZxviHWTO+704LvtlAgMBAAEwDQYJKoZIhvcNAQEFBQADgYEAaSkB6eHTf9RP/eA4IVw1Ch7Sl3yRIcTKq6rTkEeQLBf7n95dTgYTBPCyciIq1BtoZQkGG63GhF+bxSrOhVtn3Qed8zn3TDAMH82u7n4KP4tcndjXiF6tLDT9PqtnoJk64SupdEFF7bZ8DCwD5zs1rcMeAdcJVC/+lTE71YAiybw=WFRdIFthiQOkvJ88G+krJEor3HXnZFa5xiRtVQitvdwvWg1XnGgGhubWPWASMWPP6UNT1zQGOa1MjFoyF3HhPXeBG3mP4AmXVvApEPQtW8YjTogUz53kqCvs0QuOP4jw0Nrh+1X/YnEKZxviHWTO+704LvtlAgMBAAEwDQYJKoZIhvcNAQEFBQADgYEAaSkB6eHTf9RP/eA4IVw1Ch7Sl3yRIcTKq6rTkEeQLBf7n95dTgYTBPCyciIq1BtoZQkGG63GhF+bxSrOhVtn3Qed8zn3TDAMH82u7n4KP4tcndjXiF6tLDT9PqtnoJk64SupdEFF7bZ8DCwD5zs1rcMeAdcJVC/+lTE71YAiybw=','CN=PRIOR_USERca, OU=DIGIT, O=European Commission, L=Brussels, ST=Europe, C=EU','CN=PRIOR_USERca, OU=DIGIT, O=European Commission, L=Brussels, ST=Europe, C=EU','1344933233',null,null,'X509','KEY_ENCIPHERMENT',null,null,null);
Insert into ETRUSTEX.ETR_TB_CERTIFICATE (CERT_ID,CRE_DT,CRE_ID,MOD_DT,MOD_ID,CERT_ATTRIBUTES,CERT_ENCODED_DATA,CERT_HOLDER,CERT_ISSUER,CERT_SERIAL_NR,CERT_SIGN_ALG,CERT_SIGN_VAL,CERT_TYPE,CERT_USAGE,CERT_VALID_TO,CERT_VALID_FROM,CERT_VERSION) values (27,str_to_date('19-DEC-13 14.28.00','%d-%b-%y %H.%i.%s'),'ventrgi',str_to_date('19-DEC-13 14.28.00','%d-%b-%y %H.%i.%s'),'ventrgi',null,'MIIDZjCCAk6gAwIBAgIEUCOLHjANBgkqhkiG9w0BAQUFADB1MQswCQYDVQQGEwJCRTERMA8GA1UECBMIQnJ1c3NlbHMxETAPBgNVBAcTCEJydXNzZWxzMRwwGgYDVQQKExNFdXJvcGVhbiBDb21taXNzaW9uMRAwDgYDVQQLEwdDT01QLlIzMRAwDgYDVQQDEwdERyBDT01QMB4XDTEyMDgwOTEwMDQxNFoXDTE0MDgwOTEwMDQxNFowdTELMAkGA1UEBhMCQkUxETAPBgNVBAgTCEJydXNzZWxzMREwDwYDVQQHEwhCcnVzc2VsczEcMBoGA1UEChMTRXVyb3BlYW4gQ29tbWlzc2lvbjEQMA4GA1UECxMHQ09NUC5SMzEQMA4GA1UEAxMHREcgQ09NUDCCASIwDQYJKoZIhvcNAQEBBQADggEPADCCAQoCggEBAJaM/tHJ1V072s1cDg7tF8go1QsX5MQCRvNssRlVDAqW4JO2a/wPWnTQNcNf1LYho8oUI8gR5kkhC62AqwXeV4RAZA1HYvwLvlYxFMqzz1ktDcz6FFFq35VCsi3E3pQzdk9in4l6UoShtWZwF5C308fzlaBiqFxuCT7aB+cEhf8DzbcE/6+fb310X3vbdet9TDNoPU6ldfXeC1WuCwkONrw4BqftZSP8xTiQ/TGqXztCr1YG7GEQZcVtuL09UGn65tzq4tsBjaTrFE6t4sdyeratgyQs8Zxl5Xsge41hdY6BjovYuvYNM+RZ5mSSIRSJzaWED7ujsZabZa6u6XL9AxkCAwEAATANBgkqhkiG9w0BAQUFAAOCAQEARtEcluZYvgkxkSuuzBwodmE2fMiFpH9iqhFrIm3AlJb/K+ZxlJ7pwJDCcBXDOJMOZgPRrD7XZWyVh+86IP9mawED3pTBcCrfRQi4EACK8/jK4GYIMb6m/hVkiuU/h1d9jLr7sikdl+83jEIyOb+0YZR+vUVRI7+amOKZQEx5i3rc2t5QqrZgmFEIpVdq9CzyFyz+s8wA/UaA7kNsESDpO6BQW1IYbT7XScdn6EWiRCqUNS9plF3my5EqlDlzdGMHuO0Pz9xR9TnRuO+vx1mJ46pE+6+GYL5JRjxaU2RDSykb2bK7L2dCXb+bksEmwUKqJj1fNCha0dW4IUTsreksOQ==','CN = DG COMP,OU = COMP.R3,O = European Commission,L = Brussels,S = Brussels,C = BE','CN = DG COMP,OU = COMP.R3,O = European Commission,L = Brussels,S = Brussels,C = BE','1344506654',null,null,'X509','KEY_ENCIPHERMENT',null,null,null);
Insert into ETRUSTEX.ETR_TB_CERTIFICATE (CERT_ID,CRE_DT,CRE_ID,MOD_DT,MOD_ID,CERT_ATTRIBUTES,CERT_ENCODED_DATA,CERT_HOLDER,CERT_ISSUER,CERT_SERIAL_NR,CERT_SIGN_ALG,CERT_SIGN_VAL,CERT_TYPE,CERT_USAGE,CERT_VALID_TO,CERT_VALID_FROM,CERT_VERSION) values (36,str_to_date('19-DEC-13 14.28.00','%d-%b-%y %H.%i.%s'),'ventrgi',str_to_date('19-DEC-13 14.28.00','%d-%b-%y %H.%i.%s'),'ventrgi',null,'MIICyTCCAjKgAwIBAgIEUT8fgDANBgkqhkiG9w0BAQIFADCBqDEfMB0GCSqGSIb3DQEJARYQYXJtZW5AY2hvbGFrLmNvbTELMAkGA1UEBhMCQkUxETAPBgNVBAgMCEJSVVNTRUxTMRIwEAYDVQQHDAlFVFRFUkJFRUsxHDAaBgNVBAoME0VVUk9QRUFOIENPTU1JU1NJT04xETAPBgNVBAsMCERJR0lUIEIxMSAwHgYDVQQDDBdMRVZFTCAyIENPTkZJREVOVElBTElUWTAeFw0xMzAzMTIxMjI5NThaFw0xNDAzMTIxMjI5NThaMIGoMR8wHQYJKoZIhvcNAQkBFhBhcm1lbkBjaG9sYWsuY29tMQswCQYDVQQGEwJCRTERMA8GA1UECAwIQlJVU1NFTFMxEjAQBgNVBAcMCUVUVEVSQkVFSzEcMBoGA1UECgwTRVVST1BFQU4gQ09NTUlTU0lPTjERMA8GA1UECwwIRElHSVQgQjExIDAeBgNVBAMMF0xFVkVMIDIgQ09ORklERU5USUFMSVRZMIGfMA0GCSqGSIb3DQEBAQUAA4GNADCBiQKBgQCCCiMBpAQ4wsqAdMNMCmivLmcXg9BKU2SExzexrEY5qI0Geg689Bx+djalJ52wAaDkc54icV3kMEuB2DZjR7TDAwGWQuiCgt2eTUlspM09s7SxvouZnKWramY6W/cqq/pRGFTKlmqZnvXEThMbz+vm/wZloHAoXYulsXwfqE4YGwIDAQABMA0GCSqGSIb3DQEBAgUAA4GBAD2uHdjC4g9HbNHa/TVd+4K0pjnk0bTCP+XbnASI2h3ksbCz7WLkzKj4Ksj0+CouMBAuiYqgQruzZA6YdZ/znSEL62jDFZRL2IBRuUmpREWLCR55TBfaUEkh4ZlgVLNbYpeLElXaVUWLqRlyolNwYWP6oMsal3Q19u+jOsvCgnPS','CN = LEVEL 2 CONFIDENTIALITY,OU = DIGIT B1,O = EUROPEAN COMMISSION,L = ETTERBEEK,S = BRUSSELS,C = BE,E = armen@cholak.com','CN = LEVEL 2 CONFIDENTIALITY,OU = DIGIT B1,O = EUROPEAN COMMISSION,L = ETTERBEEK,S = BRUSSELS,C = BE,E = armen@cholak.com','13547100755','md2RSA',null,'X509','KEY_ENCIPHERMENT',str_to_date('12-MAR-14 00.00.00','%d-%b-%y %H.%i.%s'),str_to_date('12-MAR-13 00.00.00','%d-%b-%y %H.%i.%s'),'V3');
Insert into ETRUSTEX.ETR_TB_CERTIFICATE (CERT_ID,CRE_DT,CRE_ID,MOD_DT,MOD_ID,CERT_ATTRIBUTES,CERT_ENCODED_DATA,CERT_HOLDER,CERT_ISSUER,CERT_SERIAL_NR,CERT_SIGN_ALG,CERT_SIGN_VAL,CERT_TYPE,CERT_USAGE,CERT_VALID_TO,CERT_VALID_FROM,CERT_VERSION) values (30,str_to_date('19-DEC-13 14.28.00','%d-%b-%y %H.%i.%s'),'ventrgi',str_to_date('19-DEC-13 14.28.00','%d-%b-%y %H.%i.%s'),'ventrgi',null,'MIICcTCCAdqgAwIBAgIEUCoQGDANBgkqhkiG9w0BAQUFADB9MQswCQYDVQQGEwJFVTEPMA0GA1UECBMGRXVyb3BlMREwDwYDVQQHEwhCcnVzc2VsczEcMBoGA1UEChMTRXVyb3BlYW4gQ29tbWlzc2lvbjEOMAwGA1UECxMFRElHSVQxHDAaBgNVBAMTE3RydXN0Y3VzdHBhcnR5MTNjZXIwHhcNMTIwODE0MDg0NTEyWhcNMTQwODE0MDg0NTEyWjB9MQswCQYDVQQGEwJFVTEPMA0GA1UECBMGRXVyb3BlMREwDwYDVQQHEwhCcnVzc2VsczEcMBoGA1UEChMTRXVyb3BlYW4gQ29tbWlzc2lvbjEOMAwGA1UECxMFRElHSVQxHDAaBgNVBAMTE3RydXN0Y3VzdHBhcnR5MTNjZXIwgZ8wDQYJKoZIhvcNAQEBBQADgY0AMIGJAoGBAJjQEq7AWj3/Pdr4xW2pT+e6cTan63C6x46o1NYz+U7kbopMYvQIt3nxLCfC1IRcNfUQLHXnFZS0/3Wgqa9OesGGdjcnLC0UDgQMkZcfoEZtLZZFdgy3B0jybZ1gawyu+fUxFRqdkzaMdGir/JnacCIXNjgYjArMRvqX5GCtdP3nAgMBAAEwDQYJKoZIhvcNAQEFBQADgYEAU92NPTagUWrCDlIZz1YytovEMF3N/Mz2uUhqq6MsMoRjuAU39MEM5L8ok6mPspBywOWKlGTQOyDonmVGgLxkUHCEXXL70KO4/MSIT3Qbav+kExYSNIQMjDOQ/q0RPmgNi8ux9SrfXA76kC5+dLCeKBT38TaFwud1A9U3n9Rbhmk=','CN=PRIOR_USERca, OU=DIGIT, O=European Commission, L=Brussels, ST=Europe, C=EU','CN=PRIOR_USERca, OU=DIGIT, O=European Commission, L=Brussels, ST=Europe, C=EU','1344933234',null,null,'X509','KEY_ENCIPHERMENT',null,null,null);
Insert into ETRUSTEX.ETR_TB_CERTIFICATE (CERT_ID,CRE_DT,CRE_ID,MOD_DT,MOD_ID,CERT_ATTRIBUTES,CERT_ENCODED_DATA,CERT_HOLDER,CERT_ISSUER,CERT_SERIAL_NR,CERT_SIGN_ALG,CERT_SIGN_VAL,CERT_TYPE,CERT_USAGE,CERT_VALID_TO,CERT_VALID_FROM,CERT_VERSION) values (22,str_to_date('19-DEC-13 14.28.00','%d-%b-%y %H.%i.%s'),'ventrgi',str_to_date('19-DEC-13 14.28.00','%d-%b-%y %H.%i.%s'),'ventrgi',null,'MIICyTCCAjKgAwIBAgIEUT8fgDANBgkqhkiG9w0BAQIFADCBqDEfMB0GCSqGSIb3DQEJARYQYXJtZW5AY2hvbGFrLmNvbTELMAkGA1UEBhMCQkUxETAPBgNVBAgMCEJSVVNTRUxTMRIwEAYDVQQHDAlFVFRFUkJFRUsxHDAaBgNVBAoME0VVUk9QRUFOIENPTU1JU1NJT04xETAPBgNVBAsMCERJR0lUIEIxMSAwHgYDVQQDDBdMRVZFTCAyIENPTkZJREVOVElBTElUWTAeFw0xMzAzMTIxMjI5NThaFw0xNDAzMTIxMjI5NThaMIGoMR8wHQYJKoZIhvcNAQkBFhBhcm1lbkBjaG9sYWsuY29tMQswCQYDVQQGEwJCRTERMA8GA1UECAwIQlJVU1NFTFMxEjAQBgNVBAcMCUVUVEVSQkVFSzEcMBoGA1UECgwTRVVST1BFQU4gQ09NTUlTU0lPTjERMA8GA1UECwwIRElHSVQgQjExIDAeBgNVBAMMF0xFVkVMIDIgQ09ORklERU5USUFMSVRZMIGfMA0GCSqGSIb3DQEBAQUAA4GNADCBiQKBgQCCCiMBpAQ4wsqAdMNMCmivLmcXg9BKU2SExzexrEY5qI0Geg689Bx+djalJ52wAaDkc54icV3kMEuB2DZjR7TDAwGWQuiCgt2eTUlspM09s7SxvouZnKWramY6W/cqq/pRGFTKlmqZnvXEThMbz+vm/wZloHAoXYulsXwfqE4YGwIDAQABMA0GCSqGSIb3DQEBAgUAA4GBAD2uHdjC4g9HbNHa/TVd+4K0pjnk0bTCP+XbnASI2h3ksbCz7WLkzKj4Ksj0+CouMBAuiYqgQruzZA6YdZ/znSEL62jDFZRL2IBRuUmpREWLCR55TBfaUEkh4ZlgVLNbYpeLElXaVUWLqRlyolNwYWP6oMsal3Q19u+jOsvCgnPS','CN = LEVEL 2 CONFIDENTIALITY, OU = DIGIT B1, O = EUROPEAN COMMISSION, L = ETTERBEEK, S = BRUSSELS, C = BE, E = armen@cholak.com','CN = LEVEL 2 CONFIDENTIALITY, OU = DIGIT B1, O = EUROPEAN COMMISSION, L = ETTERBEEK, S = BRUSSELS, C = BE, E = armen@cholak.com','?51 3f 1f 80',null,null,'X509','KEY_ENCIPHERMENT',null,null,null);
Insert into ETRUSTEX.ETR_TB_CERTIFICATE (CERT_ID,CRE_DT,CRE_ID,MOD_DT,MOD_ID,CERT_ATTRIBUTES,CERT_ENCODED_DATA,CERT_HOLDER,CERT_ISSUER,CERT_SERIAL_NR,CERT_SIGN_ALG,CERT_SIGN_VAL,CERT_TYPE,CERT_USAGE,CERT_VALID_TO,CERT_VALID_FROM,CERT_VERSION) values (6,str_to_date('19-DEC-13 14.28.00','%d-%b-%y %H.%i.%s'),'ventrgi',str_to_date('19-DEC-13 14.28.00','%d-%b-%y %H.%i.%s'),'ventrgi',null,'MIIB2DCCAZagAwIBAgIJAIzINQCEuuJxMAsGByqGSM44BAEFADAxMQswCQYDVQQGEwJCRTEQMA4GA1UEBxMHQnJ1c3NlbDEQMA4GA1UEAxMHZS1QUklPUjAeFw0xMjA2MjcxMjQwNDhaFw0xMjA3MDcxMjQwNDhaMDExCzAJBgNVBAYTAkJFMRAwDgYDVQQHEwdCcnVzc2VsMRAwDgYDVQQDEwdlLVBSSU9SMIHwMIGoBgcqhkjOOAQBMIGcAkEA/KaCzo4Syrom78z3EQ5SbbB4sF7ey80etKII864WF64B81uRpH5t9jQTxeEu0ImbzRMqzVDZkVG9xD7nN1kuFwIVAJYu3cw2nLqOuyYO5rahJtk0bjjFAkBnhHGyepz0TukaScUUfbGpqvJE8FpDTWSGkx0tFCcbnjUDC3H9c9oXkGmzLik1Yw4cIGI1TQ2iCmxBblC+eUykA0MAAkAWb7ENM08n7JdBjSYtqmiHY9YjzxgyLUB3GrLv5YNfKsgRELOoXdtz/XvQqtrclKSMXDrTDFhheBepvCH6t20fMAsGByqGSM44BAEFAAMvADAsAhQbGn/LfODAlklJ+YR+zl4J85eYVQIUEuQ3XB4xtnQ28gbdbJeNAa0KJ+4=','CN=e-PRIOR, L=Brussel, C=BE','CN=e-PRIOR, L=Brussel, C=BE','10144416436995154545',null,null,'X509','KEY_ENCIPHERMENT',null,null,null);
Insert into ETRUSTEX.ETR_TB_CERTIFICATE (CERT_ID,CRE_DT,CRE_ID,MOD_DT,MOD_ID,CERT_ATTRIBUTES,CERT_ENCODED_DATA,CERT_HOLDER,CERT_ISSUER,CERT_SERIAL_NR,CERT_SIGN_ALG,CERT_SIGN_VAL,CERT_TYPE,CERT_USAGE,CERT_VALID_TO,CERT_VALID_FROM,CERT_VERSION) values (34,str_to_date('19-DEC-13 14.28.00','%d-%b-%y %H.%i.%s'),'ventrgi',str_to_date('19-DEC-13 14.28.00','%d-%b-%y %H.%i.%s'),'ventrgi',null,'MIIDYjCCAkqgAwIMIIDYjCCAkqgAwIBAgIEURNsgzANBgkqhkiG9w0BAQIFADBzMQswCQYDVQQGEwJCRTENMAsGA1UECAwEQkVMRzERMA8GA1UEBwwIQlJVU1NFTFMxEDAOBgNVBAoMB0VETUFTWVMxGzAZBgNVBAsMEkVETUFfQURQX05PREVfVEVTVDETMBEGA1UEAwwKRURNQS1BUk1FTjAeFw0xMzAyMDcwODU5MjNaFw0xNDAyMDcwODU5MjNaMHMxCzAJBgNVBAYTAkJFMQ0wCwYDVQQIDARCRUxHMREwDwYDVQQHDAhCUlVTU0VMUzEQMA4GA1UECgwHRURNQVNZUzEbMBkGA1UECwwSRURNQV9BRFBfTk9ERV9URVNUMRMwEQYDVQQDDApFRE1BLUFSTUVOMIIBIjANBgkqhkiG9w0BAQEFAAOCAQ8AMIIBCgKCAQEAh1O2JFVC9Ei692P+ybd1mdKKAUZWqUPuZNL9DGWxCmgWVFT5dRc9/2CubX5qYzIgWL+FuogFtyEcnBBFohzHLruE/o9onmAilT9Xo/CWNfcu7CGppF/op3qX62uFheHX2lQZMIIDYjCCAkqgAwIBAgIEURNsgzANBgkqhkiG9w0BAQIFADBzMQswCQYDVQQGEwJCRTENMAsGA1UECAwEQkVMRzERMA8GA1UEBwwIQlJVU1NFTFMxEDAOBgNVBAoMB0VETUFTWVMxGzAZBgNVBAsMEkVETUFfQURQX05PREVfVEVTVDETMBEGA1UEAwwKRURNQS1BUk1FTjAeFw0xMzAyMDcwODU5MjNaFw0xNDAyMDcwODU5MjNaMHMxCzAJBgNVBAYTAkJFMQ0wCwYDVQQIDARCRUxHMREwDwYDVQQHDAhCUlVTU0VMUzEQMA4GA1UECgwHRURNQVNZUzEbMBkGA1UECwwSRURNQV9BRFBfTk9ERV9URVNUMRMwEQYDVQQDDApFRE1BLUFSTUVOMIIBIjANBgkqhkiG9w0BAQEFAAOCAQ8AMIIBCgKCAQEAh1O2JFVC9Ei692P+ybd1mdKKAUZWqUPuZNL9DGWxCmgWVFT5dRc9/2CubX5qYzIgWL+FuogFtyEcnBBFohzHLruE/o9onmAilT9Xo/CWNfcu7CGppF/op3qX62uFheHX2lQZTgwZTvBslMvOd4rb+mFP34RJtorktmIkBtcQSVJ5cWofDZ8SqJaDImjL1oWTpvtoVNUJzWFvP/aeTSeZ865nTn0L+KPjcHibfMhU11/BA7oyqiBtelTtJHaFKmbbT1KEHwPyuaYXbcANHsvd/lAhT+2gAIgAOaaSl5i0VxNJClFgKLNfuCQTONSQu4HKKMV0llm5VNtMU6MpBJK/4QIDAQABMA0GCSqGSIb3DQEBAgUAA4IBAQBtdYDJ4fRltrY5UuKjQjAJQiyQE4zsIM4IKzc8z5g838pTa5XGLRUiyvhcbzVD+WLoQXzH00ZGWRhRP3cTkMHz7Sm87r1XTxn0m/4EYYwPwQXY6m2MG+/JPgDo3oHZ9JJ6tPCtm68xYQS/ajW1+sDF4DGImPrLzfyfs0AnAcfZXqyIfeZ8pdZAXA7zmyUca16NKQUHO5ZOYd3gywaCXlVBA/f8LdcPkeFNcLwfBEOW8vOstE2PEqwt7ca5Fy446y0WvGHzTsXeKvcUkYqanPqxZhwh8BM5fwHZHZsmPL3ubF1ToV9DZkO12Blsw62+SQOJ6C2eNq3ECgDueFeNCqZoVNUJzWFvP/aeTSeZ865nTn0L+KPjcHibfMhU11/BA7oyqiBtelTtJHaFKmbbT1KEHwPyuaYXbcANHsvd/lAhT+2gAIgAOaaSl5i0VxNJClFgKLNfuCQTONSQu4HKKMV0llm5VNtMU6MpBJK/4QIDAQABMA0GCSqGSIb3DQEBAgUAA4IBAQBtdYDJ4fRltrY5UuKjQjAJQiyQE4zsIM4IKzc8z5g838pTa5XGLRUiyvhcbzVD+WLoQXzH00ZGWRhRP3cTkMHz7Sm87r1XTxn0m/4EYYwPwQXY6m2MG+/JPgDo3oHZ9JJ6tPCtm68xYQS/ajW1+sDF4DGImPrLzfyfs0AnAcfZXqyIfeZ8pdZAXA7zmyUca16NKQUHO5ZOYd3gywaCXlVBA/f8LdcPkeFNcLwfBEOW8vOstE2PEqwt7ca5Fy446y0WvGHzTsXeKvcUkYqanPqxZhwh8BM5fwHZHZsmPL3ubF1ToV9DZkO12Blsw62+SQOJ6C2eNq3ECgDueFeNCqZo','CN = Armen, OU = DIGIT_B1, O = EC, L = Bxl, S = Bxl, C = BE','CN = EtxWeb to NodeTest,OU = European Commission,O = DIGIT B1,S = Bruxelles,C = BE','13547100753',null,null,'X509','KEY_ENCIPHERMENT',null,null,null);
Insert into ETRUSTEX.ETR_TB_CERTIFICATE (CERT_ID,CRE_DT,CRE_ID,MOD_DT,MOD_ID,CERT_ATTRIBUTES,CERT_ENCODED_DATA,CERT_HOLDER,CERT_ISSUER,CERT_SERIAL_NR,CERT_SIGN_ALG,CERT_SIGN_VAL,CERT_TYPE,CERT_USAGE,CERT_VALID_TO,CERT_VALID_FROM,CERT_VERSION) values (35,str_to_date('19-DEC-13 14.28.00','%d-%b-%y %H.%i.%s'),'ventrgi',str_to_date('19-DEC-13 14.28.00','%d-%b-%y %H.%i.%s'),'ventrgi',null,'MIIDWjCCAkKgAwIBAgIEUL88OzANBgkqhkiG9w0BAQ0FADBvMQswCQYDVQQGEwJCRTESMBAGA1UECAwJQnJ1eGVsbGVzMREwDwYDVQQKDAhESUdJVCBCMTEcMBoGA1UECwwTRXVyb3BlYW4gQ29tbWlzc2lvbjEbMBkGA1UEAwwSRXR4V2ViIHRvIE5vZGVUZXN0MB4XDTEyMTIwNTEyMjI0OFoXDTE3MTIwNTEyMjI0OFowbzELMAkGA1UEBhMCQkUxEjAQBgNVBAgMCUJydXhlbGxlczERMA8GA1UECgwIRElHSVQgQjExHDAaBgNVBAsME0V1cm9wZWFuIENvbW1pc3Npb24xGzAZBgNVBAMMEkV0eFdlYiB0byBOb2RlVGVzdDCCASIwDQYJKoZIhvcNAQEBBQADggEPADCCAQoCggEBAKg9a0Dz8rPRlDkZ341+OvooZF3VxnuNhz5OR/OsOd97GFbqzyHeq+E7/ODCcrqkcfogTSUniazE/zNs12UZjQfOfMGKqFyNK3sHr0xIXQ5fl0euBRXnIx7WWpklNYemERrlO/O9zlCc7c5Q/YTCuK5vpTHZ/jaCkhwqcOXFEia3V1KNJ94QyCDi2/Z3x/PKdw3/HE4Fxw76eMkATilwh4Ag09sY8Tc02v/TZutQ6fLHHfRnsuUI+tFXp+E4ih6RTW3LbEUalHmMD120DzZLv8WO0jLGmeGYFRH2tB+byJ4LQ7GnN22bdI5iujlwWLzypErQrGKSLk6aETrbKGP/a9cCAwEAATANBgkqhkiG9w0BAQ0FAAOCAQEAMHwOMzGiGDxkc1hPudD/u85lPbtryHX8vPC+xCXCv/pQvcayyNQadGUQtJjGbqRBGSBlLYOQTlaTVGlFF4dVxNmPI4JlN1bMoKwQxxJ/5673YiP4pQ+SbONlP6UeZl98XZN+YP/yLRok3bCwCQtnl8Kugh6IqD1+E1ylUxdPiZhG3HmVC4GdWXceP/hX9Wm12j9q0fWwb9io1X0BajnC1LpL11TKTkUzjBT9sBq4+cd/sJ6rW1X8rc6xH/gUZBaimMq/jBxebz2LBycPlkzuqMLc5agpCA31nTvu4lEBdu0dSDTaWtP5mgHVtwIau0mb0ovwU1ly7O9yNqkT9XiCsg==','CN = web certificate, OU = DIGIT_B1, O = EC, L = Bxl, S = Bxl, C = BE','CN = EtxWeb to NodeTest,OU = European Commission,O = DIGIT B1,S = Bruxelles,C = BE','13547100754',null,null,'X509','KEY_ENCIPHERMENT',null,null,null);
Insert into ETRUSTEX.ETR_TB_CERTIFICATE (CERT_ID,CRE_DT,CRE_ID,MOD_DT,MOD_ID,CERT_ATTRIBUTES,CERT_ENCODED_DATA,CERT_HOLDER,CERT_ISSUER,CERT_SERIAL_NR,CERT_SIGN_ALG,CERT_SIGN_VAL,CERT_TYPE,CERT_USAGE,CERT_VALID_TO,CERT_VALID_FROM,CERT_VERSION) values (8,str_to_date('25-APR-14 10.11.22','%d-%b-%y %H.%i.%s'),'ventrgi',str_to_date('25-APR-14 10.11.30','%d-%b-%y %H.%i.%s'),'ventrgi',null,'MIICgzCCAeygAwIBAgIEU1oU2zANBgkqhkiG9w0BAQUFADCBhTEfMB0GCSqGSIb3DQEJARYQQVJNRU5AQ0hPTEFLLkNPTTELMAkGA1UEBhMCQkUxETAPBgNVBAgMCEJSVVNTRUxTMRIwEAYDVQQHDAlFVFRFUkJFRUsxCzAJBgNVBAoMAkVDMQ4wDAYDVQQLDAVESUdJVDERMA8GA1UEAwwIQVJNRU5LRVkwHhcNMTQwNDI1MDc1NjE1WhcNMTkwNDI1MDc1NjE1WjCBhTEfMB0GCSqGSIb3DQEJARYQQVJNRU5AQ0hPTEFLLkNPTTELMAkGA1UEBhMCQkUxETAPBgNVBAgMCEJSVVNTRUxTMRIwEAYDVQQHDAlFVFRFUkJFRUsxCzAJBgNVBAoMAkVDMQ4wDAYDVQQLDAVESUdJVDERMA8GA1UEAwwIQVJNRU5LRVkwgZ8wDQYJKoZIhvcNAQEBBQADgY0AMIGJAoGBALFKjrH7+QEOn1TGEpONGK6bjOb3YtOYMt4pofvflgUEdcZ0QMmDqRdfMFyUFVqtaMXsFP/iRfec9fMGCKWiK/OH2a8mtlxNZKpiyVkMua2BEySAu8L3ABKVWUyARkwkG9UH1gs3qtBYGRvqkUo/DfhvOtzJmixMrIe++PtPoSOJAgMBAAEwDQYJKoZIhvcNAQEFBQADgYEAWeYtMk6tLf3PAYShlT9G6NIGOkt4J3pWWVJZ+d/Nuqyv20yS4Oxq/8Dij3dHNIov9vGp+dqHi881FXEsd7onYQNcEjXT2brm8z+EUFlJYZZSX0RhzVGG14uTXMIm5LcFb85RG6mMHGV//jeOF3/KptfmZSwUNFbLrKFeeSDOmco=','CN = ARMENKEY,OU = DIGIT,O = EC,L = ETTERBEEK,S = BRUSSELS,C = BE,E = ARMEN@CHOLAK.COM','CN = ARMENKEY,OU = DIGIT,O = EC,L = ETTERBEEK,S = BRUSSELS,C = BE,E = ARMEN@CHOLAK.COM','?53 5a 14 db','sha1RSA',null,'X509','KEY_ENCIPHERMENT',str_to_date('25-APR-19 10.14.47','%d-%b-%y %H.%i.%s'),str_to_date('25-APR-14 10.14.47','%d-%b-%y %H.%i.%s'),'V3');
Insert into ETRUSTEX.ETR_TB_CERTIFICATE (CERT_ID,CRE_DT,CRE_ID,MOD_DT,MOD_ID,CERT_ATTRIBUTES,CERT_ENCODED_DATA,CERT_HOLDER,CERT_ISSUER,CERT_SERIAL_NR,CERT_SIGN_ALG,CERT_SIGN_VAL,CERT_TYPE,CERT_USAGE,CERT_VALID_TO,CERT_VALID_FROM,CERT_VERSION) values (9,str_to_date('08-JUL-14 15.42.05','%d-%b-%y %H.%i.%s'),'ventrgi',str_to_date('08-JUL-14 15.42.05','%d-%b-%y %H.%i.%s'),'ventrgi',null,'MIIDUDCCAjigAwIBAgIEU3xeRzANBgkqhkiG9w0BAQsFADBqMQswCQYDVQQGEwJCRTERMA8GA1UECAwIQnJ1c3NlbHMxETAPBgNVBAcMCEJydXNzZWxzMQswCQYDVQQKDAJFQzERMA8GA1UECwwIQ09NUC5SLjMxFTATBgNVBAMMDFBodSBRdXllbiBMZTAeFw0xNDA1MjEwODA4MDBaFw0xNTA1MjEwODA4MDBaMGoxCzAJBgNVBAYTAkJFMREwDwYDVQQIDAhCcnVzc2VsczERMA8GA1UEBwwIQnJ1c3NlbHMxCzAJBgNVBAoMAkVDMREwDwYDVQQLDAhDT01QLlIuMzEVMBMGA1UEAwwMUGh1IFF1eWVuIExlMIIBIjANBgkqhkiG9w0BAQEFAAOCAQ8AMIIBCgKCAQEAhNdnoyo5D/Dfg4LtbHgRGGZlpeCYX8Zpprj9DocO5XG5WIRRhgdPGAMyVTjG8Mc3A/f8DMOuf3Y6Y7egJWPfrUR+fZTDsRVLWdIrfuDpB+fNZyhmQWENggbwEzYGl9EcSOl1fGhh2dvk2B6M3chbnPQX64X1ZzlCrXSQw3H2ac//R9zuTiDVB1dGegYoNWGr4lJI9fsrckasRRCmtjidk2yHQpskrVEwtwsqzjklt4zfBpvNfdkrUuYynyrBwlYrrBS94f97TcQzMi/vXJZDyl6SPL439hhVXTYWU+jUDp3BrRc9H5DNmqj+IIOhXLmimTRRFPnNzVp2FrM9+0b+zwIDAQABMA0GCSqGSIb3DQEBCwUAA4IBAQBKBDFsxJSNC8//MHOaP1zTO69dgS2/8saoHnpZXtuQUBoaXC1DTi0jb0BV/+fRHxcXg8D6f893CFtN9tZhqSEZR0QLOBiKDh9yHgLP05dSI9RGMdvYgLF799igbyBZSnTH3T4J5dHHTNXWEYx3QC1H/vLf6RdAtghsn46Q6RqQEram/P1ZMX3DW8vanoaycbL8+E5dnGwvyp1E4bYOfVnqQT6R5mPUkDeln13YlulLvR/r1e5iFvoj64BSIE05uSjnB1HUCebN7LLviVtm59DQskyifCZBkKkpgPYydDWUgEVB6gBH6+y/vRg9XXWHHjGM7oduq9NCSAHDZs2+YXoM','CN = Phu Quyen Le,OU = COMP.R.3,O = EC,L = Brussels,S = Brussels,C = BE','CN = Phu Quyen Le,OU = COMP.R.3,O = EC,L = Brussels,S = Brussels,C = BE','?53 7c 5e 47','sha256RSA','?65 4e c4 96 5c f1 fd 04 0d 74 9a cd 00 d5 6c 98 eb 2d 31 88','X509','KEY_ENCIPHERMENT',str_to_date('21-MAY-15 00.00.00','%d-%b-%y %H.%i.%s'),str_to_date('21-MAY-14 00.00.00','%d-%b-%y %H.%i.%s'),'V3');
Insert into ETRUSTEX.ETR_TB_CERTIFICATE (CERT_ID,CRE_DT,CRE_ID,MOD_DT,MOD_ID,CERT_ATTRIBUTES,CERT_ENCODED_DATA,CERT_HOLDER,CERT_ISSUER,CERT_SERIAL_NR,CERT_SIGN_ALG,CERT_SIGN_VAL,CERT_TYPE,CERT_USAGE,CERT_VALID_TO,CERT_VALID_FROM,CERT_VERSION) values (452868,str_to_date('25-AUG-14 13.07.33','%d-%b-%y %H.%i.%s'),'daniemn',str_to_date('25-AUG-14 13.07.33','%d-%b-%y %H.%i.%s'),'daniemn','party94','party94','party94','party94','party94','party94','party94','party94','party94',str_to_date('29-AUG-14 00.00.00','%d-%b-%y %H.%i.%s'),str_to_date('26-AUG-14 00.00.00','%d-%b-%y %H.%i.%s'),'party94');
Insert into ETRUSTEX.ETR_TB_CERTIFICATE (CERT_ID,CRE_DT,CRE_ID,MOD_DT,MOD_ID,CERT_ATTRIBUTES,CERT_ENCODED_DATA,CERT_HOLDER,CERT_ISSUER,CERT_SERIAL_NR,CERT_SIGN_ALG,CERT_SIGN_VAL,CERT_TYPE,CERT_USAGE,CERT_VALID_TO,CERT_VALID_FROM,CERT_VERSION) values (542895,str_to_date('28-AUG-14 15.11.24','%d-%b-%y %H.%i.%s'),'daniemn',str_to_date('28-AUG-14 15.11.24','%d-%b-%y %H.%i.%s'),'daniemn','b','a','ba','ba','b',null,null,'b','b',null,null,null);
Insert into ETRUSTEX.ETR_TB_CERTIFICATE (CERT_ID,CRE_DT,CRE_ID,MOD_DT,MOD_ID,CERT_ATTRIBUTES,CERT_ENCODED_DATA,CERT_HOLDER,CERT_ISSUER,CERT_SERIAL_NR,CERT_SIGN_ALG,CERT_SIGN_VAL,CERT_TYPE,CERT_USAGE,CERT_VALID_TO,CERT_VALID_FROM,CERT_VERSION) values (722991,str_to_date('02-SEP-14 15.19.58','%d-%b-%y %H.%i.%s'),'daniemn',str_to_date('02-SEP-14 15.19.58','%d-%b-%y %H.%i.%s'),null,'  party303  ','  party303  ','  party303  ','  party303  ','  party303  ','  party303  ','  party303  ','  party303  ','  party303  ',null,null,'  party303  ');
Insert into ETRUSTEX.ETR_TB_CERTIFICATE (CERT_ID,CRE_DT,CRE_ID,MOD_DT,MOD_ID,CERT_ATTRIBUTES,CERT_ENCODED_DATA,CERT_HOLDER,CERT_ISSUER,CERT_SERIAL_NR,CERT_SIGN_ALG,CERT_SIGN_VAL,CERT_TYPE,CERT_USAGE,CERT_VALID_TO,CERT_VALID_FROM,CERT_VERSION) values (724710,str_to_date('02-SEP-14 15.37.12','%d-%b-%y %H.%i.%s'),'daniemn',str_to_date('02-SEP-14 15.37.12','%d-%b-%y %H.%i.%s'),'daniemn',null,'a','a','a','a',null,null,'a','a',null,null,null);
Insert into ETRUSTEX.ETR_TB_CERTIFICATE (CERT_ID,CRE_DT,CRE_ID,MOD_DT,MOD_ID,CERT_ATTRIBUTES,CERT_ENCODED_DATA,CERT_HOLDER,CERT_ISSUER,CERT_SERIAL_NR,CERT_SIGN_ALG,CERT_SIGN_VAL,CERT_TYPE,CERT_USAGE,CERT_VALID_TO,CERT_VALID_FROM,CERT_VERSION) values (723186,str_to_date('02-SEP-14 15.26.44','%d-%b-%y %H.%i.%s'),'daniemn',str_to_date('02-SEP-14 15.26.44','%d-%b-%y %H.%i.%s'),'daniemn',null,'ba','bqba','ba','b',null,null,'b','b',null,null,null);
Insert into ETRUSTEX.ETR_TB_CERTIFICATE (CERT_ID,CRE_DT,CRE_ID,MOD_DT,MOD_ID,CERT_ATTRIBUTES,CERT_ENCODED_DATA,CERT_HOLDER,CERT_ISSUER,CERT_SERIAL_NR,CERT_SIGN_ALG,CERT_SIGN_VAL,CERT_TYPE,CERT_USAGE,CERT_VALID_TO,CERT_VALID_FROM,CERT_VERSION) values (26,str_to_date('19-DEC-13 14.28.00','%d-%b-%y %H.%i.%s'),'ventrgi',str_to_date('19-DEC-13 14.28.00','%d-%b-%y %H.%i.%s'),'ventrgi',null,'MIIDVjCCAj6gAwIBAgIEUCz3FDANBgkqhkiG9w0BAQUFADBtMQswCQYDVQQGEwJCRTERMA8GA1UECBMIQnJ1c3NlbHMxETAPBgNVBAcTCEJydXNzZWxzMQswCQYDVQQKEwJFQzEQMA4GA1UECxMHQ09NUC5SMzEZMBcGA1UEAxMQUmF2c2hhbiBLaGFtaWRvdjAeFw0xMjA4MTYxMzM1MTZaFw0xNDA4MTYxMzM1MTZaMG0xCzAJBgNVBAYTAkJFMREwDwYDVQQIEwhCcnVzc2VsczERMA8GA1UEBxMIQnJ1c3NlbHMxCzAJBgNVBAoTAkVDMRAwDgYDVQQLEwdDT01QLlIzMRkwFwYDVQQDExBSYXZzaGFuIEtoYW1pZG92MIIBIjANBgkqhkiG9w0BAQEFAAOCAQ8AMIIBCgKCAQEAideuk42Wr5E5VzZ/UOKJDXSeABNpOreKYZy7E1Eu5HHZSlr3bdvgY24ejZG+5qrybF1jVymYIKuJildRXmgbnBNX2fmarFwgYsCGlUcp0rQ0RMWKC6c10JZWmHn4AdGenmz3reUJ/rBDmfkSBa1GkClvydaOfWE9jRrtJUHQy3vWX9UJ3PqLwZmlOQKvmQEetm1/XkU0Ksbr97K/7Za5r+z6nXmFsdYyNmKMTXiaBjxoLdG2MxVq94UhtDY3mCHzOVGQF3QymBOqCCebV+7hjrPaOWz8CKXsc7gXFtzN9Rz6V51yGG2JJqYxSnAn9+dwkc3ermwDJldEgLh38XcrxwIDAQABMA0GCSqGSIb3DQEBBQUAA4IBAQA3+nZNMtLO1+QgaTW4ltyclvSiIiZi6ibr5wsr2Ftg70bIJ4AJX3/r8PxfB0Pws8JZwW3neWATc3srb5PrnHb5OOf+Hv087KqliFWduk/Bs5OQ71rWsQwPHML4A99BKveM68DGSfWrcuIaWOCUbg8Pe1YrdPZSSF+6losEkUQMZz3NMfttdUhMQLjUtSWHndK/DGlEn8HSXvH7oOg/Rp19jEYeBqdeo49XJtOXEE/hAaQWGz7ezUUmp+W9xAGQGGd1yxUwEPItedVjnxM6GedUeb1D5YWgwAFBvFoxcjReYxKdsj5KbXeSW+vggwgy40b2vyD9RD5lTGvET1EEbz3v','CN=Ravshan Khamidov, OU=COMP.R3, O=EC, L=Brussels, ST=Brussels, C=BE','CN=Ravshan Khamidov, OU=COMP.R3, O=EC, L=Brussels, ST=Brussels, C=BE','201208091329',null,null,'X509','KEY_ENCIPHERMENT',null,null,null);
Insert into ETRUSTEX.ETR_TB_CERTIFICATE (CERT_ID,CRE_DT,CRE_ID,MOD_DT,MOD_ID,CERT_ATTRIBUTES,CERT_ENCODED_DATA,CERT_HOLDER,CERT_ISSUER,CERT_SERIAL_NR,CERT_SIGN_ALG,CERT_SIGN_VAL,CERT_TYPE,CERT_USAGE,CERT_VALID_TO,CERT_VALID_FROM,CERT_VERSION) values (25,str_to_date('19-DEC-13 14.28.00','%d-%b-%y %H.%i.%s'),'ventrgi',str_to_date('19-DEC-13 14.28.00','%d-%b-%y %H.%i.%s'),'ventrgi',null,'MIIBszCCARygAwIBAgIECTDpiTANBgkqhkiG9w0BAQUFADAeMRwwGgYDVQQDExNUZXN0IENBIENlcnRpZmljYXRlMB4XDTEyMDgwOTExMDgxMVoXDTEyMDgyNzExNDg0MFowHjEcMBoGA1UEAxMTVGVzdCBDQSBDZXJ0aWZpY2F0ZTCBnzANBgkqhkiG9w0BAQEFAAOBjQAwgYkCgYEAgPqAZ8b2D+ZPhg1XD6So8XbJ/SatqoQANrimQCDxz5aASJByqHyV4SLrliimYL9xfU/O0ua1h0j9bs8Hw96gzr9RwtVqZAUqd8K9+VQqWMT4ZLp2hK/QxXs9keDVVA5lzw94ut5i5zVwjE1E7HMfpuUXrpi349HStMm5wl/I9a0CAwEAATANBgkqhkiG9w0BAQUFAAOBgQBkv2zAlum4ZRwNOxEs6LFzKcIHJ9MfokyV9PpWWug7SW78lx2YHjU8w1uv/9kA9OjS/tu7iH4E5khK9/1hem24eMP0ZRK0pQo1NNZkQyOQIczRqs7lLb12sL7NQjK1ufsjKlv/d1JwfVFRomUG9UrIQARBt0LtoxqCSrYfaGFJNw==','CN = Test CA Certificate','CN = Test CA Certificate','1343655662',null,null,'X509','KEY_ENCIPHERMENT',null,null,null);
Insert into ETRUSTEX.ETR_TB_CERTIFICATE (CERT_ID,CRE_DT,CRE_ID,MOD_DT,MOD_ID,CERT_ATTRIBUTES,CERT_ENCODED_DATA,CERT_HOLDER,CERT_ISSUER,CERT_SERIAL_NR,CERT_SIGN_ALG,CERT_SIGN_VAL,CERT_TYPE,CERT_USAGE,CERT_VALID_TO,CERT_VALID_FROM,CERT_VERSION) values (24,str_to_date('19-DEC-13 14.28.00','%d-%b-%y %H.%i.%s'),'ventrgi',str_to_date('19-DEC-13 14.28.00','%d-%b-%y %H.%i.%s'),'ventrgi',null,'MIIDVjCCAj6gAwIBAgIEUAllMDANBgkqhkiG9w0BAQUFADBtMQswCQYDVQQGEwJCRTERMA8GA1UECBMIQnJ1c3NlbHMxETAPBgNVBAcTCEJydXNzZWxzMQswCQYDVQQKEwJFQzERMA8GA1UECxMIQ09NUC5SLjMxGDAWBgNVBAMTD1JvYmVydG8gQXRpZW56YTAeFw0xMjA3MjAxNDAzMjhaFw0xNDA3MjAxNDAzMjhaMG0xCzAJBgNVBAYTAkJFMREwDwYDVQQIEwhCcnVzc2VsczERMA8GA1UEBxMIQnJ1c3NlbHMxCzAJBgNVBAoTAkVDMREwDwYDVQQLEwhDT01QLlIuMzEYMBYGA1UEAxMPUm9iZXJ0byBBdGllbnphMIIBIjANBgkqhkiG9w0BAQEFAAOCAQ8AMIIBCgKCAQEAmt4O2udut1Us8eJHX/pVc1z8cpLmEK77s/e8dBhU17t3pph2QhmH/ZAvOp45nkAwdk4uzYiuEP6S+SCUWPp2IxsWtO7+A2ngzzTcpib9Ug1pif70u2hB2tVKRSR7cWgtonu/KaZ3RqIHpX0QYFy3+2SuwARxC1mElZXpjPUFC9pPGWspYJLXVTzOWxMVAGna+GMImXJTHZmRrGxQgJHKZumL2vJJ8x5AsvNnVC0cTDF5maUdMfqTukUUn6Zcx+sMlC3ji/h9q2b9426FLrodKII3D+3ZmfxbvpDRZ9g/nZeP57z/rd+WuP15WfBVuUdO1ArbNWNLvvArJwjLFOcuQIDAQABMA0GCSqGSIb3DQEBBQUAA4IBAQCB7fLhAzgKz2ZmYGsZJeADCyp7Y693NyV+6tFRWupwkG8GLLw9GxswS00/T2WJz1dmlhFDV2XiNAQSwlL2CfgNEnD7MpMSZOJzGXnFlprCLp8VE5nhZ6/y2DkUxdG0LaiZAR4ji+4Kq94NS6ML6BF5plVr+ToQoVJIiYgcWYk6eu1WCjBiQ5BhMJ3Lum/VCjoPt58jHoFJ9xxcqv/YICzXedHzIWujr/q3yG00BqhX/bb1NCGfoqkl8QVi7t0UeInaJQHsTh2jl2QcH2xM1q7OUojI31dMygqBbGyE2khako97UH6u0iWJL8lVwyO74wfC1MFcTGBfQ6XmIaSVq/I4','CN=Roberto Atienza, OU=COMP.R.3, O=EC, L=Brussels, ST=Brussels, C=BE','CN=Roberto Atienza, OU=COMP.R.3, O=EC, L=Brussels, ST=Brussels, C=BE','1342793008',null,null,'X509','KEY_ENCIPHERMENT',null,null,null);
Insert into ETRUSTEX.ETR_TB_CERTIFICATE (CERT_ID,CRE_DT,CRE_ID,MOD_DT,MOD_ID,CERT_ATTRIBUTES,CERT_ENCODED_DATA,CERT_HOLDER,CERT_ISSUER,CERT_SERIAL_NR,CERT_SIGN_ALG,CERT_SIGN_VAL,CERT_TYPE,CERT_USAGE,CERT_VALID_TO,CERT_VALID_FROM,CERT_VERSION) values (23,str_to_date('19-DEC-13 14.28.00','%d-%b-%y %H.%i.%s'),'ventrgi',str_to_date('19-DEC-13 14.28.00','%d-%b-%y %H.%i.%s'),'ventrgi',null,'MIIDWDCCAkCgAwIBAgIEUAlKFjANBgkqhkiG9w0BAQUFADBuMQswCQYDVQQGEwJCRTERMA8GA1UECBMIQnJ1c3NlbHMxETAPBgNVBAcTCEJydXNzZWxzMQswCQYDVQQKEwJFQzERMA8GA1UECxMIQ09NUC5SLjMxGTAXBgNVBAMTEFJhdnNoYW4gS2hhbWlkb3YwHhcNMTIwNzIwMTIwNzUwWhcNMTQwNzIwMTIwNzUwWjBuMQswCQYDVQQGEwJCRTERMA8GA1UECBMIQnJ1c3NlbHMxETAPBgNVBAcTCEJydXNzZWxzMQswCQYDVQQKEwJFQzERMA8GA1UECxMIQ09NUC5SLjMxGTAXBgNVBAMTEFJhdnNoYW4gS2hhbWlkb3YwggEiMA0GCSqGSIb3DQEBAQUAA4IBDwAwggEKAoIBAQCfu0YEMS2ny7CHElTC9v30vj7KOGlUUm3rYShlj8YOWVG+QMFqLOqGw8WDUhdTmKgThQZWESF7tSBeAV/8WXbHRQBPs/UCIxlauV4kLbxOXiGDJO+QP8RwFOjdwL9amnRZwU8GT2JIz4IQ5ct5A0+cw5VbT+w9SIPP91WEpgsW0wXLFLJ8Qhfro+TnFCgCy8Lo3wGYArAss/71i8rWg+PsnYIPWhuBoODB9dIawfgQGo+34xw5PfhyB+ycUqyvWtVaKXr3Qeovy+fL+vywhV2Nfig/5Ke+nGoE1dVh1D0ZO8sGurq8xo5LKlMwQlHqa0BisIozwAS4j/TiXDlw0PXZAgMBAAEwDQYJKoZIhvcNAQEFBQADggEBAAX16hfzoc8+q16dGBxrDSxOFkbhAQThliuVT7lT+ddiHrDHqp/L/WKzl7fUD3VAmE0OEcYs9/1fNQRqDm6QNsTw5LPoV27RfDk750VlGfkuMtz/enLXZATNC/8Vij/E3EsOqZVXFdBZVh864HzVzRkJGGCoPPsRQjcaeeMEh8Phbf8Gi/kldCzhjUf92ycZgSYgjwY/OR/2WWupWvhWLVaXklDvoAXieu5TIRti5SqtuJMGRZYvrmTo9KyMJxhDNmKKGxOyg1tSGNAS9ASYemzFMO+cQBPPT/Uy4EItt4dqt2XCLzU/3xpZlRB30WMtwgSIlH48NJ22ahw2ru45BqY=','CN=Ravshan Khamidov, OU=COMP.R.3, O=EC, L=Brussels, ST=Brussels, C=BE','CN=Ravshan Khamidov, OU=COMP.R.3, O=EC, L=Brussels, ST=Brussels, C=BE','1342786070',null,null,'X509','KEY_ENCIPHERMENT',null,null,null);
Insert into ETRUSTEX.ETR_TB_CERTIFICATE (CERT_ID,CRE_DT,CRE_ID,MOD_DT,MOD_ID,CERT_ATTRIBUTES,CERT_ENCODED_DATA,CERT_HOLDER,CERT_ISSUER,CERT_SERIAL_NR,CERT_SIGN_ALG,CERT_SIGN_VAL,CERT_TYPE,CERT_USAGE,CERT_VALID_TO,CERT_VALID_FROM,CERT_VERSION) values (37,str_to_date('19-DEC-13 14.28.00','%d-%b-%y %H.%i.%s'),'ventrgi',str_to_date('19-DEC-13 14.28.00','%d-%b-%y %H.%i.%s'),'ventrgi',null,'MIIDVTCCAj2gAwIBAgIFATRv+64wDQYJKoZIhvcNAQENBQAwbDELMAkGA1UEBhMCQkUxEjAQBgNVBAgMCUJydXhlbGxlczERMA8GA1UECgwIRElHSVQgQjExHDAaBgNVBAsME0V1cm9wZWFuIENvbW1pc3Npb24xGDAWBgNVBAMMD0VETUEgdG8gTm9kZUFDQzAeFw0xMzA2MjAxMTE1NTVaFw0xODA2MjAxMTE1NTVaMGwxCzAJBgNVBAYTAkJFMRIwEAYDVQQIDAlCcnV4ZWxsZXMxETAPBgNVBAoMCERJR0lUIEIxMRwwGgYDVQQLDBNFdXJvcGVhbiBDb21taXNzaW9uMRgwFgYDVQQDDA9FRE1BIHRvIE5vZGVBQ0MwggEiMA0GCSqGSIb3DQEBAQUAA4IBDwAwggEKAoIBAQCK1HEZ4yApxorg+fp4g1Jr9q/H8rJbddQtQnB8o8QMlgWq3tlD7S6FnXoZtQAehp8H9v6GCzem+eg1g0TPwtChuts/hfotX7Yulm1K0xCMnj0VdNNms8I1YaSJCJxxyrJqTZllgKci8/a/lpzzDyZGDS0rQZ2louA4TKZV+3rwFwovJCWEMCEaJ4JNeLU9oIJ8gAk/IEGG2bpPLlyaI4l4Ji6ey/nYLxe+Rc3TNa5M5JT7cTOFard3gyk2JzAOgUuWYSNiyI4TZmOKhoaV4JgMge6UjhjxU1+b7LzPn9beddTMnzxkQ3qjOvOaGEyqe7AfD6e/GgNgP2wVBsxCRUM7AgMBAAEwDQYJKoZIhvcNAQENBQADggEBAFtvpZNUZKtHOLM2jGrFZP2hBS/25fhrJgxQ3G1E5q6AJ8i6tplnr5Xqd2nD3/tUcaxejRhPFK3rwgs/mkczXA2X3pehO+AbUoTg+0Xy1GMy3Zj8cYhybVY8uPh3upsESoGEz3hMinzF/1rdX+BjYjEI5TIHCfWTLu6kxOFmTDjTZPKH0homtaqJyDtEqNE+HoIYo8tAaVoTCzrzOy/UqEd9jjmf0cFJqkvgagIvLuMGVYRYBh8oHwQBCZCbro2FB2AT1b5sITkU+Tr1N/QzTDMEOQF2qwx4ZXxLy9Mjns3Ux3lEq0tu33uLa5Ndn09AnQ7dZOnuq5haM1b0GoKE0AQ=','CN = Armen, OU = DIGIT_B1, O = EC, L = Bxl, S = Bxl, C = BE','CN = Armen, OU = DIGIT_B1, O = EC, L = Bxl, S = Bxl, C = BE','1354710075599','md2RSA',null,'X509','KEY_ENCIPHERMENT',str_to_date('12-MAR-14 00.00.00','%d-%b-%y %H.%i.%s'),str_to_date('12-MAR-13 00.00.00','%d-%b-%y %H.%i.%s'),'V3');
Insert into ETRUSTEX.ETR_TB_CERTIFICATE (CERT_ID,CRE_DT,CRE_ID,MOD_DT,MOD_ID,CERT_ATTRIBUTES,CERT_ENCODED_DATA,CERT_HOLDER,CERT_ISSUER,CERT_SERIAL_NR,CERT_SIGN_ALG,CERT_SIGN_VAL,CERT_TYPE,CERT_USAGE,CERT_VALID_TO,CERT_VALID_FROM,CERT_VERSION) values (38,str_to_date('19-DEC-13 14.28.00','%d-%b-%y %H.%i.%s'),'ventrgi',str_to_date('19-DEC-13 14.28.00','%d-%b-%y %H.%i.%s'),'ventrgi',null,'MIICyTCCAjKgAwIBAgIEUT8fgDANBgkqhkiG9w0BAQIFADCBqDEfMB0GCSqGSIb3DQEJARYQYXJtZW5AY2hvbGFrLmNvbTELMAkGA1UEBhMCQkUxETAPBgNVBAgMCEJSVVNTRUxTMRIwEAYDVQQHDAlFVFRFUkJFRUsxHDAaBgNVBAoME0VVUk9QRUFOIENPTU1JU1NJT04xETAPBgNVBAsMCERJR0lUIEIxMSAwHgYDVQQDDBdMRVZFTCAyIENPTkZJREVOVElBTElUWTAeFw0xMzAzMTIxMjI5NThaFw0xNDAzMTIxMjI5NThaMIGoMR8wHQYJKoZIhvcNAQkBFhBhcm1lbkBjaG9sYWsuY29tMQswCQYDVQQGEwJCRTERMA8GA1UECAwIQlJVU1NFTFMxEjAQBgNVBAcMCUVUVEVSQkVFSzEcMBoGA1UECgwTRVVST1BFQU4gQ09NTUlTU0lPTjERMA8GA1UECwwIRElHSVQgQjExIDAeBgNVBAMMF0xFVkVMIDIgQ09ORklERU5USUFMSVRZMIGfMA0GCSqGSIb3DQEBAQUAA4GNADCBiQKBgQCCCiMBpAQ4wsqAdMNMCmivLmcXg9BKU2SExzexrEY5qI0Geg689Bx+djalJ52wAaDkc54icV3kMEuB2DZjR7TDAwGWQuiCgt2eTUlspM09s7SxvouZnKWramY6W/cqq/pRGFTKlmqZnvXEThMbz+vm/wZloHAoXYulsXwfqE4YGwIDAQABMA0GCSqGSIb3DQEBAgUAA4GBAD2uHdjC4g9HbNHa/TVd+4K0pjnk0bTCP+XbnASI2h3ksbCz7WLkzKj4Ksj0+CouMBAuiYqgQruzZA6YdZ/znSEL62jDFZRL2IBRuUmpREWLCR55TBfaUEkh4ZlgVLNbYpeLElXaVUWLqRlyolNwYWP6oMsal3Q19u+jOsvCgnPS','CN = LEVEL 2 CONFIDENTIALITY, OU = DIGIT B1, O = EUROPEAN COMMISSION, L = ETTERBEEK, S = BRUSSELS, C = BE, E = armen@cholak.com','CN = LEVEL 2 CONFIDENTIALITY, OU = DIGIT B1, O = EUROPEAN COMMISSION, L = ETTERBEEK, S = BRUSSELS, C = BE, E = armen@cholak.com','?51 3f 1f 81',null,null,'X509','KEY_ENCIPHERMENT',null,null,null);
Insert into ETRUSTEX.ETR_TB_CERTIFICATE (CERT_ID,CRE_DT,CRE_ID,MOD_DT,MOD_ID,CERT_ATTRIBUTES,CERT_ENCODED_DATA,CERT_HOLDER,CERT_ISSUER,CERT_SERIAL_NR,CERT_SIGN_ALG,CERT_SIGN_VAL,CERT_TYPE,CERT_USAGE,CERT_VALID_TO,CERT_VALID_FROM,CERT_VERSION) values (31,str_to_date('19-DEC-13 14.28.00','%d-%b-%y %H.%i.%s'),'ventrgi',str_to_date('19-DEC-13 14.28.00','%d-%b-%y %H.%i.%s'),'ventrgi',null,'LS0tLS1CRUdJTiBDRVJUSUZJQ0FURS0tLS0tCk1JSURXakNDQWtLZ0F3SUJBZ0lFVUw4OE96QU5CZ2txaGtpRzl3MEJBUTBGQURCdk1Rc3dDUVlEVlFRR0V3SkMKUlRFU01CQUdBMVVFQ0F3SlFuSjFlR1ZzYkdWek1SRXdEd1lEVlFRS0RBaEVTVWRKVkNCQ01URWNNQm9HQTFVRQpDd3dUUlhWeWIzQmxZVzRnUTI5dGJXbHpjMmx2YmpFYk1Ca0dBMVVFQXd3U1JYUjRWMlZpSUhSdklFNXZaR1ZVClpYTjBNQjRYRFRFeU1USXdOVEV5TWpJME9Gb1hEVEUzTVRJd05URXlNakkwT0Zvd2J6RUxNQWtHQTFVRUJoTUMKUWtVeEVqQVFCZ05WQkFnTUNVSnlkWGhsYkd4bGN6RVJNQThHQTFVRUNnd0lSRWxIU1ZRZ1FqRXhIREFhQmdOVgpCQXNNRTBWMWNtOXdaV0Z1SUVOdmJXMXBjM05wYjI0eEd6QVpCZ05WQkFNTUVrVjBlRmRsWWlCMGJ5Qk9iMlJsClZHVnpkRENDQVNJd0RRWUpLb1pJaHZjTkFRRUJCUUFEZ2dFUEFEQ0NBUW9DZ2dFQkFLZzlhMER6OHJQUmxEa1oKMzQxK092b29aRjNWeG51Tmh6NU9SL09zT2Q5N0dGYnF6eUhlcStFNy9PRENjcnFrY2ZvZ1RTVW5pYXpFL3pOcwoxMlVaalFmT2ZNR0txRnlOSzNzSHIweElYUTVmbDBldUJSWG5JeDdXV3BrbE5ZZW1FUnJsTy9POXpsQ2M3YzVRCi9ZVEN1SzV2cFRIWi9qYUNraHdxY09YRkVpYTNWMUtOSjk0UXlDRGkyL1ozeC9QS2R3My9IRTRGeHc3NmVNa0EKVGlsd2g0QWcwOXNZOFRjMDJ2L1RadXRRNmZMSEhmUm5zdVVJK3RGWHArRTRpaDZSVFczTGJFVWFsSG1NRDEyMApEelpMdjhXTzBqTEdtZUdZRlJIMnRCK2J5SjRMUTdHbk4yMmJkSTVpdWpsd1dMenlwRXJRckdLU0xrNmFFVHJiCktHUC9hOWNDQXdFQUFUQU5CZ2txaGtpRzl3MEJBUTBGQUFPQ0FRRUFNSHdPTXpHaUdEeGtjMWhQdWREL3U4NWwKUGJ0cnlIWDh2UEMreENYQ3YvcFF2Y2F5eU5RYWRHVVF0SmpHYnFSQkdTQmxMWU9RVGxhVFZHbEZGNGRWeE5tUApJNEpsTjFiTW9Ld1F4eEovNTY3M1lpUDRwUStTYk9ObFA2VWVabDk4WFpOK1lQL3lMUm9rM2JDd0NRdG5sOEt1CmdoNklxRDErRTF5bFV4ZFBpWmhHM0htVkM0R2RXWGNlUC9oWDlXbTEyajlxMGZXd2I5aW8xWDBCYWpuQzFMcEwKMTFUS1RrVXpqQlQ5c0JxNCtjZC9zSjZyVzFYOHJjNnhIL2dVWkJhaW1NcS9qQnhlYnoyTEJ5Y1Bsa3p1cU1MYwo1YWdwQ0EzMW5UdnU0bEVCZHUwZFNEVGFXdFA1bWdIVnR3SWF1MG1iMG92d1UxbHk3Tzl5TnFrVDlYaUNzZz09Ci0tLS0tRU5EIENFUlRJRklDQVRFLS0tLS0K','CN = EtxWeb to NodeTest,OU = European Commission,O = DIGIT B1,S = Bruxelles,C = BE','CN = EtxWeb to NodeTest,OU = European Commission,O = DIGIT B1,S = Bruxelles,C = BE','1354710075',null,null,'X509','KEY_ENCIPHERMENT',null,null,null);
Insert into ETRUSTEX.ETR_TB_CERTIFICATE (CERT_ID,CRE_DT,CRE_ID,MOD_DT,MOD_ID,CERT_ATTRIBUTES,CERT_ENCODED_DATA,CERT_HOLDER,CERT_ISSUER,CERT_SERIAL_NR,CERT_SIGN_ALG,CERT_SIGN_VAL,CERT_TYPE,CERT_USAGE,CERT_VALID_TO,CERT_VALID_FROM,CERT_VERSION) values (29,str_to_date('19-DEC-13 14.28.00','%d-%b-%y %H.%i.%s'),'ventrgi',str_to_date('19-DEC-13 14.28.00','%d-%b-%y %H.%i.%s'),'ventrgi',null,'MIICITCCAYqgAwIBAgIET/WJ9jANBgkqhkiG9w0BAQUFADBVMQswCQYDVQQGEwJCRTELMAkGA1UECBMCQkUxDDAKBgNVBAcTA0JYTDELMAkGA1UEChMCRUMxDjAMBgNVBAsTBURJR0lUMQ4wDAYDVQQDEwVwYXJ0eTAeFw0xMjA3MDUxMjM1MDJaFw0xMjEwMDMxMjM1MDJaMFUxCzAJBgNVBAYTAkJFMQswCQYDVQQIEwJCRTEMMAoGA1UEBxMDQlhMMQswCQYDVQQKEwJFQzEOMAwGA1UECxMFRElHSVQxDjAMBgNVBAMTBXBhcnR5MIGfMA0GCSqGSIb3DQEBAQUAA4GNADCBiQKBgQC+y6rkhPwMSqE/3RTyv1AX02kDtU8+B+VHBU6SUkS9tM6HAgj6+YA0egbVOd1FWy7+miAMFkzPic80pvF4natyTYv9OOhFxz7HiQKjqEEgXsM32E6i3B2OP9HQggPkvpDtAhnt/g+kumchocRf7RHrGbOkzqP86+oAKu8n5SSmKwIDAQABMA0GCSqGSIb3DQEBBQUAA4GBAATqyP0gFvgXByOMXjnfBR8AUI6aGALfxEYtrtVrwEbZ7kyukndmgd0S7uy9Cn/dfrAhWtmvlLvdt3nbiCVk0irsYxtOS03bVDQKsdFcLsKAjTFYJzOwBSIaIw5QhmhlN7InPxJZ9LP519bfW1BnHpLhcvYiwkhB5mEPOFB6hd37','CN=etrustexca, OU=DIGIT, O=European Commission, L=Brussels, ST=Europe, C=EU','CN=etrustexca, OU=DIGIT, O=European Commission, L=Brussels, ST=Europe, C=EU','1344933234',null,null,'X509','KEY_ENCIPHERMENT',null,null,null);
Insert into ETRUSTEX.ETR_TB_CERTIFICATE (CERT_ID,CRE_DT,CRE_ID,MOD_DT,MOD_ID,CERT_ATTRIBUTES,CERT_ENCODED_DATA,CERT_HOLDER,CERT_ISSUER,CERT_SERIAL_NR,CERT_SIGN_ALG,CERT_SIGN_VAL,CERT_TYPE,CERT_USAGE,CERT_VALID_TO,CERT_VALID_FROM,CERT_VERSION) values (32,str_to_date('19-DEC-13 14.28.00','%d-%b-%y %H.%i.%s'),'ventrgi',str_to_date('19-DEC-13 14.28.00','%d-%b-%y %H.%i.%s'),'ventrgi',null,'MIIDWjCCAkKgAwIBAgIEUL88OzANBgkqhkiG9w0BAQ0FADBvMQswCQYDVQQGEwJCRTESMBAGA1UECAwJQnJ1eGVsbGVzMREwDwYDVQQKDAhESUdJVCBCMTEcMBoGA1UECwwTRXVyb3BlYW4gQ29tbWlzc2lvbjEbMBkGA1UEAwwSRXR4V2ViIHRvIE5vZGVUZXN0MB4XDTEyMTIwNTEyMjI0OFoXDTE3MTIwNTEyMjI0OFowbzELMAkGA1UEBhMCQkUxEjAQBgNVBAgMCUJydXhlbGxlczERMA8GA1UECgwIRElHSVQgQjExHDAaBgNVBAsME0V1cm9wZWFuIENvbW1pc3Npb24xGzAZBgNVBAMMEkV0eFdlYiB0byBOb2RlVGVzdDCCASIwDQYJKoZIhvcNAQEBBQADggEPADCCAQoCggEBAKg9a0Dz8rPRlDkZ341+OvooZF3VxnuNhz5OR/OsOd97GFbqzyHeq+E7/ODCcrqkcfogTSUniazE/zNs12UZjQfOfMGKqFyNK3sHr0xIXQ5fl0euBRXnIx7WWpklNYemERrlO/O9zlCc7c5Q/YTCuK5vpTHZ/jaCkhwqcOXFEia3V1KNJ94QyCDi2/Z3x/PKdw3/HE4Fxw76eMkATilwh4Ag09sY8Tc02v/TZutQ6fLHHfRnsuUI+tFXp+E4ih6RTW3LbEUalHmMD120DzZLv8WO0jLGmeGYFRH2tB+byJ4LQ7GnN22bdI5iujlwWLzypErQrGKSLk6aETrbKGP/a9cCAwEAATANBgkqhkiG9w0BAQ0FAAOCAQEAMHwOMzGiGDxkc1hPudD/u85lPbtryHX8vPC+xCXCv/pQvcayyNQadGUQtJjGbqRBGSBlLYOQTlaTVGlFF4dVxNmPI4JlN1bMoKwQxxJ/5673YiP4pQ+SbONlP6UeZl98XZN+YP/yLRok3bCwCQtnl8Kugh6IqD1+E1ylUxdPiZhG3HmVC4GdWXceP/hX9Wm12j9q0fWwb9io1X0BajnC1LpL11TKTkUzjBT9sBq4+cd/sJ6rW1X8rc6xH/gUZBaimMq/jBxebz2LBycPlkzuqMLc5agpCA31nTvu4lEBdu0dSDTaWtP5mgHVtwIau0mb0ovwU1ly7O9yNqkT9XiCsg==','CN = EtxWeb to NodeTest,OU = European Commission,O = DIGIT B1,S = Bruxelles,C = BE','CN = EtxWeb to NodeTest,OU = European Commission,O = DIGIT B1,S = Bruxelles,C = BE','13547100751',null,null,'X509','KEY_ENCIPHERMENT',null,null,null);
Insert into ETRUSTEX.ETR_TB_CERTIFICATE (CERT_ID,CRE_DT,CRE_ID,MOD_DT,MOD_ID,CERT_ATTRIBUTES,CERT_ENCODED_DATA,CERT_HOLDER,CERT_ISSUER,CERT_SERIAL_NR,CERT_SIGN_ALG,CERT_SIGN_VAL,CERT_TYPE,CERT_USAGE,CERT_VALID_TO,CERT_VALID_FROM,CERT_VERSION) values (1,str_to_date('19-NOV-13 10.36.03','%d-%b-%y %H.%i.%s'),'ORAZISA',str_to_date('19-NOV-13 10.36.03','%d-%b-%y %H.%i.%s'),'ORAZISA',null,'MIIDWDCCAkCgAwIBAgIEUL880DANBgkqhkiG9w0BAQIFADBuMQswCQYDVQQGEwJC','CN = EtxWeb to NodeACC, OU = European Commission, O = DIGIT B1, S = Bruxelles, C = BE','CN = EtxWeb to NodeACC, OU = European Commission, O = DIGIT B1, S = Bruxelles, C = BE','5500762833104',null,null,'X509','KEY_ENCIPHERMENT',null,null,null);
Insert into ETRUSTEX.ETR_TB_CERTIFICATE (CERT_ID,CRE_DT,CRE_ID,MOD_DT,MOD_ID,CERT_ATTRIBUTES,CERT_ENCODED_DATA,CERT_HOLDER,CERT_ISSUER,CERT_SERIAL_NR,CERT_SIGN_ALG,CERT_SIGN_VAL,CERT_TYPE,CERT_USAGE,CERT_VALID_TO,CERT_VALID_FROM,CERT_VERSION) values (33,str_to_date('19-DEC-13 14.28.00','%d-%b-%y %H.%i.%s'),'ventrgi',str_to_date('19-DEC-13 14.28.00','%d-%b-%y %H.%i.%s'),'ventrgi',null,'MIIJOjCCBSKgAwIBAgIEUCO8WTANBgkqhkiG9w0BAQ0FADBfMQswCQYDVQQGEwJCRTEMMAoGA1UECAwDQnhsMQwwCgYDVQQHDANCeGwxCzAJBgNVBAoMAkVDMREwDwYDVQQLDAhESUdJVF9CMTEUMBIGA1UEAwwLVmFsZXIgTWljbGUwHhcNMTIwODA5MTMzNTA2WhcNNDIwODA5MTMzNTA2WjBfMQswCQYDVQQGEwJCRTEMMAoGA1UECAwDQnhsMQwwCgYDVQQHDANCeGwxCzAJBgNVBAoMAkVDMREwDwYDVQQLDAhESUdJVF9CMTEUMBIGA1UEAwwLVmFsZXIgTWljbGUwggQiMA0GCSqGSIb3DQEBAQUAA4IEDwAwggQKAoIEAQCX8T76L+oC7Y7eNsJrawX6v4uAUAC1O+ZZnXjI3f3wDOrlLw40aORhwAND9Efc4RgjhRoEViWdIoyrx9cJq3V9qqSvaHXTalBTCE1woO+OKD+u8W97slULd3C6fr5W6kLs7KO9I5ZVW7QkFT/sqzyNFvQHcXy1O4dmGycPAEE9P9QMGT8J/nTsQw62iYsdzQlv+8RylhTCMauiPytmETLCWmGKhrdU5Ktx4KRhCMr+e8N1FcBMIFsLGXzEHFYIVYaP3JuMQ/OU7H4fSPZjqyLQuOQ/iXGQp5pyVZmUQDMYOWhmImvXni2SlGKr0s8RwbeNc79X59VAtWuUkxNpvxYvhWLRCyRKspwjtI/z7z6nPzMUtWgl55qwxwhtjiJwd+/5gfwVYhZu0nuoATTeXchB68QGGwZybqnpzYwED51wsrBUSrsni1k16q+1YqEhUE2n05ihjQu+qDo+ElLo1w7dYLWileDzCpdX7ST8c9PBZ73fTn/6cXokT3ythdXxt1r1HMZX5/sstimuf4Y0m2mIe/bWDGwX6sW546RJQTn9MJzWITp77IkcEjRyYCnKkosnigeG5SWiuG37iY0l6TYwj+bbJu5BlBnZhlCDjT5O9CnS9vjKXuuwrcJgUJcnUi4RCcqOiuakgnB75Uk/mhxLEuvdvDnnHhN1um/jX2WQ5vIegSUy87ioBNceWuFAURx3Zkv74sMngOhXo1lcQw3P/QjvP0AN4ayovvLTVHubNAAinlwg9NjAXVG4ZjhyMQmDJeDyma0I7yXtxQVX9Mc8ls97PosXbMLGOREGlANeltiX0DugFCxZZmb+yrRqxEc5x0b1dZJOmX4BIBSb8u1iv5n5Nk1BUTwFGc+mB93f5Xc72fEFv2LFx/8BveeSHivtjnn0H3VYI53clu2ewWyiYtqu5nioxRqlAid9iQg2mit+Ckc7EYb4wH3NocIWePeIRm4l+qg+tiuPoqasy2SRMQGBKJ1xaQyQ2zMY4XEmySgUMyTBDh/B12BfMAvbtEpVIj1R42YH5pyF/p4Eohjm3hT1nTYj5QN7ocS7s/ATXb6tjyr2QnySbsrQOdqFgciBcmNOjeExvAmojJ5eeFYBxBp1Bue31AEtwj9MpbNsrSDUMSMQVqeOu9v42kv3x4UTBsmkJXmANzt+KMCzt/2JFTdenqR+COJsPBRqvHVtq5OB7jhOck+qArFKRqyr3RuwVkoMCT09P1nYWmJ0+dpBlj7feTDWqfbfFvWFUqUKbHNEsh6xz0dQ072MAT4w3q4SuKOSycY3kAuDr9keGctXOEUQLa0p9d+3EcoDI527N4eLa0siEgm8sXAaxUaCUtbPIwHqndONDTgOsD9yNNDJAgMBAAEwDQYJKoZIhvcNAQENBQADggQBAHurg/IEq9xnsIUfQJkrHahfdfcbgrS7OD8Q3uPsLq33iWB1hbozp4SuTUXhUR13+YeTGTJSJlPUnKecvZVyluVMznwkX0zCMpPIds3kQsr/kMghkLJ7umhD1vieQGrKA9rPYI8kz0fa076KOzKyMmDamIC+lXdyHUdCsn/eRrRSiQdRT2Nkpfk+CdoHU8VELbQc+yBaS278PgoMUK66RQ/EuvtGP80ZBbbHJcuTNVIMKq/AHgO0V/lCqak+ZQXrbdmMWBIjbeQvhzX4nN6sjdM30dOsJ+DpXW2NscdjT1PyXmy3OtxuBoVRIZjutDhiZ50fGEEleS6Qobcw82EpFoXHmQIihGplTfZoATAAqBLOTIqOPW+9hx/ZUAJV6tSWGuTvERxjbKdQO3DEycp/HfR+011XhdsyrA/lU8Inx4BON+BwjkuaQB+PRBmTrwpGJq2PGusjcLRjZ+pDDC6tsGkMDhab0wBtWTcITQn0qEIKXxaYisSWFF1dd0jD+aAjbrwc6b3shE4Ts9vnQ81RwvmLqG2GUTm9Katihka1hO5KtVKSWfaBEPF59TxanehYgq1B/Ac2nwepLJuWoCgx4+2l9fvtH+9y9dIVxFF0Bu1XDU5tyHGTYoRqmMvFrizCkkJb7JgiI6vDOVkpl955LXDhXmKEXgiR5gaqUaMpDSg4AKGx/WhXiEAdNOMVyjJ8Yz+d1MSGXs7G9ufYoa7Fp5RUBPdnePJeKxyEPloFjLkqSBvYvHH1mEpKxN2Moo3yzh9qd8RbM7MCv8svxUnM8l9Cio1rtiCC8+8ihzVcOdPC5f0wFTq+v+2v2arwQSrsMxrRVpul6+JjjGb+XsWmz9EfkJt3gVIOXfhKJ+gyNORw/ByHJxtHG3lb3gsNX/QjrnVJvWUMXmn/FvjgEi6FtTjGKA++MvyI0HC3wVAWW2Dr0B4XQopBJsATaueCRrCO6Tdj1AXVYjZqB4Pr5qJ8nAC4haea9yYFDgoqiWW+WcDmRQRw/lNwdxd3Ac2qeX821V/d+LQdLkYdB8poo8RldRWrwjLsMF3DPAUc3DAnJs4nhY4YCbrmzi5o07VliPxpa4I2Je464mrrbye9Gym/MJtRQxe+pgGOfqUd4c2WbUmUiBqU7SpRo5bCPedmcs/vJIpoBNReUgqH0XDTC+Fk80t8M7DKZ61LrmyyHp67EvveLHPEsZXci7zXymUKdv4ptF36/j8aOGW0r0aYMtWN/wcFWMV0p94MWjYT3IvWoF76aSHEHLGpF0DIvHTQKWyCKHiUHPU+H8/bwqTCfG2j/N0e9dIaM7KKVjCyW6zqEhVbQ1piXKhNQ6FbxIiIOpfAyLLEWXox9UIMpkC5pQDJ4Qc=','CN = Valer Micle, OU = DIGIT_B1, O = EC, L = Bxl, S = Bxl, C = BE','CN = EtxWeb to NodeTest,OU = European Commission,O = DIGIT B1,S = Bruxelles,C = BE','13547100752',null,null,'X509','KEY_ENCIPHERMENT',null,null,null);
Insert into ETRUSTEX.ETR_TB_CERTIFICATE (CERT_ID,CRE_DT,CRE_ID,MOD_DT,MOD_ID,CERT_ATTRIBUTES,CERT_ENCODED_DATA,CERT_HOLDER,CERT_ISSUER,CERT_SERIAL_NR,CERT_SIGN_ALG,CERT_SIGN_VAL,CERT_TYPE,CERT_USAGE,CERT_VALID_TO,CERT_VALID_FROM,CERT_VERSION) values (7,str_to_date('19-DEC-13 14.28.00','%d-%b-%y %H.%i.%s'),'ventrgi',str_to_date('19-DEC-13 14.28.00','%d-%b-%y %H.%i.%s'),'ventrgi',null,'MIICeTCCAeKgAwIBAgIET99d3DANBgkqhkiG9w0BAQUFADCBgDELMAkGA1UEBhMCRVUxDzANBgNVBAgTBkV1cm9wZTERMA8GA1UEBxMIQnJ1c3NlbHMxHDAaBgNVBAoTE0V1cm9wZWFuIENvbW1pc3Npb24xEDAOBgNVBAsTB0RJR0lUQjQxHTAbBgNVBAMTFGVUcnVzdEV4IENlcnRpZmljYXRlMB4XDTEyMDYxODE2NTcwMFoXDTEyMDkxNjE2NTcwMFowgYAxCzAJBgNVBAYTAkVVMQ8wDQYDVQQIEwZFdXJvcGUxETAPBgNVBAcTCEJydXNzZWxzMRwwGgYDVQQKExNFdXJvcGVhbiBDb21taXNzaW9uMRAwDgYDVQQLEwdESUdJVEI0MR0wGwYDVQQDExRlVHJ1c3RFeCBDZXJ0aWZpY2F0ZTCBnzANBgkqhkiG9w0BAQEFAAOBjQAwgYkCgYEAvb5AopsAWw7cZcKomPZUTohZM6oZ9ossfoQXdlCjQiv+RtCuFO7qfZkXy9PgN8Wg15wOGPZH1uebL2qm60n3SFonZE36fkIj9+8u+6LICHghMX5bOSfkSqP6G8EtP70v8CUYsyh6IjPcWECx/EK5hwpLRaM8KFAOkSGGo9cbpGkCAwEAATANBgkqhkiG9w0BAQUFAAOBgQCfdBhIM+H5ErFD7n9T5NlHq83juMAWb5obnJ7LpNmefrCIKDeA2CbOg4qhhKF4F7R/9hXSzfGmcqfzZ6Ld3GLnQR+o8tKgNgO9NioEfDj/jqUvDWkXXuuID7ox8W7xaKyQb3pSQsfm/NR3kKfFe9EEnOWvp3zIySyvaKOWBZ6ZcA==','CN=PRIOR_USER Certificate,OU=DIGITB4,O=European Commission,L=Brussels,ST=Europe,C=EU','CN=PRIOR_USER Certificate,OU=DIGITB4,O=European Commission,L=Brussels,ST=Europe,C=EU','1111111112',null,null,'X509','KEY_ENCIPHERMENT',null,null,null);
Insert into ETRUSTEX.ETR_TB_CERTIFICATE (CERT_ID,CRE_DT,CRE_ID,MOD_DT,MOD_ID,CERT_ATTRIBUTES,CERT_ENCODED_DATA,CERT_HOLDER,CERT_ISSUER,CERT_SERIAL_NR,CERT_SIGN_ALG,CERT_SIGN_VAL,CERT_TYPE,CERT_USAGE,CERT_VALID_TO,CERT_VALID_FROM,CERT_VERSION) values (5,str_to_date('19-DEC-13 14.28.00','%d-%b-%y %H.%i.%s'),'ventrgi',str_to_date('19-DEC-13 14.28.00','%d-%b-%y %H.%i.%s'),'ventrgi',null,'MIICcTCCAdqgAwIBAgIEUCoQGDANBgkqhkiG9w0BAQUFADB9MQswCQYDVQQGEwJFVTEPMA0GA1UECBMGRXVyb3BlMREwDwYDVQQHEwhCcnVzc2VsczEcMBoGA1UEChMTRXVyb3BlYW4gQ29tbWlzc2lvbjEOMAwGA1UECxMFRElHSVQxHDAaBgNVBAMTE3RydXN0Y3VzdHBhcnR5MTNjZXIwHhcNMTIwODE0MDg0NTEyWhcNMTQwODE0MDg0NTEyWjB9MQswCQYDVQQGEwJFVTEPMA0GA1UECBMGRXVyb3BlMREwDwYDVQQHEwhCcnVzc2VsczEcMBoGA1UEChMTRXVyb3BlYW4gQ29tbWlzc2lvbjEOMAwGA1UECxMFRElHSVQxHDAaBgNVBAMTE3RydXN0Y3VzdHBhcnR5MTNjZXIwgZ8wDQYJKoZIhvcNAQEBBQADgY0AMIGJAoGBAJjQEq7AWj3/Pdr4xW2pT+e6cTan63C6x46o1NYz+U7kbopMYvQIt3nxLCfC1IRcNfUQLHXnFZS0/3Wgqa9OesGGdjcnLC0UDgQMkZcfoEZtLZZFdgy3B0jybZ1gawyu+fUxFRqdkzaMdGir/JnacCIXNjgYjArMRvqX5GCtdP3nAgMBAAEwDQYJKoZIhvcNAQEFBQADgYEAU92NPTagUWrCDlIZz1YytovEMF3N/Mz2uUhqq6MsMoRjuAU39MEM5L8ok6mPspBywOWKlGTQOyDonmVGgLxkUHCEXXL70KO4/MSIT3Qbav+kExYSNIQMjDOQ/q0RPmgNi8ux9SrfXA76kC5+dLCeKBT38TaFwud1A9U3n9Rbhmk=','CN=PRIOR_USER Certificate,OU=DIGITB4,O=European Commission,L=Brussels,ST=Europe,C=EU','CN=PRIOR_USER Certificate,OU=DIGITB4,O=European Commission,L=Brussels,ST=Europe,C=EU','1111111111',null,null,'X509','KEY_ENCIPHERMENT',null,null,null);
Insert into ETRUSTEX.ETR_TB_CERTIFICATE (CERT_ID,CRE_DT,CRE_ID,MOD_DT,MOD_ID,CERT_ATTRIBUTES,CERT_ENCODED_DATA,CERT_HOLDER,CERT_ISSUER,CERT_SERIAL_NR,CERT_SIGN_ALG,CERT_SIGN_VAL,CERT_TYPE,CERT_USAGE,CERT_VALID_TO,CERT_VALID_FROM,CERT_VERSION) values (766694,str_to_date('03-SEP-14 15.12.45','%d-%b-%y %H.%i.%s'),'daniemn',str_to_date('03-SEP-14 15.12.45','%d-%b-%y %H.%i.%s'),null,'party401','party401','party401','party401','party401','party401','party401','party401','party401',str_to_date('03-SEP-14 00.00.00','%d-%b-%y %H.%i.%s'),str_to_date('03-SEP-14 00.00.00','%d-%b-%y %H.%i.%s'),'party401');
Insert into ETRUSTEX.ETR_TB_CERTIFICATE (CERT_ID,CRE_DT,CRE_ID,MOD_DT,MOD_ID,CERT_ATTRIBUTES,CERT_ENCODED_DATA,CERT_HOLDER,CERT_ISSUER,CERT_SERIAL_NR,CERT_SIGN_ALG,CERT_SIGN_VAL,CERT_TYPE,CERT_USAGE,CERT_VALID_TO,CERT_VALID_FROM,CERT_VERSION) values (767353,str_to_date('03-SEP-14 15.22.37','%d-%b-%y %H.%i.%s'),'daniemn',str_to_date('03-SEP-14 15.22.37','%d-%b-%y %H.%i.%s'),null,'party401','party401','party401','party401','party401','party401','party401','party401','party401',str_to_date('03-SEP-14 00.00.00','%d-%b-%y %H.%i.%s'),str_to_date('01-SEP-14 00.00.00','%d-%b-%y %H.%i.%s'),'party401');
Insert into ETRUSTEX.ETR_TB_CERTIFICATE (CERT_ID,CRE_DT,CRE_ID,MOD_DT,MOD_ID,CERT_ATTRIBUTES,CERT_ENCODED_DATA,CERT_HOLDER,CERT_ISSUER,CERT_SERIAL_NR,CERT_SIGN_ALG,CERT_SIGN_VAL,CERT_TYPE,CERT_USAGE,CERT_VALID_TO,CERT_VALID_FROM,CERT_VERSION) values (767335,str_to_date('03-SEP-14 15.20.48','%d-%b-%y %H.%i.%s'),'daniemn',str_to_date('03-SEP-14 15.20.48','%d-%b-%y %H.%i.%s'),null,'party401','party401','party401','party401','party401','party401','party401','party401','party401',str_to_date('11-SEP-14 00.00.00','%d-%b-%y %H.%i.%s'),str_to_date('01-SEP-14 00.00.00','%d-%b-%y %H.%i.%s'),'party401');


--REM INSERTING into ETRUSTEX.ETR_TB_CIA_LEVEL

Insert into ETRUSTEX.ETR_TB_CIA_LEVEL (CIA_ID,CIA_AVAILABILITY_LVL,CIA_CONFIDENTIALITY_LVL,CIA_INTEGRITY_LVL,CRE_DT,CRE_ID,MOD_DT,MOD_ID) values (441205,0,0,2,str_to_date('20-AUG-14 14.34.03','%d-%b-%y %H.%i.%s'),'daniemn',null,null);
Insert into ETRUSTEX.ETR_TB_CIA_LEVEL (CIA_ID,CIA_AVAILABILITY_LVL,CIA_CONFIDENTIALITY_LVL,CIA_INTEGRITY_LVL,CRE_DT,CRE_ID,MOD_DT,MOD_ID) values (8,0,2,1,null,null,null,null);
Insert into ETRUSTEX.ETR_TB_CIA_LEVEL (CIA_ID,CIA_AVAILABILITY_LVL,CIA_CONFIDENTIALITY_LVL,CIA_INTEGRITY_LVL,CRE_DT,CRE_ID,MOD_DT,MOD_ID) values (429638,0,1,0,null,null,null,null);
Insert into ETRUSTEX.ETR_TB_CIA_LEVEL (CIA_ID,CIA_AVAILABILITY_LVL,CIA_CONFIDENTIALITY_LVL,CIA_INTEGRITY_LVL,CRE_DT,CRE_ID,MOD_DT,MOD_ID) values (455047,2,1,0,null,null,null,null);
Insert into ETRUSTEX.ETR_TB_CIA_LEVEL (CIA_ID,CIA_AVAILABILITY_LVL,CIA_CONFIDENTIALITY_LVL,CIA_INTEGRITY_LVL,CRE_DT,CRE_ID,MOD_DT,MOD_ID) values (6,0,0,1,null,null,null,null);
Insert into ETRUSTEX.ETR_TB_CIA_LEVEL (CIA_ID,CIA_AVAILABILITY_LVL,CIA_CONFIDENTIALITY_LVL,CIA_INTEGRITY_LVL,CRE_DT,CRE_ID,MOD_DT,MOD_ID) values (5,1,1,1,null,null,null,null);
Insert into ETRUSTEX.ETR_TB_CIA_LEVEL (CIA_ID,CIA_AVAILABILITY_LVL,CIA_CONFIDENTIALITY_LVL,CIA_INTEGRITY_LVL,CRE_DT,CRE_ID,MOD_DT,MOD_ID) values (1,0,1,2,null,null,null,null);
Insert into ETRUSTEX.ETR_TB_CIA_LEVEL (CIA_ID,CIA_AVAILABILITY_LVL,CIA_CONFIDENTIALITY_LVL,CIA_INTEGRITY_LVL,CRE_DT,CRE_ID,MOD_DT,MOD_ID) values (2,0,0,0,null,null,str_to_date('14-AUG-14 17.19.41','%d-%b-%y %H.%i.%s'),null);
Insert into ETRUSTEX.ETR_TB_CIA_LEVEL (CIA_ID,CIA_AVAILABILITY_LVL,CIA_CONFIDENTIALITY_LVL,CIA_INTEGRITY_LVL,CRE_DT,CRE_ID,MOD_DT,MOD_ID) values (3,1,1,1,null,null,null,null);
Insert into ETRUSTEX.ETR_TB_CIA_LEVEL (CIA_ID,CIA_AVAILABILITY_LVL,CIA_CONFIDENTIALITY_LVL,CIA_INTEGRITY_LVL,CRE_DT,CRE_ID,MOD_DT,MOD_ID) values (4,2,2,2,null,null,null,null);
Insert into ETRUSTEX.ETR_TB_CIA_LEVEL (CIA_ID,CIA_AVAILABILITY_LVL,CIA_CONFIDENTIALITY_LVL,CIA_INTEGRITY_LVL,CRE_DT,CRE_ID,MOD_DT,MOD_ID) values (7,0,2,0,null,null,null,null);
--REM INSERTING into ETRUSTEX.ETR_TB_CREDENTIALS

Insert into ETRUSTEX.ETR_TB_CREDENTIALS (CRED_ID,CRE_DT,CRE_ID,MOD_DT,MOD_ID,CRED_CERT,CRED_PASSW,CRED_PASSW_ENCRYPTED,CRED_SIG_REQUIRED,CRED_USER) values (199,str_to_date('20-DEC-13 12.46.00','%d-%b-%y %H.%i.%s'),'ventrgi',str_to_date('20-DEC-13 12.46.00','%d-%b-%y %H.%i.%s'),'ventrgi',null,'9a1j+qydHp3X+BvOF/jWTgN/F1c=',0,0,'mUser2');
Insert into ETRUSTEX.ETR_TB_CREDENTIALS (CRED_ID,CRE_DT,CRE_ID,MOD_DT,MOD_ID,CRED_CERT,CRED_PASSW,CRED_PASSW_ENCRYPTED,CRED_SIG_REQUIRED,CRED_USER) values (317,str_to_date('29-JAN-14 10.27.39','%d-%b-%y %H.%i.%s'),'almahfa',str_to_date('29-JAN-14 10.27.39','%d-%b-%y %H.%i.%s'),'almahfa',null,'IWen6XDBysGPOeUkHPbuPnhQ/x0=',0,0,'DG_JUST_USR_TEST');
Insert into ETRUSTEX.ETR_TB_CREDENTIALS (CRED_ID,CRE_DT,CRE_ID,MOD_DT,MOD_ID,CRED_CERT,CRED_PASSW,CRED_PASSW_ENCRYPTED,CRED_SIG_REQUIRED,CRED_USER) values (318,str_to_date('29-JAN-14 10.27.39','%d-%b-%y %H.%i.%s'),'almahfa',str_to_date('29-JAN-14 10.27.39','%d-%b-%y %H.%i.%s'),'almahfa',null,'IWen6XDBysGPOeUkHPbuPnhQ/x0=',0,0,'ECODEXBCK_TEST');
Insert into ETRUSTEX.ETR_TB_CREDENTIALS (CRED_ID,CRE_DT,CRE_ID,MOD_DT,MOD_ID,CRED_CERT,CRED_PASSW,CRED_PASSW_ENCRYPTED,CRED_SIG_REQUIRED,CRED_USER) values (198,str_to_date('20-DEC-13 12.46.00','%d-%b-%y %H.%i.%s'),'ventrgi',str_to_date('20-DEC-13 12.46.00','%d-%b-%y %H.%i.%s'),'ventrgi',null,'9a1j+qydHp3X+BvOF/jWTgN/F1c=',0,0,'aUser');
Insert into ETRUSTEX.ETR_TB_CREDENTIALS (CRED_ID,CRE_DT,CRE_ID,MOD_DT,MOD_ID,CRED_CERT,CRED_PASSW,CRED_PASSW_ENCRYPTED,CRED_SIG_REQUIRED,CRED_USER) values (319,str_to_date('06-FEB-14 10.11.34','%d-%b-%y %H.%i.%s'),'ventrgi',str_to_date('06-FEB-14 10.11.34','%d-%b-%y %H.%i.%s'),null,null,'VffR9xCRUBoCBfupQlgmYDEmQVA=',0,0,'cube');
Insert into ETRUSTEX.ETR_TB_CREDENTIALS (CRED_ID,CRE_DT,CRE_ID,MOD_DT,MOD_ID,CRED_CERT,CRED_PASSW,CRED_PASSW_ENCRYPTED,CRED_SIG_REQUIRED,CRED_USER) values (320,str_to_date('06-FEB-14 10.11.34','%d-%b-%y %H.%i.%s'),'ventrgi',str_to_date('06-FEB-14 10.11.34','%d-%b-%y %H.%i.%s'),null,null,'DkMd+jSqLQTnjtVvijZkhWGt98Y=',0,0,'spots');
Insert into ETRUSTEX.ETR_TB_CREDENTIALS (CRED_ID,CRE_DT,CRE_ID,MOD_DT,MOD_ID,CRED_CERT,CRED_PASSW,CRED_PASSW_ENCRYPTED,CRED_SIG_REQUIRED,CRED_USER) values (402004,str_to_date('18-JUL-14 11.36.47','%d-%b-%y %H.%i.%s'),'daniemn',null,null,null,'1NalIn/Hx+UlzYDPIFyVrs+6jrI=',1,0,'party02');
Insert into ETRUSTEX.ETR_TB_CREDENTIALS (CRED_ID,CRE_DT,CRE_ID,MOD_DT,MOD_ID,CRED_CERT,CRED_PASSW,CRED_PASSW_ENCRYPTED,CRED_SIG_REQUIRED,CRED_USER) values (323,str_to_date('06-FEB-14 10.11.35','%d-%b-%y %H.%i.%s'),'ventrgi',str_to_date('06-FEB-14 10.11.35','%d-%b-%y %H.%i.%s'),null,null,'QXTNH+i0xEIVSQ7RPcRgRY05+BI=',0,0,'eaccessfo');
Insert into ETRUSTEX.ETR_TB_CREDENTIALS (CRED_ID,CRE_DT,CRE_ID,MOD_DT,MOD_ID,CRED_CERT,CRED_PASSW,CRED_PASSW_ENCRYPTED,CRED_SIG_REQUIRED,CRED_USER) values (429558,str_to_date('14-AUG-14 16.09.59','%d-%b-%y %H.%i.%s'),'daniemn',str_to_date('02-SEP-14 15.37.12','%d-%b-%y %H.%i.%s'),'daniemn',null,'[B@5b661ec1',1,0,'party61');
Insert into ETRUSTEX.ETR_TB_CREDENTIALS (CRED_ID,CRE_DT,CRE_ID,MOD_DT,MOD_ID,CRED_CERT,CRED_PASSW,CRED_PASSW_ENCRYPTED,CRED_SIG_REQUIRED,CRED_USER) values (441248,str_to_date('20-AUG-14 14.52.05','%d-%b-%y %H.%i.%s'),'daniemn',null,null,null,'Z1ikS2sozmrPkg02YqaA/cDl1AQ=',1,0,'party88');
Insert into ETRUSTEX.ETR_TB_CREDENTIALS (CRED_ID,CRE_DT,CRE_ID,MOD_DT,MOD_ID,CRED_CERT,CRED_PASSW,CRED_PASSW_ENCRYPTED,CRED_SIG_REQUIRED,CRED_USER) values (426841,str_to_date('13-AUG-14 12.16.34','%d-%b-%y %H.%i.%s'),'daniemn',str_to_date('13-AUG-14 14.57.19','%d-%b-%y %H.%i.%s'),'daniemn',null,'[B@a8b8db3',1,0,'party10');
Insert into ETRUSTEX.ETR_TB_CREDENTIALS (CRED_ID,CRE_DT,CRE_ID,MOD_DT,MOD_ID,CRED_CERT,CRED_PASSW,CRED_PASSW_ENCRYPTED,CRED_SIG_REQUIRED,CRED_USER) values (579077,str_to_date('29-AUG-14 14.28.31','%d-%b-%y %H.%i.%s'),'daniemn',str_to_date('29-AUG-14 14.28.31','%d-%b-%y %H.%i.%s'),null,null,'RM91qYNiEZphgvsYNPT26Hz9BLY=',1,0,'partyspace01');
Insert into ETRUSTEX.ETR_TB_CREDENTIALS (CRED_ID,CRE_DT,CRE_ID,MOD_DT,MOD_ID,CRED_CERT,CRED_PASSW,CRED_PASSW_ENCRYPTED,CRED_SIG_REQUIRED,CRED_USER) values (447474,str_to_date('22-AUG-14 16.17.38','%d-%b-%y %H.%i.%s'),'x50b125',str_to_date('22-AUG-14 16.17.38','%d-%b-%y %H.%i.%s'),null,null,'1BiOGbHBHhpg4XIcgcVIgC+RwkQ=',1,0,'party221');
Insert into ETRUSTEX.ETR_TB_CREDENTIALS (CRED_ID,CRE_DT,CRE_ID,MOD_DT,MOD_ID,CRED_CERT,CRED_PASSW,CRED_PASSW_ENCRYPTED,CRED_SIG_REQUIRED,CRED_USER) values (542760,str_to_date('28-AUG-14 15.06.19','%d-%b-%y %H.%i.%s'),'daniemn',str_to_date('28-AUG-14 15.06.19','%d-%b-%y %H.%i.%s'),null,null,'zHySflVZESn4FoQzlltXwIxGPm4=',1,0,',partya2');
Insert into ETRUSTEX.ETR_TB_CREDENTIALS (CRED_ID,CRE_DT,CRE_ID,MOD_DT,MOD_ID,CRED_CERT,CRED_PASSW,CRED_PASSW_ENCRYPTED,CRED_SIG_REQUIRED,CRED_USER) values (6,str_to_date('10-JAN-14 16.56.21','%d-%b-%y %H.%i.%s'),'oraziosa',str_to_date('10-JAN-14 16.56.21','%d-%b-%y %H.%i.%s'),'oraziosa',null,'9a1j+qydHp3X+BvOF/jWTgN/F1c=',0,0,'TRUSTUSR1');
Insert into ETRUSTEX.ETR_TB_CREDENTIALS (CRED_ID,CRE_DT,CRE_ID,MOD_DT,MOD_ID,CRED_CERT,CRED_PASSW,CRED_PASSW_ENCRYPTED,CRED_SIG_REQUIRED,CRED_USER) values (301,str_to_date('19-NOV-13 10.34.26','%d-%b-%y %H.%i.%s'),'orazisa',str_to_date('19-NOV-13 10.34.26','%d-%b-%y %H.%i.%s'),'orazisa',null,'XdbmKreEyIZzAoT3Thye6i1HKIs=',0,0,'TestUserTwo');
Insert into ETRUSTEX.ETR_TB_CREDENTIALS (CRED_ID,CRE_DT,CRE_ID,MOD_DT,MOD_ID,CRED_CERT,CRED_PASSW,CRED_PASSW_ENCRYPTED,CRED_SIG_REQUIRED,CRED_USER) values (302,str_to_date('19-NOV-13 10.34.26','%d-%b-%y %H.%i.%s'),'orazisa',str_to_date('19-NOV-13 10.34.26','%d-%b-%y %H.%i.%s'),'orazisa',null,'1/UyUBqn7faep4iBHw9Y+L9lIi8=',0,0,'TestUserOne');
Insert into ETRUSTEX.ETR_TB_CREDENTIALS (CRED_ID,CRE_DT,CRE_ID,MOD_DT,MOD_ID,CRED_CERT,CRED_PASSW,CRED_PASSW_ENCRYPTED,CRED_SIG_REQUIRED,CRED_USER) values (303,str_to_date('19-NOV-13 10.34.27','%d-%b-%y %H.%i.%s'),'orazisa',str_to_date('19-NOV-13 10.34.27','%d-%b-%y %H.%i.%s'),'orazisa',null,'w4Zq4dTkB3ejrG7a11SlMq1he+Y=',0,0,'TestThirdParty');
Insert into ETRUSTEX.ETR_TB_CREDENTIALS (CRED_ID,CRE_DT,CRE_ID,MOD_DT,MOD_ID,CRED_CERT,CRED_PASSW,CRED_PASSW_ENCRYPTED,CRED_SIG_REQUIRED,CRED_USER) values (304,str_to_date('19-NOV-13 10.34.27','%d-%b-%y %H.%i.%s'),'orazisa',str_to_date('19-NOV-13 10.34.27','%d-%b-%y %H.%i.%s'),'orazisa',null,'8hBJw2p/z5w+WvwvUMZuQzBSfXg=',0,0,'TestBundlePartyOne');
Insert into ETRUSTEX.ETR_TB_CREDENTIALS (CRED_ID,CRE_DT,CRE_ID,MOD_DT,MOD_ID,CRED_CERT,CRED_PASSW,CRED_PASSW_ENCRYPTED,CRED_SIG_REQUIRED,CRED_USER) values (305,str_to_date('19-NOV-13 10.34.27','%d-%b-%y %H.%i.%s'),'orazisa',str_to_date('19-NOV-13 10.34.27','%d-%b-%y %H.%i.%s'),'orazisa',null,'PKlhbg5WzZwUcjohzv3B6dpmUbs=',0,0,'TestBundlePartyTwo');
Insert into ETRUSTEX.ETR_TB_CREDENTIALS (CRED_ID,CRE_DT,CRE_ID,MOD_DT,MOD_ID,CRED_CERT,CRED_PASSW,CRED_PASSW_ENCRYPTED,CRED_SIG_REQUIRED,CRED_USER) values (28,str_to_date('05-FEB-14 11.56.39','%d-%b-%y %H.%i.%s'),'almahfa',str_to_date('05-FEB-14 11.56.39','%d-%b-%y %H.%i.%s'),'almahfa',null,'9a1j+qydHp3X+BvOF/jWTgN/F1c=',0,0,'STTUser1');
Insert into ETRUSTEX.ETR_TB_CREDENTIALS (CRED_ID,CRE_DT,CRE_ID,MOD_DT,MOD_ID,CRED_CERT,CRED_PASSW,CRED_PASSW_ENCRYPTED,CRED_SIG_REQUIRED,CRED_USER) values (29,str_to_date('05-FEB-14 11.56.39','%d-%b-%y %H.%i.%s'),'almahfa',str_to_date('05-FEB-14 11.56.39','%d-%b-%y %H.%i.%s'),'almahfa',null,'9a1j+qydHp3X+BvOF/jWTgN/F1c=',0,0,'STTUser2');
Insert into ETRUSTEX.ETR_TB_CREDENTIALS (CRED_ID,CRE_DT,CRE_ID,MOD_DT,MOD_ID,CRED_CERT,CRED_PASSW,CRED_PASSW_ENCRYPTED,CRED_SIG_REQUIRED,CRED_USER) values (222523,str_to_date('07-FEB-14 00.00.00','%d-%b-%y %H.%i.%s'),'derveol',str_to_date('07-FEB-14 00.00.00','%d-%b-%y %H.%i.%s'),'derveol',null,'saf_user',0,0,'saf_user');
Insert into ETRUSTEX.ETR_TB_CREDENTIALS (CRED_ID,CRE_DT,CRE_ID,MOD_DT,MOD_ID,CRED_CERT,CRED_PASSW,CRED_PASSW_ENCRYPTED,CRED_SIG_REQUIRED,CRED_USER) values (327,str_to_date('11-MAR-14 10.11.05','%d-%b-%y %H.%i.%s'),'ventrgi',str_to_date('11-MAR-14 10.11.05','%d-%b-%y %H.%i.%s'),'ventrgi',null,'eWJZlFGC7plmbDDHuukW5qV+VVw=',0,0,'LOCAL-MICLEVA-ENCR');
Insert into ETRUSTEX.ETR_TB_CREDENTIALS (CRED_ID,CRE_DT,CRE_ID,MOD_DT,MOD_ID,CRED_CERT,CRED_PASSW,CRED_PASSW_ENCRYPTED,CRED_SIG_REQUIRED,CRED_USER) values (310,str_to_date('19-NOV-13 10.34.40','%d-%b-%y %H.%i.%s'),'orazisa',str_to_date('19-NOV-13 10.34.40','%d-%b-%y %H.%i.%s'),'orazisa',null,'JMS2013',0,0,'JMSUser');
Insert into ETRUSTEX.ETR_TB_CREDENTIALS (CRED_ID,CRE_DT,CRE_ID,MOD_DT,MOD_ID,CRED_CERT,CRED_PASSW,CRED_PASSW_ENCRYPTED,CRED_SIG_REQUIRED,CRED_USER) values (311,str_to_date('19-NOV-13 10.34.40','%d-%b-%y %H.%i.%s'),'orazisa',str_to_date('19-NOV-13 10.34.40','%d-%b-%y %H.%i.%s'),'orazisa',null,'9a1j+qydHp3X+BvOF/jWTgN/F1c=',0,0,'DG_JUST_USR');
Insert into ETRUSTEX.ETR_TB_CREDENTIALS (CRED_ID,CRE_DT,CRE_ID,MOD_DT,MOD_ID,CRED_CERT,CRED_PASSW,CRED_PASSW_ENCRYPTED,CRED_SIG_REQUIRED,CRED_USER) values (312,str_to_date('19-NOV-13 10.34.40','%d-%b-%y %H.%i.%s'),'orazisa',str_to_date('19-NOV-13 10.34.40','%d-%b-%y %H.%i.%s'),'orazisa',null,'9a1j+qydHp3X+BvOF/jWTgN/F1c=',0,0,'ECODEXBCK');
Insert into ETRUSTEX.ETR_TB_CREDENTIALS (CRED_ID,CRE_DT,CRE_ID,MOD_DT,MOD_ID,CRED_CERT,CRED_PASSW,CRED_PASSW_ENCRYPTED,CRED_SIG_REQUIRED,CRED_USER) values (314,str_to_date('19-DEC-13 12.28.00','%d-%b-%y %H.%i.%s'),'ventrgi',str_to_date('19-DEC-13 12.28.00','%d-%b-%y %H.%i.%s'),'ventrgi',null,'pTF+HyNTdnMxsL/OWR7dzdsGJtI=',1,0,'e-TrustExWeb');
Insert into ETRUSTEX.ETR_TB_CREDENTIALS (CRED_ID,CRE_DT,CRE_ID,MOD_DT,MOD_ID,CRED_CERT,CRED_PASSW,CRED_PASSW_ENCRYPTED,CRED_SIG_REQUIRED,CRED_USER) values (315,str_to_date('19-DEC-13 12.28.00','%d-%b-%y %H.%i.%s'),'ventrgi',str_to_date('19-DEC-13 12.28.00','%d-%b-%y %H.%i.%s'),'ventrgi',null,'CNDdTMk/akwMCCBxBlY0TU471o4=',0,0,'EGREFFE-APP');
Insert into ETRUSTEX.ETR_TB_CREDENTIALS (CRED_ID,CRE_DT,CRE_ID,MOD_DT,MOD_ID,CRED_CERT,CRED_PASSW,CRED_PASSW_ENCRYPTED,CRED_SIG_REQUIRED,CRED_USER) values (316,str_to_date('20-DEC-13 12.46.00','%d-%b-%y %H.%i.%s'),'ventrgi',str_to_date('20-DEC-13 12.46.00','%d-%b-%y %H.%i.%s'),'ventrgi',null,'mEgW/TKWIoduFJB2NCZObzMun7M=',0,0,'TEST');
Insert into ETRUSTEX.ETR_TB_CREDENTIALS (CRED_ID,CRE_DT,CRE_ID,MOD_DT,MOD_ID,CRED_CERT,CRED_PASSW,CRED_PASSW_ENCRYPTED,CRED_SIG_REQUIRED,CRED_USER) values (11,str_to_date('10-JAN-14 16.56.21','%d-%b-%y %H.%i.%s'),'oraziosa',str_to_date('10-JAN-14 16.56.21','%d-%b-%y %H.%i.%s'),'oraziosa',null,'9a1j+qydHp3X+BvOF/jWTgN/F1c=',0,0,'TRUSTUSR2');
Insert into ETRUSTEX.ETR_TB_CREDENTIALS (CRED_ID,CRE_DT,CRE_ID,MOD_DT,MOD_ID,CRED_CERT,CRED_PASSW,CRED_PASSW_ENCRYPTED,CRED_SIG_REQUIRED,CRED_USER) values (12,str_to_date('10-JAN-14 16.56.21','%d-%b-%y %H.%i.%s'),'oraziosa',str_to_date('10-JAN-14 16.56.21','%d-%b-%y %H.%i.%s'),'oraziosa',null,'9a1j+qydHp3X+BvOF/jWTgN/F1c=',0,0,'TRUSTUSR3');
Insert into ETRUSTEX.ETR_TB_CREDENTIALS (CRED_ID,CRE_DT,CRE_ID,MOD_DT,MOD_ID,CRED_CERT,CRED_PASSW,CRED_PASSW_ENCRYPTED,CRED_SIG_REQUIRED,CRED_USER) values (13,str_to_date('10-JAN-14 16.56.21','%d-%b-%y %H.%i.%s'),'oraziosa',str_to_date('10-JAN-14 16.56.21','%d-%b-%y %H.%i.%s'),'oraziosa',null,'9a1j+qydHp3X+BvOF/jWTgN/F1c=',0,0,'TRUSTUSR4');
Insert into ETRUSTEX.ETR_TB_CREDENTIALS (CRED_ID,CRE_DT,CRE_ID,MOD_DT,MOD_ID,CRED_CERT,CRED_PASSW,CRED_PASSW_ENCRYPTED,CRED_SIG_REQUIRED,CRED_USER) values (14,str_to_date('10-JAN-14 16.56.21','%d-%b-%y %H.%i.%s'),'oraziosa',str_to_date('10-JAN-14 16.56.21','%d-%b-%y %H.%i.%s'),'oraziosa',null,'9a1j+qydHp3X+BvOF/jWTgN/F1c=',0,0,'TRUSTUSR5');
Insert into ETRUSTEX.ETR_TB_CREDENTIALS (CRED_ID,CRE_DT,CRE_ID,MOD_DT,MOD_ID,CRED_CERT,CRED_PASSW,CRED_PASSW_ENCRYPTED,CRED_SIG_REQUIRED,CRED_USER) values (15,str_to_date('10-JAN-14 16.56.21','%d-%b-%y %H.%i.%s'),'oraziosa',str_to_date('10-JAN-14 16.56.21','%d-%b-%y %H.%i.%s'),'oraziosa',null,'9a1j+qydHp3X+BvOF/jWTgN/F1c=',0,0,'TRUSTUSR6');
Insert into ETRUSTEX.ETR_TB_CREDENTIALS (CRED_ID,CRE_DT,CRE_ID,MOD_DT,MOD_ID,CRED_CERT,CRED_PASSW,CRED_PASSW_ENCRYPTED,CRED_SIG_REQUIRED,CRED_USER) values (16,str_to_date('10-JAN-14 16.56.21','%d-%b-%y %H.%i.%s'),'oraziosa',str_to_date('10-JAN-14 16.56.21','%d-%b-%y %H.%i.%s'),'oraziosa',null,'9a1j+qydHp3X+BvOF/jWTgN/F1c=',0,0,'TRUSTUSR7');
Insert into ETRUSTEX.ETR_TB_CREDENTIALS (CRED_ID,CRE_DT,CRE_ID,MOD_DT,MOD_ID,CRED_CERT,CRED_PASSW,CRED_PASSW_ENCRYPTED,CRED_SIG_REQUIRED,CRED_USER) values (17,str_to_date('10-JAN-14 16.56.21','%d-%b-%y %H.%i.%s'),'oraziosa',str_to_date('10-JAN-14 16.56.21','%d-%b-%y %H.%i.%s'),'oraziosa',null,'9a1j+qydHp3X+BvOF/jWTgN/F1c=',0,1,'TRUSTUSR11');
Insert into ETRUSTEX.ETR_TB_CREDENTIALS (CRED_ID,CRE_DT,CRE_ID,MOD_DT,MOD_ID,CRED_CERT,CRED_PASSW,CRED_PASSW_ENCRYPTED,CRED_SIG_REQUIRED,CRED_USER) values (18,str_to_date('10-JAN-14 16.56.21','%d-%b-%y %H.%i.%s'),'oraziosa',str_to_date('10-JAN-14 16.56.21','%d-%b-%y %H.%i.%s'),'oraziosa',null,'9a1j+qydHp3X+BvOF/jWTgN/F1c=',0,1,'TRUSTUSR12');
Insert into ETRUSTEX.ETR_TB_CREDENTIALS (CRED_ID,CRE_DT,CRE_ID,MOD_DT,MOD_ID,CRED_CERT,CRED_PASSW,CRED_PASSW_ENCRYPTED,CRED_SIG_REQUIRED,CRED_USER) values (7,str_to_date('10-JAN-14 16.56.21','%d-%b-%y %H.%i.%s'),'almahfa',str_to_date('10-JAN-14 16.56.21','%d-%b-%y %H.%i.%s'),'almahfa',null,'9a1j+qydHp3X+BvOF/jWTgN/F1c=',0,0,'TRUSTBCK1');
Insert into ETRUSTEX.ETR_TB_CREDENTIALS (CRED_ID,CRE_DT,CRE_ID,MOD_DT,MOD_ID,CRED_CERT,CRED_PASSW,CRED_PASSW_ENCRYPTED,CRED_SIG_REQUIRED,CRED_USER) values (20,str_to_date('10-JAN-14 16.56.21','%d-%b-%y %H.%i.%s'),'almahfa',str_to_date('10-JAN-14 16.56.21','%d-%b-%y %H.%i.%s'),'almahfa',null,'9a1j+qydHp3X+BvOF/jWTgN/F1c=',0,0,'TRUSTBCK2');
Insert into ETRUSTEX.ETR_TB_CREDENTIALS (CRED_ID,CRE_DT,CRE_ID,MOD_DT,MOD_ID,CRED_CERT,CRED_PASSW,CRED_PASSW_ENCRYPTED,CRED_SIG_REQUIRED,CRED_USER) values (21,str_to_date('10-JAN-14 16.56.21','%d-%b-%y %H.%i.%s'),'almahfa',str_to_date('10-JAN-14 16.56.21','%d-%b-%y %H.%i.%s'),'almahfa',null,'9a1j+qydHp3X+BvOF/jWTgN/F1c=',0,0,'TRUSTBCK3');
Insert into ETRUSTEX.ETR_TB_CREDENTIALS (CRED_ID,CRE_DT,CRE_ID,MOD_DT,MOD_ID,CRED_CERT,CRED_PASSW,CRED_PASSW_ENCRYPTED,CRED_SIG_REQUIRED,CRED_USER) values (22,str_to_date('10-JAN-14 16.56.21','%d-%b-%y %H.%i.%s'),'almahfa',str_to_date('10-JAN-14 16.56.21','%d-%b-%y %H.%i.%s'),'almahfa',null,'9a1j+qydHp3X+BvOF/jWTgN/F1c=',0,0,'TRUSTBCK4');
Insert into ETRUSTEX.ETR_TB_CREDENTIALS (CRED_ID,CRE_DT,CRE_ID,MOD_DT,MOD_ID,CRED_CERT,CRED_PASSW,CRED_PASSW_ENCRYPTED,CRED_SIG_REQUIRED,CRED_USER) values (23,str_to_date('10-JAN-14 16.56.21','%d-%b-%y %H.%i.%s'),'almahfa',str_to_date('10-JAN-14 16.56.21','%d-%b-%y %H.%i.%s'),'almahfa',null,'9a1j+qydHp3X+BvOF/jWTgN/F1c=',0,0,'TRUSTBCK5');
Insert into ETRUSTEX.ETR_TB_CREDENTIALS (CRED_ID,CRE_DT,CRE_ID,MOD_DT,MOD_ID,CRED_CERT,CRED_PASSW,CRED_PASSW_ENCRYPTED,CRED_SIG_REQUIRED,CRED_USER) values (24,str_to_date('10-JAN-14 16.56.21','%d-%b-%y %H.%i.%s'),'almahfa',str_to_date('10-JAN-14 16.56.21','%d-%b-%y %H.%i.%s'),'almahfa',null,'9a1j+qydHp3X+BvOF/jWTgN/F1c=',0,0,'TRUSTBCK6');
Insert into ETRUSTEX.ETR_TB_CREDENTIALS (CRED_ID,CRE_DT,CRE_ID,MOD_DT,MOD_ID,CRED_CERT,CRED_PASSW,CRED_PASSW_ENCRYPTED,CRED_SIG_REQUIRED,CRED_USER) values (25,str_to_date('10-JAN-14 16.56.21','%d-%b-%y %H.%i.%s'),'almahfa',str_to_date('10-JAN-14 16.56.21','%d-%b-%y %H.%i.%s'),'almahfa',null,'9a1j+qydHp3X+BvOF/jWTgN/F1c=',0,0,'TRUSTBCK7');
Insert into ETRUSTEX.ETR_TB_CREDENTIALS (CRED_ID,CRE_DT,CRE_ID,MOD_DT,MOD_ID,CRED_CERT,CRED_PASSW,CRED_PASSW_ENCRYPTED,CRED_SIG_REQUIRED,CRED_USER) values (26,str_to_date('10-JAN-14 16.56.21','%d-%b-%y %H.%i.%s'),'almahfa',str_to_date('10-JAN-14 16.56.21','%d-%b-%y %H.%i.%s'),'almahfa',null,'9a1j+qydHp3X+BvOF/jWTgN/F1c=',0,1,'TRUSTBCK11');
Insert into ETRUSTEX.ETR_TB_CREDENTIALS (CRED_ID,CRE_DT,CRE_ID,MOD_DT,MOD_ID,CRED_CERT,CRED_PASSW,CRED_PASSW_ENCRYPTED,CRED_SIG_REQUIRED,CRED_USER) values (27,str_to_date('10-JAN-14 16.56.21','%d-%b-%y %H.%i.%s'),'almahfa',str_to_date('10-JAN-14 16.56.21','%d-%b-%y %H.%i.%s'),'almahfa',null,'9a1j+qydHp3X+BvOF/jWTgN/F1c=',0,1,'TRUSTBCK12');
Insert into ETRUSTEX.ETR_TB_CREDENTIALS (CRED_ID,CRE_DT,CRE_ID,MOD_DT,MOD_ID,CRED_CERT,CRED_PASSW,CRED_PASSW_ENCRYPTED,CRED_SIG_REQUIRED,CRED_USER) values (328,str_to_date('11-MAR-14 10.11.05','%d-%b-%y %H.%i.%s'),'ventrgi',str_to_date('11-MAR-14 10.11.05','%d-%b-%y %H.%i.%s'),'ventrgi',null,'eWJZlFGC7plmbDDHuukW5qV+VVw=',0,0,'LOCAL-MICLEVA-NOTENCR');
Insert into ETRUSTEX.ETR_TB_CREDENTIALS (CRED_ID,CRE_DT,CRE_ID,MOD_DT,MOD_ID,CRED_CERT,CRED_PASSW,CRED_PASSW_ENCRYPTED,CRED_SIG_REQUIRED,CRED_USER) values (329,str_to_date('11-MAR-14 10.11.05','%d-%b-%y %H.%i.%s'),'ventrgi',str_to_date('11-MAR-14 10.11.05','%d-%b-%y %H.%i.%s'),'ventrgi',null,'eWJZlFGC7plmbDDHuukW5qV+VVw=',0,0,'LOCAL-MICLEVA-EDMA-APP');
Insert into ETRUSTEX.ETR_TB_CREDENTIALS (CRED_ID,CRE_DT,CRE_ID,MOD_DT,MOD_ID,CRED_CERT,CRED_PASSW,CRED_PASSW_ENCRYPTED,CRED_SIG_REQUIRED,CRED_USER) values (330,str_to_date('11-MAR-14 10.11.05','%d-%b-%y %H.%i.%s'),'ventrgi',str_to_date('11-MAR-14 10.11.05','%d-%b-%y %H.%i.%s'),'ventrgi',null,'gA1VoNTECrcoGKR82SkYZ/YZgoY=',0,0,'DG_JUST_USR_TEST_SANDRO');
Insert into ETRUSTEX.ETR_TB_CREDENTIALS (CRED_ID,CRE_DT,CRE_ID,MOD_DT,MOD_ID,CRED_CERT,CRED_PASSW,CRED_PASSW_ENCRYPTED,CRED_SIG_REQUIRED,CRED_USER) values (367,str_to_date('24-JUN-14 09.10.33','%d-%b-%y %H.%i.%s'),'ventrgi',str_to_date('24-JUN-14 09.10.33','%d-%b-%y %H.%i.%s'),'ventrgi',null,'73q6z6b+m97szEXH4goyZ73+3hc=',0,0,'LOCAL-TENAPJU-NOTENCR');
Insert into ETRUSTEX.ETR_TB_CREDENTIALS (CRED_ID,CRE_DT,CRE_ID,MOD_DT,MOD_ID,CRED_CERT,CRED_PASSW,CRED_PASSW_ENCRYPTED,CRED_SIG_REQUIRED,CRED_USER) values (368,str_to_date('24-JUN-14 09.10.33','%d-%b-%y %H.%i.%s'),'ventrgi',str_to_date('24-JUN-14 09.10.33','%d-%b-%y %H.%i.%s'),'ventrgi',null,'73q6z6b+m97szEXH4goyZ73+3hc=',0,0,'LOCAL-TENAPJU-EDMA-APP');
Insert into ETRUSTEX.ETR_TB_CREDENTIALS (CRED_ID,CRE_DT,CRE_ID,MOD_DT,MOD_ID,CRED_CERT,CRED_PASSW,CRED_PASSW_ENCRYPTED,CRED_SIG_REQUIRED,CRED_USER) values (426823,str_to_date('13-AUG-14 12.07.15','%d-%b-%y %H.%i.%s'),'daniemn',null,null,null,'[B@6fbb7cbd',1,0,'ss');
Insert into ETRUSTEX.ETR_TB_CREDENTIALS (CRED_ID,CRE_DT,CRE_ID,MOD_DT,MOD_ID,CRED_CERT,CRED_PASSW,CRED_PASSW_ENCRYPTED,CRED_SIG_REQUIRED,CRED_USER) values (426826,str_to_date('13-AUG-14 12.07.28','%d-%b-%y %H.%i.%s'),'daniemn',null,null,null,'[B@60536a8b',1,0,'ww');
Insert into ETRUSTEX.ETR_TB_CREDENTIALS (CRED_ID,CRE_DT,CRE_ID,MOD_DT,MOD_ID,CRED_CERT,CRED_PASSW,CRED_PASSW_ENCRYPTED,CRED_SIG_REQUIRED,CRED_USER) values (429573,str_to_date('14-AUG-14 16.11.44','%d-%b-%y %H.%i.%s'),'daniemn',null,null,null,'[B@8e1c87c',1,0,'party71');
Insert into ETRUSTEX.ETR_TB_CREDENTIALS (CRED_ID,CRE_DT,CRE_ID,MOD_DT,MOD_ID,CRED_CERT,CRED_PASSW,CRED_PASSW_ENCRYPTED,CRED_SIG_REQUIRED,CRED_USER) values (429567,str_to_date('14-AUG-14 16.10.20','%d-%b-%y %H.%i.%s'),'daniemn',null,null,null,'[B@657dd849',1,0,'party62');
Insert into ETRUSTEX.ETR_TB_CREDENTIALS (CRED_ID,CRE_DT,CRE_ID,MOD_DT,MOD_ID,CRED_CERT,CRED_PASSW,CRED_PASSW_ENCRYPTED,CRED_SIG_REQUIRED,CRED_USER) values (429576,str_to_date('14-AUG-14 16.12.02','%d-%b-%y %H.%i.%s'),'daniemn',null,null,null,'[B@56bd83a2',1,0,'party72');
Insert into ETRUSTEX.ETR_TB_CREDENTIALS (CRED_ID,CRE_DT,CRE_ID,MOD_DT,MOD_ID,CRED_CERT,CRED_PASSW,CRED_PASSW_ENCRYPTED,CRED_SIG_REQUIRED,CRED_USER) values (429582,str_to_date('14-AUG-14 16.13.37','%d-%b-%y %H.%i.%s'),'daniemn',null,null,null,'[B@22fb464d',1,0,'party81');
Insert into ETRUSTEX.ETR_TB_CREDENTIALS (CRED_ID,CRE_DT,CRE_ID,MOD_DT,MOD_ID,CRED_CERT,CRED_PASSW,CRED_PASSW_ENCRYPTED,CRED_SIG_REQUIRED,CRED_USER) values (429585,str_to_date('14-AUG-14 16.13.52','%d-%b-%y %H.%i.%s'),'daniemn',null,null,null,'[B@4568b188',1,0,'party82');
Insert into ETRUSTEX.ETR_TB_CREDENTIALS (CRED_ID,CRE_DT,CRE_ID,MOD_DT,MOD_ID,CRED_CERT,CRED_PASSW,CRED_PASSW_ENCRYPTED,CRED_SIG_REQUIRED,CRED_USER) values (579806,str_to_date('29-AUG-14 14.38.02','%d-%b-%y %H.%i.%s'),'daniemn',str_to_date('29-AUG-14 14.38.30','%d-%b-%y %H.%i.%s'),'daniemn',null,'C2HhZYxwyQjOhBZV63WHh1Fe+ok=',1,0,'3rdpartynotused');
Insert into ETRUSTEX.ETR_TB_CREDENTIALS (CRED_ID,CRE_DT,CRE_ID,MOD_DT,MOD_ID,CRED_CERT,CRED_PASSW,CRED_PASSW_ENCRYPTED,CRED_SIG_REQUIRED,CRED_USER) values (720090,str_to_date('02-SEP-14 14.30.20','%d-%b-%y %H.%i.%s'),'daniemn',str_to_date('02-SEP-14 15.29.44','%d-%b-%y %H.%i.%s'),'daniemn',null,'hvfkN/qlp/zhXR3cuerq6jd2Z7g=',1,0,'party301');
Insert into ETRUSTEX.ETR_TB_CREDENTIALS (CRED_ID,CRE_DT,CRE_ID,MOD_DT,MOD_ID,CRED_CERT,CRED_PASSW,CRED_PASSW_ENCRYPTED,CRED_SIG_REQUIRED,CRED_USER) values (722992,str_to_date('02-SEP-14 15.19.58','%d-%b-%y %H.%i.%s'),'daniemn',str_to_date('02-SEP-14 15.19.58','%d-%b-%y %H.%i.%s'),null,null,'K7tLz+VgPBHipPQPBMT5oJWJRQs=',1,0,'party303');
Insert into ETRUSTEX.ETR_TB_CREDENTIALS (CRED_ID,CRE_DT,CRE_ID,MOD_DT,MOD_ID,CRED_CERT,CRED_PASSW,CRED_PASSW_ENCRYPTED,CRED_SIG_REQUIRED,CRED_USER) values (331,str_to_date('30-APR-14 11.34.31','%d-%b-%y %H.%i.%s'),'ventrgi',str_to_date('30-APR-14 11.34.31','%d-%b-%y %H.%i.%s'),'ventrgi',null,'CNDdTMk/akwMCCBxBlY0TU471o4=',0,0,'DEV-ETX-EGREFFE-APP');
Insert into ETRUSTEX.ETR_TB_CREDENTIALS (CRED_ID,CRE_DT,CRE_ID,MOD_DT,MOD_ID,CRED_CERT,CRED_PASSW,CRED_PASSW_ENCRYPTED,CRED_SIG_REQUIRED,CRED_USER) values (332,str_to_date('30-APR-14 11.54.53','%d-%b-%y %H.%i.%s'),'ventrgi',str_to_date('30-APR-14 11.54.53','%d-%b-%y %H.%i.%s'),'ventrgi',null,'CNDdTMk/akwMCCBxBlY0TU471o4=',0,0,'DEV6-EGREFFE-APP');
Insert into ETRUSTEX.ETR_TB_CREDENTIALS (CRED_ID,CRE_DT,CRE_ID,MOD_DT,MOD_ID,CRED_CERT,CRED_PASSW,CRED_PASSW_ENCRYPTED,CRED_SIG_REQUIRED,CRED_USER) values (30,str_to_date('08-JUL-14 15.36.27','%d-%b-%y %H.%i.%s'),'ventrgi',str_to_date('08-JUL-14 15.36.27','%d-%b-%y %H.%i.%s'),'ventrgi',null,'73q6z6b+m97szEXH4goyZ73+3hc=',0,0,'LOCAL-TENAPJU-ENCR');
Insert into ETRUSTEX.ETR_TB_CREDENTIALS (CRED_ID,CRE_DT,CRE_ID,MOD_DT,MOD_ID,CRED_CERT,CRED_PASSW,CRED_PASSW_ENCRYPTED,CRED_SIG_REQUIRED,CRED_USER) values (402000,str_to_date('18-JUL-14 11.32.48','%d-%b-%y %H.%i.%s'),'daniemn',null,null,null,'Z25PUdCQL20VPsHhuSthNOJcctA=',1,0,'party01');
Insert into ETRUSTEX.ETR_TB_CREDENTIALS (CRED_ID,CRE_DT,CRE_ID,MOD_DT,MOD_ID,CRED_CERT,CRED_PASSW,CRED_PASSW_ENCRYPTED,CRED_SIG_REQUIRED,CRED_USER) values (424858,str_to_date('12-AUG-14 13.57.49','%d-%b-%y %H.%i.%s'),'daniemn',str_to_date('01-SEP-14 15.04.08','%d-%b-%y %H.%i.%s'),'daniemn',null,'9a1j+qydHp3X+BvOF/jWTgN/F1c=',1,0,'party03');
Insert into ETRUSTEX.ETR_TB_CREDENTIALS (CRED_ID,CRE_DT,CRE_ID,MOD_DT,MOD_ID,CRED_CERT,CRED_PASSW,CRED_PASSW_ENCRYPTED,CRED_SIG_REQUIRED,CRED_USER) values (424861,str_to_date('12-AUG-14 13.58.12','%d-%b-%y %H.%i.%s'),'daniemn',str_to_date('01-SEP-14 15.03.13','%d-%b-%y %H.%i.%s'),'daniemn',null,'9a1j+qydHp3X+BvOF/jWTgN/F1c=',1,0,'party04');
Insert into ETRUSTEX.ETR_TB_CREDENTIALS (CRED_ID,CRE_DT,CRE_ID,MOD_DT,MOD_ID,CRED_CERT,CRED_PASSW,CRED_PASSW_ENCRYPTED,CRED_SIG_REQUIRED,CRED_USER) values (436908,str_to_date('18-AUG-14 15.14.49','%d-%b-%y %H.%i.%s'),'daniemn',null,null,null,'[B@6dcc7521',1,0,'party93');
Insert into ETRUSTEX.ETR_TB_CREDENTIALS (CRED_ID,CRE_DT,CRE_ID,MOD_DT,MOD_ID,CRED_CERT,CRED_PASSW,CRED_PASSW_ENCRYPTED,CRED_SIG_REQUIRED,CRED_USER) values (5,str_to_date('21-AUG-14 00.00.00','%d-%b-%y %H.%i.%s'),'orazisa',null,null,null,'sn8ilAbS4lHpIhi',0,0,'ETX-NODE-SERVICE-USER');
Insert into ETRUSTEX.ETR_TB_CREDENTIALS (CRED_ID,CRE_DT,CRE_ID,MOD_DT,MOD_ID,CRED_CERT,CRED_PASSW,CRED_PASSW_ENCRYPTED,CRED_SIG_REQUIRED,CRED_USER) values (222524,str_to_date('07-FEB-14 00.00.00','%d-%b-%y %H.%i.%s'),'derveol',str_to_date('07-FEB-14 00.00.00','%d-%b-%y %H.%i.%s'),'derveol',null,'saf_user',0,0,'weblogic');
Insert into ETRUSTEX.ETR_TB_CREDENTIALS (CRED_ID,CRE_DT,CRE_ID,MOD_DT,MOD_ID,CRED_CERT,CRED_PASSW,CRED_PASSW_ENCRYPTED,CRED_SIG_REQUIRED,CRED_USER) values (325,str_to_date('04-MAR-14 10.11.05','%d-%b-%y %H.%i.%s'),'orazisa',str_to_date('04-MAR-14 10.11.05','%d-%b-%y %H.%i.%s'),'orazisa',null,'callbck_pass',0,0,'EJ_CALLBACK_USR');
Insert into ETRUSTEX.ETR_TB_CREDENTIALS (CRED_ID,CRE_DT,CRE_ID,MOD_DT,MOD_ID,CRED_CERT,CRED_PASSW,CRED_PASSW_ENCRYPTED,CRED_SIG_REQUIRED,CRED_USER) values (326,str_to_date('04-MAR-14 10.11.05','%d-%b-%y %H.%i.%s'),'orazisa',str_to_date('04-MAR-14 10.11.05','%d-%b-%y %H.%i.%s'),'orazisa',null,'34i6fv7',0,0,'j50b107');
Insert into ETRUSTEX.ETR_TB_CREDENTIALS (CRED_ID,CRE_DT,CRE_ID,MOD_DT,MOD_ID,CRED_CERT,CRED_PASSW,CRED_PASSW_ENCRYPTED,CRED_SIG_REQUIRED,CRED_USER) values (363,str_to_date('12-MAY-14 09.50.00','%d-%b-%y %H.%i.%s'),'ventrgi',str_to_date('12-MAY-14 09.50.00','%d-%b-%y %H.%i.%s'),'ventrgi',null,'X28opsKkUmtZwlLQZcerbg2AvOo=',0,0,'DEV-GUI1');
Insert into ETRUSTEX.ETR_TB_CREDENTIALS (CRED_ID,CRE_DT,CRE_ID,MOD_DT,MOD_ID,CRED_CERT,CRED_PASSW,CRED_PASSW_ENCRYPTED,CRED_SIG_REQUIRED,CRED_USER) values (205,str_to_date('20-DEC-13 12.46.00','%d-%b-%y %H.%i.%s'),'ventrgi',str_to_date('20-DEC-13 12.46.00','%d-%b-%y %H.%i.%s'),'ventrgi',null,'mEgW/TKWIoduFJB2NCZObzMun7M=',0,0,'TEST2');
Insert into ETRUSTEX.ETR_TB_CREDENTIALS (CRED_ID,CRE_DT,CRE_ID,MOD_DT,MOD_ID,CRED_CERT,CRED_PASSW,CRED_PASSW_ENCRYPTED,CRED_SIG_REQUIRED,CRED_USER) values (206,str_to_date('09-JAN-14 11.09.05','%d-%b-%y %H.%i.%s'),'almahfa',str_to_date('09-JAN-14 11.09.05','%d-%b-%y %H.%i.%s'),'almahfa',null,'ilqZzpwTtBmNO/u9e28YFWzHFFw=',0,0,'EDMA');
Insert into ETRUSTEX.ETR_TB_CREDENTIALS (CRED_ID,CRE_DT,CRE_ID,MOD_DT,MOD_ID,CRED_CERT,CRED_PASSW,CRED_PASSW_ENCRYPTED,CRED_SIG_REQUIRED,CRED_USER) values (324,str_to_date('21-FEB-14 10.11.05','%d-%b-%y %H.%i.%s'),'ventrgi',str_to_date('21-FEB-14 10.11.05','%d-%b-%y %H.%i.%s'),'ventrgi',null,'MvKJ01WajGihk3z7E2HqLWMeN64=',0,0,'TRUSTSYS1');
Insert into ETRUSTEX.ETR_TB_CREDENTIALS (CRED_ID,CRE_DT,CRE_ID,MOD_DT,MOD_ID,CRED_CERT,CRED_PASSW,CRED_PASSW_ENCRYPTED,CRED_SIG_REQUIRED,CRED_USER) values (364,str_to_date('12-MAY-14 09.50.00','%d-%b-%y %H.%i.%s'),'ventrgi',str_to_date('12-MAY-14 09.50.00','%d-%b-%y %H.%i.%s'),'ventrgi',null,'A52+mpntxpKQrUqUOm9U2txD0Qc=',0,0,'DEV-GUI2');
Insert into ETRUSTEX.ETR_TB_CREDENTIALS (CRED_ID,CRE_DT,CRE_ID,MOD_DT,MOD_ID,CRED_CERT,CRED_PASSW,CRED_PASSW_ENCRYPTED,CRED_SIG_REQUIRED,CRED_USER) values (365,str_to_date('12-MAY-14 09.50.00','%d-%b-%y %H.%i.%s'),'ventrgi',str_to_date('12-MAY-14 09.50.00','%d-%b-%y %H.%i.%s'),'ventrgi',null,'4wgDRA40OxIi0dl1DTIYnjtG8JM=',0,0,'TEST-GUI1');
Insert into ETRUSTEX.ETR_TB_CREDENTIALS (CRED_ID,CRE_DT,CRE_ID,MOD_DT,MOD_ID,CRED_CERT,CRED_PASSW,CRED_PASSW_ENCRYPTED,CRED_SIG_REQUIRED,CRED_USER) values (366,str_to_date('12-MAY-14 09.50.00','%d-%b-%y %H.%i.%s'),'ventrgi',str_to_date('12-MAY-14 09.50.00','%d-%b-%y %H.%i.%s'),'ventrgi',null,'YQE6mvv36sYMFAAauR7RX3AO97A=',0,0,'TEST-GUI2');
Insert into ETRUSTEX.ETR_TB_CREDENTIALS (CRED_ID,CRE_DT,CRE_ID,MOD_DT,MOD_ID,CRED_CERT,CRED_PASSW,CRED_PASSW_ENCRYPTED,CRED_SIG_REQUIRED,CRED_USER) values (427192,str_to_date('13-AUG-14 15.04.21','%d-%b-%y %H.%i.%s'),'daniemn',str_to_date('13-AUG-14 15.04.52','%d-%b-%y %H.%i.%s'),'daniemn',null,'[B@116d5de9',1,0,'using3');
Insert into ETRUSTEX.ETR_TB_CREDENTIALS (CRED_ID,CRE_DT,CRE_ID,MOD_DT,MOD_ID,CRED_CERT,CRED_PASSW,CRED_PASSW_ENCRYPTED,CRED_SIG_REQUIRED,CRED_USER) values (428822,str_to_date('14-AUG-14 11.29.07','%d-%b-%y %H.%i.%s'),'daniemn',str_to_date('28-AUG-14 15.11.54','%d-%b-%y %H.%i.%s'),'daniemn',null,'party11',0,1,'party11user');
Insert into ETRUSTEX.ETR_TB_CREDENTIALS (CRED_ID,CRE_DT,CRE_ID,MOD_DT,MOD_ID,CRED_CERT,CRED_PASSW,CRED_PASSW_ENCRYPTED,CRED_SIG_REQUIRED,CRED_USER) values (428908,str_to_date('14-AUG-14 12.26.34','%d-%b-%y %H.%i.%s'),'daniemn',null,null,null,'[B@5f3fe517',1,0,'party21');
Insert into ETRUSTEX.ETR_TB_CREDENTIALS (CRED_ID,CRE_DT,CRE_ID,MOD_DT,MOD_ID,CRED_CERT,CRED_PASSW,CRED_PASSW_ENCRYPTED,CRED_SIG_REQUIRED,CRED_USER) values (428911,str_to_date('14-AUG-14 12.26.54','%d-%b-%y %H.%i.%s'),'daniemn',null,null,null,'[B@30bbfeaa',1,0,'party22');
Insert into ETRUSTEX.ETR_TB_CREDENTIALS (CRED_ID,CRE_DT,CRE_ID,MOD_DT,MOD_ID,CRED_CERT,CRED_PASSW,CRED_PASSW_ENCRYPTED,CRED_SIG_REQUIRED,CRED_USER) values (429508,str_to_date('14-AUG-14 15.51.59','%d-%b-%y %H.%i.%s'),'daniemn',null,null,null,'[B@2c0fa0a9',1,0,'party31');
Insert into ETRUSTEX.ETR_TB_CREDENTIALS (CRED_ID,CRE_DT,CRE_ID,MOD_DT,MOD_ID,CRED_CERT,CRED_PASSW,CRED_PASSW_ENCRYPTED,CRED_SIG_REQUIRED,CRED_USER) values (429511,str_to_date('14-AUG-14 15.52.26','%d-%b-%y %H.%i.%s'),'daniemn',str_to_date('25-AUG-14 16.56.31','%d-%b-%y %H.%i.%s'),'daniemn',null,'vtTraYxu7qfx3fU5fUgNPywPuTg=',1,0,'party32');
Insert into ETRUSTEX.ETR_TB_CREDENTIALS (CRED_ID,CRE_DT,CRE_ID,MOD_DT,MOD_ID,CRED_CERT,CRED_PASSW,CRED_PASSW_ENCRYPTED,CRED_SIG_REQUIRED,CRED_USER) values (429524,str_to_date('14-AUG-14 15.58.08','%d-%b-%y %H.%i.%s'),'daniemn',null,null,null,'[B@1ee2e481',1,0,'party41');
Insert into ETRUSTEX.ETR_TB_CREDENTIALS (CRED_ID,CRE_DT,CRE_ID,MOD_DT,MOD_ID,CRED_CERT,CRED_PASSW,CRED_PASSW_ENCRYPTED,CRED_SIG_REQUIRED,CRED_USER) values (429527,str_to_date('14-AUG-14 15.58.25','%d-%b-%y %H.%i.%s'),'daniemn',null,null,null,'[B@3feb445a',1,0,'party42');
Insert into ETRUSTEX.ETR_TB_CREDENTIALS (CRED_ID,CRE_DT,CRE_ID,MOD_DT,MOD_ID,CRED_CERT,CRED_PASSW,CRED_PASSW_ENCRYPTED,CRED_SIG_REQUIRED,CRED_USER) values (429542,str_to_date('14-AUG-14 16.04.37','%d-%b-%y %H.%i.%s'),'daniemn',null,null,null,'[B@1f4d6438',1,0,'party51');
Insert into ETRUSTEX.ETR_TB_CREDENTIALS (CRED_ID,CRE_DT,CRE_ID,MOD_DT,MOD_ID,CRED_CERT,CRED_PASSW,CRED_PASSW_ENCRYPTED,CRED_SIG_REQUIRED,CRED_USER) values (429545,str_to_date('14-AUG-14 16.04.56','%d-%b-%y %H.%i.%s'),'daniemn',null,null,null,'[B@6dfbaf88',1,0,'party52');
Insert into ETRUSTEX.ETR_TB_CREDENTIALS (CRED_ID,CRE_DT,CRE_ID,MOD_DT,MOD_ID,CRED_CERT,CRED_PASSW,CRED_PASSW_ENCRYPTED,CRED_SIG_REQUIRED,CRED_USER) values (579503,str_to_date('29-AUG-14 14.31.18','%d-%b-%y %H.%i.%s'),'daniemn',str_to_date('29-AUG-14 14.31.53','%d-%b-%y %H.%i.%s'),'daniemn',null,'/6rYTOQafQeNzxFgQtBa62ZwnOI=',1,0,'partytab01');
Insert into ETRUSTEX.ETR_TB_CREDENTIALS (CRED_ID,CRE_DT,CRE_ID,MOD_DT,MOD_ID,CRED_CERT,CRED_PASSW,CRED_PASSW_ENCRYPTED,CRED_SIG_REQUIRED,CRED_USER) values (98738,str_to_date('25-MAR-14 12.50.45','%d-%b-%y %H.%i.%s'),'testadm',str_to_date('25-MAR-14 13.20.51','%d-%b-%y %H.%i.%s'),'testadm',null,'jakieshaslo',0,0,'andrzej1808');
Insert into ETRUSTEX.ETR_TB_CREDENTIALS (CRED_ID,CRE_DT,CRE_ID,MOD_DT,MOD_ID,CRED_CERT,CRED_PASSW,CRED_PASSW_ENCRYPTED,CRED_SIG_REQUIRED,CRED_USER) values (98812,str_to_date('25-MAR-14 13.28.41','%d-%b-%y %H.%i.%s'),'testadm',null,'testadm',null,'fsdfdsfds',0,0,'fsdfdsfds');
Insert into ETRUSTEX.ETR_TB_CREDENTIALS (CRED_ID,CRE_DT,CRE_ID,MOD_DT,MOD_ID,CRED_CERT,CRED_PASSW,CRED_PASSW_ENCRYPTED,CRED_SIG_REQUIRED,CRED_USER) values (98841,str_to_date('25-MAR-14 14.18.02','%d-%b-%y %H.%i.%s'),'testadm',null,'testadm',null,'thirdpartyandrzej',0,0,'thirdpartyandrzej');
Insert into ETRUSTEX.ETR_TB_CREDENTIALS (CRED_ID,CRE_DT,CRE_ID,MOD_DT,MOD_ID,CRED_CERT,CRED_PASSW,CRED_PASSW_ENCRYPTED,CRED_SIG_REQUIRED,CRED_USER) values (98844,str_to_date('25-MAR-14 14.19.48','%d-%b-%y %H.%i.%s'),'testadm',null,'testadm',null,'CustomerPortalBO',0,0,'CustomerPortalBO');
Insert into ETRUSTEX.ETR_TB_CREDENTIALS (CRED_ID,CRE_DT,CRE_ID,MOD_DT,MOD_ID,CRED_CERT,CRED_PASSW,CRED_PASSW_ENCRYPTED,CRED_SIG_REQUIRED,CRED_USER) values (98847,str_to_date('25-MAR-14 14.20.07','%d-%b-%y %H.%i.%s'),'testadm',null,'testadm',null,'9UIbdG+JYBf457M0g9U4lMfOmmE=',1,0,'fdgfdgfdgfdg');
Insert into ETRUSTEX.ETR_TB_CREDENTIALS (CRED_ID,CRE_DT,CRE_ID,MOD_DT,MOD_ID,CRED_CERT,CRED_PASSW,CRED_PASSW_ENCRYPTED,CRED_SIG_REQUIRED,CRED_USER) values (31,str_to_date('06-AUG-14 15.57.15','%d-%b-%y %H.%i.%s'),'almahfa',str_to_date('06-AUG-14 15.57.15','%d-%b-%y %H.%i.%s'),'almahfa',null,'9a1j+qydHp3X+BvOF/jWTgN/F1c=',0,0,'U1');
Insert into ETRUSTEX.ETR_TB_CREDENTIALS (CRED_ID,CRE_DT,CRE_ID,MOD_DT,MOD_ID,CRED_CERT,CRED_PASSW,CRED_PASSW_ENCRYPTED,CRED_SIG_REQUIRED,CRED_USER) values (452869,str_to_date('25-AUG-14 13.07.33','%d-%b-%y %H.%i.%s'),'daniemn',str_to_date('25-AUG-14 13.07.33','%d-%b-%y %H.%i.%s'),null,null,'4oMG1iVBsc9WZGGlKVLZ7FUa3s0=',1,0,'party94');
Insert into ETRUSTEX.ETR_TB_CREDENTIALS (CRED_ID,CRE_DT,CRE_ID,MOD_DT,MOD_ID,CRED_CERT,CRED_PASSW,CRED_PASSW_ENCRYPTED,CRED_SIG_REQUIRED,CRED_USER) values (427158,str_to_date('13-AUG-14 14.59.22','%d-%b-%y %H.%i.%s'),'daniemn',str_to_date('13-AUG-14 15.02.22','%d-%b-%y %H.%i.%s'),'daniemn',null,'[B@1ff9e280',1,0,'3rdparty');
Insert into ETRUSTEX.ETR_TB_CREDENTIALS (CRED_ID,CRE_DT,CRE_ID,MOD_DT,MOD_ID,CRED_CERT,CRED_PASSW,CRED_PASSW_ENCRYPTED,CRED_SIG_REQUIRED,CRED_USER) values (542527,str_to_date('28-AUG-14 15.03.26','%d-%b-%y %H.%i.%s'),'daniemn',str_to_date('28-AUG-14 15.04.14','%d-%b-%y %H.%i.%s'),'daniemn',null,'IuocZJyClGqm5Hnh/9Mh5KMYsbA=',1,0,'Partya1');
Insert into ETRUSTEX.ETR_TB_CREDENTIALS (CRED_ID,CRE_DT,CRE_ID,MOD_DT,MOD_ID,CRED_CERT,CRED_PASSW,CRED_PASSW_ENCRYPTED,CRED_SIG_REQUIRED,CRED_USER) values (578161,str_to_date('29-AUG-14 14.20.34','%d-%b-%y %H.%i.%s'),'daniemn',str_to_date('29-AUG-14 14.20.34','%d-%b-%y %H.%i.%s'),null,null,'/SPMdTUgBykhQDY8cN826w1z6gU=',1,0,'partybidir01');
Insert into ETRUSTEX.ETR_TB_CREDENTIALS (CRED_ID,CRE_DT,CRE_ID,MOD_DT,MOD_ID,CRED_CERT,CRED_PASSW,CRED_PASSW_ENCRYPTED,CRED_SIG_REQUIRED,CRED_USER) values (578284,str_to_date('29-AUG-14 14.20.49','%d-%b-%y %H.%i.%s'),'daniemn',str_to_date('29-AUG-14 14.20.49','%d-%b-%y %H.%i.%s'),null,null,'2IYAgVoL6r/XdrinAZeySeMlP2w=',1,0,'partybidir02');
Insert into ETRUSTEX.ETR_TB_CREDENTIALS (CRED_ID,CRE_DT,CRE_ID,MOD_DT,MOD_ID,CRED_CERT,CRED_PASSW,CRED_PASSW_ENCRYPTED,CRED_SIG_REQUIRED,CRED_USER) values (200,str_to_date('20-DEC-13 12.46.00','%d-%b-%y %H.%i.%s'),'ventrgi',str_to_date('20-DEC-13 12.46.00','%d-%b-%y %H.%i.%s'),'ventrgi',null,'9a1j+qydHp3X+BvOF/jWTgN/F1c=',0,0,'dumb1');
Insert into ETRUSTEX.ETR_TB_CREDENTIALS (CRED_ID,CRE_DT,CRE_ID,MOD_DT,MOD_ID,CRED_CERT,CRED_PASSW,CRED_PASSW_ENCRYPTED,CRED_SIG_REQUIRED,CRED_USER) values (209,str_to_date('09-JAN-14 11.09.05','%d-%b-%y %H.%i.%s'),'almahfa',str_to_date('09-JAN-14 11.09.05','%d-%b-%y %H.%i.%s'),'almahfa',null,'mEgW/TKWIoduFJB2NCZObzMun7M=',0,0,'TEST4');
Insert into ETRUSTEX.ETR_TB_CREDENTIALS (CRED_ID,CRE_DT,CRE_ID,MOD_DT,MOD_ID,CRED_CERT,CRED_PASSW,CRED_PASSW_ENCRYPTED,CRED_SIG_REQUIRED,CRED_USER) values (204,str_to_date('20-DEC-13 12.46.00','%d-%b-%y %H.%i.%s'),'ventrgi',str_to_date('20-DEC-13 12.46.00','%d-%b-%y %H.%i.%s'),'ventrgi',null,'9a1j+qydHp3X+BvOF/jWTgN/F1c=',0,0,'mUser');
Insert into ETRUSTEX.ETR_TB_CREDENTIALS (CRED_ID,CRE_DT,CRE_ID,MOD_DT,MOD_ID,CRED_CERT,CRED_PASSW,CRED_PASSW_ENCRYPTED,CRED_SIG_REQUIRED,CRED_USER) values (208,str_to_date('09-JAN-14 11.09.05','%d-%b-%y %H.%i.%s'),'almahfa',str_to_date('09-JAN-14 11.09.05','%d-%b-%y %H.%i.%s'),'almahfa',null,'mEgW/TKWIoduFJB2NCZObzMun7M=',0,0,'TEST3');
--REM INSERTING into ETRUSTEX.ETR_TB_DOCUMENT

Insert into ETRUSTEX.ETR_TB_DOCUMENT (DOC_ID,CRE_DT,CRE_ID,MOD_DT,MOD_ID,DOC_TYPE_CD,DOC_LOCAL_NAME,DOC_NAME,DOC_NAMESPACE,DOC_VERSION,DOC_SM_ID) values (15,str_to_date('28-JAN-14 08.11.05','%d-%b-%y %H.%i.%s'),'derveol',str_to_date('28-JAN-14 08.11.05','%d-%b-%y %H.%i.%s'),'derveol','21','StatusRequest','StatusRequest','ec:schema:xsd:StatusRequest-0.1','0.1',null);
Insert into ETRUSTEX.ETR_TB_DOCUMENT (DOC_ID,CRE_DT,CRE_ID,MOD_DT,MOD_ID,DOC_TYPE_CD,DOC_LOCAL_NAME,DOC_NAME,DOC_NAMESPACE,DOC_VERSION,DOC_SM_ID) values (17,str_to_date('28-JAN-14 12.10.32','%d-%b-%y %H.%i.%s'),'almahfa',str_to_date('28-JAN-14 12.10.32','%d-%b-%y %H.%i.%s'),'almahfa','ATR','TenderReceipt','TenderReceipt','urn:oasis:names:specification:ubl:schema:xsd:TenderReceipt-2','2.1',null);
Insert into ETRUSTEX.ETR_TB_DOCUMENT (DOC_ID,CRE_DT,CRE_ID,MOD_DT,MOD_ID,DOC_TYPE_CD,DOC_LOCAL_NAME,DOC_NAME,DOC_NAMESPACE,DOC_VERSION,DOC_SM_ID) values (18,str_to_date('24-OCT-13 10.44.31','%d-%b-%y %H.%i.%s'),'imreand',str_to_date('24-OCT-13 10.44.31','%d-%b-%y %H.%i.%s'),'imreand','443','CallForTenders','CallForTenders','urn:oasis:names:specification:ubl:schema:xsd:CallForTenders-2','2.0',3);
Insert into ETRUSTEX.ETR_TB_DOCUMENT (DOC_ID,CRE_DT,CRE_ID,MOD_DT,MOD_ID,DOC_TYPE_CD,DOC_LOCAL_NAME,DOC_NAME,DOC_NAMESPACE,DOC_VERSION,DOC_SM_ID) values (21,str_to_date('12-FEB-14 08.11.05','%d-%b-%y %H.%i.%s'),'derveol',str_to_date('12-FEB-14 08.11.05','%d-%b-%y %H.%i.%s'),'derveol','21','CreateParty','CreateParty','ec:schema:xsd:CreateParty-2','2.0',null);
Insert into ETRUSTEX.ETR_TB_DOCUMENT (DOC_ID,CRE_DT,CRE_ID,MOD_DT,MOD_ID,DOC_TYPE_CD,DOC_LOCAL_NAME,DOC_NAME,DOC_NAMESPACE,DOC_VERSION,DOC_SM_ID) values (22,str_to_date('12-FEB-14 08.11.05','%d-%b-%y %H.%i.%s'),'derveol',str_to_date('12-FEB-14 08.11.05','%d-%b-%y %H.%i.%s'),'derveol','21','CreateInterchangeAgreement','CreateInterchangeAgreement','ec:schema:xsd:CreateInterchangeAgreement-2','2.0',null);
Insert into ETRUSTEX.ETR_TB_DOCUMENT (DOC_ID,CRE_DT,CRE_ID,MOD_DT,MOD_ID,DOC_TYPE_CD,DOC_LOCAL_NAME,DOC_NAME,DOC_NAMESPACE,DOC_VERSION,DOC_SM_ID) values (16,str_to_date('03-FEB-14 14.27.24','%d-%b-%y %H.%i.%s'),'almahfa',str_to_date('03-FEB-14 14.27.24','%d-%b-%y %H.%i.%s'),'almahfa','ITT','Shortlist','Shortlist','ec:schema:xsd:Shortlist-0.1','0.1',3);
Insert into ETRUSTEX.ETR_TB_DOCUMENT (DOC_ID,CRE_DT,CRE_ID,MOD_DT,MOD_ID,DOC_TYPE_CD,DOC_LOCAL_NAME,DOC_NAME,DOC_NAMESPACE,DOC_VERSION,DOC_SM_ID) values (444312,str_to_date('21-AUG-14 15.22.49','%d-%b-%y %H.%i.%s'),'daniemn',str_to_date('02-SEP-14 15.16.32','%d-%b-%y %H.%i.%s'),'daniemn','xx','xxxx','xx','xxyyy','xx',null);
Insert into ETRUSTEX.ETR_TB_DOCUMENT (DOC_ID,CRE_DT,CRE_ID,MOD_DT,MOD_ID,DOC_TYPE_CD,DOC_LOCAL_NAME,DOC_NAME,DOC_NAMESPACE,DOC_VERSION,DOC_SM_ID) values (27,str_to_date('10-APR-14 09.56.20','%d-%b-%y %H.%i.%s'),'almahfa',str_to_date('10-APR-14 09.56.20','%d-%b-%y %H.%i.%s'),'almahfa','21','QueryRequest','QueryRequest','ec:schema:xsd:QueryRequest-0.1','0.1',null);
Insert into ETRUSTEX.ETR_TB_DOCUMENT (DOC_ID,CRE_DT,CRE_ID,MOD_DT,MOD_ID,DOC_TYPE_CD,DOC_LOCAL_NAME,DOC_NAME,DOC_NAMESPACE,DOC_VERSION,DOC_SM_ID) values (19,str_to_date('31-JAN-14 08.11.05','%d-%b-%y %H.%i.%s'),'derveol',str_to_date('31-JAN-14 08.11.05','%d-%b-%y %H.%i.%s'),'derveol','21','RetrieveRequest','RetrieveRequest','ec:schema:xsd:RetrieveRequest-0.1','0.1',null);
Insert into ETRUSTEX.ETR_TB_DOCUMENT (DOC_ID,CRE_DT,CRE_ID,MOD_DT,MOD_ID,DOC_TYPE_CD,DOC_LOCAL_NAME,DOC_NAME,DOC_NAMESPACE,DOC_VERSION,DOC_SM_ID) values (24,str_to_date('20-FEB-14 08.11.05','%d-%b-%y %H.%i.%s'),'derveol',str_to_date('20-FEB-14 08.11.05','%d-%b-%y %H.%i.%s'),'derveol','21','QueryRequest','QueryRequest','ec:schema:xsd:QueryRequest-0.2','0.2',null);
Insert into ETRUSTEX.ETR_TB_DOCUMENT (DOC_ID,CRE_DT,CRE_ID,MOD_DT,MOD_ID,DOC_TYPE_CD,DOC_LOCAL_NAME,DOC_NAME,DOC_NAMESPACE,DOC_VERSION,DOC_SM_ID) values (25,str_to_date('20-FEB-14 08.11.05','%d-%b-%y %H.%i.%s'),'derveol',str_to_date('20-FEB-14 08.11.05','%d-%b-%y %H.%i.%s'),'derveol','21','ViewRequest','ViewRequest','ec:schema:xsd:ViewRequest-0.1','0.1',null);
Insert into ETRUSTEX.ETR_TB_DOCUMENT (DOC_ID,CRE_DT,CRE_ID,MOD_DT,MOD_ID,DOC_TYPE_CD,DOC_LOCAL_NAME,DOC_NAME,DOC_NAMESPACE,DOC_VERSION,DOC_SM_ID) values (13,str_to_date('24-OCT-13 10.44.31','%d-%b-%y %H.%i.%s'),'orazisa',str_to_date('25-AUG-14 16.34.02','%d-%b-%y %H.%i.%s'),'daniemn','JUS','DocumentBundle','DocumentBundle','ec:schema:xsd:DocumentBundleJustice-1','1',null);
Insert into ETRUSTEX.ETR_TB_DOCUMENT (DOC_ID,CRE_DT,CRE_ID,MOD_DT,MOD_ID,DOC_TYPE_CD,DOC_LOCAL_NAME,DOC_NAME,DOC_NAMESPACE,DOC_VERSION,DOC_SM_ID) values (14,str_to_date('24-OCT-13 10.44.31','%d-%b-%y %H.%i.%s'),'orazisa',str_to_date('24-OCT-13 10.44.31','%d-%b-%y %H.%i.%s'),'orazisa','21','QueryRequest','QueryRequest','ec:schema:xsd:QueryRequestJustice-2','2.0',null);
Insert into ETRUSTEX.ETR_TB_DOCUMENT (DOC_ID,CRE_DT,CRE_ID,MOD_DT,MOD_ID,DOC_TYPE_CD,DOC_LOCAL_NAME,DOC_NAME,DOC_NAMESPACE,DOC_VERSION,DOC_SM_ID) values (20,str_to_date('06-FEB-14 14.21.16','%d-%b-%y %H.%i.%s'),'almahfa',str_to_date('06-FEB-14 14.21.16','%d-%b-%y %H.%i.%s'),'almahfa','TQR','TendererQualificationResponse','TendererQualificationResponse','urn:oasis:names:specification:ubl:schema:xsd:TendererQualificationResponse-2','2.1',null);
Insert into ETRUSTEX.ETR_TB_DOCUMENT (DOC_ID,CRE_DT,CRE_ID,MOD_DT,MOD_ID,DOC_TYPE_CD,DOC_LOCAL_NAME,DOC_NAME,DOC_NAMESPACE,DOC_VERSION,DOC_SM_ID) values (1,str_to_date('24-OCT-13 10.44.31','%d-%b-%y %H.%i.%s'),'orazisa',str_to_date('24-OCT-13 10.44.31','%d-%b-%y %H.%i.%s'),'orazisa','380','Invoice','Invoice','urn:oasis:names:specification:ubl:schema:xsd:Invoice-2','2.0',2);
Insert into ETRUSTEX.ETR_TB_DOCUMENT (DOC_ID,CRE_DT,CRE_ID,MOD_DT,MOD_ID,DOC_TYPE_CD,DOC_LOCAL_NAME,DOC_NAME,DOC_NAMESPACE,DOC_VERSION,DOC_SM_ID) values (2,str_to_date('24-OCT-13 10.44.31','%d-%b-%y %H.%i.%s'),'orazisa',str_to_date('24-OCT-13 10.44.31','%d-%b-%y %H.%i.%s'),'orazisa','390','CreditNote','CreditNote','urn:oasis:names:specification:ubl:schema:xsd:CreditNote-2','2.0',2);
Insert into ETRUSTEX.ETR_TB_DOCUMENT (DOC_ID,CRE_DT,CRE_ID,MOD_DT,MOD_ID,DOC_TYPE_CD,DOC_LOCAL_NAME,DOC_NAME,DOC_NAMESPACE,DOC_VERSION,DOC_SM_ID) values (3,str_to_date('24-OCT-13 10.44.31','%d-%b-%y %H.%i.%s'),'orazisa',str_to_date('24-OCT-13 10.44.31','%d-%b-%y %H.%i.%s'),'orazisa','301','ApplicationResponse','ApplicationResponse','urn:oasis:names:specification:ubl:schema:xsd:ApplicationResponse-2','2.0',null);
Insert into ETRUSTEX.ETR_TB_DOCUMENT (DOC_ID,CRE_DT,CRE_ID,MOD_DT,MOD_ID,DOC_TYPE_CD,DOC_LOCAL_NAME,DOC_NAME,DOC_NAMESPACE,DOC_VERSION,DOC_SM_ID) values (4,str_to_date('24-OCT-13 10.44.31','%d-%b-%y %H.%i.%s'),'orazisa',str_to_date('24-OCT-13 10.44.31','%d-%b-%y %H.%i.%s'),'orazisa','21','InboxRequest','InboxRequest','ec:schema:xsd:InboxRequest-2','2',null);
Insert into ETRUSTEX.ETR_TB_DOCUMENT (DOC_ID,CRE_DT,CRE_ID,MOD_DT,MOD_ID,DOC_TYPE_CD,DOC_LOCAL_NAME,DOC_NAME,DOC_NAMESPACE,DOC_VERSION,DOC_SM_ID) values (5,str_to_date('24-OCT-13 10.44.31','%d-%b-%y %H.%i.%s'),'orazisa',str_to_date('24-OCT-13 10.44.31','%d-%b-%y %H.%i.%s'),'orazisa','DWR','DocumentWrapper','DocumentWrapper','ec:schema:xsd:DocumentWrapper-1','1',null);
Insert into ETRUSTEX.ETR_TB_DOCUMENT (DOC_ID,CRE_DT,CRE_ID,MOD_DT,MOD_ID,DOC_TYPE_CD,DOC_LOCAL_NAME,DOC_NAME,DOC_NAMESPACE,DOC_VERSION,DOC_SM_ID) values (6,str_to_date('24-OCT-13 10.44.31','%d-%b-%y %H.%i.%s'),'orazisa',str_to_date('24-OCT-13 10.44.31','%d-%b-%y %H.%i.%s'),'orazisa','DWR','DocumentWrapperRequest','DocumentWrapperRequest','ec:schema:xsd:DocumentWrapperRequest-1','1',null);
Insert into ETRUSTEX.ETR_TB_DOCUMENT (DOC_ID,CRE_DT,CRE_ID,MOD_DT,MOD_ID,DOC_TYPE_CD,DOC_LOCAL_NAME,DOC_NAME,DOC_NAMESPACE,DOC_VERSION,DOC_SM_ID) values (7,str_to_date('24-OCT-13 10.44.31','%d-%b-%y %H.%i.%s'),'orazisa',str_to_date('24-OCT-13 10.44.31','%d-%b-%y %H.%i.%s'),'orazisa','BDL','DocumentBundle','DocumentBundle','ec:schema:xsd:DocumentBundle-1','1',1);
Insert into ETRUSTEX.ETR_TB_DOCUMENT (DOC_ID,CRE_DT,CRE_ID,MOD_DT,MOD_ID,DOC_TYPE_CD,DOC_LOCAL_NAME,DOC_NAME,DOC_NAMESPACE,DOC_VERSION,DOC_SM_ID) values (8,str_to_date('24-OCT-13 10.44.31','%d-%b-%y %H.%i.%s'),'orazisa',str_to_date('24-OCT-13 10.44.31','%d-%b-%y %H.%i.%s'),'orazisa','21','RetrieveRequest','RetrieveRequest','ec:schema:xsd:RetrieveRequest-2','2.0',null);
Insert into ETRUSTEX.ETR_TB_DOCUMENT (DOC_ID,CRE_DT,CRE_ID,MOD_DT,MOD_ID,DOC_TYPE_CD,DOC_LOCAL_NAME,DOC_NAME,DOC_NAMESPACE,DOC_VERSION,DOC_SM_ID) values (9,str_to_date('24-OCT-13 10.44.31','%d-%b-%y %H.%i.%s'),'orazisa',str_to_date('24-OCT-13 10.44.31','%d-%b-%y %H.%i.%s'),'orazisa','916','AttachedDocument','AttachedDocument','urn:oasis:names:specification:ubl:schema:xsd:AttachedDocument-2','2.0',2);
Insert into ETRUSTEX.ETR_TB_DOCUMENT (DOC_ID,CRE_DT,CRE_ID,MOD_DT,MOD_ID,DOC_TYPE_CD,DOC_LOCAL_NAME,DOC_NAME,DOC_NAMESPACE,DOC_VERSION,DOC_SM_ID) values (10,str_to_date('24-OCT-13 10.44.31','%d-%b-%y %H.%i.%s'),'orazisa',str_to_date('24-OCT-13 10.44.31','%d-%b-%y %H.%i.%s'),'orazisa','21','StatusRequest','StatusRequest','ec:schema:xsd:StatusRequest-2','2.0',null);
Insert into ETRUSTEX.ETR_TB_DOCUMENT (DOC_ID,CRE_DT,CRE_ID,MOD_DT,MOD_ID,DOC_TYPE_CD,DOC_LOCAL_NAME,DOC_NAME,DOC_NAMESPACE,DOC_VERSION,DOC_SM_ID) values (11,str_to_date('24-OCT-13 10.44.31','%d-%b-%y %H.%i.%s'),'orazisa',str_to_date('24-OCT-13 10.44.31','%d-%b-%y %H.%i.%s'),'orazisa','21','QueryRequest','QueryRequest','ec:schema:xsd:QueryRequest-2','2.0',null);
Insert into ETRUSTEX.ETR_TB_DOCUMENT (DOC_ID,CRE_DT,CRE_ID,MOD_DT,MOD_ID,DOC_TYPE_CD,DOC_LOCAL_NAME,DOC_NAME,DOC_NAMESPACE,DOC_VERSION,DOC_SM_ID) values (12,str_to_date('24-OCT-13 10.44.31','%d-%b-%y %H.%i.%s'),'orazisa',str_to_date('24-OCT-13 10.44.31','%d-%b-%y %H.%i.%s'),'orazisa','21','RetrieveInterchangeAgreementsRequest','RetrieveInterchangeAgreementsRequest','ec:schema:xsd:RetrieveInterchangeAgreementsRequest-2','2.0',null);
--REM INSERTING into ETRUSTEX.ETR_TB_ENDPOINT

Insert into ETRUSTEX.ETR_TB_ENDPOINT (EDP_ID,EDP_MSG_TYPE,EDP_ACTIVE_FLAG,EDP_AUTH_FLAG,EDP_PROXY_HOST,EDP_PROXY_PORT,EDP_USE_PROXY,EDP_CRED_ID,EDP_ICA_ID,EDP_PTY_ID,EDP_PRO_ID,EDP_PROXY_CRED_ID,EDP_TRA_ID) values (3,'TYPED',1,0,null,null,0,222523,null,328,4,null,null);
Insert into ETRUSTEX.ETR_TB_ENDPOINT (EDP_ID,EDP_MSG_TYPE,EDP_ACTIVE_FLAG,EDP_AUTH_FLAG,EDP_PROXY_HOST,EDP_PROXY_PORT,EDP_USE_PROXY,EDP_CRED_ID,EDP_ICA_ID,EDP_PTY_ID,EDP_PRO_ID,EDP_PROXY_CRED_ID,EDP_TRA_ID) values (15,'TYPED',1,1,null,null,0,5,null,344,null,null,3);
Insert into ETRUSTEX.ETR_TB_ENDPOINT (EDP_ID,EDP_MSG_TYPE,EDP_ACTIVE_FLAG,EDP_AUTH_FLAG,EDP_PROXY_HOST,EDP_PROXY_PORT,EDP_USE_PROXY,EDP_CRED_ID,EDP_ICA_ID,EDP_PTY_ID,EDP_PRO_ID,EDP_PROXY_CRED_ID,EDP_TRA_ID) values (16,'TYPED',1,1,null,null,0,5,null,344,null,null,8);
Insert into ETRUSTEX.ETR_TB_ENDPOINT (EDP_ID,EDP_MSG_TYPE,EDP_ACTIVE_FLAG,EDP_AUTH_FLAG,EDP_PROXY_HOST,EDP_PROXY_PORT,EDP_USE_PROXY,EDP_CRED_ID,EDP_ICA_ID,EDP_PTY_ID,EDP_PRO_ID,EDP_PROXY_CRED_ID,EDP_TRA_ID) values (17,'TYPED',1,1,null,null,0,5,null,347,null,null,3);
Insert into ETRUSTEX.ETR_TB_ENDPOINT (EDP_ID,EDP_MSG_TYPE,EDP_ACTIVE_FLAG,EDP_AUTH_FLAG,EDP_PROXY_HOST,EDP_PROXY_PORT,EDP_USE_PROXY,EDP_CRED_ID,EDP_ICA_ID,EDP_PTY_ID,EDP_PRO_ID,EDP_PROXY_CRED_ID,EDP_TRA_ID) values (18,'TYPED',1,1,null,null,0,5,null,347,null,null,8);
Insert into ETRUSTEX.ETR_TB_ENDPOINT (EDP_ID,EDP_MSG_TYPE,EDP_ACTIVE_FLAG,EDP_AUTH_FLAG,EDP_PROXY_HOST,EDP_PROXY_PORT,EDP_USE_PROXY,EDP_CRED_ID,EDP_ICA_ID,EDP_PTY_ID,EDP_PRO_ID,EDP_PROXY_CRED_ID,EDP_TRA_ID) values (11,'TYPED',1,0,null,null,0,null,null,320,null,null,3);
Insert into ETRUSTEX.ETR_TB_ENDPOINT (EDP_ID,EDP_MSG_TYPE,EDP_ACTIVE_FLAG,EDP_AUTH_FLAG,EDP_PROXY_HOST,EDP_PROXY_PORT,EDP_USE_PROXY,EDP_CRED_ID,EDP_ICA_ID,EDP_PTY_ID,EDP_PRO_ID,EDP_PROXY_CRED_ID,EDP_TRA_ID) values (1,'TYPED',1,0,null,null,0,222523,null,328,3,null,null);
Insert into ETRUSTEX.ETR_TB_ENDPOINT (EDP_ID,EDP_MSG_TYPE,EDP_ACTIVE_FLAG,EDP_AUTH_FLAG,EDP_PROXY_HOST,EDP_PROXY_PORT,EDP_USE_PROXY,EDP_CRED_ID,EDP_ICA_ID,EDP_PTY_ID,EDP_PRO_ID,EDP_PROXY_CRED_ID,EDP_TRA_ID) values (2,'TYPED',1,0,null,null,0,222523,null,328,5,null,null);
Insert into ETRUSTEX.ETR_TB_ENDPOINT (EDP_ID,EDP_MSG_TYPE,EDP_ACTIVE_FLAG,EDP_AUTH_FLAG,EDP_PROXY_HOST,EDP_PROXY_PORT,EDP_USE_PROXY,EDP_CRED_ID,EDP_ICA_ID,EDP_PTY_ID,EDP_PRO_ID,EDP_PROXY_CRED_ID,EDP_TRA_ID) values (12,'TYPED',1,0,null,null,0,null,null,320,null,null,15);
Insert into ETRUSTEX.ETR_TB_ENDPOINT (EDP_ID,EDP_MSG_TYPE,EDP_ACTIVE_FLAG,EDP_AUTH_FLAG,EDP_PROXY_HOST,EDP_PROXY_PORT,EDP_USE_PROXY,EDP_CRED_ID,EDP_ICA_ID,EDP_PTY_ID,EDP_PRO_ID,EDP_PROXY_CRED_ID,EDP_TRA_ID) values (6,'TYPED',1,0,null,null,0,null,null,311,null,null,15);
Insert into ETRUSTEX.ETR_TB_ENDPOINT (EDP_ID,EDP_MSG_TYPE,EDP_ACTIVE_FLAG,EDP_AUTH_FLAG,EDP_PROXY_HOST,EDP_PROXY_PORT,EDP_USE_PROXY,EDP_CRED_ID,EDP_ICA_ID,EDP_PTY_ID,EDP_PRO_ID,EDP_PROXY_CRED_ID,EDP_TRA_ID) values (7,'TYPED',1,0,null,null,0,null,null,321,null,null,15);
Insert into ETRUSTEX.ETR_TB_ENDPOINT (EDP_ID,EDP_MSG_TYPE,EDP_ACTIVE_FLAG,EDP_AUTH_FLAG,EDP_PROXY_HOST,EDP_PROXY_PORT,EDP_USE_PROXY,EDP_CRED_ID,EDP_ICA_ID,EDP_PTY_ID,EDP_PRO_ID,EDP_PROXY_CRED_ID,EDP_TRA_ID) values (8,'TYPED',1,0,null,null,0,222524,null,323,5,null,null);
Insert into ETRUSTEX.ETR_TB_ENDPOINT (EDP_ID,EDP_MSG_TYPE,EDP_ACTIVE_FLAG,EDP_AUTH_FLAG,EDP_PROXY_HOST,EDP_PROXY_PORT,EDP_USE_PROXY,EDP_CRED_ID,EDP_ICA_ID,EDP_PTY_ID,EDP_PRO_ID,EDP_PROXY_CRED_ID,EDP_TRA_ID) values (9,'TYPED',1,0,null,null,0,222524,null,323,4,null,null);
Insert into ETRUSTEX.ETR_TB_ENDPOINT (EDP_ID,EDP_MSG_TYPE,EDP_ACTIVE_FLAG,EDP_AUTH_FLAG,EDP_PROXY_HOST,EDP_PROXY_PORT,EDP_USE_PROXY,EDP_CRED_ID,EDP_ICA_ID,EDP_PTY_ID,EDP_PRO_ID,EDP_PROXY_CRED_ID,EDP_TRA_ID) values (10,'TYPED',1,0,null,null,0,222524,null,323,3,null,null);
Insert into ETRUSTEX.ETR_TB_ENDPOINT (EDP_ID,EDP_MSG_TYPE,EDP_ACTIVE_FLAG,EDP_AUTH_FLAG,EDP_PROXY_HOST,EDP_PROXY_PORT,EDP_USE_PROXY,EDP_CRED_ID,EDP_ICA_ID,EDP_PTY_ID,EDP_PRO_ID,EDP_PROXY_CRED_ID,EDP_TRA_ID) values (13,'TYPED',1,1,null,null,0,5,null,367,null,null,3);
Insert into ETRUSTEX.ETR_TB_ENDPOINT (EDP_ID,EDP_MSG_TYPE,EDP_ACTIVE_FLAG,EDP_AUTH_FLAG,EDP_PROXY_HOST,EDP_PROXY_PORT,EDP_USE_PROXY,EDP_CRED_ID,EDP_ICA_ID,EDP_PTY_ID,EDP_PRO_ID,EDP_PROXY_CRED_ID,EDP_TRA_ID) values (14,'TYPED',1,1,null,null,0,5,null,367,null,null,8);
Insert into ETRUSTEX.ETR_TB_ENDPOINT (EDP_ID,EDP_MSG_TYPE,EDP_ACTIVE_FLAG,EDP_AUTH_FLAG,EDP_PROXY_HOST,EDP_PROXY_PORT,EDP_USE_PROXY,EDP_CRED_ID,EDP_ICA_ID,EDP_PTY_ID,EDP_PRO_ID,EDP_PROXY_CRED_ID,EDP_TRA_ID) values (4,'TYPED',1,1,'158.169.131.13',8012,1,325,null,310,null,326,3);
Insert into ETRUSTEX.ETR_TB_ENDPOINT (EDP_ID,EDP_MSG_TYPE,EDP_ACTIVE_FLAG,EDP_AUTH_FLAG,EDP_PROXY_HOST,EDP_PROXY_PORT,EDP_USE_PROXY,EDP_CRED_ID,EDP_ICA_ID,EDP_PTY_ID,EDP_PRO_ID,EDP_PROXY_CRED_ID,EDP_TRA_ID) values (5,'TYPED',1,1,'158.169.131.13',8012,1,325,null,310,null,326,15);
Insert into ETRUSTEX.ETR_TB_ENDPOINT (EDP_ID,EDP_MSG_TYPE,EDP_ACTIVE_FLAG,EDP_AUTH_FLAG,EDP_PROXY_HOST,EDP_PROXY_PORT,EDP_USE_PROXY,EDP_CRED_ID,EDP_ICA_ID,EDP_PTY_ID,EDP_PRO_ID,EDP_PROXY_CRED_ID,EDP_TRA_ID) values (19,'TYPED',1,1,null,null,0,5,null,345,null,null,3);
Insert into ETRUSTEX.ETR_TB_ENDPOINT (EDP_ID,EDP_MSG_TYPE,EDP_ACTIVE_FLAG,EDP_AUTH_FLAG,EDP_PROXY_HOST,EDP_PROXY_PORT,EDP_USE_PROXY,EDP_CRED_ID,EDP_ICA_ID,EDP_PTY_ID,EDP_PRO_ID,EDP_PROXY_CRED_ID,EDP_TRA_ID) values (20,'TYPED',1,1,null,null,0,5,null,345,null,null,8);
Insert into ETRUSTEX.ETR_TB_ENDPOINT (EDP_ID,EDP_MSG_TYPE,EDP_ACTIVE_FLAG,EDP_AUTH_FLAG,EDP_PROXY_HOST,EDP_PROXY_PORT,EDP_USE_PROXY,EDP_CRED_ID,EDP_ICA_ID,EDP_PTY_ID,EDP_PRO_ID,EDP_PROXY_CRED_ID,EDP_TRA_ID) values (21,'TYPED',1,1,null,null,0,5,null,346,null,null,3);
Insert into ETRUSTEX.ETR_TB_ENDPOINT (EDP_ID,EDP_MSG_TYPE,EDP_ACTIVE_FLAG,EDP_AUTH_FLAG,EDP_PROXY_HOST,EDP_PROXY_PORT,EDP_USE_PROXY,EDP_CRED_ID,EDP_ICA_ID,EDP_PTY_ID,EDP_PRO_ID,EDP_PROXY_CRED_ID,EDP_TRA_ID) values (22,'TYPED',1,1,null,null,0,5,null,346,null,null,8);
--REM INSERTING into ETRUSTEX.ETR_TB_ENDPOINT_JMS

Insert into ETRUSTEX.ETR_TB_ENDPOINT_JMS (EDP_JMS_CFACT_NM,EDP_JMS_DEST_JNDI_NM,EDP_JMS_INIT_CONT_FACT,EDP_JMS_MESS_CON_CLASS,EDP_JMS_PROV_URL,ID) values ('jms/epriorConnectionFactory','jms/EPRIOR_TO_ECATALOGUEBOQueue','weblogic.jndi.WLInitialContextFactory','eu.europa.ec.etrustex.integration.dispatcher.BackOfficeMessagConverter','t3://wltdig04.cc.cec.eu.int:1141',3);
Insert into ETRUSTEX.ETR_TB_ENDPOINT_JMS (EDP_JMS_CFACT_NM,EDP_JMS_DEST_JNDI_NM,EDP_JMS_INIT_CONT_FACT,EDP_JMS_MESS_CON_CLASS,EDP_JMS_PROV_URL,ID) values ('jms/epriorConnectionFactory','jms/EPRIOR_TO_ECATALOGUEBOQueue','weblogic.jndi.WLInitialContextFactory','eu.europa.ec.etrustex.integration.dispatcher.BackOfficeMessagConverter','t3://wltdig04.cc.cec.eu.int:1141',1);
Insert into ETRUSTEX.ETR_TB_ENDPOINT_JMS (EDP_JMS_CFACT_NM,EDP_JMS_DEST_JNDI_NM,EDP_JMS_INIT_CONT_FACT,EDP_JMS_MESS_CON_CLASS,EDP_JMS_PROV_URL,ID) values ('jms/epriorConnectionFactory','jms/EPRIOR_TO_ECATALOGUEBOQueue','weblogic.jndi.WLInitialContextFactory','eu.europa.ec.etrustex.integration.dispatcher.BackOfficeMessagConverter','t3://wltdig04.cc.cec.eu.int:1141',2);
Insert into ETRUSTEX.ETR_TB_ENDPOINT_JMS (EDP_JMS_CFACT_NM,EDP_JMS_DEST_JNDI_NM,EDP_JMS_INIT_CONT_FACT,EDP_JMS_MESS_CON_CLASS,EDP_JMS_PROV_URL,ID) values ('jms/etrustexConnectionFactory','jms/ETRUSTEX_TO_ECODEXQueue','weblogic.jndi.WLInitialContextFactory','eu.europa.ec.etrustex.integration.dispatcher.BackOfficeMessagConverter',null,6);
Insert into ETRUSTEX.ETR_TB_ENDPOINT_JMS (EDP_JMS_CFACT_NM,EDP_JMS_DEST_JNDI_NM,EDP_JMS_INIT_CONT_FACT,EDP_JMS_MESS_CON_CLASS,EDP_JMS_PROV_URL,ID) values ('jms/etrustexConnectionFactory','jms/ETRUSTEX_TO_ECODEXQueue','weblogic.jndi.WLInitialContextFactory','eu.europa.ec.etrustex.integration.dispatcher.BackOfficeMessagConverter',null,7);
Insert into ETRUSTEX.ETR_TB_ENDPOINT_JMS (EDP_JMS_CFACT_NM,EDP_JMS_DEST_JNDI_NM,EDP_JMS_INIT_CONT_FACT,EDP_JMS_MESS_CON_CLASS,EDP_JMS_PROV_URL,ID) values ('jms_ToolboxConnectionFactory','jms_ETRUSTEX_TO_TOOLBOXQueue','weblogic.jndi.WLInitialContextFactory','eu.europa.ec.etrustex.integration.dispatcher.FrontOfficeMessagConverter','t3://wltdig04.cc.cec.eu.int:1191',8);
Insert into ETRUSTEX.ETR_TB_ENDPOINT_JMS (EDP_JMS_CFACT_NM,EDP_JMS_DEST_JNDI_NM,EDP_JMS_INIT_CONT_FACT,EDP_JMS_MESS_CON_CLASS,EDP_JMS_PROV_URL,ID) values ('jms_ToolboxConnectionFactory','jms_ETRUSTEX_TO_TOOLBOXQueue','weblogic.jndi.WLInitialContextFactory','eu.europa.ec.etrustex.integration.dispatcher.FrontOfficeMessagConverter','t3://wltdig04.cc.cec.eu.int:1191',9);
Insert into ETRUSTEX.ETR_TB_ENDPOINT_JMS (EDP_JMS_CFACT_NM,EDP_JMS_DEST_JNDI_NM,EDP_JMS_INIT_CONT_FACT,EDP_JMS_MESS_CON_CLASS,EDP_JMS_PROV_URL,ID) values ('jms_ToolboxConnectionFactory','jms_ETRUSTEX_TO_TOOLBOXQueue','weblogic.jndi.WLInitialContextFactory','eu.europa.ec.etrustex.integration.dispatcher.FrontOfficeMessagConverter','t3://wltdig04.cc.cec.eu.int:1191',10);
--REM INSERTING into ETRUSTEX.ETR_TB_ENDPOINT_WS

Insert into ETRUSTEX.ETR_TB_ENDPOINT_WS (EDP_WS_REQUIRE_SIGNED_RESP_FL,EDP_WS_SING_FL,EDP_WS_URL,ID) values (0,0,'http://wltdig03.cc.cec.eu.int:2061/e-trustex/integration/services/node/ApplicationResponseService/v2.0',15);
Insert into ETRUSTEX.ETR_TB_ENDPOINT_WS (EDP_WS_REQUIRE_SIGNED_RESP_FL,EDP_WS_SING_FL,EDP_WS_URL,ID) values (0,0,'http://wltdig03.cc.cec.eu.int:2061/e-trustex/integration/services/node/DocumentBundleService/v2.0',16);
Insert into ETRUSTEX.ETR_TB_ENDPOINT_WS (EDP_WS_REQUIRE_SIGNED_RESP_FL,EDP_WS_SING_FL,EDP_WS_URL,ID) values (0,0,'http://wltdig03.cc.cec.eu.int:2061/e-trustex/integration/services/node/ApplicationResponseService/v2.0',17);
Insert into ETRUSTEX.ETR_TB_ENDPOINT_WS (EDP_WS_REQUIRE_SIGNED_RESP_FL,EDP_WS_SING_FL,EDP_WS_URL,ID) values (0,0,'http://wltdig03.cc.cec.eu.int:2061/e-trustex/integration/services/node/DocumentBundleService/v2.0',18);
Insert into ETRUSTEX.ETR_TB_ENDPOINT_WS (EDP_WS_REQUIRE_SIGNED_RESP_FL,EDP_WS_SING_FL,EDP_WS_URL,ID) values (0,0,'http://D02DI1148635DIT.net1.cec.eu.int:8088/mockJusticeApplicationResponse',11);
Insert into ETRUSTEX.ETR_TB_ENDPOINT_WS (EDP_WS_REQUIRE_SIGNED_RESP_FL,EDP_WS_SING_FL,EDP_WS_URL,ID) values (0,0,'http://D02DI1148635DIT.net1.cec.eu.int:8088/mockJusticeBundle',12);
Insert into ETRUSTEX.ETR_TB_ENDPOINT_WS (EDP_WS_REQUIRE_SIGNED_RESP_FL,EDP_WS_SING_FL,EDP_WS_URL,ID) values (0,0,'http://158.166.204.51:7001/e-trustex/integration/services/application/ApplicationResponseService/v2.0',13);
Insert into ETRUSTEX.ETR_TB_ENDPOINT_WS (EDP_WS_REQUIRE_SIGNED_RESP_FL,EDP_WS_SING_FL,EDP_WS_URL,ID) values (0,0,'http://158.166.204.51:7001/e-trustex/integration/services/node/DocumentBundleService/v2.0',14);
Insert into ETRUSTEX.ETR_TB_ENDPOINT_WS (EDP_WS_REQUIRE_SIGNED_RESP_FL,EDP_WS_SING_FL,EDP_WS_URL,ID) values (0,0,'http://e-justice.test.europa.eu/ejusticeportalcallback/ws/SubmissionAcknowledgement-2.0',4);
Insert into ETRUSTEX.ETR_TB_ENDPOINT_WS (EDP_WS_REQUIRE_SIGNED_RESP_FL,EDP_WS_SING_FL,EDP_WS_URL,ID) values (0,0,'http://e-justice.test.europa.eu/ejusticeportalcallback/ws/ReplyNotification-2.0',5);
Insert into ETRUSTEX.ETR_TB_ENDPOINT_WS (EDP_WS_REQUIRE_SIGNED_RESP_FL,EDP_WS_SING_FL,EDP_WS_URL,ID) values (0,0,'http://wltdig03.cc.cec.eu.int:2061/e-trustex/integration/services/node/ApplicationResponseService/v2.0',19);
Insert into ETRUSTEX.ETR_TB_ENDPOINT_WS (EDP_WS_REQUIRE_SIGNED_RESP_FL,EDP_WS_SING_FL,EDP_WS_URL,ID) values (0,0,'http://wltdig03.cc.cec.eu.int:2061/e-trustex/integration/services/node/DocumentBundleService/v2.0',20);
Insert into ETRUSTEX.ETR_TB_ENDPOINT_WS (EDP_WS_REQUIRE_SIGNED_RESP_FL,EDP_WS_SING_FL,EDP_WS_URL,ID) values (0,0,'http://wltdig03.cc.cec.eu.int:2061/e-trustex/integration/services/node/ApplicationResponseService/v2.0',21);
Insert into ETRUSTEX.ETR_TB_ENDPOINT_WS (EDP_WS_REQUIRE_SIGNED_RESP_FL,EDP_WS_SING_FL,EDP_WS_URL,ID) values (0,0,'http://wltdig03.cc.cec.eu.int:2061/e-trustex/integration/services/node/DocumentBundleService/v2.0',22);
--REM INSERTING into ETRUSTEX.ETR_TB_EXTRACTION_CONFIG

Insert into ETRUSTEX.ETR_TB_EXTRACTION_CONFIG (DE_ID,DE_KEY,DE_XPATH,TRA_DOC_ID) values (1,'JMS_TITLE','//*:DocumentBundle/*:Title',13);
Insert into ETRUSTEX.ETR_TB_EXTRACTION_CONFIG (DE_ID,DE_KEY,DE_XPATH,TRA_DOC_ID) values (2,'JMS_BUSINESS_DOC_TYPE','//*:DocumentBundle/*:BusinessDocumentType',13);
Insert into ETRUSTEX.ETR_TB_EXTRACTION_CONFIG (DE_ID,DE_KEY,DE_XPATH,TRA_DOC_ID) values (3,'JMS_USER_ID','//*:DocumentBundle/*:UserID',13);
--REM INSERTING into ETRUSTEX.ETR_TB_ICA_PARTYROLE

Insert into ETRUSTEX.ETR_TB_ICA_PARTYROLE (ICA_ID,PAR_ID) values (1,301);
Insert into ETRUSTEX.ETR_TB_ICA_PARTYROLE (ICA_ID,PAR_ID) values (1,302);
Insert into ETRUSTEX.ETR_TB_ICA_PARTYROLE (ICA_ID,PAR_ID) values (2,301);
Insert into ETRUSTEX.ETR_TB_ICA_PARTYROLE (ICA_ID,PAR_ID) values (2,302);
Insert into ETRUSTEX.ETR_TB_ICA_PARTYROLE (ICA_ID,PAR_ID) values (3,304);
Insert into ETRUSTEX.ETR_TB_ICA_PARTYROLE (ICA_ID,PAR_ID) values (3,305);
Insert into ETRUSTEX.ETR_TB_ICA_PARTYROLE (ICA_ID,PAR_ID) values (4,6);
Insert into ETRUSTEX.ETR_TB_ICA_PARTYROLE (ICA_ID,PAR_ID) values (4,7);
Insert into ETRUSTEX.ETR_TB_ICA_PARTYROLE (ICA_ID,PAR_ID) values (11,11);
Insert into ETRUSTEX.ETR_TB_ICA_PARTYROLE (ICA_ID,PAR_ID) values (11,19);
Insert into ETRUSTEX.ETR_TB_ICA_PARTYROLE (ICA_ID,PAR_ID) values (12,12);
Insert into ETRUSTEX.ETR_TB_ICA_PARTYROLE (ICA_ID,PAR_ID) values (12,20);
Insert into ETRUSTEX.ETR_TB_ICA_PARTYROLE (ICA_ID,PAR_ID) values (13,14);
Insert into ETRUSTEX.ETR_TB_ICA_PARTYROLE (ICA_ID,PAR_ID) values (13,22);
Insert into ETRUSTEX.ETR_TB_ICA_PARTYROLE (ICA_ID,PAR_ID) values (14,6);
Insert into ETRUSTEX.ETR_TB_ICA_PARTYROLE (ICA_ID,PAR_ID) values (14,22);
Insert into ETRUSTEX.ETR_TB_ICA_PARTYROLE (ICA_ID,PAR_ID) values (15,15);
Insert into ETRUSTEX.ETR_TB_ICA_PARTYROLE (ICA_ID,PAR_ID) values (15,23);
Insert into ETRUSTEX.ETR_TB_ICA_PARTYROLE (ICA_ID,PAR_ID) values (16,16);
Insert into ETRUSTEX.ETR_TB_ICA_PARTYROLE (ICA_ID,PAR_ID) values (16,24);
Insert into ETRUSTEX.ETR_TB_ICA_PARTYROLE (ICA_ID,PAR_ID) values (17,17);
Insert into ETRUSTEX.ETR_TB_ICA_PARTYROLE (ICA_ID,PAR_ID) values (17,25);
Insert into ETRUSTEX.ETR_TB_ICA_PARTYROLE (ICA_ID,PAR_ID) values (18,7);
Insert into ETRUSTEX.ETR_TB_ICA_PARTYROLE (ICA_ID,PAR_ID) values (18,14);
Insert into ETRUSTEX.ETR_TB_ICA_PARTYROLE (ICA_ID,PAR_ID) values (19,313);
Insert into ETRUSTEX.ETR_TB_ICA_PARTYROLE (ICA_ID,PAR_ID) values (19,317);
Insert into ETRUSTEX.ETR_TB_ICA_PARTYROLE (ICA_ID,PAR_ID) values (20,201);
Insert into ETRUSTEX.ETR_TB_ICA_PARTYROLE (ICA_ID,PAR_ID) values (20,313);
Insert into ETRUSTEX.ETR_TB_ICA_PARTYROLE (ICA_ID,PAR_ID) values (21,202);
Insert into ETRUSTEX.ETR_TB_ICA_PARTYROLE (ICA_ID,PAR_ID) values (21,313);
Insert into ETRUSTEX.ETR_TB_ICA_PARTYROLE (ICA_ID,PAR_ID) values (22,314);
Insert into ETRUSTEX.ETR_TB_ICA_PARTYROLE (ICA_ID,PAR_ID) values (22,317);
Insert into ETRUSTEX.ETR_TB_ICA_PARTYROLE (ICA_ID,PAR_ID) values (23,201);
Insert into ETRUSTEX.ETR_TB_ICA_PARTYROLE (ICA_ID,PAR_ID) values (23,314);
Insert into ETRUSTEX.ETR_TB_ICA_PARTYROLE (ICA_ID,PAR_ID) values (24,202);
Insert into ETRUSTEX.ETR_TB_ICA_PARTYROLE (ICA_ID,PAR_ID) values (24,314);
Insert into ETRUSTEX.ETR_TB_ICA_PARTYROLE (ICA_ID,PAR_ID) values (25,202);
Insert into ETRUSTEX.ETR_TB_ICA_PARTYROLE (ICA_ID,PAR_ID) values (25,317);
Insert into ETRUSTEX.ETR_TB_ICA_PARTYROLE (ICA_ID,PAR_ID) values (28,28);
Insert into ETRUSTEX.ETR_TB_ICA_PARTYROLE (ICA_ID,PAR_ID) values (28,29);
Insert into ETRUSTEX.ETR_TB_ICA_PARTYROLE (ICA_ID,PAR_ID) values (29,30);
Insert into ETRUSTEX.ETR_TB_ICA_PARTYROLE (ICA_ID,PAR_ID) values (29,368);
Insert into ETRUSTEX.ETR_TB_ICA_PARTYROLE (ICA_ID,PAR_ID) values (79,79);
Insert into ETRUSTEX.ETR_TB_ICA_PARTYROLE (ICA_ID,PAR_ID) values (79,80);
Insert into ETRUSTEX.ETR_TB_ICA_PARTYROLE (ICA_ID,PAR_ID) values (200,204);
Insert into ETRUSTEX.ETR_TB_ICA_PARTYROLE (ICA_ID,PAR_ID) values (200,206);
Insert into ETRUSTEX.ETR_TB_ICA_PARTYROLE (ICA_ID,PAR_ID) values (201,318);
Insert into ETRUSTEX.ETR_TB_ICA_PARTYROLE (ICA_ID,PAR_ID) values (201,319);
Insert into ETRUSTEX.ETR_TB_ICA_PARTYROLE (ICA_ID,PAR_ID) values (202,203);
Insert into ETRUSTEX.ETR_TB_ICA_PARTYROLE (ICA_ID,PAR_ID) values (202,204);
Insert into ETRUSTEX.ETR_TB_ICA_PARTYROLE (ICA_ID,PAR_ID) values (203,320);
Insert into ETRUSTEX.ETR_TB_ICA_PARTYROLE (ICA_ID,PAR_ID) values (203,321);
Insert into ETRUSTEX.ETR_TB_ICA_PARTYROLE (ICA_ID,PAR_ID) values (204,322);
Insert into ETRUSTEX.ETR_TB_ICA_PARTYROLE (ICA_ID,PAR_ID) values (204,325);
Insert into ETRUSTEX.ETR_TB_ICA_PARTYROLE (ICA_ID,PAR_ID) values (205,322);
Insert into ETRUSTEX.ETR_TB_ICA_PARTYROLE (ICA_ID,PAR_ID) values (205,326);
Insert into ETRUSTEX.ETR_TB_ICA_PARTYROLE (ICA_ID,PAR_ID) values (207,328);
Insert into ETRUSTEX.ETR_TB_ICA_PARTYROLE (ICA_ID,PAR_ID) values (207,222681);
Insert into ETRUSTEX.ETR_TB_ICA_PARTYROLE (ICA_ID,PAR_ID) values (208,322);
Insert into ETRUSTEX.ETR_TB_ICA_PARTYROLE (ICA_ID,PAR_ID) values (208,330);
Insert into ETRUSTEX.ETR_TB_ICA_PARTYROLE (ICA_ID,PAR_ID) values (210,331);
Insert into ETRUSTEX.ETR_TB_ICA_PARTYROLE (ICA_ID,PAR_ID) values (210,332);
Insert into ETRUSTEX.ETR_TB_ICA_PARTYROLE (ICA_ID,PAR_ID) values (211,331);
Insert into ETRUSTEX.ETR_TB_ICA_PARTYROLE (ICA_ID,PAR_ID) values (211,333);
Insert into ETRUSTEX.ETR_TB_ICA_PARTYROLE (ICA_ID,PAR_ID) values (212,340);
Insert into ETRUSTEX.ETR_TB_ICA_PARTYROLE (ICA_ID,PAR_ID) values (212,342);
Insert into ETRUSTEX.ETR_TB_ICA_PARTYROLE (ICA_ID,PAR_ID) values (213,341);
Insert into ETRUSTEX.ETR_TB_ICA_PARTYROLE (ICA_ID,PAR_ID) values (213,342);
Insert into ETRUSTEX.ETR_TB_ICA_PARTYROLE (ICA_ID,PAR_ID) values (214,321);
Insert into ETRUSTEX.ETR_TB_ICA_PARTYROLE (ICA_ID,PAR_ID) values (214,343);
Insert into ETRUSTEX.ETR_TB_ICA_PARTYROLE (ICA_ID,PAR_ID) values (215,344);
Insert into ETRUSTEX.ETR_TB_ICA_PARTYROLE (ICA_ID,PAR_ID) values (215,348);
Insert into ETRUSTEX.ETR_TB_ICA_PARTYROLE (ICA_ID,PAR_ID) values (216,345);
Insert into ETRUSTEX.ETR_TB_ICA_PARTYROLE (ICA_ID,PAR_ID) values (216,348);
Insert into ETRUSTEX.ETR_TB_ICA_PARTYROLE (ICA_ID,PAR_ID) values (217,346);
Insert into ETRUSTEX.ETR_TB_ICA_PARTYROLE (ICA_ID,PAR_ID) values (217,348);
Insert into ETRUSTEX.ETR_TB_ICA_PARTYROLE (ICA_ID,PAR_ID) values (218,347);
Insert into ETRUSTEX.ETR_TB_ICA_PARTYROLE (ICA_ID,PAR_ID) values (218,348);
Insert into ETRUSTEX.ETR_TB_ICA_PARTYROLE (ICA_ID,PAR_ID) values (219,349);
Insert into ETRUSTEX.ETR_TB_ICA_PARTYROLE (ICA_ID,PAR_ID) values (219,350);
Insert into ETRUSTEX.ETR_TB_ICA_PARTYROLE (ICA_ID,PAR_ID) values (220,349);
Insert into ETRUSTEX.ETR_TB_ICA_PARTYROLE (ICA_ID,PAR_ID) values (220,351);
Insert into ETRUSTEX.ETR_TB_ICA_PARTYROLE (ICA_ID,PAR_ID) values (221,352);
Insert into ETRUSTEX.ETR_TB_ICA_PARTYROLE (ICA_ID,PAR_ID) values (221,355);
Insert into ETRUSTEX.ETR_TB_ICA_PARTYROLE (ICA_ID,PAR_ID) values (222,353);
Insert into ETRUSTEX.ETR_TB_ICA_PARTYROLE (ICA_ID,PAR_ID) values (222,355);
Insert into ETRUSTEX.ETR_TB_ICA_PARTYROLE (ICA_ID,PAR_ID) values (223,354);
Insert into ETRUSTEX.ETR_TB_ICA_PARTYROLE (ICA_ID,PAR_ID) values (223,355);
Insert into ETRUSTEX.ETR_TB_ICA_PARTYROLE (ICA_ID,PAR_ID) values (224,313);
Insert into ETRUSTEX.ETR_TB_ICA_PARTYROLE (ICA_ID,PAR_ID) values (224,356);
Insert into ETRUSTEX.ETR_TB_ICA_PARTYROLE (ICA_ID,PAR_ID) values (225,314);
Insert into ETRUSTEX.ETR_TB_ICA_PARTYROLE (ICA_ID,PAR_ID) values (225,356);
Insert into ETRUSTEX.ETR_TB_ICA_PARTYROLE (ICA_ID,PAR_ID) values (226,312);
Insert into ETRUSTEX.ETR_TB_ICA_PARTYROLE (ICA_ID,PAR_ID) values (226,313);
Insert into ETRUSTEX.ETR_TB_ICA_PARTYROLE (ICA_ID,PAR_ID) values (227,312);
Insert into ETRUSTEX.ETR_TB_ICA_PARTYROLE (ICA_ID,PAR_ID) values (227,357);
Insert into ETRUSTEX.ETR_TB_ICA_PARTYROLE (ICA_ID,PAR_ID) values (228,312);
Insert into ETRUSTEX.ETR_TB_ICA_PARTYROLE (ICA_ID,PAR_ID) values (228,358);
Insert into ETRUSTEX.ETR_TB_ICA_PARTYROLE (ICA_ID,PAR_ID) values (229,201);
Insert into ETRUSTEX.ETR_TB_ICA_PARTYROLE (ICA_ID,PAR_ID) values (229,359);
Insert into ETRUSTEX.ETR_TB_ICA_PARTYROLE (ICA_ID,PAR_ID) values (230,201);
Insert into ETRUSTEX.ETR_TB_ICA_PARTYROLE (ICA_ID,PAR_ID) values (230,361);
Insert into ETRUSTEX.ETR_TB_ICA_PARTYROLE (ICA_ID,PAR_ID) values (231,201);
Insert into ETRUSTEX.ETR_TB_ICA_PARTYROLE (ICA_ID,PAR_ID) values (231,360);
Insert into ETRUSTEX.ETR_TB_ICA_PARTYROLE (ICA_ID,PAR_ID) values (232,201);
Insert into ETRUSTEX.ETR_TB_ICA_PARTYROLE (ICA_ID,PAR_ID) values (232,362);
Insert into ETRUSTEX.ETR_TB_ICA_PARTYROLE (ICA_ID,PAR_ID) values (233,363);
Insert into ETRUSTEX.ETR_TB_ICA_PARTYROLE (ICA_ID,PAR_ID) values (233,364);
Insert into ETRUSTEX.ETR_TB_ICA_PARTYROLE (ICA_ID,PAR_ID) values (234,365);
Insert into ETRUSTEX.ETR_TB_ICA_PARTYROLE (ICA_ID,PAR_ID) values (234,366);
Insert into ETRUSTEX.ETR_TB_ICA_PARTYROLE (ICA_ID,PAR_ID) values (235,367);
Insert into ETRUSTEX.ETR_TB_ICA_PARTYROLE (ICA_ID,PAR_ID) values (235,368);
Insert into ETRUSTEX.ETR_TB_ICA_PARTYROLE (ICA_ID,PAR_ID) values (1000,310);
Insert into ETRUSTEX.ETR_TB_ICA_PARTYROLE (ICA_ID,PAR_ID) values (1000,311);
Insert into ETRUSTEX.ETR_TB_ICA_PARTYROLE (ICA_ID,PAR_ID) values (1100,201);
Insert into ETRUSTEX.ETR_TB_ICA_PARTYROLE (ICA_ID,PAR_ID) values (1100,202);
Insert into ETRUSTEX.ETR_TB_ICA_PARTYROLE (ICA_ID,PAR_ID) values (1200,201);
Insert into ETRUSTEX.ETR_TB_ICA_PARTYROLE (ICA_ID,PAR_ID) values (1200,317);
Insert into ETRUSTEX.ETR_TB_ICA_PARTYROLE (ICA_ID,PAR_ID) values (1300,312);
Insert into ETRUSTEX.ETR_TB_ICA_PARTYROLE (ICA_ID,PAR_ID) values (1300,313);
Insert into ETRUSTEX.ETR_TB_ICA_PARTYROLE (ICA_ID,PAR_ID) values (1400,312);
Insert into ETRUSTEX.ETR_TB_ICA_PARTYROLE (ICA_ID,PAR_ID) values (1400,314);
Insert into ETRUSTEX.ETR_TB_ICA_PARTYROLE (ICA_ID,PAR_ID) values (1500,312);
Insert into ETRUSTEX.ETR_TB_ICA_PARTYROLE (ICA_ID,PAR_ID) values (1500,317);
Insert into ETRUSTEX.ETR_TB_ICA_PARTYROLE (ICA_ID,PAR_ID) values (1600,201);
Insert into ETRUSTEX.ETR_TB_ICA_PARTYROLE (ICA_ID,PAR_ID) values (1600,312);
Insert into ETRUSTEX.ETR_TB_ICA_PARTYROLE (ICA_ID,PAR_ID) values (1700,202);
Insert into ETRUSTEX.ETR_TB_ICA_PARTYROLE (ICA_ID,PAR_ID) values (1700,312);
Insert into ETRUSTEX.ETR_TB_ICA_PARTYROLE (ICA_ID,PAR_ID) values (1800,313);
Insert into ETRUSTEX.ETR_TB_ICA_PARTYROLE (ICA_ID,PAR_ID) values (1800,314);
Insert into ETRUSTEX.ETR_TB_ICA_PARTYROLE (ICA_ID,PAR_ID) values (22480,322);
Insert into ETRUSTEX.ETR_TB_ICA_PARTYROLE (ICA_ID,PAR_ID) values (22480,22479);
Insert into ETRUSTEX.ETR_TB_ICA_PARTYROLE (ICA_ID,PAR_ID) values (22482,22481);
Insert into ETRUSTEX.ETR_TB_ICA_PARTYROLE (ICA_ID,PAR_ID) values (22482,222681);
Insert into ETRUSTEX.ETR_TB_ICA_PARTYROLE (ICA_ID,PAR_ID) values (24029,322);
Insert into ETRUSTEX.ETR_TB_ICA_PARTYROLE (ICA_ID,PAR_ID) values (24029,24028);
Insert into ETRUSTEX.ETR_TB_ICA_PARTYROLE (ICA_ID,PAR_ID) values (24031,24030);
Insert into ETRUSTEX.ETR_TB_ICA_PARTYROLE (ICA_ID,PAR_ID) values (24031,222681);
Insert into ETRUSTEX.ETR_TB_ICA_PARTYROLE (ICA_ID,PAR_ID) values (24775,322);
Insert into ETRUSTEX.ETR_TB_ICA_PARTYROLE (ICA_ID,PAR_ID) values (24775,24774);
Insert into ETRUSTEX.ETR_TB_ICA_PARTYROLE (ICA_ID,PAR_ID) values (24777,24776);
Insert into ETRUSTEX.ETR_TB_ICA_PARTYROLE (ICA_ID,PAR_ID) values (24777,222681);
Insert into ETRUSTEX.ETR_TB_ICA_PARTYROLE (ICA_ID,PAR_ID) values (98907,98751);
Insert into ETRUSTEX.ETR_TB_ICA_PARTYROLE (ICA_ID,PAR_ID) values (98907,98906);
Insert into ETRUSTEX.ETR_TB_ICA_PARTYROLE (ICA_ID,PAR_ID) values (98944,98942);
Insert into ETRUSTEX.ETR_TB_ICA_PARTYROLE (ICA_ID,PAR_ID) values (98944,98943);
Insert into ETRUSTEX.ETR_TB_ICA_PARTYROLE (ICA_ID,PAR_ID) values (102095,322);
Insert into ETRUSTEX.ETR_TB_ICA_PARTYROLE (ICA_ID,PAR_ID) values (102095,102094);
Insert into ETRUSTEX.ETR_TB_ICA_PARTYROLE (ICA_ID,PAR_ID) values (102097,102096);
Insert into ETRUSTEX.ETR_TB_ICA_PARTYROLE (ICA_ID,PAR_ID) values (102097,222681);
Insert into ETRUSTEX.ETR_TB_ICA_PARTYROLE (ICA_ID,PAR_ID) values (222531,322);
Insert into ETRUSTEX.ETR_TB_ICA_PARTYROLE (ICA_ID,PAR_ID) values (222531,323);
Insert into ETRUSTEX.ETR_TB_ICA_PARTYROLE (ICA_ID,PAR_ID) values (222532,322);
Insert into ETRUSTEX.ETR_TB_ICA_PARTYROLE (ICA_ID,PAR_ID) values (222532,324);
Insert into ETRUSTEX.ETR_TB_ICA_PARTYROLE (ICA_ID,PAR_ID) values (272244,222681);
Insert into ETRUSTEX.ETR_TB_ICA_PARTYROLE (ICA_ID,PAR_ID) values (272244,272243);
Insert into ETRUSTEX.ETR_TB_ICA_PARTYROLE (ICA_ID,PAR_ID) values (283588,331);
Insert into ETRUSTEX.ETR_TB_ICA_PARTYROLE (ICA_ID,PAR_ID) values (283588,283452);
Insert into ETRUSTEX.ETR_TB_ICA_PARTYROLE (ICA_ID,PAR_ID) values (283590,7);
Insert into ETRUSTEX.ETR_TB_ICA_PARTYROLE (ICA_ID,PAR_ID) values (283590,283589);
Insert into ETRUSTEX.ETR_TB_ICA_PARTYROLE (ICA_ID,PAR_ID) values (286213,322);
Insert into ETRUSTEX.ETR_TB_ICA_PARTYROLE (ICA_ID,PAR_ID) values (286213,286212);
Insert into ETRUSTEX.ETR_TB_ICA_PARTYROLE (ICA_ID,PAR_ID) values (286215,222681);
Insert into ETRUSTEX.ETR_TB_ICA_PARTYROLE (ICA_ID,PAR_ID) values (286215,286214);
Insert into ETRUSTEX.ETR_TB_ICA_PARTYROLE (ICA_ID,PAR_ID) values (350054,322);
Insert into ETRUSTEX.ETR_TB_ICA_PARTYROLE (ICA_ID,PAR_ID) values (350054,350053);
Insert into ETRUSTEX.ETR_TB_ICA_PARTYROLE (ICA_ID,PAR_ID) values (350056,222681);
Insert into ETRUSTEX.ETR_TB_ICA_PARTYROLE (ICA_ID,PAR_ID) values (350056,350055);
Insert into ETRUSTEX.ETR_TB_ICA_PARTYROLE (ICA_ID,PAR_ID) values (402010,402008);
Insert into ETRUSTEX.ETR_TB_ICA_PARTYROLE (ICA_ID,PAR_ID) values (402010,402009);
Insert into ETRUSTEX.ETR_TB_ICA_PARTYROLE (ICA_ID,PAR_ID) values (424340,322);
Insert into ETRUSTEX.ETR_TB_ICA_PARTYROLE (ICA_ID,PAR_ID) values (424340,424339);
Insert into ETRUSTEX.ETR_TB_ICA_PARTYROLE (ICA_ID,PAR_ID) values (424342,222681);
Insert into ETRUSTEX.ETR_TB_ICA_PARTYROLE (ICA_ID,PAR_ID) values (424342,424341);
Insert into ETRUSTEX.ETR_TB_ICA_PARTYROLE (ICA_ID,PAR_ID) values (424866,424864);
Insert into ETRUSTEX.ETR_TB_ICA_PARTYROLE (ICA_ID,PAR_ID) values (424866,424865);
Insert into ETRUSTEX.ETR_TB_ICA_PARTYROLE (ICA_ID,PAR_ID) values (427172,427170);
Insert into ETRUSTEX.ETR_TB_ICA_PARTYROLE (ICA_ID,PAR_ID) values (427172,427171);
Insert into ETRUSTEX.ETR_TB_ICA_PARTYROLE (ICA_ID,PAR_ID) values (427652,322);
Insert into ETRUSTEX.ETR_TB_ICA_PARTYROLE (ICA_ID,PAR_ID) values (427652,427651);
Insert into ETRUSTEX.ETR_TB_ICA_PARTYROLE (ICA_ID,PAR_ID) values (427654,222681);
Insert into ETRUSTEX.ETR_TB_ICA_PARTYROLE (ICA_ID,PAR_ID) values (427654,427653);
Insert into ETRUSTEX.ETR_TB_ICA_PARTYROLE (ICA_ID,PAR_ID) values (428895,428914);
Insert into ETRUSTEX.ETR_TB_ICA_PARTYROLE (ICA_ID,PAR_ID) values (428895,428915);
Insert into ETRUSTEX.ETR_TB_ICA_PARTYROLE (ICA_ID,PAR_ID) values (429639,429580);
Insert into ETRUSTEX.ETR_TB_ICA_PARTYROLE (ICA_ID,PAR_ID) values (429639,429637);
Insert into ETRUSTEX.ETR_TB_ICA_PARTYROLE (ICA_ID,PAR_ID) values (429640,429571);
Insert into ETRUSTEX.ETR_TB_ICA_PARTYROLE (ICA_ID,PAR_ID) values (429640,429637);
Insert into ETRUSTEX.ETR_TB_ICA_PARTYROLE (ICA_ID,PAR_ID) values (429642,429637);
Insert into ETRUSTEX.ETR_TB_ICA_PARTYROLE (ICA_ID,PAR_ID) values (429642,429641);
Insert into ETRUSTEX.ETR_TB_ICA_PARTYROLE (ICA_ID,PAR_ID) values (436878,429570);
Insert into ETRUSTEX.ETR_TB_ICA_PARTYROLE (ICA_ID,PAR_ID) values (436878,429641);
Insert into ETRUSTEX.ETR_TB_ICA_PARTYROLE (ICA_ID,PAR_ID) values (436885,429570);
Insert into ETRUSTEX.ETR_TB_ICA_PARTYROLE (ICA_ID,PAR_ID) values (436885,429580);
Insert into ETRUSTEX.ETR_TB_ICA_PARTYROLE (ICA_ID,PAR_ID) values (436888,436886);
Insert into ETRUSTEX.ETR_TB_ICA_PARTYROLE (ICA_ID,PAR_ID) values (436888,436887);
Insert into ETRUSTEX.ETR_TB_ICA_PARTYROLE (ICA_ID,PAR_ID) values (444748,429571);
Insert into ETRUSTEX.ETR_TB_ICA_PARTYROLE (ICA_ID,PAR_ID) values (444748,444747);
Insert into ETRUSTEX.ETR_TB_ICA_PARTYROLE (ICA_ID,PAR_ID) values (444751,441203);
Insert into ETRUSTEX.ETR_TB_ICA_PARTYROLE (ICA_ID,PAR_ID) values (444751,444749);
Insert into ETRUSTEX.ETR_TB_ICA_PARTYROLE (ICA_ID,PAR_ID) values (455048,429570);
Insert into ETRUSTEX.ETR_TB_ICA_PARTYROLE (ICA_ID,PAR_ID) values (455048,429571);
Insert into ETRUSTEX.ETR_TB_ICA_PARTYROLE (ICA_ID,PAR_ID) values (455052,429570);
Insert into ETRUSTEX.ETR_TB_ICA_PARTYROLE (ICA_ID,PAR_ID) values (455052,429588);
Insert into ETRUSTEX.ETR_TB_ICA_PARTYROLE (ICA_ID,PAR_ID) values (455053,424864);
Insert into ETRUSTEX.ETR_TB_ICA_PARTYROLE (ICA_ID,PAR_ID) values (455053,429570);
Insert into ETRUSTEX.ETR_TB_ICA_PARTYROLE (ICA_ID,PAR_ID) values (456377,456375);
Insert into ETRUSTEX.ETR_TB_ICA_PARTYROLE (ICA_ID,PAR_ID) values (456377,456376);
Insert into ETRUSTEX.ETR_TB_ICA_PARTYROLE (ICA_ID,PAR_ID) values (578493,578491);
Insert into ETRUSTEX.ETR_TB_ICA_PARTYROLE (ICA_ID,PAR_ID) values (578493,578492);
Insert into ETRUSTEX.ETR_TB_ICA_PARTYROLE (ICA_ID,PAR_ID) values (584239,429588);
Insert into ETRUSTEX.ETR_TB_ICA_PARTYROLE (ICA_ID,PAR_ID) values (584239,429589);
Insert into ETRUSTEX.ETR_TB_ICA_PARTYROLE (ICA_ID,PAR_ID) values (667494,322);
Insert into ETRUSTEX.ETR_TB_ICA_PARTYROLE (ICA_ID,PAR_ID) values (667494,667493);
Insert into ETRUSTEX.ETR_TB_ICA_PARTYROLE (ICA_ID,PAR_ID) values (667496,222681);
Insert into ETRUSTEX.ETR_TB_ICA_PARTYROLE (ICA_ID,PAR_ID) values (667496,667495);
Insert into ETRUSTEX.ETR_TB_ICA_PARTYROLE (ICA_ID,PAR_ID) values (676341,322);
Insert into ETRUSTEX.ETR_TB_ICA_PARTYROLE (ICA_ID,PAR_ID) values (676341,676340);
Insert into ETRUSTEX.ETR_TB_ICA_PARTYROLE (ICA_ID,PAR_ID) values (676343,222681);
Insert into ETRUSTEX.ETR_TB_ICA_PARTYROLE (ICA_ID,PAR_ID) values (676343,676342);
Insert into ETRUSTEX.ETR_TB_ICA_PARTYROLE (ICA_ID,PAR_ID) values (775017,436886);
Insert into ETRUSTEX.ETR_TB_ICA_PARTYROLE (ICA_ID,PAR_ID) values (775017,775016);
Insert into ETRUSTEX.ETR_TB_ICA_PARTYROLE (ICA_ID,PAR_ID) values (775199,429589);
Insert into ETRUSTEX.ETR_TB_ICA_PARTYROLE (ICA_ID,PAR_ID) values (775199,429641);
--REM INSERTING into ETRUSTEX.ETR_TB_INTERCHANGE_AGR

Insert into ETRUSTEX.ETR_TB_INTERCHANGE_AGR (ICA_ID,CRE_DT,CRE_ID,MOD_DT,MOD_ID,ICA_VAL_START_DT,INT_CIA_ID,ICA_PRO_ID) values (203,str_to_date('29-JAN-14 10.30.46','%d-%b-%y %H.%i.%s'),'almahfa',str_to_date('29-JAN-14 10.30.46','%d-%b-%y %H.%i.%s'),'almahfa',null,null,3);
Insert into ETRUSTEX.ETR_TB_INTERCHANGE_AGR (ICA_ID,CRE_DT,CRE_ID,MOD_DT,MOD_ID,ICA_VAL_START_DT,INT_CIA_ID,ICA_PRO_ID) values (222531,str_to_date('07-FEB-14 00.00.00','%d-%b-%y %H.%i.%s'),'derveol',str_to_date('07-FEB-14 00.00.00','%d-%b-%y %H.%i.%s'),'derveol',str_to_date('06-FEB-14 00.00.00','%d-%b-%y %H.%i.%s'),2,5);
Insert into ETRUSTEX.ETR_TB_INTERCHANGE_AGR (ICA_ID,CRE_DT,CRE_ID,MOD_DT,MOD_ID,ICA_VAL_START_DT,INT_CIA_ID,ICA_PRO_ID) values (222532,str_to_date('07-FEB-14 00.00.00','%d-%b-%y %H.%i.%s'),'derveol',str_to_date('07-FEB-14 00.00.00','%d-%b-%y %H.%i.%s'),'derveol',str_to_date('06-FEB-14 00.00.00','%d-%b-%y %H.%i.%s'),2,4);
Insert into ETRUSTEX.ETR_TB_INTERCHANGE_AGR (ICA_ID,CRE_DT,CRE_ID,MOD_DT,MOD_ID,ICA_VAL_START_DT,INT_CIA_ID,ICA_PRO_ID) values (24775,str_to_date('05-MAR-14 15.15.24','%d-%b-%y %H.%i.%s'),'spots',null,'spots',null,2,4);
Insert into ETRUSTEX.ETR_TB_INTERCHANGE_AGR (ICA_ID,CRE_DT,CRE_ID,MOD_DT,MOD_ID,ICA_VAL_START_DT,INT_CIA_ID,ICA_PRO_ID) values (24777,str_to_date('05-MAR-14 15.15.24','%d-%b-%y %H.%i.%s'),'spots',null,'spots',null,2,3);
Insert into ETRUSTEX.ETR_TB_INTERCHANGE_AGR (ICA_ID,CRE_DT,CRE_ID,MOD_DT,MOD_ID,ICA_VAL_START_DT,INT_CIA_ID,ICA_PRO_ID) values (283588,str_to_date('17-JUN-14 13.31.44','%d-%b-%y %H.%i.%s'),'TRUSTUSR1',null,'TRUSTUSR1',null,2,4);
Insert into ETRUSTEX.ETR_TB_INTERCHANGE_AGR (ICA_ID,CRE_DT,CRE_ID,MOD_DT,MOD_ID,ICA_VAL_START_DT,INT_CIA_ID,ICA_PRO_ID) values (283590,str_to_date('17-JUN-14 13.31.44','%d-%b-%y %H.%i.%s'),'TRUSTUSR1',null,'TRUSTUSR1',null,2,3);
Insert into ETRUSTEX.ETR_TB_INTERCHANGE_AGR (ICA_ID,CRE_DT,CRE_ID,MOD_DT,MOD_ID,ICA_VAL_START_DT,INT_CIA_ID,ICA_PRO_ID) values (350054,str_to_date('01-JUL-14 07.46.45','%d-%b-%y %H.%i.%s'),'spots',null,'spots',null,2,4);
Insert into ETRUSTEX.ETR_TB_INTERCHANGE_AGR (ICA_ID,CRE_DT,CRE_ID,MOD_DT,MOD_ID,ICA_VAL_START_DT,INT_CIA_ID,ICA_PRO_ID) values (350056,str_to_date('01-JUL-14 07.46.45','%d-%b-%y %H.%i.%s'),'spots',null,'spots',null,2,3);
Insert into ETRUSTEX.ETR_TB_INTERCHANGE_AGR (ICA_ID,CRE_DT,CRE_ID,MOD_DT,MOD_ID,ICA_VAL_START_DT,INT_CIA_ID,ICA_PRO_ID) values (413552,str_to_date('06-AUG-14 12.42.05','%d-%b-%y %H.%i.%s'),'TRUSTUSR1',null,'TRUSTUSR1',null,2,4);
Insert into ETRUSTEX.ETR_TB_INTERCHANGE_AGR (ICA_ID,CRE_DT,CRE_ID,MOD_DT,MOD_ID,ICA_VAL_START_DT,INT_CIA_ID,ICA_PRO_ID) values (413554,str_to_date('06-AUG-14 12.42.05','%d-%b-%y %H.%i.%s'),'TRUSTUSR1',null,'TRUSTUSR1',null,2,3);
Insert into ETRUSTEX.ETR_TB_INTERCHANGE_AGR (ICA_ID,CRE_DT,CRE_ID,MOD_DT,MOD_ID,ICA_VAL_START_DT,INT_CIA_ID,ICA_PRO_ID) values (428895,str_to_date('14-AUG-14 12.15.50','%d-%b-%y %H.%i.%s'),'daniemn',null,'daniemn',str_to_date('14-AUG-14 00.00.00','%d-%b-%y %H.%i.%s'),6,4);
Insert into ETRUSTEX.ETR_TB_INTERCHANGE_AGR (ICA_ID,CRE_DT,CRE_ID,MOD_DT,MOD_ID,ICA_VAL_START_DT,INT_CIA_ID,ICA_PRO_ID) values (775017,str_to_date('03-SEP-14 16.58.07','%d-%b-%y %H.%i.%s'),'daniemn',str_to_date('03-SEP-14 16.58.07','%d-%b-%y %H.%i.%s'),null,str_to_date('03-SEP-14 00.00.00','%d-%b-%y %H.%i.%s'),2,4);
Insert into ETRUSTEX.ETR_TB_INTERCHANGE_AGR (ICA_ID,CRE_DT,CRE_ID,MOD_DT,MOD_ID,ICA_VAL_START_DT,INT_CIA_ID,ICA_PRO_ID) values (456377,str_to_date('25-AUG-14 17.04.22','%d-%b-%y %H.%i.%s'),'daniemn',str_to_date('25-AUG-14 17.04.22','%d-%b-%y %H.%i.%s'),null,str_to_date('25-AUG-14 00.00.00','%d-%b-%y %H.%i.%s'),2,4);
Insert into ETRUSTEX.ETR_TB_INTERCHANGE_AGR (ICA_ID,CRE_DT,CRE_ID,MOD_DT,MOD_ID,ICA_VAL_START_DT,INT_CIA_ID,ICA_PRO_ID) values (11,str_to_date('19-NOV-13 10.47.14','%d-%b-%y %H.%i.%s'),'orazisa',str_to_date('19-NOV-13 10.47.14','%d-%b-%y %H.%i.%s'),'orazisa',null,null,3);
Insert into ETRUSTEX.ETR_TB_INTERCHANGE_AGR (ICA_ID,CRE_DT,CRE_ID,MOD_DT,MOD_ID,ICA_VAL_START_DT,INT_CIA_ID,ICA_PRO_ID) values (12,str_to_date('23-DEC-13 10.44.00','%d-%b-%y %H.%i.%s'),'ventrgi',str_to_date('23-DEC-13 10.44.00','%d-%b-%y %H.%i.%s'),'ventrgi',null,null,3);
Insert into ETRUSTEX.ETR_TB_INTERCHANGE_AGR (ICA_ID,CRE_DT,CRE_ID,MOD_DT,MOD_ID,ICA_VAL_START_DT,INT_CIA_ID,ICA_PRO_ID) values (1000,str_to_date('19-NOV-13 10.47.14','%d-%b-%y %H.%i.%s'),'orazisa',str_to_date('19-NOV-13 10.47.14','%d-%b-%y %H.%i.%s'),'orazisa',null,null,3);
Insert into ETRUSTEX.ETR_TB_INTERCHANGE_AGR (ICA_ID,CRE_DT,CRE_ID,MOD_DT,MOD_ID,ICA_VAL_START_DT,INT_CIA_ID,ICA_PRO_ID) values (1100,str_to_date('19-NOV-13 10.47.14','%d-%b-%y %H.%i.%s'),'orazisa',str_to_date('19-NOV-13 10.47.14','%d-%b-%y %H.%i.%s'),'orazisa',null,2,3);
Insert into ETRUSTEX.ETR_TB_INTERCHANGE_AGR (ICA_ID,CRE_DT,CRE_ID,MOD_DT,MOD_ID,ICA_VAL_START_DT,INT_CIA_ID,ICA_PRO_ID) values (1200,str_to_date('19-NOV-13 10.47.14','%d-%b-%y %H.%i.%s'),'orazisa',str_to_date('19-NOV-13 10.47.14','%d-%b-%y %H.%i.%s'),'orazisa',null,8,3);
Insert into ETRUSTEX.ETR_TB_INTERCHANGE_AGR (ICA_ID,CRE_DT,CRE_ID,MOD_DT,MOD_ID,ICA_VAL_START_DT,INT_CIA_ID,ICA_PRO_ID) values (1300,str_to_date('19-NOV-13 10.47.14','%d-%b-%y %H.%i.%s'),'orazisa',str_to_date('19-NOV-13 10.47.14','%d-%b-%y %H.%i.%s'),'orazisa',null,null,3);
Insert into ETRUSTEX.ETR_TB_INTERCHANGE_AGR (ICA_ID,CRE_DT,CRE_ID,MOD_DT,MOD_ID,ICA_VAL_START_DT,INT_CIA_ID,ICA_PRO_ID) values (1400,str_to_date('19-NOV-13 10.47.14','%d-%b-%y %H.%i.%s'),'orazisa',str_to_date('19-NOV-13 10.47.14','%d-%b-%y %H.%i.%s'),'orazisa',null,null,3);
Insert into ETRUSTEX.ETR_TB_INTERCHANGE_AGR (ICA_ID,CRE_DT,CRE_ID,MOD_DT,MOD_ID,ICA_VAL_START_DT,INT_CIA_ID,ICA_PRO_ID) values (1500,str_to_date('19-NOV-13 10.47.14','%d-%b-%y %H.%i.%s'),'orazisa',str_to_date('19-NOV-13 10.47.14','%d-%b-%y %H.%i.%s'),'orazisa',null,null,3);
Insert into ETRUSTEX.ETR_TB_INTERCHANGE_AGR (ICA_ID,CRE_DT,CRE_ID,MOD_DT,MOD_ID,ICA_VAL_START_DT,INT_CIA_ID,ICA_PRO_ID) values (1600,str_to_date('19-NOV-13 10.47.14','%d-%b-%y %H.%i.%s'),'orazisa',str_to_date('19-NOV-13 10.47.14','%d-%b-%y %H.%i.%s'),'orazisa',null,null,3);
Insert into ETRUSTEX.ETR_TB_INTERCHANGE_AGR (ICA_ID,CRE_DT,CRE_ID,MOD_DT,MOD_ID,ICA_VAL_START_DT,INT_CIA_ID,ICA_PRO_ID) values (1700,str_to_date('19-NOV-13 10.47.14','%d-%b-%y %H.%i.%s'),'orazisa',str_to_date('19-NOV-13 10.47.14','%d-%b-%y %H.%i.%s'),'orazisa',null,null,3);
Insert into ETRUSTEX.ETR_TB_INTERCHANGE_AGR (ICA_ID,CRE_DT,CRE_ID,MOD_DT,MOD_ID,ICA_VAL_START_DT,INT_CIA_ID,ICA_PRO_ID) values (1800,str_to_date('19-NOV-13 10.47.14','%d-%b-%y %H.%i.%s'),'orazisa',str_to_date('19-NOV-13 10.47.14','%d-%b-%y %H.%i.%s'),'orazisa',null,null,3);
Insert into ETRUSTEX.ETR_TB_INTERCHANGE_AGR (ICA_ID,CRE_DT,CRE_ID,MOD_DT,MOD_ID,ICA_VAL_START_DT,INT_CIA_ID,ICA_PRO_ID) values (28,str_to_date('05-FEB-14 12.02.34','%d-%b-%y %H.%i.%s'),'almahfa',str_to_date('05-FEB-14 12.02.34','%d-%b-%y %H.%i.%s'),'almahfa',null,null,3);
Insert into ETRUSTEX.ETR_TB_INTERCHANGE_AGR (ICA_ID,CRE_DT,CRE_ID,MOD_DT,MOD_ID,ICA_VAL_START_DT,INT_CIA_ID,ICA_PRO_ID) values (204,str_to_date('10-FEB-14 13.54.00','%d-%b-%y %H.%i.%s'),'ventrgi',str_to_date('10-FEB-14 13.54.00','%d-%b-%y %H.%i.%s'),'ventrgi',null,2,4);
Insert into ETRUSTEX.ETR_TB_INTERCHANGE_AGR (ICA_ID,CRE_DT,CRE_ID,MOD_DT,MOD_ID,ICA_VAL_START_DT,INT_CIA_ID,ICA_PRO_ID) values (205,str_to_date('10-FEB-14 13.54.00','%d-%b-%y %H.%i.%s'),'ventrgi',str_to_date('10-FEB-14 13.54.00','%d-%b-%y %H.%i.%s'),'ventrgi',null,2,4);
Insert into ETRUSTEX.ETR_TB_INTERCHANGE_AGR (ICA_ID,CRE_DT,CRE_ID,MOD_DT,MOD_ID,ICA_VAL_START_DT,INT_CIA_ID,ICA_PRO_ID) values (206,str_to_date('10-FEB-14 13.54.00','%d-%b-%y %H.%i.%s'),'ventrgi',str_to_date('10-FEB-14 13.54.00','%d-%b-%y %H.%i.%s'),'ventrgi',null,2,4);
Insert into ETRUSTEX.ETR_TB_INTERCHANGE_AGR (ICA_ID,CRE_DT,CRE_ID,MOD_DT,MOD_ID,ICA_VAL_START_DT,INT_CIA_ID,ICA_PRO_ID) values (212,str_to_date('11-MAR-14 15.15.24','%d-%b-%y %H.%i.%s'),'ventrgi',str_to_date('11-MAR-14 15.15.24','%d-%b-%y %H.%i.%s'),'ventrgi',null,2,3);
Insert into ETRUSTEX.ETR_TB_INTERCHANGE_AGR (ICA_ID,CRE_DT,CRE_ID,MOD_DT,MOD_ID,ICA_VAL_START_DT,INT_CIA_ID,ICA_PRO_ID) values (213,str_to_date('11-MAR-14 15.15.24','%d-%b-%y %H.%i.%s'),'ventrgi',str_to_date('11-MAR-14 15.15.24','%d-%b-%y %H.%i.%s'),'ventrgi',null,2,3);
Insert into ETRUSTEX.ETR_TB_INTERCHANGE_AGR (ICA_ID,CRE_DT,CRE_ID,MOD_DT,MOD_ID,ICA_VAL_START_DT,INT_CIA_ID,ICA_PRO_ID) values (215,str_to_date('25-APR-14 09.08.34','%d-%b-%y %H.%i.%s'),'ventrgi',str_to_date('25-APR-14 09.08.34','%d-%b-%y %H.%i.%s'),'ventrgi',null,8,3);
Insert into ETRUSTEX.ETR_TB_INTERCHANGE_AGR (ICA_ID,CRE_DT,CRE_ID,MOD_DT,MOD_ID,ICA_VAL_START_DT,INT_CIA_ID,ICA_PRO_ID) values (214,str_to_date('11-MAR-14 15.15.24','%d-%b-%y %H.%i.%s'),'ventrgi',str_to_date('11-MAR-14 15.15.24','%d-%b-%y %H.%i.%s'),'ventrgi',null,null,3);
Insert into ETRUSTEX.ETR_TB_INTERCHANGE_AGR (ICA_ID,CRE_DT,CRE_ID,MOD_DT,MOD_ID,ICA_VAL_START_DT,INT_CIA_ID,ICA_PRO_ID) values (216,str_to_date('25-APR-14 09.08.34','%d-%b-%y %H.%i.%s'),'ventrgi',str_to_date('25-APR-14 09.08.34','%d-%b-%y %H.%i.%s'),'ventrgi',null,2,3);
Insert into ETRUSTEX.ETR_TB_INTERCHANGE_AGR (ICA_ID,CRE_DT,CRE_ID,MOD_DT,MOD_ID,ICA_VAL_START_DT,INT_CIA_ID,ICA_PRO_ID) values (217,str_to_date('25-APR-14 09.08.34','%d-%b-%y %H.%i.%s'),'ventrgi',str_to_date('25-APR-14 09.08.34','%d-%b-%y %H.%i.%s'),'ventrgi',null,2,3);
Insert into ETRUSTEX.ETR_TB_INTERCHANGE_AGR (ICA_ID,CRE_DT,CRE_ID,MOD_DT,MOD_ID,ICA_VAL_START_DT,INT_CIA_ID,ICA_PRO_ID) values (218,str_to_date('25-APR-14 09.08.34','%d-%b-%y %H.%i.%s'),'ventrgi',str_to_date('25-APR-14 09.08.34','%d-%b-%y %H.%i.%s'),'ventrgi',null,7,3);
Insert into ETRUSTEX.ETR_TB_INTERCHANGE_AGR (ICA_ID,CRE_DT,CRE_ID,MOD_DT,MOD_ID,ICA_VAL_START_DT,INT_CIA_ID,ICA_PRO_ID) values (411280,str_to_date('05-AUG-14 15.44.57','%d-%b-%y %H.%i.%s'),'TRUSTUSR1',null,'TRUSTUSR1',null,2,4);
Insert into ETRUSTEX.ETR_TB_INTERCHANGE_AGR (ICA_ID,CRE_DT,CRE_ID,MOD_DT,MOD_ID,ICA_VAL_START_DT,INT_CIA_ID,ICA_PRO_ID) values (411282,str_to_date('05-AUG-14 15.44.57','%d-%b-%y %H.%i.%s'),'TRUSTUSR1',null,'TRUSTUSR1',null,2,3);
Insert into ETRUSTEX.ETR_TB_INTERCHANGE_AGR (ICA_ID,CRE_DT,CRE_ID,MOD_DT,MOD_ID,ICA_VAL_START_DT,INT_CIA_ID,ICA_PRO_ID) values (286213,str_to_date('20-JUN-14 14.38.42','%d-%b-%y %H.%i.%s'),'spots',null,'spots',null,2,4);
Insert into ETRUSTEX.ETR_TB_INTERCHANGE_AGR (ICA_ID,CRE_DT,CRE_ID,MOD_DT,MOD_ID,ICA_VAL_START_DT,INT_CIA_ID,ICA_PRO_ID) values (286215,str_to_date('20-JUN-14 14.38.42','%d-%b-%y %H.%i.%s'),'spots',null,'spots',null,2,3);
Insert into ETRUSTEX.ETR_TB_INTERCHANGE_AGR (ICA_ID,CRE_DT,CRE_ID,MOD_DT,MOD_ID,ICA_VAL_START_DT,INT_CIA_ID,ICA_PRO_ID) values (235,str_to_date('24-JUN-14 09.12.01','%d-%b-%y %H.%i.%s'),'ventrgi',str_to_date('24-JUN-14 09.12.01','%d-%b-%y %H.%i.%s'),'ventrgi',null,2,3);
Insert into ETRUSTEX.ETR_TB_INTERCHANGE_AGR (ICA_ID,CRE_DT,CRE_ID,MOD_DT,MOD_ID,ICA_VAL_START_DT,INT_CIA_ID,ICA_PRO_ID) values (429642,str_to_date('14-AUG-14 16.35.27','%d-%b-%y %H.%i.%s'),'daniemn',null,null,str_to_date('14-AUG-14 00.00.00','%d-%b-%y %H.%i.%s'),429638,4);
Insert into ETRUSTEX.ETR_TB_INTERCHANGE_AGR (ICA_ID,CRE_DT,CRE_ID,MOD_DT,MOD_ID,ICA_VAL_START_DT,INT_CIA_ID,ICA_PRO_ID) values (429639,str_to_date('14-AUG-14 16.35.27','%d-%b-%y %H.%i.%s'),'daniemn',null,null,str_to_date('14-AUG-14 00.00.00','%d-%b-%y %H.%i.%s'),429638,4);
Insert into ETRUSTEX.ETR_TB_INTERCHANGE_AGR (ICA_ID,CRE_DT,CRE_ID,MOD_DT,MOD_ID,ICA_VAL_START_DT,INT_CIA_ID,ICA_PRO_ID) values (424340,str_to_date('12-AUG-14 09.11.10','%d-%b-%y %H.%i.%s'),'spots',null,'spots',null,2,4);
Insert into ETRUSTEX.ETR_TB_INTERCHANGE_AGR (ICA_ID,CRE_DT,CRE_ID,MOD_DT,MOD_ID,ICA_VAL_START_DT,INT_CIA_ID,ICA_PRO_ID) values (424342,str_to_date('12-AUG-14 09.11.10','%d-%b-%y %H.%i.%s'),'spots',null,'spots',null,2,3);
Insert into ETRUSTEX.ETR_TB_INTERCHANGE_AGR (ICA_ID,CRE_DT,CRE_ID,MOD_DT,MOD_ID,ICA_VAL_START_DT,INT_CIA_ID,ICA_PRO_ID) values (424866,str_to_date('12-AUG-14 13.59.03','%d-%b-%y %H.%i.%s'),'daniemn',null,null,str_to_date('12-AUG-14 00.00.00','%d-%b-%y %H.%i.%s'),2,4);
Insert into ETRUSTEX.ETR_TB_INTERCHANGE_AGR (ICA_ID,CRE_DT,CRE_ID,MOD_DT,MOD_ID,ICA_VAL_START_DT,INT_CIA_ID,ICA_PRO_ID) values (429640,str_to_date('14-AUG-14 16.35.27','%d-%b-%y %H.%i.%s'),'daniemn',null,null,str_to_date('14-AUG-14 00.00.00','%d-%b-%y %H.%i.%s'),429638,4);
Insert into ETRUSTEX.ETR_TB_INTERCHANGE_AGR (ICA_ID,CRE_DT,CRE_ID,MOD_DT,MOD_ID,ICA_VAL_START_DT,INT_CIA_ID,ICA_PRO_ID) values (455048,str_to_date('25-AUG-14 16.20.13','%d-%b-%y %H.%i.%s'),'daniemn',str_to_date('25-AUG-14 16.20.13','%d-%b-%y %H.%i.%s'),null,str_to_date('25-AUG-14 00.00.00','%d-%b-%y %H.%i.%s'),455047,4);
Insert into ETRUSTEX.ETR_TB_INTERCHANGE_AGR (ICA_ID,CRE_DT,CRE_ID,MOD_DT,MOD_ID,ICA_VAL_START_DT,INT_CIA_ID,ICA_PRO_ID) values (775199,str_to_date('03-SEP-14 17.03.16','%d-%b-%y %H.%i.%s'),'daniemn',str_to_date('03-SEP-14 17.03.16','%d-%b-%y %H.%i.%s'),null,str_to_date('03-SEP-14 00.00.00','%d-%b-%y %H.%i.%s'),2,4);
Insert into ETRUSTEX.ETR_TB_INTERCHANGE_AGR (ICA_ID,CRE_DT,CRE_ID,MOD_DT,MOD_ID,ICA_VAL_START_DT,INT_CIA_ID,ICA_PRO_ID) values (207,str_to_date('11-FEB-14 13.50.00','%d-%b-%y %H.%i.%s'),'ventrgi',str_to_date('11-FEB-14 13.50.00','%d-%b-%y %H.%i.%s'),'ventrgi',null,2,3);
Insert into ETRUSTEX.ETR_TB_INTERCHANGE_AGR (ICA_ID,CRE_DT,CRE_ID,MOD_DT,MOD_ID,ICA_VAL_START_DT,INT_CIA_ID,ICA_PRO_ID) values (22480,str_to_date('19-FEB-14 10.41.53','%d-%b-%y %H.%i.%s'),'spots',null,'spots',null,2,4);
Insert into ETRUSTEX.ETR_TB_INTERCHANGE_AGR (ICA_ID,CRE_DT,CRE_ID,MOD_DT,MOD_ID,ICA_VAL_START_DT,INT_CIA_ID,ICA_PRO_ID) values (22482,str_to_date('19-FEB-14 10.41.54','%d-%b-%y %H.%i.%s'),'spots',null,'spots',null,2,3);
Insert into ETRUSTEX.ETR_TB_INTERCHANGE_AGR (ICA_ID,CRE_DT,CRE_ID,MOD_DT,MOD_ID,ICA_VAL_START_DT,INT_CIA_ID,ICA_PRO_ID) values (102095,str_to_date('08-APR-14 10.12.17','%d-%b-%y %H.%i.%s'),'spots',null,'spots',null,2,4);
Insert into ETRUSTEX.ETR_TB_INTERCHANGE_AGR (ICA_ID,CRE_DT,CRE_ID,MOD_DT,MOD_ID,ICA_VAL_START_DT,INT_CIA_ID,ICA_PRO_ID) values (102097,str_to_date('08-APR-14 10.12.17','%d-%b-%y %H.%i.%s'),'spots',null,'spots',null,2,3);
Insert into ETRUSTEX.ETR_TB_INTERCHANGE_AGR (ICA_ID,CRE_DT,CRE_ID,MOD_DT,MOD_ID,ICA_VAL_START_DT,INT_CIA_ID,ICA_PRO_ID) values (220,str_to_date('30-APR-14 11.19.23','%d-%b-%y %H.%i.%s'),'ventrgi',str_to_date('30-APR-14 11.19.23','%d-%b-%y %H.%i.%s'),'ventrgi',null,2,3);
Insert into ETRUSTEX.ETR_TB_INTERCHANGE_AGR (ICA_ID,CRE_DT,CRE_ID,MOD_DT,MOD_ID,ICA_VAL_START_DT,INT_CIA_ID,ICA_PRO_ID) values (221,str_to_date('30-APR-14 11.36.21','%d-%b-%y %H.%i.%s'),'ventrgi',str_to_date('30-APR-14 11.36.21','%d-%b-%y %H.%i.%s'),'ventrgi',null,2,3);
Insert into ETRUSTEX.ETR_TB_INTERCHANGE_AGR (ICA_ID,CRE_DT,CRE_ID,MOD_DT,MOD_ID,ICA_VAL_START_DT,INT_CIA_ID,ICA_PRO_ID) values (219,str_to_date('30-APR-14 11.19.23','%d-%b-%y %H.%i.%s'),'ventrgi',str_to_date('30-APR-14 11.19.23','%d-%b-%y %H.%i.%s'),'ventrgi',null,2,3);
Insert into ETRUSTEX.ETR_TB_INTERCHANGE_AGR (ICA_ID,CRE_DT,CRE_ID,MOD_DT,MOD_ID,ICA_VAL_START_DT,INT_CIA_ID,ICA_PRO_ID) values (222,str_to_date('30-APR-14 11.36.21','%d-%b-%y %H.%i.%s'),'ventrgi',str_to_date('30-APR-14 11.36.21','%d-%b-%y %H.%i.%s'),'ventrgi',null,2,3);
Insert into ETRUSTEX.ETR_TB_INTERCHANGE_AGR (ICA_ID,CRE_DT,CRE_ID,MOD_DT,MOD_ID,ICA_VAL_START_DT,INT_CIA_ID,ICA_PRO_ID) values (223,str_to_date('30-APR-14 11.36.21','%d-%b-%y %H.%i.%s'),'ventrgi',str_to_date('30-APR-14 11.36.21','%d-%b-%y %H.%i.%s'),'ventrgi',null,2,3);
Insert into ETRUSTEX.ETR_TB_INTERCHANGE_AGR (ICA_ID,CRE_DT,CRE_ID,MOD_DT,MOD_ID,ICA_VAL_START_DT,INT_CIA_ID,ICA_PRO_ID) values (224,str_to_date('30-APR-14 11.56.12','%d-%b-%y %H.%i.%s'),'ventrgi',str_to_date('30-APR-14 11.56.12','%d-%b-%y %H.%i.%s'),'ventrgi',null,2,3);
Insert into ETRUSTEX.ETR_TB_INTERCHANGE_AGR (ICA_ID,CRE_DT,CRE_ID,MOD_DT,MOD_ID,ICA_VAL_START_DT,INT_CIA_ID,ICA_PRO_ID) values (225,str_to_date('30-APR-14 11.56.12','%d-%b-%y %H.%i.%s'),'ventrgi',str_to_date('30-APR-14 11.56.12','%d-%b-%y %H.%i.%s'),'ventrgi',null,2,3);
Insert into ETRUSTEX.ETR_TB_INTERCHANGE_AGR (ICA_ID,CRE_DT,CRE_ID,MOD_DT,MOD_ID,ICA_VAL_START_DT,INT_CIA_ID,ICA_PRO_ID) values (226,str_to_date('30-APR-14 12.06.56','%d-%b-%y %H.%i.%s'),'ventrgi',str_to_date('30-APR-14 12.06.56','%d-%b-%y %H.%i.%s'),'ventrgi',null,2,3);
Insert into ETRUSTEX.ETR_TB_INTERCHANGE_AGR (ICA_ID,CRE_DT,CRE_ID,MOD_DT,MOD_ID,ICA_VAL_START_DT,INT_CIA_ID,ICA_PRO_ID) values (227,str_to_date('30-APR-14 12.06.56','%d-%b-%y %H.%i.%s'),'ventrgi',str_to_date('30-APR-14 12.06.56','%d-%b-%y %H.%i.%s'),'ventrgi',null,2,3);
Insert into ETRUSTEX.ETR_TB_INTERCHANGE_AGR (ICA_ID,CRE_DT,CRE_ID,MOD_DT,MOD_ID,ICA_VAL_START_DT,INT_CIA_ID,ICA_PRO_ID) values (228,str_to_date('30-APR-14 12.06.56','%d-%b-%y %H.%i.%s'),'ventrgi',str_to_date('30-APR-14 12.06.56','%d-%b-%y %H.%i.%s'),'ventrgi',null,2,3);
Insert into ETRUSTEX.ETR_TB_INTERCHANGE_AGR (ICA_ID,CRE_DT,CRE_ID,MOD_DT,MOD_ID,ICA_VAL_START_DT,INT_CIA_ID,ICA_PRO_ID) values (229,str_to_date('30-APR-14 14.45.14','%d-%b-%y %H.%i.%s'),'ventrgi',str_to_date('30-APR-14 14.45.14','%d-%b-%y %H.%i.%s'),'ventrgi',null,2,3);
Insert into ETRUSTEX.ETR_TB_INTERCHANGE_AGR (ICA_ID,CRE_DT,CRE_ID,MOD_DT,MOD_ID,ICA_VAL_START_DT,INT_CIA_ID,ICA_PRO_ID) values (230,str_to_date('30-APR-14 14.45.14','%d-%b-%y %H.%i.%s'),'ventrgi',str_to_date('30-APR-14 14.45.14','%d-%b-%y %H.%i.%s'),'ventrgi',null,2,3);
Insert into ETRUSTEX.ETR_TB_INTERCHANGE_AGR (ICA_ID,CRE_DT,CRE_ID,MOD_DT,MOD_ID,ICA_VAL_START_DT,INT_CIA_ID,ICA_PRO_ID) values (231,str_to_date('30-APR-14 14.45.14','%d-%b-%y %H.%i.%s'),'ventrgi',str_to_date('30-APR-14 14.45.14','%d-%b-%y %H.%i.%s'),'ventrgi',null,2,3);
Insert into ETRUSTEX.ETR_TB_INTERCHANGE_AGR (ICA_ID,CRE_DT,CRE_ID,MOD_DT,MOD_ID,ICA_VAL_START_DT,INT_CIA_ID,ICA_PRO_ID) values (232,str_to_date('30-APR-14 14.45.14','%d-%b-%y %H.%i.%s'),'ventrgi',str_to_date('30-APR-14 14.45.14','%d-%b-%y %H.%i.%s'),'ventrgi',null,7,3);
Insert into ETRUSTEX.ETR_TB_INTERCHANGE_AGR (ICA_ID,CRE_DT,CRE_ID,MOD_DT,MOD_ID,ICA_VAL_START_DT,INT_CIA_ID,ICA_PRO_ID) values (29,str_to_date('08-JUL-14 15.39.04','%d-%b-%y %H.%i.%s'),'ventrgi',str_to_date('08-JUL-14 15.39.04','%d-%b-%y %H.%i.%s'),'ventrgi',null,8,3);
Insert into ETRUSTEX.ETR_TB_INTERCHANGE_AGR (ICA_ID,CRE_DT,CRE_ID,MOD_DT,MOD_ID,ICA_VAL_START_DT,INT_CIA_ID,ICA_PRO_ID) values (402010,str_to_date('18-JUL-14 11.46.54','%d-%b-%y %H.%i.%s'),'daniemn',null,null,str_to_date('18-JUL-14 00.00.00','%d-%b-%y %H.%i.%s'),2,4);
Insert into ETRUSTEX.ETR_TB_INTERCHANGE_AGR (ICA_ID,CRE_DT,CRE_ID,MOD_DT,MOD_ID,ICA_VAL_START_DT,INT_CIA_ID,ICA_PRO_ID) values (436878,str_to_date('18-AUG-14 14.54.41','%d-%b-%y %H.%i.%s'),'daniemn',null,null,str_to_date('20-AUG-14 00.00.00','%d-%b-%y %H.%i.%s'),2,4);
Insert into ETRUSTEX.ETR_TB_INTERCHANGE_AGR (ICA_ID,CRE_DT,CRE_ID,MOD_DT,MOD_ID,ICA_VAL_START_DT,INT_CIA_ID,ICA_PRO_ID) values (436885,str_to_date('18-AUG-14 14.56.33','%d-%b-%y %H.%i.%s'),'daniemn',null,null,str_to_date('18-AUG-14 00.00.00','%d-%b-%y %H.%i.%s'),2,4);
Insert into ETRUSTEX.ETR_TB_INTERCHANGE_AGR (ICA_ID,CRE_DT,CRE_ID,MOD_DT,MOD_ID,ICA_VAL_START_DT,INT_CIA_ID,ICA_PRO_ID) values (436888,str_to_date('18-AUG-14 14.57.10','%d-%b-%y %H.%i.%s'),'daniemn',null,null,str_to_date('18-AUG-14 00.00.00','%d-%b-%y %H.%i.%s'),2,4);
Insert into ETRUSTEX.ETR_TB_INTERCHANGE_AGR (ICA_ID,CRE_DT,CRE_ID,MOD_DT,MOD_ID,ICA_VAL_START_DT,INT_CIA_ID,ICA_PRO_ID) values (208,str_to_date('14-FEB-14 15.06.00','%d-%b-%y %H.%i.%s'),'ventrgi',str_to_date('14-FEB-14 15.06.00','%d-%b-%y %H.%i.%s'),'ventrgi',null,2,4);
Insert into ETRUSTEX.ETR_TB_INTERCHANGE_AGR (ICA_ID,CRE_DT,CRE_ID,MOD_DT,MOD_ID,ICA_VAL_START_DT,INT_CIA_ID,ICA_PRO_ID) values (22,str_to_date('23-DEC-13 10.44.00','%d-%b-%y %H.%i.%s'),'ventrgi',str_to_date('23-DEC-13 10.44.00','%d-%b-%y %H.%i.%s'),'ventrgi',null,null,3);
Insert into ETRUSTEX.ETR_TB_INTERCHANGE_AGR (ICA_ID,CRE_DT,CRE_ID,MOD_DT,MOD_ID,ICA_VAL_START_DT,INT_CIA_ID,ICA_PRO_ID) values (13,str_to_date('23-DEC-13 10.44.00','%d-%b-%y %H.%i.%s'),'ventrgi',str_to_date('23-DEC-13 10.44.00','%d-%b-%y %H.%i.%s'),'ventrgi',null,null,3);
Insert into ETRUSTEX.ETR_TB_INTERCHANGE_AGR (ICA_ID,CRE_DT,CRE_ID,MOD_DT,MOD_ID,ICA_VAL_START_DT,INT_CIA_ID,ICA_PRO_ID) values (14,str_to_date('23-DEC-13 10.44.00','%d-%b-%y %H.%i.%s'),'ventrgi',str_to_date('23-DEC-13 10.44.00','%d-%b-%y %H.%i.%s'),'ventrgi',null,null,3);
Insert into ETRUSTEX.ETR_TB_INTERCHANGE_AGR (ICA_ID,CRE_DT,CRE_ID,MOD_DT,MOD_ID,ICA_VAL_START_DT,INT_CIA_ID,ICA_PRO_ID) values (15,str_to_date('23-DEC-13 10.44.00','%d-%b-%y %H.%i.%s'),'ventrgi',str_to_date('23-DEC-13 10.44.00','%d-%b-%y %H.%i.%s'),'ventrgi',str_to_date('30-JAN-20 16.43.42','%d-%b-%y %H.%i.%s'),null,3);
Insert into ETRUSTEX.ETR_TB_INTERCHANGE_AGR (ICA_ID,CRE_DT,CRE_ID,MOD_DT,MOD_ID,ICA_VAL_START_DT,INT_CIA_ID,ICA_PRO_ID) values (16,str_to_date('23-DEC-13 10.44.00','%d-%b-%y %H.%i.%s'),'ventrgi',str_to_date('23-DEC-13 10.44.00','%d-%b-%y %H.%i.%s'),'ventrgi',null,6,3);
Insert into ETRUSTEX.ETR_TB_INTERCHANGE_AGR (ICA_ID,CRE_DT,CRE_ID,MOD_DT,MOD_ID,ICA_VAL_START_DT,INT_CIA_ID,ICA_PRO_ID) values (17,str_to_date('23-DEC-13 10.44.00','%d-%b-%y %H.%i.%s'),'ventrgi',str_to_date('23-DEC-13 10.44.00','%d-%b-%y %H.%i.%s'),'ventrgi',null,6,3);
Insert into ETRUSTEX.ETR_TB_INTERCHANGE_AGR (ICA_ID,CRE_DT,CRE_ID,MOD_DT,MOD_ID,ICA_VAL_START_DT,INT_CIA_ID,ICA_PRO_ID) values (18,str_to_date('23-DEC-13 10.44.00','%d-%b-%y %H.%i.%s'),'ventrgi',str_to_date('23-DEC-13 10.44.00','%d-%b-%y %H.%i.%s'),'ventrgi',null,null,3);
Insert into ETRUSTEX.ETR_TB_INTERCHANGE_AGR (ICA_ID,CRE_DT,CRE_ID,MOD_DT,MOD_ID,ICA_VAL_START_DT,INT_CIA_ID,ICA_PRO_ID) values (19,str_to_date('23-DEC-13 10.44.00','%d-%b-%y %H.%i.%s'),'ventrgi',str_to_date('23-DEC-13 10.44.00','%d-%b-%y %H.%i.%s'),'ventrgi',null,null,3);
Insert into ETRUSTEX.ETR_TB_INTERCHANGE_AGR (ICA_ID,CRE_DT,CRE_ID,MOD_DT,MOD_ID,ICA_VAL_START_DT,INT_CIA_ID,ICA_PRO_ID) values (20,str_to_date('23-DEC-13 10.44.00','%d-%b-%y %H.%i.%s'),'ventrgi',str_to_date('23-DEC-13 10.44.00','%d-%b-%y %H.%i.%s'),'ventrgi',null,null,3);
Insert into ETRUSTEX.ETR_TB_INTERCHANGE_AGR (ICA_ID,CRE_DT,CRE_ID,MOD_DT,MOD_ID,ICA_VAL_START_DT,INT_CIA_ID,ICA_PRO_ID) values (21,str_to_date('23-DEC-13 10.44.00','%d-%b-%y %H.%i.%s'),'ventrgi',str_to_date('23-DEC-13 10.44.00','%d-%b-%y %H.%i.%s'),'ventrgi',null,null,3);
Insert into ETRUSTEX.ETR_TB_INTERCHANGE_AGR (ICA_ID,CRE_DT,CRE_ID,MOD_DT,MOD_ID,ICA_VAL_START_DT,INT_CIA_ID,ICA_PRO_ID) values (23,str_to_date('23-DEC-13 10.44.00','%d-%b-%y %H.%i.%s'),'ventrgi',str_to_date('23-DEC-13 10.44.00','%d-%b-%y %H.%i.%s'),'ventrgi',null,null,3);
Insert into ETRUSTEX.ETR_TB_INTERCHANGE_AGR (ICA_ID,CRE_DT,CRE_ID,MOD_DT,MOD_ID,ICA_VAL_START_DT,INT_CIA_ID,ICA_PRO_ID) values (24,str_to_date('23-DEC-13 10.44.00','%d-%b-%y %H.%i.%s'),'ventrgi',str_to_date('23-DEC-13 10.44.00','%d-%b-%y %H.%i.%s'),'ventrgi',null,null,3);
Insert into ETRUSTEX.ETR_TB_INTERCHANGE_AGR (ICA_ID,CRE_DT,CRE_ID,MOD_DT,MOD_ID,ICA_VAL_START_DT,INT_CIA_ID,ICA_PRO_ID) values (25,str_to_date('23-DEC-13 10.44.00','%d-%b-%y %H.%i.%s'),'ventrgi',str_to_date('23-DEC-13 10.44.00','%d-%b-%y %H.%i.%s'),'ventrgi',null,null,3);
Insert into ETRUSTEX.ETR_TB_INTERCHANGE_AGR (ICA_ID,CRE_DT,CRE_ID,MOD_DT,MOD_ID,ICA_VAL_START_DT,INT_CIA_ID,ICA_PRO_ID) values (201,str_to_date('09-JAN-14 11.10.34','%d-%b-%y %H.%i.%s'),'almahfa',str_to_date('09-JAN-14 11.10.34','%d-%b-%y %H.%i.%s'),'almahfa',null,null,3);
Insert into ETRUSTEX.ETR_TB_INTERCHANGE_AGR (ICA_ID,CRE_DT,CRE_ID,MOD_DT,MOD_ID,ICA_VAL_START_DT,INT_CIA_ID,ICA_PRO_ID) values (234,str_to_date('12-MAY-14 09.52.51','%d-%b-%y %H.%i.%s'),'ventrgi',str_to_date('12-MAY-14 09.52.51','%d-%b-%y %H.%i.%s'),'ventrgi',null,2,3);
Insert into ETRUSTEX.ETR_TB_INTERCHANGE_AGR (ICA_ID,CRE_DT,CRE_ID,MOD_DT,MOD_ID,ICA_VAL_START_DT,INT_CIA_ID,ICA_PRO_ID) values (210,str_to_date('21-FEB-14 11.12.00','%d-%b-%y %H.%i.%s'),'ventrgi',str_to_date('21-FEB-14 11.12.00','%d-%b-%y %H.%i.%s'),'ventrgi',null,2,4);
Insert into ETRUSTEX.ETR_TB_INTERCHANGE_AGR (ICA_ID,CRE_DT,CRE_ID,MOD_DT,MOD_ID,ICA_VAL_START_DT,INT_CIA_ID,ICA_PRO_ID) values (211,str_to_date('21-FEB-14 11.12.00','%d-%b-%y %H.%i.%s'),'ventrgi',str_to_date('21-FEB-14 11.12.00','%d-%b-%y %H.%i.%s'),'ventrgi',null,2,5);
Insert into ETRUSTEX.ETR_TB_INTERCHANGE_AGR (ICA_ID,CRE_DT,CRE_ID,MOD_DT,MOD_ID,ICA_VAL_START_DT,INT_CIA_ID,ICA_PRO_ID) values (233,str_to_date('12-MAY-14 09.52.51','%d-%b-%y %H.%i.%s'),'ventrgi',str_to_date('12-MAY-14 09.52.51','%d-%b-%y %H.%i.%s'),'ventrgi',null,2,3);
Insert into ETRUSTEX.ETR_TB_INTERCHANGE_AGR (ICA_ID,CRE_DT,CRE_ID,MOD_DT,MOD_ID,ICA_VAL_START_DT,INT_CIA_ID,ICA_PRO_ID) values (272244,str_to_date('15-MAY-14 16.48.06','%d-%b-%y %H.%i.%s'),'spots',null,'spots',null,2,3);
Insert into ETRUSTEX.ETR_TB_INTERCHANGE_AGR (ICA_ID,CRE_DT,CRE_ID,MOD_DT,MOD_ID,ICA_VAL_START_DT,INT_CIA_ID,ICA_PRO_ID) values (427652,str_to_date('13-AUG-14 20.40.13','%d-%b-%y %H.%i.%s'),'spots',null,'spots',null,2,4);
Insert into ETRUSTEX.ETR_TB_INTERCHANGE_AGR (ICA_ID,CRE_DT,CRE_ID,MOD_DT,MOD_ID,ICA_VAL_START_DT,INT_CIA_ID,ICA_PRO_ID) values (427654,str_to_date('13-AUG-14 20.40.13','%d-%b-%y %H.%i.%s'),'spots',null,'spots',null,2,3);
Insert into ETRUSTEX.ETR_TB_INTERCHANGE_AGR (ICA_ID,CRE_DT,CRE_ID,MOD_DT,MOD_ID,ICA_VAL_START_DT,INT_CIA_ID,ICA_PRO_ID) values (444751,str_to_date('21-AUG-14 18.02.15','%d-%b-%y %H.%i.%s'),'x50b125',null,null,str_to_date('21-AUG-14 00.00.00','%d-%b-%y %H.%i.%s'),2,4);
Insert into ETRUSTEX.ETR_TB_INTERCHANGE_AGR (ICA_ID,CRE_DT,CRE_ID,MOD_DT,MOD_ID,ICA_VAL_START_DT,INT_CIA_ID,ICA_PRO_ID) values (444748,str_to_date('21-AUG-14 18.00.31','%d-%b-%y %H.%i.%s'),'x50b125',null,null,str_to_date('21-AUG-14 00.00.00','%d-%b-%y %H.%i.%s'),2,4);
Insert into ETRUSTEX.ETR_TB_INTERCHANGE_AGR (ICA_ID,CRE_DT,CRE_ID,MOD_DT,MOD_ID,ICA_VAL_START_DT,INT_CIA_ID,ICA_PRO_ID) values (667494,str_to_date('01-SEP-14 10.38.57','%d-%b-%y %H.%i.%s'),'spots',str_to_date('01-SEP-14 10.38.57','%d-%b-%y %H.%i.%s'),'spots',null,2,4);
Insert into ETRUSTEX.ETR_TB_INTERCHANGE_AGR (ICA_ID,CRE_DT,CRE_ID,MOD_DT,MOD_ID,ICA_VAL_START_DT,INT_CIA_ID,ICA_PRO_ID) values (455052,str_to_date('25-AUG-14 16.20.13','%d-%b-%y %H.%i.%s'),'daniemn',str_to_date('25-AUG-14 16.20.13','%d-%b-%y %H.%i.%s'),null,str_to_date('25-AUG-14 00.00.00','%d-%b-%y %H.%i.%s'),455047,4);
Insert into ETRUSTEX.ETR_TB_INTERCHANGE_AGR (ICA_ID,CRE_DT,CRE_ID,MOD_DT,MOD_ID,ICA_VAL_START_DT,INT_CIA_ID,ICA_PRO_ID) values (455053,str_to_date('25-AUG-14 16.20.13','%d-%b-%y %H.%i.%s'),'daniemn',str_to_date('25-AUG-14 16.20.13','%d-%b-%y %H.%i.%s'),null,str_to_date('25-AUG-14 00.00.00','%d-%b-%y %H.%i.%s'),455047,4);
Insert into ETRUSTEX.ETR_TB_INTERCHANGE_AGR (ICA_ID,CRE_DT,CRE_ID,MOD_DT,MOD_ID,ICA_VAL_START_DT,INT_CIA_ID,ICA_PRO_ID) values (667496,str_to_date('01-SEP-14 10.38.57','%d-%b-%y %H.%i.%s'),'spots',str_to_date('01-SEP-14 10.38.57','%d-%b-%y %H.%i.%s'),'spots',null,2,3);
Insert into ETRUSTEX.ETR_TB_INTERCHANGE_AGR (ICA_ID,CRE_DT,CRE_ID,MOD_DT,MOD_ID,ICA_VAL_START_DT,INT_CIA_ID,ICA_PRO_ID) values (676341,str_to_date('01-SEP-14 14.54.37','%d-%b-%y %H.%i.%s'),'spots',str_to_date('01-SEP-14 14.54.37','%d-%b-%y %H.%i.%s'),'spots',null,2,4);
Insert into ETRUSTEX.ETR_TB_INTERCHANGE_AGR (ICA_ID,CRE_DT,CRE_ID,MOD_DT,MOD_ID,ICA_VAL_START_DT,INT_CIA_ID,ICA_PRO_ID) values (676343,str_to_date('01-SEP-14 14.54.37','%d-%b-%y %H.%i.%s'),'spots',str_to_date('01-SEP-14 14.54.37','%d-%b-%y %H.%i.%s'),'spots',null,2,3);
Insert into ETRUSTEX.ETR_TB_INTERCHANGE_AGR (ICA_ID,CRE_DT,CRE_ID,MOD_DT,MOD_ID,ICA_VAL_START_DT,INT_CIA_ID,ICA_PRO_ID) values (1,str_to_date('19-NOV-13 10.47.13','%d-%b-%y %H.%i.%s'),'orazisa',str_to_date('19-NOV-13 10.47.13','%d-%b-%y %H.%i.%s'),'orazisa',null,null,3);
Insert into ETRUSTEX.ETR_TB_INTERCHANGE_AGR (ICA_ID,CRE_DT,CRE_ID,MOD_DT,MOD_ID,ICA_VAL_START_DT,INT_CIA_ID,ICA_PRO_ID) values (2,str_to_date('19-NOV-13 10.47.13','%d-%b-%y %H.%i.%s'),'orazisa',str_to_date('19-NOV-13 10.47.13','%d-%b-%y %H.%i.%s'),'orazisa',null,null,1);
Insert into ETRUSTEX.ETR_TB_INTERCHANGE_AGR (ICA_ID,CRE_DT,CRE_ID,MOD_DT,MOD_ID,ICA_VAL_START_DT,INT_CIA_ID,ICA_PRO_ID) values (3,str_to_date('19-NOV-13 10.47.13','%d-%b-%y %H.%i.%s'),'orazisa',str_to_date('19-NOV-13 10.47.13','%d-%b-%y %H.%i.%s'),'orazisa',null,null,3);
Insert into ETRUSTEX.ETR_TB_INTERCHANGE_AGR (ICA_ID,CRE_DT,CRE_ID,MOD_DT,MOD_ID,ICA_VAL_START_DT,INT_CIA_ID,ICA_PRO_ID) values (4,str_to_date('19-NOV-13 10.47.13','%d-%b-%y %H.%i.%s'),'orazisa',str_to_date('19-NOV-13 10.47.13','%d-%b-%y %H.%i.%s'),'orazisa',null,null,3);
Insert into ETRUSTEX.ETR_TB_INTERCHANGE_AGR (ICA_ID,CRE_DT,CRE_ID,MOD_DT,MOD_ID,ICA_VAL_START_DT,INT_CIA_ID,ICA_PRO_ID) values (24031,str_to_date('03-MAR-14 14.39.31','%d-%b-%y %H.%i.%s'),'spots',null,'spots',null,2,3);
Insert into ETRUSTEX.ETR_TB_INTERCHANGE_AGR (ICA_ID,CRE_DT,CRE_ID,MOD_DT,MOD_ID,ICA_VAL_START_DT,INT_CIA_ID,ICA_PRO_ID) values (427172,str_to_date('13-AUG-14 15.00.25','%d-%b-%y %H.%i.%s'),'daniemn',null,null,str_to_date('13-AUG-14 00.00.00','%d-%b-%y %H.%i.%s'),2,4);
Insert into ETRUSTEX.ETR_TB_INTERCHANGE_AGR (ICA_ID,CRE_DT,CRE_ID,MOD_DT,MOD_ID,ICA_VAL_START_DT,INT_CIA_ID,ICA_PRO_ID) values (98907,str_to_date('26-MAR-14 10.53.09','%d-%b-%y %H.%i.%s'),'testcbo',null,'testcbo',null,2,4);
Insert into ETRUSTEX.ETR_TB_INTERCHANGE_AGR (ICA_ID,CRE_DT,CRE_ID,MOD_DT,MOD_ID,ICA_VAL_START_DT,INT_CIA_ID,ICA_PRO_ID) values (98944,str_to_date('26-MAR-14 16.21.56','%d-%b-%y %H.%i.%s'),'testcbo',null,'testcbo',null,2,4);
Insert into ETRUSTEX.ETR_TB_INTERCHANGE_AGR (ICA_ID,CRE_DT,CRE_ID,MOD_DT,MOD_ID,ICA_VAL_START_DT,INT_CIA_ID,ICA_PRO_ID) values (578493,str_to_date('29-AUG-14 14.22.01','%d-%b-%y %H.%i.%s'),'daniemn',str_to_date('29-AUG-14 14.22.01','%d-%b-%y %H.%i.%s'),null,str_to_date('29-AUG-14 00.00.00','%d-%b-%y %H.%i.%s'),2,4);
Insert into ETRUSTEX.ETR_TB_INTERCHANGE_AGR (ICA_ID,CRE_DT,CRE_ID,MOD_DT,MOD_ID,ICA_VAL_START_DT,INT_CIA_ID,ICA_PRO_ID) values (79,str_to_date('06-AUG-14 16.03.04','%d-%b-%y %H.%i.%s'),'almahfa',str_to_date('06-AUG-14 16.03.04','%d-%b-%y %H.%i.%s'),'almahfa',null,null,4);
Insert into ETRUSTEX.ETR_TB_INTERCHANGE_AGR (ICA_ID,CRE_DT,CRE_ID,MOD_DT,MOD_ID,ICA_VAL_START_DT,INT_CIA_ID,ICA_PRO_ID) values (584239,str_to_date('29-AUG-14 15.56.23','%d-%b-%y %H.%i.%s'),'daniemn',str_to_date('29-AUG-14 15.56.23','%d-%b-%y %H.%i.%s'),null,str_to_date('29-AUG-14 00.00.00','%d-%b-%y %H.%i.%s'),2,4);
Insert into ETRUSTEX.ETR_TB_INTERCHANGE_AGR (ICA_ID,CRE_DT,CRE_ID,MOD_DT,MOD_ID,ICA_VAL_START_DT,INT_CIA_ID,ICA_PRO_ID) values (116,str_to_date('09-JAN-14 11.10.04','%d-%b-%y %H.%i.%s'),'almahfa',str_to_date('09-JAN-14 11.10.04','%d-%b-%y %H.%i.%s'),'almahfa',null,null,3);
Insert into ETRUSTEX.ETR_TB_INTERCHANGE_AGR (ICA_ID,CRE_DT,CRE_ID,MOD_DT,MOD_ID,ICA_VAL_START_DT,INT_CIA_ID,ICA_PRO_ID) values (200,str_to_date('19-NOV-13 10.47.13','%d-%b-%y %H.%i.%s'),'orazisa',str_to_date('19-NOV-13 10.47.13','%d-%b-%y %H.%i.%s'),'orazisa',null,null,3);
Insert into ETRUSTEX.ETR_TB_INTERCHANGE_AGR (ICA_ID,CRE_DT,CRE_ID,MOD_DT,MOD_ID,ICA_VAL_START_DT,INT_CIA_ID,ICA_PRO_ID) values (202,str_to_date('09-JAN-14 11.10.34','%d-%b-%y %H.%i.%s'),'almahfa',str_to_date('09-JAN-14 11.10.34','%d-%b-%y %H.%i.%s'),'almahfa',null,null,3);
Insert into ETRUSTEX.ETR_TB_INTERCHANGE_AGR (ICA_ID,CRE_DT,CRE_ID,MOD_DT,MOD_ID,ICA_VAL_START_DT,INT_CIA_ID,ICA_PRO_ID) values (24029,str_to_date('03-MAR-14 14.39.31','%d-%b-%y %H.%i.%s'),'spots',null,'spots',null,2,4);
--REM INSERTING into ETRUSTEX.ETR_TB_MSG_RESPONSE_CODE

Insert into ETRUSTEX.ETR_TB_MSG_RESPONSE_CODE (RSC_ID,CRE_DT,CRE_ID,MOD_DT,MOD_ID,RSC_CD,RSC_VAL,RSC_STS_CD,RSC_DOC_ID,RSC_ICA_ID,RSC_PRO_ID,RSC_TRA_ID) values (165,str_to_date('24-OCT-13 11.18.14','%d-%b-%y %H.%i.%s'),'almahfa',str_to_date('24-OCT-13 11.18.14','%d-%b-%y %H.%i.%s'),'almahfa','error.orderreference_single_check','Exactly one OrderReference class must be present',null,null,null,null,null);
Insert into ETRUSTEX.ETR_TB_MSG_RESPONSE_CODE (RSC_ID,CRE_DT,CRE_ID,MOD_DT,MOD_ID,RSC_CD,RSC_VAL,RSC_STS_CD,RSC_DOC_ID,RSC_ICA_ID,RSC_PRO_ID,RSC_TRA_ID) values (166,str_to_date('24-OCT-13 11.18.14','%d-%b-%y %H.%i.%s'),'almahfa',str_to_date('24-OCT-13 11.18.14','%d-%b-%y %H.%i.%s'),'almahfa','error.originalitemlocationquantity_check_maximumquantity','The amount of a MaximumQuantity should not be negative',null,null,null,null,null);
Insert into ETRUSTEX.ETR_TB_MSG_RESPONSE_CODE (RSC_ID,CRE_DT,CRE_ID,MOD_DT,MOD_ID,RSC_CD,RSC_VAL,RSC_STS_CD,RSC_DOC_ID,RSC_ICA_ID,RSC_PRO_ID,RSC_TRA_ID) values (167,str_to_date('24-OCT-13 11.18.14','%d-%b-%y %H.%i.%s'),'almahfa',str_to_date('24-OCT-13 11.18.14','%d-%b-%y %H.%i.%s'),'almahfa','error.originalitemlocationquantity_check_minimumquantity','The amount of a MinimumQuantity should not be negative',null,null,null,null,null);
Insert into ETRUSTEX.ETR_TB_MSG_RESPONSE_CODE (RSC_ID,CRE_DT,CRE_ID,MOD_DT,MOD_ID,RSC_CD,RSC_VAL,RSC_STS_CD,RSC_DOC_ID,RSC_ICA_ID,RSC_PRO_ID,RSC_TRA_ID) values (168,str_to_date('24-OCT-13 11.18.14','%d-%b-%y %H.%i.%s'),'almahfa',str_to_date('24-OCT-13 11.18.14','%d-%b-%y %H.%i.%s'),'almahfa','error.originator_document_reference_check','Element OriginatorDocumentReference should include one of following child elements: DocumentType or DocumentTypeCode',null,null,null,null,null);
Insert into ETRUSTEX.ETR_TB_MSG_RESPONSE_CODE (RSC_ID,CRE_DT,CRE_ID,MOD_DT,MOD_ID,RSC_CD,RSC_VAL,RSC_STS_CD,RSC_DOC_ID,RSC_ICA_ID,RSC_PRO_ID,RSC_TRA_ID) values (169,str_to_date('24-OCT-13 11.18.14','%d-%b-%y %H.%i.%s'),'almahfa',str_to_date('24-OCT-13 11.18.14','%d-%b-%y %H.%i.%s'),'almahfa','error.originator_document_reference_id_check','OriginatorDocumentReference ID must be present and not empty',null,null,null,null,null);
Insert into ETRUSTEX.ETR_TB_MSG_RESPONSE_CODE (RSC_ID,CRE_DT,CRE_ID,MOD_DT,MOD_ID,RSC_CD,RSC_VAL,RSC_STS_CD,RSC_DOC_ID,RSC_ICA_ID,RSC_PRO_ID,RSC_TRA_ID) values (170,str_to_date('24-OCT-13 11.18.14','%d-%b-%y %H.%i.%s'),'almahfa',str_to_date('24-OCT-13 11.18.14','%d-%b-%y %H.%i.%s'),'almahfa','error.parent_document_id_length_check','The ParentDocumentID cannot be larger than 250 characters',null,null,null,null,null);
Insert into ETRUSTEX.ETR_TB_MSG_RESPONSE_CODE (RSC_ID,CRE_DT,CRE_ID,MOD_DT,MOD_ID,RSC_CD,RSC_VAL,RSC_STS_CD,RSC_DOC_ID,RSC_ICA_ID,RSC_PRO_ID,RSC_TRA_ID) values (171,str_to_date('24-OCT-13 11.18.14','%d-%b-%y %H.%i.%s'),'almahfa',str_to_date('24-OCT-13 11.18.14','%d-%b-%y %H.%i.%s'),'almahfa','error.parent_document_type_code_check_attached_document','An AttachedDocument must not refer to an AttachedDocument in the ParentDocumentTypeCode element ',null,null,null,null,null);
Insert into ETRUSTEX.ETR_TB_MSG_RESPONSE_CODE (RSC_ID,CRE_DT,CRE_ID,MOD_DT,MOD_ID,RSC_CD,RSC_VAL,RSC_STS_CD,RSC_DOC_ID,RSC_ICA_ID,RSC_PRO_ID,RSC_TRA_ID) values (172,str_to_date('24-OCT-13 11.18.14','%d-%b-%y %H.%i.%s'),'almahfa',str_to_date('24-OCT-13 11.18.14','%d-%b-%y %H.%i.%s'),'almahfa','error.participationrequestreceptionperiod_enddate_check','When CallForTenders/ProfileExecutionID equals "Q" then EndDate in TenderingProcess/ParticipationRequestReceptionPeriod must be present and not empty',null,null,null,null,null);
Insert into ETRUSTEX.ETR_TB_MSG_RESPONSE_CODE (RSC_ID,CRE_DT,CRE_ID,MOD_DT,MOD_ID,RSC_CD,RSC_VAL,RSC_STS_CD,RSC_DOC_ID,RSC_ICA_ID,RSC_PRO_ID,RSC_TRA_ID) values (173,str_to_date('24-OCT-13 11.18.14','%d-%b-%y %H.%i.%s'),'almahfa',str_to_date('24-OCT-13 11.18.14','%d-%b-%y %H.%i.%s'),'almahfa','error.participationrequestreceptionperiod_endtime_check','When CallForTenders/ProfileExecutionID equals "Q" then EndTime in TenderingProcess/ParticipationRequestReceptionPeriod must be present and not empty',null,null,null,null,null);
Insert into ETRUSTEX.ETR_TB_MSG_RESPONSE_CODE (RSC_ID,CRE_DT,CRE_ID,MOD_DT,MOD_ID,RSC_CD,RSC_VAL,RSC_STS_CD,RSC_DOC_ID,RSC_ICA_ID,RSC_PRO_ID,RSC_TRA_ID) values (174,str_to_date('24-OCT-13 11.18.14','%d-%b-%y %H.%i.%s'),'almahfa',str_to_date('24-OCT-13 11.18.14','%d-%b-%y %H.%i.%s'),'almahfa','error.party_check_partytaxscheme','Element Party misses child element PartyTaxScheme',null,null,null,null,null);
Insert into ETRUSTEX.ETR_TB_MSG_RESPONSE_CODE (RSC_ID,CRE_DT,CRE_ID,MOD_DT,MOD_ID,RSC_CD,RSC_VAL,RSC_STS_CD,RSC_DOC_ID,RSC_ICA_ID,RSC_PRO_ID,RSC_TRA_ID) values (175,str_to_date('24-OCT-13 11.18.14','%d-%b-%y %H.%i.%s'),'almahfa',str_to_date('24-OCT-13 11.18.14','%d-%b-%y %H.%i.%s'),'almahfa','error.party_check_postaladdress','Element Party misses child element PostalAddress',null,null,null,null,null);
Insert into ETRUSTEX.ETR_TB_MSG_RESPONSE_CODE (RSC_ID,CRE_DT,CRE_ID,MOD_DT,MOD_ID,RSC_CD,RSC_VAL,RSC_STS_CD,RSC_DOC_ID,RSC_ICA_ID,RSC_PRO_ID,RSC_TRA_ID) values (176,str_to_date('24-OCT-13 11.18.14','%d-%b-%y %H.%i.%s'),'almahfa',str_to_date('24-OCT-13 11.18.14','%d-%b-%y %H.%i.%s'),'almahfa','error.party_tax_scheme_check_companyid','Element PartyTaxScheme misses child element CompanyID',null,null,null,null,null);
Insert into ETRUSTEX.ETR_TB_MSG_RESPONSE_CODE (RSC_ID,CRE_DT,CRE_ID,MOD_DT,MOD_ID,RSC_CD,RSC_VAL,RSC_STS_CD,RSC_DOC_ID,RSC_ICA_ID,RSC_PRO_ID,RSC_TRA_ID) values (177,str_to_date('24-OCT-13 11.18.14','%d-%b-%y %H.%i.%s'),'almahfa',str_to_date('24-OCT-13 11.18.14','%d-%b-%y %H.%i.%s'),'almahfa','error.payableamount_check','The Payable Amount must be equal to the tax inclusive amount minus the pre-paid amount',null,null,null,null,null);
Insert into ETRUSTEX.ETR_TB_MSG_RESPONSE_CODE (RSC_ID,CRE_DT,CRE_ID,MOD_DT,MOD_ID,RSC_CD,RSC_VAL,RSC_STS_CD,RSC_DOC_ID,RSC_ICA_ID,RSC_PRO_ID,RSC_TRA_ID) values (178,str_to_date('24-OCT-13 11.18.14','%d-%b-%y %H.%i.%s'),'almahfa',str_to_date('24-OCT-13 11.18.14','%d-%b-%y %H.%i.%s'),'almahfa','error.payeeparty_name_check','Name in PayeeParty/Party/PartyName must be present and cannot be empty',null,null,null,null,null);
Insert into ETRUSTEX.ETR_TB_MSG_RESPONSE_CODE (RSC_ID,CRE_DT,CRE_ID,MOD_DT,MOD_ID,RSC_CD,RSC_VAL,RSC_STS_CD,RSC_DOC_ID,RSC_ICA_ID,RSC_PRO_ID,RSC_TRA_ID) values (179,str_to_date('24-OCT-13 11.18.14','%d-%b-%y %H.%i.%s'),'almahfa',str_to_date('24-OCT-13 11.18.14','%d-%b-%y %H.%i.%s'),'almahfa','error.payeeparty_partyidentification_id_check','ID in PayeeParty/PartyIdentification must be present and cannot be empty',null,null,null,null,null);
Insert into ETRUSTEX.ETR_TB_MSG_RESPONSE_CODE (RSC_ID,CRE_DT,CRE_ID,MOD_DT,MOD_ID,RSC_CD,RSC_VAL,RSC_STS_CD,RSC_DOC_ID,RSC_ICA_ID,RSC_PRO_ID,RSC_TRA_ID) values (180,str_to_date('24-OCT-13 11.18.14','%d-%b-%y %H.%i.%s'),'almahfa',str_to_date('24-OCT-13 11.18.14','%d-%b-%y %H.%i.%s'),'almahfa','error.paymentterms_amount_check','Amount in PaymentTerms must not be negative',null,null,null,null,null);
Insert into ETRUSTEX.ETR_TB_MSG_RESPONSE_CODE (RSC_ID,CRE_DT,CRE_ID,MOD_DT,MOD_ID,RSC_CD,RSC_VAL,RSC_STS_CD,RSC_DOC_ID,RSC_ICA_ID,RSC_PRO_ID,RSC_TRA_ID) values (181,str_to_date('24-OCT-13 11.18.14','%d-%b-%y %H.%i.%s'),'almahfa',str_to_date('24-OCT-13 11.18.14','%d-%b-%y %H.%i.%s'),'almahfa','error.period_check_enddate','Element Period misses child element EndDate',null,null,null,null,null);
Insert into ETRUSTEX.ETR_TB_MSG_RESPONSE_CODE (RSC_ID,CRE_DT,CRE_ID,MOD_DT,MOD_ID,RSC_CD,RSC_VAL,RSC_STS_CD,RSC_DOC_ID,RSC_ICA_ID,RSC_PRO_ID,RSC_TRA_ID) values (182,str_to_date('24-OCT-13 11.18.14','%d-%b-%y %H.%i.%s'),'almahfa',str_to_date('24-OCT-13 11.18.14','%d-%b-%y %H.%i.%s'),'almahfa','error.period_check_startdate','Element Period misses child element StartDate',null,null,null,null,null);
Insert into ETRUSTEX.ETR_TB_MSG_RESPONSE_CODE (RSC_ID,CRE_DT,CRE_ID,MOD_DT,MOD_ID,RSC_CD,RSC_VAL,RSC_STS_CD,RSC_DOC_ID,RSC_ICA_ID,RSC_PRO_ID,RSC_TRA_ID) values (183,str_to_date('24-OCT-13 11.18.14','%d-%b-%y %H.%i.%s'),'almahfa',str_to_date('24-OCT-13 11.18.14','%d-%b-%y %H.%i.%s'),'almahfa','error.prepaidamount_check','The Prepaid Amount must be equal to the total of all Prepaid Payments at document level',null,null,null,null,null);
Insert into ETRUSTEX.ETR_TB_MSG_RESPONSE_CODE (RSC_ID,CRE_DT,CRE_ID,MOD_DT,MOD_ID,RSC_CD,RSC_VAL,RSC_STS_CD,RSC_DOC_ID,RSC_ICA_ID,RSC_PRO_ID,RSC_TRA_ID) values (184,str_to_date('24-OCT-13 11.18.14','%d-%b-%y %H.%i.%s'),'almahfa',str_to_date('24-OCT-13 11.18.14','%d-%b-%y %H.%i.%s'),'almahfa','error.priceamount_check','Element PriceAmount should not contain a negative value',null,null,null,null,null);
Insert into ETRUSTEX.ETR_TB_MSG_RESPONSE_CODE (RSC_ID,CRE_DT,CRE_ID,MOD_DT,MOD_ID,RSC_CD,RSC_VAL,RSC_STS_CD,RSC_DOC_ID,RSC_ICA_ID,RSC_PRO_ID,RSC_TRA_ID) values (185,str_to_date('24-OCT-13 11.18.14','%d-%b-%y %H.%i.%s'),'almahfa',str_to_date('24-OCT-13 11.18.14','%d-%b-%y %H.%i.%s'),'almahfa','error.priceamount_hard_check','PriceAmount must not be negative',null,null,null,null,null);
Insert into ETRUSTEX.ETR_TB_MSG_RESPONSE_CODE (RSC_ID,CRE_DT,CRE_ID,MOD_DT,MOD_ID,RSC_CD,RSC_VAL,RSC_STS_CD,RSC_DOC_ID,RSC_ICA_ID,RSC_PRO_ID,RSC_TRA_ID) values (186,str_to_date('24-OCT-13 11.18.14','%d-%b-%y %H.%i.%s'),'almahfa',str_to_date('24-OCT-13 11.18.14','%d-%b-%y %H.%i.%s'),'almahfa','error.procurementproject_description_check','Description in ProcurementProject must be present and not empty',null,null,null,null,null);
Insert into ETRUSTEX.ETR_TB_MSG_RESPONSE_CODE (RSC_ID,CRE_DT,CRE_ID,MOD_DT,MOD_ID,RSC_CD,RSC_VAL,RSC_STS_CD,RSC_DOC_ID,RSC_ICA_ID,RSC_PRO_ID,RSC_TRA_ID) values (187,str_to_date('24-OCT-13 11.18.14','%d-%b-%y %H.%i.%s'),'almahfa',str_to_date('24-OCT-13 11.18.14','%d-%b-%y %H.%i.%s'),'almahfa','error.procurementproject_procurementtypecode_check','ProcurementTypeCode in ProcurementProject must be present and not empty',null,null,null,null,null);
Insert into ETRUSTEX.ETR_TB_MSG_RESPONSE_CODE (RSC_ID,CRE_DT,CRE_ID,MOD_DT,MOD_ID,RSC_CD,RSC_VAL,RSC_STS_CD,RSC_DOC_ID,RSC_ICA_ID,RSC_PRO_ID,RSC_TRA_ID) values (188,str_to_date('24-OCT-13 11.18.14','%d-%b-%y %H.%i.%s'),'almahfa',str_to_date('24-OCT-13 11.18.14','%d-%b-%y %H.%i.%s'),'almahfa','error.profileexecutionid_check','The ProfileExecutionID of the message must be equal to "INVITE"',null,null,null,null,null);
Insert into ETRUSTEX.ETR_TB_MSG_RESPONSE_CODE (RSC_ID,CRE_DT,CRE_ID,MOD_DT,MOD_ID,RSC_CD,RSC_VAL,RSC_STS_CD,RSC_DOC_ID,RSC_ICA_ID,RSC_PRO_ID,RSC_TRA_ID) values (189,str_to_date('24-OCT-13 11.18.14','%d-%b-%y %H.%i.%s'),'almahfa',str_to_date('24-OCT-13 11.18.14','%d-%b-%y %H.%i.%s'),'almahfa','error.profileexecutionid_check','The ProfileExecutionID must exists and should have one of the values "T" or "QT" or "Q2T" or "Q"',null,null,null,null,null);
Insert into ETRUSTEX.ETR_TB_MSG_RESPONSE_CODE (RSC_ID,CRE_DT,CRE_ID,MOD_DT,MOD_ID,RSC_CD,RSC_VAL,RSC_STS_CD,RSC_DOC_ID,RSC_ICA_ID,RSC_PRO_ID,RSC_TRA_ID) values (190,str_to_date('24-OCT-13 11.18.14','%d-%b-%y %H.%i.%s'),'almahfa',str_to_date('24-OCT-13 11.18.14','%d-%b-%y %H.%i.%s'),'almahfa','error.profileid_check','The ProfileID of the message must be present and not empty',null,null,null,null,null);
Insert into ETRUSTEX.ETR_TB_MSG_RESPONSE_CODE (RSC_ID,CRE_DT,CRE_ID,MOD_DT,MOD_ID,RSC_CD,RSC_VAL,RSC_STS_CD,RSC_DOC_ID,RSC_ICA_ID,RSC_PRO_ID,RSC_TRA_ID) values (191,str_to_date('24-OCT-13 11.18.14','%d-%b-%y %H.%i.%s'),'almahfa',str_to_date('24-OCT-13 11.18.14','%d-%b-%y %H.%i.%s'),'almahfa','error.qualificationresolution_exclusionreason_check','For each Qualification Resolution, the exclusion reason is mandatory in case the response is negative, describing a reason for the exclusion from the tendering process.',null,null,null,null,null);
Insert into ETRUSTEX.ETR_TB_MSG_RESPONSE_CODE (RSC_ID,CRE_DT,CRE_ID,MOD_DT,MOD_ID,RSC_CD,RSC_VAL,RSC_STS_CD,RSC_DOC_ID,RSC_ICA_ID,RSC_PRO_ID,RSC_TRA_ID) values (192,str_to_date('24-OCT-13 11.18.14','%d-%b-%y %H.%i.%s'),'almahfa',str_to_date('24-OCT-13 11.18.14','%d-%b-%y %H.%i.%s'),'almahfa','error.quantity_negativity_check','A Quantity should not be negative',null,null,null,null,null);
Insert into ETRUSTEX.ETR_TB_MSG_RESPONSE_CODE (RSC_ID,CRE_DT,CRE_ID,MOD_DT,MOD_ID,RSC_CD,RSC_VAL,RSC_STS_CD,RSC_DOC_ID,RSC_ICA_ID,RSC_PRO_ID,RSC_TRA_ID) values (193,str_to_date('24-OCT-13 11.18.14','%d-%b-%y %H.%i.%s'),'almahfa',str_to_date('24-OCT-13 11.18.14','%d-%b-%y %H.%i.%s'),'almahfa','error.quantity_range_check','The MaximumQuantity should be greater or equal to the MinimumQuantity within the same parent element',null,null,null,null,null);
Insert into ETRUSTEX.ETR_TB_MSG_RESPONSE_CODE (RSC_ID,CRE_DT,CRE_ID,MOD_DT,MOD_ID,RSC_CD,RSC_VAL,RSC_STS_CD,RSC_DOC_ID,RSC_ICA_ID,RSC_PRO_ID,RSC_TRA_ID) values (194,str_to_date('24-OCT-13 11.18.14','%d-%b-%y %H.%i.%s'),'almahfa',str_to_date('24-OCT-13 11.18.14','%d-%b-%y %H.%i.%s'),'almahfa','error.quantity_unitcode_check','Quantities must have a unitCode attribute',null,null,null,null,null);
Insert into ETRUSTEX.ETR_TB_MSG_RESPONSE_CODE (RSC_ID,CRE_DT,CRE_ID,MOD_DT,MOD_ID,RSC_CD,RSC_VAL,RSC_STS_CD,RSC_DOC_ID,RSC_ICA_ID,RSC_PRO_ID,RSC_TRA_ID) values (195,str_to_date('24-OCT-13 11.18.14','%d-%b-%y %H.%i.%s'),'almahfa',str_to_date('24-OCT-13 11.18.14','%d-%b-%y %H.%i.%s'),'almahfa','error.receiverparty_endpointid_check','The EndpointID withing the element ReceiverParty must be present and not empty',null,null,null,null,null);
Insert into ETRUSTEX.ETR_TB_MSG_RESPONSE_CODE (RSC_ID,CRE_DT,CRE_ID,MOD_DT,MOD_ID,RSC_CD,RSC_VAL,RSC_STS_CD,RSC_DOC_ID,RSC_ICA_ID,RSC_PRO_ID,RSC_TRA_ID) values (196,str_to_date('24-OCT-13 11.18.14','%d-%b-%y %H.%i.%s'),'almahfa',str_to_date('24-OCT-13 11.18.14','%d-%b-%y %H.%i.%s'),'almahfa','error.receiverparty_partyidentification_check','The PartyIdentification inside ReceiverParty must be present and not empty',null,null,null,null,null);
Insert into ETRUSTEX.ETR_TB_MSG_RESPONSE_CODE (RSC_ID,CRE_DT,CRE_ID,MOD_DT,MOD_ID,RSC_CD,RSC_VAL,RSC_STS_CD,RSC_DOC_ID,RSC_ICA_ID,RSC_PRO_ID,RSC_TRA_ID) values (197,str_to_date('24-OCT-13 11.18.14','%d-%b-%y %H.%i.%s'),'almahfa',str_to_date('24-OCT-13 11.18.14','%d-%b-%y %H.%i.%s'),'almahfa','error.referencedcontract_check_id','ReferencedContract ID should be present and not empty',null,null,null,null,null);
Insert into ETRUSTEX.ETR_TB_MSG_RESPONSE_CODE (RSC_ID,CRE_DT,CRE_ID,MOD_DT,MOD_ID,RSC_CD,RSC_VAL,RSC_STS_CD,RSC_DOC_ID,RSC_ICA_ID,RSC_PRO_ID,RSC_TRA_ID) values (198,str_to_date('24-OCT-13 11.18.14','%d-%b-%y %H.%i.%s'),'almahfa',str_to_date('24-OCT-13 11.18.14','%d-%b-%y %H.%i.%s'),'almahfa','error.referencedcontract_check_number_error','A ReferencedContract class must be present',null,null,null,null,null);
Insert into ETRUSTEX.ETR_TB_MSG_RESPONSE_CODE (RSC_ID,CRE_DT,CRE_ID,MOD_DT,MOD_ID,RSC_CD,RSC_VAL,RSC_STS_CD,RSC_DOC_ID,RSC_ICA_ID,RSC_PRO_ID,RSC_TRA_ID) values (199,str_to_date('24-OCT-13 11.18.14','%d-%b-%y %H.%i.%s'),'almahfa',str_to_date('24-OCT-13 11.18.14','%d-%b-%y %H.%i.%s'),'almahfa','error.referencedcontract_check_number_warning','Not more than one ReferencedContract class should be present',null,null,null,null,null);
Insert into ETRUSTEX.ETR_TB_MSG_RESPONSE_CODE (RSC_ID,CRE_DT,CRE_ID,MOD_DT,MOD_ID,RSC_CD,RSC_VAL,RSC_STS_CD,RSC_DOC_ID,RSC_ICA_ID,RSC_PRO_ID,RSC_TRA_ID) values (200,str_to_date('24-OCT-13 11.18.14','%d-%b-%y %H.%i.%s'),'almahfa',str_to_date('24-OCT-13 11.18.14','%d-%b-%y %H.%i.%s'),'almahfa','error.relateditemcriterion_check','The attribute ItemRelationshipType is mandatory in the element RelatedItemCriterion',null,null,null,null,null);
Insert into ETRUSTEX.ETR_TB_MSG_RESPONSE_CODE (RSC_ID,CRE_DT,CRE_ID,MOD_DT,MOD_ID,RSC_CD,RSC_VAL,RSC_STS_CD,RSC_DOC_ID,RSC_ICA_ID,RSC_PRO_ID,RSC_TRA_ID) values (201,str_to_date('24-OCT-13 11.18.14','%d-%b-%y %H.%i.%s'),'almahfa',str_to_date('24-OCT-13 11.18.14','%d-%b-%y %H.%i.%s'),'almahfa','error.reminder_line_billingreference_id_check','If  there is more than one Reminder/ReminderLine/BillingReference reference then the Reminder/ReminderLine/BillingReference/InvoiceDocumentReference/ID must be the same in all the references',null,null,null,null,null);
Insert into ETRUSTEX.ETR_TB_MSG_RESPONSE_CODE (RSC_ID,CRE_DT,CRE_ID,MOD_DT,MOD_ID,RSC_CD,RSC_VAL,RSC_STS_CD,RSC_DOC_ID,RSC_ICA_ID,RSC_PRO_ID,RSC_TRA_ID) values (202,str_to_date('24-OCT-13 11.18.14','%d-%b-%y %H.%i.%s'),'almahfa',str_to_date('24-OCT-13 11.18.14','%d-%b-%y %H.%i.%s'),'almahfa','error.reminder_line_check','No more than one ReminderLine must be present',null,null,null,null,null);
Insert into ETRUSTEX.ETR_TB_MSG_RESPONSE_CODE (RSC_ID,CRE_DT,CRE_ID,MOD_DT,MOD_ID,RSC_CD,RSC_VAL,RSC_STS_CD,RSC_DOC_ID,RSC_ICA_ID,RSC_PRO_ID,RSC_TRA_ID) values (203,str_to_date('24-OCT-13 11.18.14','%d-%b-%y %H.%i.%s'),'almahfa',str_to_date('24-OCT-13 11.18.14','%d-%b-%y %H.%i.%s'),'almahfa','error.reminder_line_creditnotedocumentreference_id_check','ID in CreditNoteDocumentReference must be present and cannot be empty',null,null,null,null,null);
Insert into ETRUSTEX.ETR_TB_MSG_RESPONSE_CODE (RSC_ID,CRE_DT,CRE_ID,MOD_DT,MOD_ID,RSC_CD,RSC_VAL,RSC_STS_CD,RSC_DOC_ID,RSC_ICA_ID,RSC_PRO_ID,RSC_TRA_ID) values (204,str_to_date('24-OCT-13 11.18.14','%d-%b-%y %H.%i.%s'),'almahfa',str_to_date('24-OCT-13 11.18.14','%d-%b-%y %H.%i.%s'),'almahfa','error.reminder_line_id_check','ID in ReminderLine must be present and cannot be empty',null,null,null,null,null);
Insert into ETRUSTEX.ETR_TB_MSG_RESPONSE_CODE (RSC_ID,CRE_DT,CRE_ID,MOD_DT,MOD_ID,RSC_CD,RSC_VAL,RSC_STS_CD,RSC_DOC_ID,RSC_ICA_ID,RSC_PRO_ID,RSC_TRA_ID) values (205,str_to_date('24-OCT-13 11.18.14','%d-%b-%y %H.%i.%s'),'almahfa',str_to_date('24-OCT-13 11.18.14','%d-%b-%y %H.%i.%s'),'almahfa','error.reminder_line_invoicedocumentreference_id_check','ID in ReminderLine/BillingReference/InvoiceDocumentReference must be present and cannot be empty',null,null,null,null,null);
Insert into ETRUSTEX.ETR_TB_MSG_RESPONSE_CODE (RSC_ID,CRE_DT,CRE_ID,MOD_DT,MOD_ID,RSC_CD,RSC_VAL,RSC_STS_CD,RSC_DOC_ID,RSC_ICA_ID,RSC_PRO_ID,RSC_TRA_ID) values (206,str_to_date('24-OCT-13 11.18.14','%d-%b-%y %H.%i.%s'),'almahfa',str_to_date('24-OCT-13 11.18.14','%d-%b-%y %H.%i.%s'),'almahfa','error.reminder_period_check','No more than one ReminderPeriod must be present',null,null,null,null,null);
Insert into ETRUSTEX.ETR_TB_MSG_RESPONSE_CODE (RSC_ID,CRE_DT,CRE_ID,MOD_DT,MOD_ID,RSC_CD,RSC_VAL,RSC_STS_CD,RSC_DOC_ID,RSC_ICA_ID,RSC_PRO_ID,RSC_TRA_ID) values (207,str_to_date('24-OCT-13 11.18.14','%d-%b-%y %H.%i.%s'),'almahfa',str_to_date('24-OCT-13 11.18.14','%d-%b-%y %H.%i.%s'),'almahfa','error.requesteddeliveryperiod_end_date_check','EndDate must be present in RequestedDeliveryPeriod',null,null,null,null,null);
Insert into ETRUSTEX.ETR_TB_MSG_RESPONSE_CODE (RSC_ID,CRE_DT,CRE_ID,MOD_DT,MOD_ID,RSC_CD,RSC_VAL,RSC_STS_CD,RSC_DOC_ID,RSC_ICA_ID,RSC_PRO_ID,RSC_TRA_ID) values (208,str_to_date('24-OCT-13 11.18.14','%d-%b-%y %H.%i.%s'),'almahfa',str_to_date('24-OCT-13 11.18.14','%d-%b-%y %H.%i.%s'),'almahfa','error.requesteddeliveryperiod_invalid_date_range','StartDate must be smaller or equal to EndDate in RequestedDeliveryPeriod',null,null,null,null,null);
Insert into ETRUSTEX.ETR_TB_MSG_RESPONSE_CODE (RSC_ID,CRE_DT,CRE_ID,MOD_DT,MOD_ID,RSC_CD,RSC_VAL,RSC_STS_CD,RSC_DOC_ID,RSC_ICA_ID,RSC_PRO_ID,RSC_TRA_ID) values (209,str_to_date('24-OCT-13 11.18.14','%d-%b-%y %H.%i.%s'),'almahfa',str_to_date('24-OCT-13 11.18.14','%d-%b-%y %H.%i.%s'),'almahfa','error.requesteddeliveryperiod_start_date_check','StartDate must be present in RequestedDeliveryPeriod',null,null,null,null,null);
Insert into ETRUSTEX.ETR_TB_MSG_RESPONSE_CODE (RSC_ID,CRE_DT,CRE_ID,MOD_DT,MOD_ID,RSC_CD,RSC_VAL,RSC_STS_CD,RSC_DOC_ID,RSC_ICA_ID,RSC_PRO_ID,RSC_TRA_ID) values (210,str_to_date('24-OCT-13 11.18.14','%d-%b-%y %H.%i.%s'),'almahfa',str_to_date('24-OCT-13 11.18.14','%d-%b-%y %H.%i.%s'),'almahfa','error.resolutiondocumentreference_443_check','There can be maximum one instance of TendererQualificationResponse/ResolutionDocumentReference/ID with DocumentTypeCode "443"',null,null,null,null,null);
Insert into ETRUSTEX.ETR_TB_MSG_RESPONSE_CODE (RSC_ID,CRE_DT,CRE_ID,MOD_DT,MOD_ID,RSC_CD,RSC_VAL,RSC_STS_CD,RSC_DOC_ID,RSC_ICA_ID,RSC_PRO_ID,RSC_TRA_ID) values (279,str_to_date('24-OCT-13 11.18.14','%d-%b-%y %H.%i.%s'),'orazisa',str_to_date('24-OCT-13 11.18.14','%d-%b-%y %H.%i.%s'),'orazisa','error.paginationrange_check_from','Element PaginationRange misses child element From',null,null,null,null,null);
Insert into ETRUSTEX.ETR_TB_MSG_RESPONSE_CODE (RSC_ID,CRE_DT,CRE_ID,MOD_DT,MOD_ID,RSC_CD,RSC_VAL,RSC_STS_CD,RSC_DOC_ID,RSC_ICA_ID,RSC_PRO_ID,RSC_TRA_ID) values (280,str_to_date('24-OCT-13 11.18.14','%d-%b-%y %H.%i.%s'),'orazisa',str_to_date('24-OCT-13 11.18.14','%d-%b-%y %H.%i.%s'),'orazisa','error.paginationrange_check_to','Element PaginationRange misses child element To',null,null,null,null,null);
Insert into ETRUSTEX.ETR_TB_MSG_RESPONSE_CODE (RSC_ID,CRE_DT,CRE_ID,MOD_DT,MOD_ID,RSC_CD,RSC_VAL,RSC_STS_CD,RSC_DOC_ID,RSC_ICA_ID,RSC_PRO_ID,RSC_TRA_ID) values (281,str_to_date('24-OCT-13 11.18.14','%d-%b-%y %H.%i.%s'),'orazisa',str_to_date('24-OCT-13 11.18.14','%d-%b-%y %H.%i.%s'),'orazisa','error.paginationrange_invalid_range','PaginationRange From is larger than To',null,null,null,null,null);
Insert into ETRUSTEX.ETR_TB_MSG_RESPONSE_CODE (RSC_ID,CRE_DT,CRE_ID,MOD_DT,MOD_ID,RSC_CD,RSC_VAL,RSC_STS_CD,RSC_DOC_ID,RSC_ICA_ID,RSC_PRO_ID,RSC_TRA_ID) values (282,str_to_date('24-OCT-13 11.18.14','%d-%b-%y %H.%i.%s'),'orazisa',str_to_date('24-OCT-13 11.18.14','%d-%b-%y %H.%i.%s'),'orazisa','error.paginationrange_large_range','The difference between PaginationRange.To and PaginationRange.From cannot be larger than 1000',null,null,null,null,null);
Insert into ETRUSTEX.ETR_TB_MSG_RESPONSE_CODE (RSC_ID,CRE_DT,CRE_ID,MOD_DT,MOD_ID,RSC_CD,RSC_VAL,RSC_STS_CD,RSC_DOC_ID,RSC_ICA_ID,RSC_PRO_ID,RSC_TRA_ID) values (283,str_to_date('24-OCT-13 11.18.14','%d-%b-%y %H.%i.%s'),'orazisa',str_to_date('24-OCT-13 11.18.14','%d-%b-%y %H.%i.%s'),'orazisa','error.userid_check','The UserID cannot be empty',null,null,null,null,null);
Insert into ETRUSTEX.ETR_TB_MSG_RESPONSE_CODE (RSC_ID,CRE_DT,CRE_ID,MOD_DT,MOD_ID,RSC_CD,RSC_VAL,RSC_STS_CD,RSC_DOC_ID,RSC_ICA_ID,RSC_PRO_ID,RSC_TRA_ID) values (284,str_to_date('24-OCT-13 11.18.14','%d-%b-%y %H.%i.%s'),'orazisa',str_to_date('24-OCT-13 11.18.14','%d-%b-%y %H.%i.%s'),'orazisa','error.invalid_codetable_value_sortfieldtypecode','Value supplied is unacceptable for an element controlled by codelist SortFieldTypeCode',null,null,null,null,null);
Insert into ETRUSTEX.ETR_TB_MSG_RESPONSE_CODE (RSC_ID,CRE_DT,CRE_ID,MOD_DT,MOD_ID,RSC_CD,RSC_VAL,RSC_STS_CD,RSC_DOC_ID,RSC_ICA_ID,RSC_PRO_ID,RSC_TRA_ID) values (211,str_to_date('24-OCT-13 11.18.14','%d-%b-%y %H.%i.%s'),'almahfa',str_to_date('24-OCT-13 11.18.14','%d-%b-%y %H.%i.%s'),'almahfa','error.resolutiondocumentreference_bdl_check','There can be maximum one instance of TendererQualificationResponse/ResolutionDocumentReference/ID with DocumentTypeCode "BDL"',null,null,null,null,null);
Insert into ETRUSTEX.ETR_TB_MSG_RESPONSE_CODE (RSC_ID,CRE_DT,CRE_ID,MOD_DT,MOD_ID,RSC_CD,RSC_VAL,RSC_STS_CD,RSC_DOC_ID,RSC_ICA_ID,RSC_PRO_ID,RSC_TRA_ID) values (212,str_to_date('24-OCT-13 11.18.14','%d-%b-%y %H.%i.%s'),'almahfa',str_to_date('24-OCT-13 11.18.14','%d-%b-%y %H.%i.%s'),'almahfa','error.resolutiondocumentreference_check','At least one TendererQualificationResponse/ResolutionDocumentReference element must be present',null,null,null,null,null);
Insert into ETRUSTEX.ETR_TB_MSG_RESPONSE_CODE (RSC_ID,CRE_DT,CRE_ID,MOD_DT,MOD_ID,RSC_CD,RSC_VAL,RSC_STS_CD,RSC_DOC_ID,RSC_ICA_ID,RSC_PRO_ID,RSC_TRA_ID) values (213,str_to_date('24-OCT-13 11.18.14','%d-%b-%y %H.%i.%s'),'almahfa',str_to_date('24-OCT-13 11.18.14','%d-%b-%y %H.%i.%s'),'almahfa','error.resolutiondocumentreference_doctypecode_check','The Qualification Bundle reference  in element TendererQualificationResponse/ResolutionDocumentReference/ID MUST exists and the corresponding DocumentTypeCode must be "BDL" or "443"',null,null,null,null,null);
Insert into ETRUSTEX.ETR_TB_MSG_RESPONSE_CODE (RSC_ID,CRE_DT,CRE_ID,MOD_DT,MOD_ID,RSC_CD,RSC_VAL,RSC_STS_CD,RSC_DOC_ID,RSC_ICA_ID,RSC_PRO_ID,RSC_TRA_ID) values (214,str_to_date('24-OCT-13 11.18.14','%d-%b-%y %H.%i.%s'),'almahfa',str_to_date('24-OCT-13 11.18.14','%d-%b-%y %H.%i.%s'),'almahfa','error.salesorderid_check','SalesOrderID should be present and not empty',null,null,null,null,null);
Insert into ETRUSTEX.ETR_TB_MSG_RESPONSE_CODE (RSC_ID,CRE_DT,CRE_ID,MOD_DT,MOD_ID,RSC_CD,RSC_VAL,RSC_STS_CD,RSC_DOC_ID,RSC_ICA_ID,RSC_PRO_ID,RSC_TRA_ID) values (215,str_to_date('24-OCT-13 11.18.14','%d-%b-%y %H.%i.%s'),'almahfa',str_to_date('24-OCT-13 11.18.14','%d-%b-%y %H.%i.%s'),'almahfa','error.search_parameter_check','At least one optional search parameter must be present',null,null,null,null,null);
Insert into ETRUSTEX.ETR_TB_MSG_RESPONSE_CODE (RSC_ID,CRE_DT,CRE_ID,MOD_DT,MOD_ID,RSC_CD,RSC_VAL,RSC_STS_CD,RSC_DOC_ID,RSC_ICA_ID,RSC_PRO_ID,RSC_TRA_ID) values (216,str_to_date('24-OCT-13 11.18.14','%d-%b-%y %H.%i.%s'),'almahfa',str_to_date('24-OCT-13 11.18.14','%d-%b-%y %H.%i.%s'),'almahfa','error.sellersitemidentificationid_check','The SellersItemIdentification ID of the message cannot be empty',null,null,null,null,null);
Insert into ETRUSTEX.ETR_TB_MSG_RESPONSE_CODE (RSC_ID,CRE_DT,CRE_ID,MOD_DT,MOD_ID,RSC_CD,RSC_VAL,RSC_STS_CD,RSC_DOC_ID,RSC_ICA_ID,RSC_PRO_ID,RSC_TRA_ID) values (217,str_to_date('24-OCT-13 11.18.14','%d-%b-%y %H.%i.%s'),'almahfa',str_to_date('24-OCT-13 11.18.14','%d-%b-%y %H.%i.%s'),'almahfa','error.sellersitemidentificationid_invalid_char','The SellersItemIdentification ID of the message contains an invalid character',null,null,null,null,null);
Insert into ETRUSTEX.ETR_TB_MSG_RESPONSE_CODE (RSC_ID,CRE_DT,CRE_ID,MOD_DT,MOD_ID,RSC_CD,RSC_VAL,RSC_STS_CD,RSC_DOC_ID,RSC_ICA_ID,RSC_PRO_ID,RSC_TRA_ID) values (218,str_to_date('24-OCT-13 11.18.14','%d-%b-%y %H.%i.%s'),'almahfa',str_to_date('24-OCT-13 11.18.14','%d-%b-%y %H.%i.%s'),'almahfa','error.sellersitemidentificationid_length_check','The SellersItemIdentification ID of the message cannot be larger than 250 characters',null,null,null,null,null);
Insert into ETRUSTEX.ETR_TB_MSG_RESPONSE_CODE (RSC_ID,CRE_DT,CRE_ID,MOD_DT,MOD_ID,RSC_CD,RSC_VAL,RSC_STS_CD,RSC_DOC_ID,RSC_ICA_ID,RSC_PRO_ID,RSC_TRA_ID) values (219,str_to_date('24-OCT-13 11.18.14','%d-%b-%y %H.%i.%s'),'almahfa',str_to_date('24-OCT-13 11.18.14','%d-%b-%y %H.%i.%s'),'almahfa','error.senderparty_endpointid_check','The EndpointID withing the element SenderParty must be present and not empty',null,null,null,null,null);
Insert into ETRUSTEX.ETR_TB_MSG_RESPONSE_CODE (RSC_ID,CRE_DT,CRE_ID,MOD_DT,MOD_ID,RSC_CD,RSC_VAL,RSC_STS_CD,RSC_DOC_ID,RSC_ICA_ID,RSC_PRO_ID,RSC_TRA_ID) values (220,str_to_date('24-OCT-13 11.18.14','%d-%b-%y %H.%i.%s'),'almahfa',str_to_date('24-OCT-13 11.18.14','%d-%b-%y %H.%i.%s'),'almahfa','error.senderparty_partyidentification_check','The PartyIdentification inside SenderParty must be present and not empty',null,null,null,null,null);
Insert into ETRUSTEX.ETR_TB_MSG_RESPONSE_CODE (RSC_ID,CRE_DT,CRE_ID,MOD_DT,MOD_ID,RSC_CD,RSC_VAL,RSC_STS_CD,RSC_DOC_ID,RSC_ICA_ID,RSC_PRO_ID,RSC_TRA_ID) values (221,str_to_date('24-OCT-13 11.18.14','%d-%b-%y %H.%i.%s'),'almahfa',str_to_date('24-OCT-13 11.18.14','%d-%b-%y %H.%i.%s'),'almahfa','error.senderparty_partyname_check','The PartyName inside SenderParty must be present and not empty',null,null,null,null,null);
Insert into ETRUSTEX.ETR_TB_MSG_RESPONSE_CODE (RSC_ID,CRE_DT,CRE_ID,MOD_DT,MOD_ID,RSC_CD,RSC_VAL,RSC_STS_CD,RSC_DOC_ID,RSC_ICA_ID,RSC_PRO_ID,RSC_TRA_ID) values (222,str_to_date('24-OCT-13 11.18.14','%d-%b-%y %H.%i.%s'),'almahfa',str_to_date('24-OCT-13 11.18.14','%d-%b-%y %H.%i.%s'),'almahfa','error.shortlistedparty_check','At least one instance of EconomicOperatorShorlist/ShortlistedParty must be present',null,null,null,null,null);
Insert into ETRUSTEX.ETR_TB_MSG_RESPONSE_CODE (RSC_ID,CRE_DT,CRE_ID,MOD_DT,MOD_ID,RSC_CD,RSC_VAL,RSC_STS_CD,RSC_DOC_ID,RSC_ICA_ID,RSC_PRO_ID,RSC_TRA_ID) values (223,str_to_date('24-OCT-13 11.18.14','%d-%b-%y %H.%i.%s'),'almahfa',str_to_date('24-OCT-13 11.18.14','%d-%b-%y %H.%i.%s'),'almahfa','error.shortlistedparty_forwardedparty_endpointid_check','The EndpointID for each EconomicOperatorShortlist/ShortlistedParty/ForwardedParty must be present and not empty',null,null,null,null,null);
Insert into ETRUSTEX.ETR_TB_MSG_RESPONSE_CODE (RSC_ID,CRE_DT,CRE_ID,MOD_DT,MOD_ID,RSC_CD,RSC_VAL,RSC_STS_CD,RSC_DOC_ID,RSC_ICA_ID,RSC_PRO_ID,RSC_TRA_ID) values (224,str_to_date('24-OCT-13 11.18.14','%d-%b-%y %H.%i.%s'),'almahfa',str_to_date('24-OCT-13 11.18.14','%d-%b-%y %H.%i.%s'),'almahfa','error.shortlistedparty_preselectedparty_endpointid_check','The EndpointID for each EconomicOperatorShortlist/ShortlistedParty/PreselectedParty must be present and not empty',null,null,null,null,null);
Insert into ETRUSTEX.ETR_TB_MSG_RESPONSE_CODE (RSC_ID,CRE_DT,CRE_ID,MOD_DT,MOD_ID,RSC_CD,RSC_VAL,RSC_STS_CD,RSC_DOC_ID,RSC_ICA_ID,RSC_PRO_ID,RSC_TRA_ID) values (225,str_to_date('24-OCT-13 11.18.14','%d-%b-%y %H.%i.%s'),'almahfa',str_to_date('24-OCT-13 11.18.14','%d-%b-%y %H.%i.%s'),'almahfa','error.specifictendererrequirement_description_check','Description in TenderingTerms/TendererQualificationRequest/SpecificTendererRequirement must be present and not empty',null,null,null,null,null);
Insert into ETRUSTEX.ETR_TB_MSG_RESPONSE_CODE (RSC_ID,CRE_DT,CRE_ID,MOD_DT,MOD_ID,RSC_CD,RSC_VAL,RSC_STS_CD,RSC_DOC_ID,RSC_ICA_ID,RSC_PRO_ID,RSC_TRA_ID) values (226,str_to_date('24-OCT-13 11.18.14','%d-%b-%y %H.%i.%s'),'almahfa',str_to_date('24-OCT-13 11.18.14','%d-%b-%y %H.%i.%s'),'almahfa','error.standarditemidentification_check_schemeid','Attribute schemeID should be provided for a StandardItemIdentification/ID element',null,null,null,null,null);
Insert into ETRUSTEX.ETR_TB_MSG_RESPONSE_CODE (RSC_ID,CRE_DT,CRE_ID,MOD_DT,MOD_ID,RSC_CD,RSC_VAL,RSC_STS_CD,RSC_DOC_ID,RSC_ICA_ID,RSC_PRO_ID,RSC_TRA_ID) values (227,str_to_date('24-OCT-13 11.18.14','%d-%b-%y %H.%i.%s'),'almahfa',str_to_date('24-OCT-13 11.18.14','%d-%b-%y %H.%i.%s'),'almahfa','error.tax_category_check_id_percent','For each tax subcategory except in Reverse Charge VAT the category ID and the applicable tax percentage should be provided',null,null,null,null,null);
Insert into ETRUSTEX.ETR_TB_MSG_RESPONSE_CODE (RSC_ID,CRE_DT,CRE_ID,MOD_DT,MOD_ID,RSC_CD,RSC_VAL,RSC_STS_CD,RSC_DOC_ID,RSC_ICA_ID,RSC_PRO_ID,RSC_TRA_ID) values (228,str_to_date('24-OCT-13 11.18.14','%d-%b-%y %H.%i.%s'),'almahfa',str_to_date('24-OCT-13 11.18.14','%d-%b-%y %H.%i.%s'),'almahfa','error.tax_category_check_percentperunitamount','Element (Classified)TaxCategory should include one of following child elements: Percent or PerUnitAmount',null,null,null,null,null);
Insert into ETRUSTEX.ETR_TB_MSG_RESPONSE_CODE (RSC_ID,CRE_DT,CRE_ID,MOD_DT,MOD_ID,RSC_CD,RSC_VAL,RSC_STS_CD,RSC_DOC_ID,RSC_ICA_ID,RSC_PRO_ID,RSC_TRA_ID) values (229,str_to_date('24-OCT-13 11.18.14','%d-%b-%y %H.%i.%s'),'almahfa',str_to_date('24-OCT-13 11.18.14','%d-%b-%y %H.%i.%s'),'almahfa','error.taxexchangerate_check','DocumentCurrencyCode differs from TaxCurrencyCode, but there is no TaxExchangeRate defined',null,null,null,null,null);
Insert into ETRUSTEX.ETR_TB_MSG_RESPONSE_CODE (RSC_ID,CRE_DT,CRE_ID,MOD_DT,MOD_ID,RSC_CD,RSC_VAL,RSC_STS_CD,RSC_DOC_ID,RSC_ICA_ID,RSC_PRO_ID,RSC_TRA_ID) values (230,str_to_date('24-OCT-13 11.18.14','%d-%b-%y %H.%i.%s'),'almahfa',str_to_date('24-OCT-13 11.18.14','%d-%b-%y %H.%i.%s'),'almahfa','error.taxexclusiveamount_check','The Tax Exclusive Amount must be equal to the total line amount plus charges minus discounts exclusive of taxes',null,null,null,null,null);
Insert into ETRUSTEX.ETR_TB_MSG_RESPONSE_CODE (RSC_ID,CRE_DT,CRE_ID,MOD_DT,MOD_ID,RSC_CD,RSC_VAL,RSC_STS_CD,RSC_DOC_ID,RSC_ICA_ID,RSC_PRO_ID,RSC_TRA_ID) values (231,str_to_date('24-OCT-13 11.18.14','%d-%b-%y %H.%i.%s'),'almahfa',str_to_date('24-OCT-13 11.18.14','%d-%b-%y %H.%i.%s'),'almahfa','error.taxexclusiveamount_presence_check','The document should specify the total amount without taxes',null,null,null,null,null);
Insert into ETRUSTEX.ETR_TB_MSG_RESPONSE_CODE (RSC_ID,CRE_DT,CRE_ID,MOD_DT,MOD_ID,RSC_CD,RSC_VAL,RSC_STS_CD,RSC_DOC_ID,RSC_ICA_ID,RSC_PRO_ID,RSC_TRA_ID) values (232,str_to_date('24-OCT-13 11.18.14','%d-%b-%y %H.%i.%s'),'almahfa',str_to_date('24-OCT-13 11.18.14','%d-%b-%y %H.%i.%s'),'almahfa','error.taxinclusiveamount_check','The Tax Inclusive Amount must be equal to Tax Exclusive Amount plus sum of the total tax amounts',null,null,null,null,null);
Insert into ETRUSTEX.ETR_TB_MSG_RESPONSE_CODE (RSC_ID,CRE_DT,CRE_ID,MOD_DT,MOD_ID,RSC_CD,RSC_VAL,RSC_STS_CD,RSC_DOC_ID,RSC_ICA_ID,RSC_PRO_ID,RSC_TRA_ID) values (233,str_to_date('24-OCT-13 11.18.14','%d-%b-%y %H.%i.%s'),'almahfa',str_to_date('24-OCT-13 11.18.14','%d-%b-%y %H.%i.%s'),'almahfa','error.taxinclusiveamount_negative_check','The Tax inclusive amount should not be negative',null,null,null,null,null);
Insert into ETRUSTEX.ETR_TB_MSG_RESPONSE_CODE (RSC_ID,CRE_DT,CRE_ID,MOD_DT,MOD_ID,RSC_CD,RSC_VAL,RSC_STS_CD,RSC_DOC_ID,RSC_ICA_ID,RSC_PRO_ID,RSC_TRA_ID) values (234,str_to_date('24-OCT-13 11.18.14','%d-%b-%y %H.%i.%s'),'almahfa',str_to_date('24-OCT-13 11.18.14','%d-%b-%y %H.%i.%s'),'almahfa','error.taxinclusiveamount_presence_check','The document should specify the total amount with taxes included',null,null,null,null,null);
Insert into ETRUSTEX.ETR_TB_MSG_RESPONSE_CODE (RSC_ID,CRE_DT,CRE_ID,MOD_DT,MOD_ID,RSC_CD,RSC_VAL,RSC_STS_CD,RSC_DOC_ID,RSC_ICA_ID,RSC_PRO_ID,RSC_TRA_ID) values (235,str_to_date('24-OCT-13 11.18.14','%d-%b-%y %H.%i.%s'),'almahfa',str_to_date('24-OCT-13 11.18.14','%d-%b-%y %H.%i.%s'),'almahfa','error.taxschemeid_check','Within one TaxTotal the TaxScheme ID of all TaxSubtotals must be the same',null,null,null,null,null);
Insert into ETRUSTEX.ETR_TB_MSG_RESPONSE_CODE (RSC_ID,CRE_DT,CRE_ID,MOD_DT,MOD_ID,RSC_CD,RSC_VAL,RSC_STS_CD,RSC_DOC_ID,RSC_ICA_ID,RSC_PRO_ID,RSC_TRA_ID) values (236,str_to_date('24-OCT-13 11.18.14','%d-%b-%y %H.%i.%s'),'almahfa',str_to_date('24-OCT-13 11.18.14','%d-%b-%y %H.%i.%s'),'almahfa','error.taxtotal_check_number','Maximum 1 Tax Total should be present at document level',null,null,null,null,null);
Insert into ETRUSTEX.ETR_TB_MSG_RESPONSE_CODE (RSC_ID,CRE_DT,CRE_ID,MOD_DT,MOD_ID,RSC_CD,RSC_VAL,RSC_STS_CD,RSC_DOC_ID,RSC_ICA_ID,RSC_PRO_ID,RSC_TRA_ID) values (237,str_to_date('24-OCT-13 11.18.14','%d-%b-%y %H.%i.%s'),'almahfa',str_to_date('24-OCT-13 11.18.14','%d-%b-%y %H.%i.%s'),'almahfa','error.taxtotal_check_taxsubtotal','Element TaxTotal misses child element TaxSubtotal',null,null,null,null,null);
Insert into ETRUSTEX.ETR_TB_MSG_RESPONSE_CODE (RSC_ID,CRE_DT,CRE_ID,MOD_DT,MOD_ID,RSC_CD,RSC_VAL,RSC_STS_CD,RSC_DOC_ID,RSC_ICA_ID,RSC_PRO_ID,RSC_TRA_ID) values (238,str_to_date('24-OCT-13 11.18.14','%d-%b-%y %H.%i.%s'),'almahfa',str_to_date('24-OCT-13 11.18.14','%d-%b-%y %H.%i.%s'),'almahfa','error.taxtotal_taxamount_check','TaxAmount in TaxTotal must not be negative',null,null,null,null,null);
Insert into ETRUSTEX.ETR_TB_MSG_RESPONSE_CODE (RSC_ID,CRE_DT,CRE_ID,MOD_DT,MOD_ID,RSC_CD,RSC_VAL,RSC_STS_CD,RSC_DOC_ID,RSC_ICA_ID,RSC_PRO_ID,RSC_TRA_ID) values (239,str_to_date('24-OCT-13 11.18.14','%d-%b-%y %H.%i.%s'),'almahfa',str_to_date('24-OCT-13 11.18.14','%d-%b-%y %H.%i.%s'),'almahfa','error.taxtotals_check','The Tax Total must be equal to the sum of its Tax Subtotals',null,null,null,null,null);
Insert into ETRUSTEX.ETR_TB_MSG_RESPONSE_CODE (RSC_ID,CRE_DT,CRE_ID,MOD_DT,MOD_ID,RSC_CD,RSC_VAL,RSC_STS_CD,RSC_DOC_ID,RSC_ICA_ID,RSC_PRO_ID,RSC_TRA_ID) values (240,str_to_date('24-OCT-13 11.18.14','%d-%b-%y %H.%i.%s'),'almahfa',str_to_date('24-OCT-13 11.18.14','%d-%b-%y %H.%i.%s'),'almahfa','error.technicalevaluationcriteria_description_check','Description in TenderingTerms/TendererQualificationRequest/TechnicalEvaluationCriteria must be present and not empty',null,null,null,null,null);
Insert into ETRUSTEX.ETR_TB_MSG_RESPONSE_CODE (RSC_ID,CRE_DT,CRE_ID,MOD_DT,MOD_ID,RSC_CD,RSC_VAL,RSC_STS_CD,RSC_DOC_ID,RSC_ICA_ID,RSC_PRO_ID,RSC_TRA_ID) values (241,str_to_date('24-OCT-13 11.18.14','%d-%b-%y %H.%i.%s'),'almahfa',str_to_date('24-OCT-13 11.18.14','%d-%b-%y %H.%i.%s'),'almahfa','error.tenderdocumentreference_documenttypecode_bundle_check','One and only one TenderDocumentReference should refer to a document type code of value BUNDLE',null,null,null,null,null);
Insert into ETRUSTEX.ETR_TB_MSG_RESPONSE_CODE (RSC_ID,CRE_DT,CRE_ID,MOD_DT,MOD_ID,RSC_CD,RSC_VAL,RSC_STS_CD,RSC_DOC_ID,RSC_ICA_ID,RSC_PRO_ID,RSC_TRA_ID) values (243,str_to_date('24-OCT-13 11.18.14','%d-%b-%y %H.%i.%s'),'almahfa',str_to_date('24-OCT-13 11.18.14','%d-%b-%y %H.%i.%s'),'almahfa','error.tenderdocumentreference_documenttypecode_check','The TenderDocumentReference must contain a document type code',null,null,null,null,null);
Insert into ETRUSTEX.ETR_TB_MSG_RESPONSE_CODE (RSC_ID,CRE_DT,CRE_ID,MOD_DT,MOD_ID,RSC_CD,RSC_VAL,RSC_STS_CD,RSC_DOC_ID,RSC_ICA_ID,RSC_PRO_ID,RSC_TRA_ID) values (244,str_to_date('24-OCT-13 11.18.14','%d-%b-%y %H.%i.%s'),'almahfa',str_to_date('24-OCT-13 11.18.14','%d-%b-%y %H.%i.%s'),'almahfa','error.tenderdocumentreference_id_check','The TenderDocumentReference must contain an identifier',null,null,null,null,null);
Insert into ETRUSTEX.ETR_TB_MSG_RESPONSE_CODE (RSC_ID,CRE_DT,CRE_ID,MOD_DT,MOD_ID,RSC_CD,RSC_VAL,RSC_STS_CD,RSC_DOC_ID,RSC_ICA_ID,RSC_PRO_ID,RSC_TRA_ID) values (245,str_to_date('24-OCT-13 11.18.14','%d-%b-%y %H.%i.%s'),'almahfa',str_to_date('24-OCT-13 11.18.14','%d-%b-%y %H.%i.%s'),'almahfa','error.tenderingprocess_contractingsystemcode_check','ContractingSystemCode in TenderingProcess must be present and not empty',null,null,null,null,null);
Insert into ETRUSTEX.ETR_TB_MSG_RESPONSE_CODE (RSC_ID,CRE_DT,CRE_ID,MOD_DT,MOD_ID,RSC_CD,RSC_VAL,RSC_STS_CD,RSC_DOC_ID,RSC_ICA_ID,RSC_PRO_ID,RSC_TRA_ID) values (246,str_to_date('24-OCT-13 11.18.14','%d-%b-%y %H.%i.%s'),'almahfa',str_to_date('24-OCT-13 11.18.14','%d-%b-%y %H.%i.%s'),'almahfa','error.tenderingprocess_description_check','Description in TenderingProcess must be present and not empty',null,null,null,null,null);
Insert into ETRUSTEX.ETR_TB_MSG_RESPONSE_CODE (RSC_ID,CRE_DT,CRE_ID,MOD_DT,MOD_ID,RSC_CD,RSC_VAL,RSC_STS_CD,RSC_DOC_ID,RSC_ICA_ID,RSC_PRO_ID,RSC_TRA_ID) values (247,str_to_date('24-OCT-13 11.18.14','%d-%b-%y %H.%i.%s'),'almahfa',str_to_date('24-OCT-13 11.18.14','%d-%b-%y %H.%i.%s'),'almahfa','error.tenderingprocess_opentenderevent_occurrencedate_check','OpenTenderEvent/OccurrenceDate in TenderingProcess must be present and not empty',null,null,null,null,null);
Insert into ETRUSTEX.ETR_TB_MSG_RESPONSE_CODE (RSC_ID,CRE_DT,CRE_ID,MOD_DT,MOD_ID,RSC_CD,RSC_VAL,RSC_STS_CD,RSC_DOC_ID,RSC_ICA_ID,RSC_PRO_ID,RSC_TRA_ID) values (248,str_to_date('24-OCT-13 11.18.14','%d-%b-%y %H.%i.%s'),'almahfa',str_to_date('24-OCT-13 11.18.14','%d-%b-%y %H.%i.%s'),'almahfa','error.tenderingprocess_opentenderevent_occurrencetime_check','OpenTenderEvent/OccurrenceTime in TenderingProcess must be present and not empty',null,null,null,null,null);
Insert into ETRUSTEX.ETR_TB_MSG_RESPONSE_CODE (RSC_ID,CRE_DT,CRE_ID,MOD_DT,MOD_ID,RSC_CD,RSC_VAL,RSC_STS_CD,RSC_DOC_ID,RSC_ICA_ID,RSC_PRO_ID,RSC_TRA_ID) values (249,str_to_date('24-OCT-13 11.18.14','%d-%b-%y %H.%i.%s'),'almahfa',str_to_date('24-OCT-13 11.18.14','%d-%b-%y %H.%i.%s'),'almahfa','error.tenderingprocess_partpresentationcode_check','PartPresentationCode in TenderingProcess must be present and not empty',null,null,null,null,null);
Insert into ETRUSTEX.ETR_TB_MSG_RESPONSE_CODE (RSC_ID,CRE_DT,CRE_ID,MOD_DT,MOD_ID,RSC_CD,RSC_VAL,RSC_STS_CD,RSC_DOC_ID,RSC_ICA_ID,RSC_PRO_ID,RSC_TRA_ID) values (250,str_to_date('24-OCT-13 11.18.14','%d-%b-%y %H.%i.%s'),'almahfa',str_to_date('24-OCT-13 11.18.14','%d-%b-%y %H.%i.%s'),'almahfa','error.tenderingprocess_procedurecode_check','ProcedureCode in TenderingProcess must be present and not empty',null,null,null,null,null);
Insert into ETRUSTEX.ETR_TB_MSG_RESPONSE_CODE (RSC_ID,CRE_DT,CRE_ID,MOD_DT,MOD_ID,RSC_CD,RSC_VAL,RSC_STS_CD,RSC_DOC_ID,RSC_ICA_ID,RSC_PRO_ID,RSC_TRA_ID) values (51,str_to_date('24-OCT-13 11.18.14','%d-%b-%y %H.%i.%s'),'almahfa',str_to_date('24-OCT-13 11.18.14','%d-%b-%y %H.%i.%s'),'almahfa','error.accountingsupplierparty_name_check','Name in AccountingSupplierParty/Party/PartyName must be present and cannot be empty',null,null,null,null,null);
Insert into ETRUSTEX.ETR_TB_MSG_RESPONSE_CODE (RSC_ID,CRE_DT,CRE_ID,MOD_DT,MOD_ID,RSC_CD,RSC_VAL,RSC_STS_CD,RSC_DOC_ID,RSC_ICA_ID,RSC_PRO_ID,RSC_TRA_ID) values (52,str_to_date('24-OCT-13 11.18.14','%d-%b-%y %H.%i.%s'),'almahfa',str_to_date('24-OCT-13 11.18.14','%d-%b-%y %H.%i.%s'),'almahfa','error.additional_document_reference_check','Element AdditionalDocumentReference should include one of following child elements: DocumentType or DocumentTypeCode',null,null,null,null,null);
Insert into ETRUSTEX.ETR_TB_MSG_RESPONSE_CODE (RSC_ID,CRE_DT,CRE_ID,MOD_DT,MOD_ID,RSC_CD,RSC_VAL,RSC_STS_CD,RSC_DOC_ID,RSC_ICA_ID,RSC_PRO_ID,RSC_TRA_ID) values (53,str_to_date('24-OCT-13 11.18.14','%d-%b-%y %H.%i.%s'),'almahfa',str_to_date('24-OCT-13 11.18.14','%d-%b-%y %H.%i.%s'),'almahfa','error.additional_document_reference_id_check','When CallForTenders/AdditionalDocumentReference/DocumentType exists and is not empty the corresponding CallForTenders/AdditionalDocumentReference/ID cannot be empty',null,null,null,null,null);
Insert into ETRUSTEX.ETR_TB_MSG_RESPONSE_CODE (RSC_ID,CRE_DT,CRE_ID,MOD_DT,MOD_ID,RSC_CD,RSC_VAL,RSC_STS_CD,RSC_DOC_ID,RSC_ICA_ID,RSC_PRO_ID,RSC_TRA_ID) values (54,str_to_date('24-OCT-13 11.18.14','%d-%b-%y %H.%i.%s'),'almahfa',str_to_date('24-OCT-13 11.18.14','%d-%b-%y %H.%i.%s'),'almahfa','error.additional_document_reference_notificationplatform_check','Exactly one AdditionalDocumentReference with DocumentType "URL::notification platform" must exist',null,null,null,null,null);
Insert into ETRUSTEX.ETR_TB_MSG_RESPONSE_CODE (RSC_ID,CRE_DT,CRE_ID,MOD_DT,MOD_ID,RSC_CD,RSC_VAL,RSC_STS_CD,RSC_DOC_ID,RSC_ICA_ID,RSC_PRO_ID,RSC_TRA_ID) values (55,str_to_date('24-OCT-13 11.18.14','%d-%b-%y %H.%i.%s'),'almahfa',str_to_date('24-OCT-13 11.18.14','%d-%b-%y %H.%i.%s'),'almahfa','error.additional_document_reference_notificationplatform_id_check','The ID of the AdditionalDocumentReference with DocumentType "URL::notification platform" cannot be empty',null,null,null,null,null);
Insert into ETRUSTEX.ETR_TB_MSG_RESPONSE_CODE (RSC_ID,CRE_DT,CRE_ID,MOD_DT,MOD_ID,RSC_CD,RSC_VAL,RSC_STS_CD,RSC_DOC_ID,RSC_ICA_ID,RSC_PRO_ID,RSC_TRA_ID) values (56,str_to_date('24-OCT-13 11.18.14','%d-%b-%y %H.%i.%s'),'almahfa',str_to_date('24-OCT-13 11.18.14','%d-%b-%y %H.%i.%s'),'almahfa','error.additional_document_reference_submissionplatform_check','Exactly one AdditionalDocumentReference with DocumentType "URL::submission platform" must exist',null,null,null,null,null);
Insert into ETRUSTEX.ETR_TB_MSG_RESPONSE_CODE (RSC_ID,CRE_DT,CRE_ID,MOD_DT,MOD_ID,RSC_CD,RSC_VAL,RSC_STS_CD,RSC_DOC_ID,RSC_ICA_ID,RSC_PRO_ID,RSC_TRA_ID) values (57,str_to_date('24-OCT-13 11.18.14','%d-%b-%y %H.%i.%s'),'almahfa',str_to_date('24-OCT-13 11.18.14','%d-%b-%y %H.%i.%s'),'almahfa','error.additional_document_reference_submissionplatform_id_check','The ID of the AdditionalDocumentReference with DocumentType "URL::submission platform" cannot be empty',null,null,null,null,null);
Insert into ETRUSTEX.ETR_TB_MSG_RESPONSE_CODE (RSC_ID,CRE_DT,CRE_ID,MOD_DT,MOD_ID,RSC_CD,RSC_VAL,RSC_STS_CD,RSC_DOC_ID,RSC_ICA_ID,RSC_PRO_ID,RSC_TRA_ID) values (58,str_to_date('24-OCT-13 11.18.14','%d-%b-%y %H.%i.%s'),'almahfa',str_to_date('24-OCT-13 11.18.14','%d-%b-%y %H.%i.%s'),'almahfa','error.address_check_cityname','Element PostalAddress misses child element CityName',null,null,null,null,null);
Insert into ETRUSTEX.ETR_TB_MSG_RESPONSE_CODE (RSC_ID,CRE_DT,CRE_ID,MOD_DT,MOD_ID,RSC_CD,RSC_VAL,RSC_STS_CD,RSC_DOC_ID,RSC_ICA_ID,RSC_PRO_ID,RSC_TRA_ID) values (59,str_to_date('24-OCT-13 11.18.14','%d-%b-%y %H.%i.%s'),'almahfa',str_to_date('24-OCT-13 11.18.14','%d-%b-%y %H.%i.%s'),'almahfa','error.address_check_country','Element PostalAddress misses child element Country',null,null,null,null,null);
Insert into ETRUSTEX.ETR_TB_MSG_RESPONSE_CODE (RSC_ID,CRE_DT,CRE_ID,MOD_DT,MOD_ID,RSC_CD,RSC_VAL,RSC_STS_CD,RSC_DOC_ID,RSC_ICA_ID,RSC_PRO_ID,RSC_TRA_ID) values (60,str_to_date('24-OCT-13 11.18.14','%d-%b-%y %H.%i.%s'),'almahfa',str_to_date('24-OCT-13 11.18.14','%d-%b-%y %H.%i.%s'),'almahfa','error.address_check_postalzone','Element PostalAddress misses child element PostalZone',null,null,null,null,null);
Insert into ETRUSTEX.ETR_TB_MSG_RESPONSE_CODE (RSC_ID,CRE_DT,CRE_ID,MOD_DT,MOD_ID,RSC_CD,RSC_VAL,RSC_STS_CD,RSC_DOC_ID,RSC_ICA_ID,RSC_PRO_ID,RSC_TRA_ID) values (61,str_to_date('24-OCT-13 11.18.14','%d-%b-%y %H.%i.%s'),'almahfa',str_to_date('24-OCT-13 11.18.14','%d-%b-%y %H.%i.%s'),'almahfa','error.address_check_streetname','Element PostalAddress misses child element StreetName',null,null,null,null,null);
Insert into ETRUSTEX.ETR_TB_MSG_RESPONSE_CODE (RSC_ID,CRE_DT,CRE_ID,MOD_DT,MOD_ID,RSC_CD,RSC_VAL,RSC_STS_CD,RSC_DOC_ID,RSC_ICA_ID,RSC_PRO_ID,RSC_TRA_ID) values (62,str_to_date('24-OCT-13 11.18.14','%d-%b-%y %H.%i.%s'),'almahfa',str_to_date('24-OCT-13 11.18.14','%d-%b-%y %H.%i.%s'),'almahfa','error.admissioncode_false_check','When Tenderer Qualification Response.CustomizationID = "urn:www.cenbii.eu:transaction:BiiTrns042:ver1.0:ec:icd2", for each existing Qualification Resolution,  the admission code  MUST be equal with "false"',null,null,null,null,null);
Insert into ETRUSTEX.ETR_TB_MSG_RESPONSE_CODE (RSC_ID,CRE_DT,CRE_ID,MOD_DT,MOD_ID,RSC_CD,RSC_VAL,RSC_STS_CD,RSC_DOC_ID,RSC_ICA_ID,RSC_PRO_ID,RSC_TRA_ID) values (63,str_to_date('24-OCT-13 11.18.14','%d-%b-%y %H.%i.%s'),'almahfa',str_to_date('24-OCT-13 11.18.14','%d-%b-%y %H.%i.%s'),'almahfa','error.admissioncode_true_check','When Tenderer Qualification Response.CustomizationID = "urn:www.cenbii.eu:transaction:BiiTrns043:ver1.0:ec:icd2", for each existing Qualification Resolution,  the admission code  MUST be equal with "true"',null,null,null,null,null);
Insert into ETRUSTEX.ETR_TB_MSG_RESPONSE_CODE (RSC_ID,CRE_DT,CRE_ID,MOD_DT,MOD_ID,RSC_CD,RSC_VAL,RSC_STS_CD,RSC_DOC_ID,RSC_ICA_ID,RSC_PRO_ID,RSC_TRA_ID) values (64,str_to_date('24-OCT-13 11.18.14','%d-%b-%y %H.%i.%s'),'almahfa',str_to_date('24-OCT-13 11.18.14','%d-%b-%y %H.%i.%s'),'almahfa','error.allowance_charge_check','The amount of an AllowanceCharge should not be negative',null,null,null,null,null);
Insert into ETRUSTEX.ETR_TB_MSG_RESPONSE_CODE (RSC_ID,CRE_DT,CRE_ID,MOD_DT,MOD_ID,RSC_CD,RSC_VAL,RSC_STS_CD,RSC_DOC_ID,RSC_ICA_ID,RSC_PRO_ID,RSC_TRA_ID) values (65,str_to_date('24-OCT-13 11.18.14','%d-%b-%y %H.%i.%s'),'almahfa',str_to_date('24-OCT-13 11.18.14','%d-%b-%y %H.%i.%s'),'almahfa','error.allowance_charge_hard_check','Amount in AllowanceCharge must not be negative',null,null,null,null,null);
Insert into ETRUSTEX.ETR_TB_MSG_RESPONSE_CODE (RSC_ID,CRE_DT,CRE_ID,MOD_DT,MOD_ID,RSC_CD,RSC_VAL,RSC_STS_CD,RSC_DOC_ID,RSC_ICA_ID,RSC_PRO_ID,RSC_TRA_ID) values (66,str_to_date('24-OCT-13 11.18.14','%d-%b-%y %H.%i.%s'),'almahfa',str_to_date('24-OCT-13 11.18.14','%d-%b-%y %H.%i.%s'),'almahfa','error.chargetotalamount_check','The Charge Total Amount must be equal to the total of all charges at document level',null,null,null,null,null);
Insert into ETRUSTEX.ETR_TB_MSG_RESPONSE_CODE (RSC_ID,CRE_DT,CRE_ID,MOD_DT,MOD_ID,RSC_CD,RSC_VAL,RSC_STS_CD,RSC_DOC_ID,RSC_ICA_ID,RSC_PRO_ID,RSC_TRA_ID) values (67,str_to_date('24-OCT-13 11.18.14','%d-%b-%y %H.%i.%s'),'almahfa',str_to_date('24-OCT-13 11.18.14','%d-%b-%y %H.%i.%s'),'almahfa','error.commodityclassification_check','Both ItemClassificationCode and ItemClassificationCode/@listID must be present and not empty in CommodityClassification',null,null,null,null,null);
Insert into ETRUSTEX.ETR_TB_MSG_RESPONSE_CODE (RSC_ID,CRE_DT,CRE_ID,MOD_DT,MOD_ID,RSC_CD,RSC_VAL,RSC_STS_CD,RSC_DOC_ID,RSC_ICA_ID,RSC_PRO_ID,RSC_TRA_ID) values (68,str_to_date('24-OCT-13 11.18.14','%d-%b-%y %H.%i.%s'),'almahfa',str_to_date('24-OCT-13 11.18.14','%d-%b-%y %H.%i.%s'),'almahfa','error.contract_check','Exactly one Contract class should be present',null,null,null,null,null);
Insert into ETRUSTEX.ETR_TB_MSG_RESPONSE_CODE (RSC_ID,CRE_DT,CRE_ID,MOD_DT,MOD_ID,RSC_CD,RSC_VAL,RSC_STS_CD,RSC_DOC_ID,RSC_ICA_ID,RSC_PRO_ID,RSC_TRA_ID) values (69,str_to_date('24-OCT-13 11.18.14','%d-%b-%y %H.%i.%s'),'almahfa',str_to_date('24-OCT-13 11.18.14','%d-%b-%y %H.%i.%s'),'almahfa','error.contract_document_reference_check','Element ContractDocumentReference should include one of following child elements: DocumentType or DocumentTypeCode',null,null,null,null,null);
Insert into ETRUSTEX.ETR_TB_MSG_RESPONSE_CODE (RSC_ID,CRE_DT,CRE_ID,MOD_DT,MOD_ID,RSC_CD,RSC_VAL,RSC_STS_CD,RSC_DOC_ID,RSC_ICA_ID,RSC_PRO_ID,RSC_TRA_ID) values (70,str_to_date('24-OCT-13 11.18.14','%d-%b-%y %H.%i.%s'),'almahfa',str_to_date('24-OCT-13 11.18.14','%d-%b-%y %H.%i.%s'),'almahfa','error.contract_id_check','The ID of the contract should not be empty',null,null,null,null,null);
Insert into ETRUSTEX.ETR_TB_MSG_RESPONSE_CODE (RSC_ID,CRE_DT,CRE_ID,MOD_DT,MOD_ID,RSC_CD,RSC_VAL,RSC_STS_CD,RSC_DOC_ID,RSC_ICA_ID,RSC_PRO_ID,RSC_TRA_ID) values (71,str_to_date('24-OCT-13 11.18.14','%d-%b-%y %H.%i.%s'),'almahfa',str_to_date('24-OCT-13 11.18.14','%d-%b-%y %H.%i.%s'),'almahfa','error.contract_id_hard_check','The ID of the contract must not be empty',null,null,null,null,null);
Insert into ETRUSTEX.ETR_TB_MSG_RESPONSE_CODE (RSC_ID,CRE_DT,CRE_ID,MOD_DT,MOD_ID,RSC_CD,RSC_VAL,RSC_STS_CD,RSC_DOC_ID,RSC_ICA_ID,RSC_PRO_ID,RSC_TRA_ID) values (72,str_to_date('24-OCT-13 11.18.14','%d-%b-%y %H.%i.%s'),'almahfa',str_to_date('24-OCT-13 11.18.14','%d-%b-%y %H.%i.%s'),'almahfa','error.contract_reference_id_check','The ID of the contract should not be empty',null,null,null,null,null);
Insert into ETRUSTEX.ETR_TB_MSG_RESPONSE_CODE (RSC_ID,CRE_DT,CRE_ID,MOD_DT,MOD_ID,RSC_CD,RSC_VAL,RSC_STS_CD,RSC_DOC_ID,RSC_ICA_ID,RSC_PRO_ID,RSC_TRA_ID) values (73,str_to_date('24-OCT-13 11.18.14','%d-%b-%y %H.%i.%s'),'almahfa',str_to_date('24-OCT-13 11.18.14','%d-%b-%y %H.%i.%s'),'almahfa','error.contractdocumentreference_check','ContractDocumentReference should be present and not empty',null,null,null,null,null);
Insert into ETRUSTEX.ETR_TB_MSG_RESPONSE_CODE (RSC_ID,CRE_DT,CRE_ID,MOD_DT,MOD_ID,RSC_CD,RSC_VAL,RSC_STS_CD,RSC_DOC_ID,RSC_ICA_ID,RSC_PRO_ID,RSC_TRA_ID) values (74,str_to_date('24-OCT-13 11.18.14','%d-%b-%y %H.%i.%s'),'almahfa',str_to_date('24-OCT-13 11.18.14','%d-%b-%y %H.%i.%s'),'almahfa','error.contractingparty_check_identificationcode','IdentificationCode in ContractingParty/Party/PartyLegalEntity/RegistrationAddress/Country must be present and not empty',null,null,null,null,null);
Insert into ETRUSTEX.ETR_TB_MSG_RESPONSE_CODE (RSC_ID,CRE_DT,CRE_ID,MOD_DT,MOD_ID,RSC_CD,RSC_VAL,RSC_STS_CD,RSC_DOC_ID,RSC_ICA_ID,RSC_PRO_ID,RSC_TRA_ID) values (75,str_to_date('24-OCT-13 11.18.14','%d-%b-%y %H.%i.%s'),'almahfa',str_to_date('24-OCT-13 11.18.14','%d-%b-%y %H.%i.%s'),'almahfa','error.contractingparty_endpointid_check','The ContractingParty EndPointID of the message must be present and not empty',null,null,null,null,null);
Insert into ETRUSTEX.ETR_TB_MSG_RESPONSE_CODE (RSC_ID,CRE_DT,CRE_ID,MOD_DT,MOD_ID,RSC_CD,RSC_VAL,RSC_STS_CD,RSC_DOC_ID,RSC_ICA_ID,RSC_PRO_ID,RSC_TRA_ID) values (76,str_to_date('24-OCT-13 11.18.14','%d-%b-%y %H.%i.%s'),'almahfa',str_to_date('24-OCT-13 11.18.14','%d-%b-%y %H.%i.%s'),'almahfa','error.contractingparty_endpointid_invalid_char','The ContractingParty EndPointID of the message contains an invalid character',null,null,null,null,null);
Insert into ETRUSTEX.ETR_TB_MSG_RESPONSE_CODE (RSC_ID,CRE_DT,CRE_ID,MOD_DT,MOD_ID,RSC_CD,RSC_VAL,RSC_STS_CD,RSC_DOC_ID,RSC_ICA_ID,RSC_PRO_ID,RSC_TRA_ID) values (77,str_to_date('24-OCT-13 11.18.14','%d-%b-%y %H.%i.%s'),'almahfa',str_to_date('24-OCT-13 11.18.14','%d-%b-%y %H.%i.%s'),'almahfa','error.contractingparty_endpointid_length_check','The ContractingParty EndPointID of the message cannot be larger than 250 characters',null,null,null,null,null);
Insert into ETRUSTEX.ETR_TB_MSG_RESPONSE_CODE (RSC_ID,CRE_DT,CRE_ID,MOD_DT,MOD_ID,RSC_CD,RSC_VAL,RSC_STS_CD,RSC_DOC_ID,RSC_ICA_ID,RSC_PRO_ID,RSC_TRA_ID) values (78,str_to_date('24-OCT-13 11.18.14','%d-%b-%y %H.%i.%s'),'almahfa',str_to_date('24-OCT-13 11.18.14','%d-%b-%y %H.%i.%s'),'almahfa','error.contractingparty_name_identificationcode','Name in ContractingParty/Party/PartyName must be present and not empty',null,null,null,null,null);
Insert into ETRUSTEX.ETR_TB_MSG_RESPONSE_CODE (RSC_ID,CRE_DT,CRE_ID,MOD_DT,MOD_ID,RSC_CD,RSC_VAL,RSC_STS_CD,RSC_DOC_ID,RSC_ICA_ID,RSC_PRO_ID,RSC_TRA_ID) values (79,str_to_date('24-OCT-13 11.18.14','%d-%b-%y %H.%i.%s'),'almahfa',str_to_date('24-OCT-13 11.18.14','%d-%b-%y %H.%i.%s'),'almahfa','error.copyindicator_check','Element CopyIndicator is not allowed in this document',null,null,null,null,null);
Insert into ETRUSTEX.ETR_TB_MSG_RESPONSE_CODE (RSC_ID,CRE_DT,CRE_ID,MOD_DT,MOD_ID,RSC_CD,RSC_VAL,RSC_STS_CD,RSC_DOC_ID,RSC_ICA_ID,RSC_PRO_ID,RSC_TRA_ID) values (80,str_to_date('24-OCT-13 11.18.14','%d-%b-%y %H.%i.%s'),'almahfa',str_to_date('24-OCT-13 11.18.14','%d-%b-%y %H.%i.%s'),'almahfa','error.creditnotedocumentreference_documenttypecode_check','Reminder/ReminderLine/BillingReference/CreditNoteDocumentReference/DocumentTypeCode must be a valid code',null,null,null,null,null);
Insert into ETRUSTEX.ETR_TB_MSG_RESPONSE_CODE (RSC_ID,CRE_DT,CRE_ID,MOD_DT,MOD_ID,RSC_CD,RSC_VAL,RSC_STS_CD,RSC_DOC_ID,RSC_ICA_ID,RSC_PRO_ID,RSC_TRA_ID) values (81,str_to_date('24-OCT-13 11.18.14','%d-%b-%y %H.%i.%s'),'almahfa',str_to_date('24-OCT-13 11.18.14','%d-%b-%y %H.%i.%s'),'almahfa','error.creditnotelinelineextensionamount_check','The total line amount plus charges minus discounts exclusive of taxes must be equal to the LineExtensionAmount at line level',null,null,null,null,null);
Insert into ETRUSTEX.ETR_TB_MSG_RESPONSE_CODE (RSC_ID,CRE_DT,CRE_ID,MOD_DT,MOD_ID,RSC_CD,RSC_VAL,RSC_STS_CD,RSC_DOC_ID,RSC_ICA_ID,RSC_PRO_ID,RSC_TRA_ID) values (82,str_to_date('24-OCT-13 11.18.14','%d-%b-%y %H.%i.%s'),'almahfa',str_to_date('24-OCT-13 11.18.14','%d-%b-%y %H.%i.%s'),'almahfa','error.currency_id_check','All attributes currencyID throughout the message must be equal to the element DocumentCurrencyCode',null,null,null,null,null);
Insert into ETRUSTEX.ETR_TB_MSG_RESPONSE_CODE (RSC_ID,CRE_DT,CRE_ID,MOD_DT,MOD_ID,RSC_CD,RSC_VAL,RSC_STS_CD,RSC_DOC_ID,RSC_ICA_ID,RSC_PRO_ID,RSC_TRA_ID) values (83,str_to_date('24-OCT-13 11.18.14','%d-%b-%y %H.%i.%s'),'almahfa',str_to_date('24-OCT-13 11.18.14','%d-%b-%y %H.%i.%s'),'almahfa','error.currency_id_creditnotelinelineextensionamount','CurrencyID in CreditNoteLine/LineExtensionAmount differs from DocumentCurrencyCode',null,null,null,null,null);
Insert into ETRUSTEX.ETR_TB_MSG_RESPONSE_CODE (RSC_ID,CRE_DT,CRE_ID,MOD_DT,MOD_ID,RSC_CD,RSC_VAL,RSC_STS_CD,RSC_DOC_ID,RSC_ICA_ID,RSC_PRO_ID,RSC_TRA_ID) values (84,str_to_date('24-OCT-13 11.18.14','%d-%b-%y %H.%i.%s'),'almahfa',str_to_date('24-OCT-13 11.18.14','%d-%b-%y %H.%i.%s'),'almahfa','error.currency_id_invoicelinelineextensionamount','CurrencyID in InvoiceLine/LineExtensionAmount differs from DocumentCurrencyCode',null,null,null,null,null);
Insert into ETRUSTEX.ETR_TB_MSG_RESPONSE_CODE (RSC_ID,CRE_DT,CRE_ID,MOD_DT,MOD_ID,RSC_CD,RSC_VAL,RSC_STS_CD,RSC_DOC_ID,RSC_ICA_ID,RSC_PRO_ID,RSC_TRA_ID) values (85,str_to_date('24-OCT-13 11.18.14','%d-%b-%y %H.%i.%s'),'almahfa',str_to_date('24-OCT-13 11.18.14','%d-%b-%y %H.%i.%s'),'almahfa','error.currency_id_legalmonetarytotallineextensionamount','CurrencyID in LegalMonetaryTotal/LineExtensionAmount differs from DocumentCurrencyCode',null,null,null,null,null);
Insert into ETRUSTEX.ETR_TB_MSG_RESPONSE_CODE (RSC_ID,CRE_DT,CRE_ID,MOD_DT,MOD_ID,RSC_CD,RSC_VAL,RSC_STS_CD,RSC_DOC_ID,RSC_ICA_ID,RSC_PRO_ID,RSC_TRA_ID) values (86,str_to_date('24-OCT-13 11.18.14','%d-%b-%y %H.%i.%s'),'almahfa',str_to_date('24-OCT-13 11.18.14','%d-%b-%y %H.%i.%s'),'almahfa','error.currency_id_orderlinelineextensionamount','CurrencyID in OrderLine/LineItem/LineExtensionAmount differs from DocumentCurrencyCode',null,null,null,null,null);
Insert into ETRUSTEX.ETR_TB_MSG_RESPONSE_CODE (RSC_ID,CRE_DT,CRE_ID,MOD_DT,MOD_ID,RSC_CD,RSC_VAL,RSC_STS_CD,RSC_DOC_ID,RSC_ICA_ID,RSC_PRO_ID,RSC_TRA_ID) values (87,str_to_date('24-OCT-13 11.18.14','%d-%b-%y %H.%i.%s'),'almahfa',str_to_date('24-OCT-13 11.18.14','%d-%b-%y %H.%i.%s'),'almahfa','error.currency_id_payableamount','CurrencyID in LegalMonetaryTotal/PayableAmount differs from DocumentCurrencyCode',null,null,null,null,null);
Insert into ETRUSTEX.ETR_TB_MSG_RESPONSE_CODE (RSC_ID,CRE_DT,CRE_ID,MOD_DT,MOD_ID,RSC_CD,RSC_VAL,RSC_STS_CD,RSC_DOC_ID,RSC_ICA_ID,RSC_PRO_ID,RSC_TRA_ID) values (88,str_to_date('24-OCT-13 11.18.14','%d-%b-%y %H.%i.%s'),'almahfa',str_to_date('24-OCT-13 11.18.14','%d-%b-%y %H.%i.%s'),'almahfa','error.currency_id_priceamount','CurrencyID in PriceAmount differs from PricingCurrencyCode',null,null,null,null,null);
Insert into ETRUSTEX.ETR_TB_MSG_RESPONSE_CODE (RSC_ID,CRE_DT,CRE_ID,MOD_DT,MOD_ID,RSC_CD,RSC_VAL,RSC_STS_CD,RSC_DOC_ID,RSC_ICA_ID,RSC_PRO_ID,RSC_TRA_ID) values (89,str_to_date('24-OCT-13 11.18.14','%d-%b-%y %H.%i.%s'),'almahfa',str_to_date('24-OCT-13 11.18.14','%d-%b-%y %H.%i.%s'),'almahfa','error.currency_id_taxamount','CurrencyID in TaxAmount differs from TaxCurrencyCode',null,null,null,null,null);
Insert into ETRUSTEX.ETR_TB_MSG_RESPONSE_CODE (RSC_ID,CRE_DT,CRE_ID,MOD_DT,MOD_ID,RSC_CD,RSC_VAL,RSC_STS_CD,RSC_DOC_ID,RSC_ICA_ID,RSC_PRO_ID,RSC_TRA_ID) values (90,str_to_date('24-OCT-13 11.18.14','%d-%b-%y %H.%i.%s'),'almahfa',str_to_date('24-OCT-13 11.18.14','%d-%b-%y %H.%i.%s'),'almahfa','error.customizationid_check','The CustomizationID of the message must be present and not empty',null,null,null,null,null);
Insert into ETRUSTEX.ETR_TB_MSG_RESPONSE_CODE (RSC_ID,CRE_DT,CRE_ID,MOD_DT,MOD_ID,RSC_CD,RSC_VAL,RSC_STS_CD,RSC_DOC_ID,RSC_ICA_ID,RSC_PRO_ID,RSC_TRA_ID) values (91,str_to_date('24-OCT-13 11.18.14','%d-%b-%y %H.%i.%s'),'almahfa',str_to_date('24-OCT-13 11.18.14','%d-%b-%y %H.%i.%s'),'almahfa','error.delivery_check','No more than one Delivery class should be present',null,null,null,null,null);
Insert into ETRUSTEX.ETR_TB_MSG_RESPONSE_CODE (RSC_ID,CRE_DT,CRE_ID,MOD_DT,MOD_ID,RSC_CD,RSC_VAL,RSC_STS_CD,RSC_DOC_ID,RSC_ICA_ID,RSC_PRO_ID,RSC_TRA_ID) values (92,str_to_date('24-OCT-13 11.18.14','%d-%b-%y %H.%i.%s'),'almahfa',str_to_date('24-OCT-13 11.18.14','%d-%b-%y %H.%i.%s'),'almahfa','error.delivery_date_check','Element Delivery should not contain child element ActualDeliveryDate in this document',null,null,null,null,null);
Insert into ETRUSTEX.ETR_TB_MSG_RESPONSE_CODE (RSC_ID,CRE_DT,CRE_ID,MOD_DT,MOD_ID,RSC_CD,RSC_VAL,RSC_STS_CD,RSC_DOC_ID,RSC_ICA_ID,RSC_PRO_ID,RSC_TRA_ID) values (93,str_to_date('24-OCT-13 11.18.14','%d-%b-%y %H.%i.%s'),'almahfa',str_to_date('24-OCT-13 11.18.14','%d-%b-%y %H.%i.%s'),'almahfa','error.document_receiverparty_id_check','The EndpointID withing the element DocumentReceiverParty must be present and not empty',null,null,null,null,null);
Insert into ETRUSTEX.ETR_TB_MSG_RESPONSE_CODE (RSC_ID,CRE_DT,CRE_ID,MOD_DT,MOD_ID,RSC_CD,RSC_VAL,RSC_STS_CD,RSC_DOC_ID,RSC_ICA_ID,RSC_PRO_ID,RSC_TRA_ID) values (94,str_to_date('24-OCT-13 11.18.14','%d-%b-%y %H.%i.%s'),'almahfa',str_to_date('24-OCT-13 11.18.14','%d-%b-%y %H.%i.%s'),'almahfa','error.document_receiverparty_occurence_check','The Query Request must have less than 1000 occurrences of the element DocumentReceiverParty',null,null,null,null,null);
Insert into ETRUSTEX.ETR_TB_MSG_RESPONSE_CODE (RSC_ID,CRE_DT,CRE_ID,MOD_DT,MOD_ID,RSC_CD,RSC_VAL,RSC_STS_CD,RSC_DOC_ID,RSC_ICA_ID,RSC_PRO_ID,RSC_TRA_ID) values (7,str_to_date('04-MAR-14 14.22.57','%d-%b-%y %H.%i.%s'),'almahfa',str_to_date('04-MAR-14 14.22.57','%d-%b-%y %H.%i.%s'),'almahfa','APPROVED','2','2',null,null,null,null);
Insert into ETRUSTEX.ETR_TB_MSG_RESPONSE_CODE (RSC_ID,CRE_DT,CRE_ID,MOD_DT,MOD_ID,RSC_CD,RSC_VAL,RSC_STS_CD,RSC_DOC_ID,RSC_ICA_ID,RSC_PRO_ID,RSC_TRA_ID) values (8,str_to_date('04-MAR-14 14.22.57','%d-%b-%y %H.%i.%s'),'almahfa',str_to_date('04-MAR-14 14.22.57','%d-%b-%y %H.%i.%s'),'almahfa','REJECTED','3','3',null,null,null,null);
Insert into ETRUSTEX.ETR_TB_MSG_RESPONSE_CODE (RSC_ID,CRE_DT,CRE_ID,MOD_DT,MOD_ID,RSC_CD,RSC_VAL,RSC_STS_CD,RSC_DOC_ID,RSC_ICA_ID,RSC_PRO_ID,RSC_TRA_ID) values (9,str_to_date('04-MAR-14 14.22.57','%d-%b-%y %H.%i.%s'),'almahfa',str_to_date('04-MAR-14 14.22.57','%d-%b-%y %H.%i.%s'),'almahfa','PROCESSED','2','2',null,null,null,null);
Insert into ETRUSTEX.ETR_TB_MSG_RESPONSE_CODE (RSC_ID,CRE_DT,CRE_ID,MOD_DT,MOD_ID,RSC_CD,RSC_VAL,RSC_STS_CD,RSC_DOC_ID,RSC_ICA_ID,RSC_PRO_ID,RSC_TRA_ID) values (10,str_to_date('24-OCT-13 11.18.14','%d-%b-%y %H.%i.%s'),'orazisa',str_to_date('24-OCT-13 11.18.14','%d-%b-%y %H.%i.%s'),'orazisa','FAILED','4','4',null,null,null,null);
Insert into ETRUSTEX.ETR_TB_MSG_RESPONSE_CODE (RSC_ID,CRE_DT,CRE_ID,MOD_DT,MOD_ID,RSC_CD,RSC_VAL,RSC_STS_CD,RSC_DOC_ID,RSC_ICA_ID,RSC_PRO_ID,RSC_TRA_ID) values (95,str_to_date('24-OCT-13 11.18.14','%d-%b-%y %H.%i.%s'),'almahfa',str_to_date('24-OCT-13 11.18.14','%d-%b-%y %H.%i.%s'),'almahfa','error.document_reference_check','Element DocumentReference should include one of following child elements: DocumentType or DocumentTypeCode',null,null,null,null,null);
Insert into ETRUSTEX.ETR_TB_MSG_RESPONSE_CODE (RSC_ID,CRE_DT,CRE_ID,MOD_DT,MOD_ID,RSC_CD,RSC_VAL,RSC_STS_CD,RSC_DOC_ID,RSC_ICA_ID,RSC_PRO_ID,RSC_TRA_ID) values (96,str_to_date('24-OCT-13 11.18.14','%d-%b-%y %H.%i.%s'),'almahfa',str_to_date('24-OCT-13 11.18.14','%d-%b-%y %H.%i.%s'),'almahfa','error.document_senderparty_id_check','The EndpointID withing the element DocumentSenderParty must be present and not empty',null,null,null,null,null);
Insert into ETRUSTEX.ETR_TB_MSG_RESPONSE_CODE (RSC_ID,CRE_DT,CRE_ID,MOD_DT,MOD_ID,RSC_CD,RSC_VAL,RSC_STS_CD,RSC_DOC_ID,RSC_ICA_ID,RSC_PRO_ID,RSC_TRA_ID) values (97,str_to_date('24-OCT-13 11.18.14','%d-%b-%y %H.%i.%s'),'almahfa',str_to_date('24-OCT-13 11.18.14','%d-%b-%y %H.%i.%s'),'almahfa','error.document_senderparty_occurence_check','The Query Request must have less than 1000 occurrences of the element DocumentSenderParty',null,null,null,null,null);
Insert into ETRUSTEX.ETR_TB_MSG_RESPONSE_CODE (RSC_ID,CRE_DT,CRE_ID,MOD_DT,MOD_ID,RSC_CD,RSC_VAL,RSC_STS_CD,RSC_DOC_ID,RSC_ICA_ID,RSC_PRO_ID,RSC_TRA_ID) values (98,str_to_date('24-OCT-13 11.18.14','%d-%b-%y %H.%i.%s'),'almahfa',str_to_date('24-OCT-13 11.18.14','%d-%b-%y %H.%i.%s'),'almahfa','error.estimateddeliveryperiod_end_date_check','EndDate must be present in EstimatedDeliveryPeriod',null,null,null,null,null);
Insert into ETRUSTEX.ETR_TB_MSG_RESPONSE_CODE (RSC_ID,CRE_DT,CRE_ID,MOD_DT,MOD_ID,RSC_CD,RSC_VAL,RSC_STS_CD,RSC_DOC_ID,RSC_ICA_ID,RSC_PRO_ID,RSC_TRA_ID) values (99,str_to_date('24-OCT-13 11.18.14','%d-%b-%y %H.%i.%s'),'almahfa',str_to_date('24-OCT-13 11.18.14','%d-%b-%y %H.%i.%s'),'almahfa','error.estimateddeliveryperiod_invalid_date_range','StartDate must be smaller or equal to EndDate in EstimatedDeliveryPeriod',null,null,null,null,null);
Insert into ETRUSTEX.ETR_TB_MSG_RESPONSE_CODE (RSC_ID,CRE_DT,CRE_ID,MOD_DT,MOD_ID,RSC_CD,RSC_VAL,RSC_STS_CD,RSC_DOC_ID,RSC_ICA_ID,RSC_PRO_ID,RSC_TRA_ID) values (100,str_to_date('24-OCT-13 11.18.14','%d-%b-%y %H.%i.%s'),'almahfa',str_to_date('24-OCT-13 11.18.14','%d-%b-%y %H.%i.%s'),'almahfa','error.estimateddeliveryperiod_start_date_check','StartDate must be present in EstimatedDeliveryPeriod',null,null,null,null,null);
Insert into ETRUSTEX.ETR_TB_MSG_RESPONSE_CODE (RSC_ID,CRE_DT,CRE_ID,MOD_DT,MOD_ID,RSC_CD,RSC_VAL,RSC_STS_CD,RSC_DOC_ID,RSC_ICA_ID,RSC_PRO_ID,RSC_TRA_ID) values (101,str_to_date('24-OCT-13 11.18.14','%d-%b-%y %H.%i.%s'),'almahfa',str_to_date('24-OCT-13 11.18.14','%d-%b-%y %H.%i.%s'),'almahfa','error.financialevaluationcriteria_description_check','Description in TenderingTerms/TendererQualificationRequest/FinancialEvaluationCriteria must be present and not empty',null,null,null,null,null);
Insert into ETRUSTEX.ETR_TB_MSG_RESPONSE_CODE (RSC_ID,CRE_DT,CRE_ID,MOD_DT,MOD_ID,RSC_CD,RSC_VAL,RSC_STS_CD,RSC_DOC_ID,RSC_ICA_ID,RSC_PRO_ID,RSC_TRA_ID) values (102,str_to_date('24-OCT-13 11.18.14','%d-%b-%y %H.%i.%s'),'almahfa',str_to_date('24-OCT-13 11.18.14','%d-%b-%y %H.%i.%s'),'almahfa','error.id_check','The ID of the message cannot be empty',null,null,null,null,null);
Insert into ETRUSTEX.ETR_TB_MSG_RESPONSE_CODE (RSC_ID,CRE_DT,CRE_ID,MOD_DT,MOD_ID,RSC_CD,RSC_VAL,RSC_STS_CD,RSC_DOC_ID,RSC_ICA_ID,RSC_PRO_ID,RSC_TRA_ID) values (103,str_to_date('24-OCT-13 11.18.14','%d-%b-%y %H.%i.%s'),'almahfa',str_to_date('24-OCT-13 11.18.14','%d-%b-%y %H.%i.%s'),'almahfa','error.id_invalid_char','The ID of the message contains an invalid character',null,null,null,null,null);
Insert into ETRUSTEX.ETR_TB_MSG_RESPONSE_CODE (RSC_ID,CRE_DT,CRE_ID,MOD_DT,MOD_ID,RSC_CD,RSC_VAL,RSC_STS_CD,RSC_DOC_ID,RSC_ICA_ID,RSC_PRO_ID,RSC_TRA_ID) values (104,str_to_date('24-OCT-13 11.18.14','%d-%b-%y %H.%i.%s'),'almahfa',str_to_date('24-OCT-13 11.18.14','%d-%b-%y %H.%i.%s'),'almahfa','error.id_length_check','The ID of the message cannot be larger than 250 characters',null,null,null,null,null);
Insert into ETRUSTEX.ETR_TB_MSG_RESPONSE_CODE (RSC_ID,CRE_DT,CRE_ID,MOD_DT,MOD_ID,RSC_CD,RSC_VAL,RSC_STS_CD,RSC_DOC_ID,RSC_ICA_ID,RSC_PRO_ID,RSC_TRA_ID) values (105,str_to_date('24-OCT-13 11.18.14','%d-%b-%y %H.%i.%s'),'almahfa',str_to_date('24-OCT-13 11.18.14','%d-%b-%y %H.%i.%s'),'almahfa','error.invalid_codetable_value_accounttypecode','Value supplied is unacceptable for an element controlled by codelist AccountTypeCode',null,null,null,null,null);
Insert into ETRUSTEX.ETR_TB_MSG_RESPONSE_CODE (RSC_ID,CRE_DT,CRE_ID,MOD_DT,MOD_ID,RSC_CD,RSC_VAL,RSC_STS_CD,RSC_DOC_ID,RSC_ICA_ID,RSC_PRO_ID,RSC_TRA_ID) values (106,str_to_date('24-OCT-13 11.18.14','%d-%b-%y %H.%i.%s'),'almahfa',str_to_date('24-OCT-13 11.18.14','%d-%b-%y %H.%i.%s'),'almahfa','error.invalid_codetable_value_actioncode','Value supplied is unacceptable for an element controlled by codelist ActionCode',null,null,null,null,null);
Insert into ETRUSTEX.ETR_TB_MSG_RESPONSE_CODE (RSC_ID,CRE_DT,CRE_ID,MOD_DT,MOD_ID,RSC_CD,RSC_VAL,RSC_STS_CD,RSC_DOC_ID,RSC_ICA_ID,RSC_PRO_ID,RSC_TRA_ID) values (107,str_to_date('24-OCT-13 11.18.14','%d-%b-%y %H.%i.%s'),'almahfa',str_to_date('24-OCT-13 11.18.14','%d-%b-%y %H.%i.%s'),'almahfa','error.invalid_codetable_value_addressformatcode','Value supplied is unacceptable for an element controlled by codelist AddressFormatCode',null,null,null,null,null);
Insert into ETRUSTEX.ETR_TB_MSG_RESPONSE_CODE (RSC_ID,CRE_DT,CRE_ID,MOD_DT,MOD_ID,RSC_CD,RSC_VAL,RSC_STS_CD,RSC_DOC_ID,RSC_ICA_ID,RSC_PRO_ID,RSC_TRA_ID) values (108,str_to_date('24-OCT-13 11.18.14','%d-%b-%y %H.%i.%s'),'almahfa',str_to_date('24-OCT-13 11.18.14','%d-%b-%y %H.%i.%s'),'almahfa','error.invalid_codetable_value_allowancechargereasoncode','Value supplied is unacceptable for an element controlled by codelist AllowanceChargeReasonCode',null,null,null,null,null);
Insert into ETRUSTEX.ETR_TB_MSG_RESPONSE_CODE (RSC_ID,CRE_DT,CRE_ID,MOD_DT,MOD_ID,RSC_CD,RSC_VAL,RSC_STS_CD,RSC_DOC_ID,RSC_ICA_ID,RSC_PRO_ID,RSC_TRA_ID) values (109,str_to_date('24-OCT-13 11.18.14','%d-%b-%y %H.%i.%s'),'almahfa',str_to_date('24-OCT-13 11.18.14','%d-%b-%y %H.%i.%s'),'almahfa','error.invalid_codetable_value_awardcriterionspecification','Value supplied is unacceptable for an element controlled by codelist AwardCriterionSpecification',null,null,null,null,null);
Insert into ETRUSTEX.ETR_TB_MSG_RESPONSE_CODE (RSC_ID,CRE_DT,CRE_ID,MOD_DT,MOD_ID,RSC_CD,RSC_VAL,RSC_STS_CD,RSC_DOC_ID,RSC_ICA_ID,RSC_PRO_ID,RSC_TRA_ID) values (110,str_to_date('24-OCT-13 11.18.14','%d-%b-%y %H.%i.%s'),'almahfa',str_to_date('24-OCT-13 11.18.14','%d-%b-%y %H.%i.%s'),'almahfa','error.invalid_codetable_value_binaryobjectmimecode','Value supplied is unacceptable for an element controlled by codelist BinaryObjectMimeCode',null,null,null,null,null);
Insert into ETRUSTEX.ETR_TB_MSG_RESPONSE_CODE (RSC_ID,CRE_DT,CRE_ID,MOD_DT,MOD_ID,RSC_CD,RSC_VAL,RSC_STS_CD,RSC_DOC_ID,RSC_ICA_ID,RSC_PRO_ID,RSC_TRA_ID) values (111,str_to_date('24-OCT-13 11.18.14','%d-%b-%y %H.%i.%s'),'almahfa',str_to_date('24-OCT-13 11.18.14','%d-%b-%y %H.%i.%s'),'almahfa','error.invalid_codetable_value_cataloguelifecyclestatuscode','Value supplied is unacceptable for an element controlled by codelist CatalogueLifeCycleStatusCode',null,null,null,null,null);
Insert into ETRUSTEX.ETR_TB_MSG_RESPONSE_CODE (RSC_ID,CRE_DT,CRE_ID,MOD_DT,MOD_ID,RSC_CD,RSC_VAL,RSC_STS_CD,RSC_DOC_ID,RSC_ICA_ID,RSC_PRO_ID,RSC_TRA_ID) values (112,str_to_date('24-OCT-13 11.18.14','%d-%b-%y %H.%i.%s'),'almahfa',str_to_date('24-OCT-13 11.18.14','%d-%b-%y %H.%i.%s'),'almahfa','error.invalid_codetable_value_commoditycode','Value supplied is unacceptable for an element controlled by codelist CommodityCode',null,null,null,null,null);
Insert into ETRUSTEX.ETR_TB_MSG_RESPONSE_CODE (RSC_ID,CRE_DT,CRE_ID,MOD_DT,MOD_ID,RSC_CD,RSC_VAL,RSC_STS_CD,RSC_DOC_ID,RSC_ICA_ID,RSC_PRO_ID,RSC_TRA_ID) values (113,str_to_date('24-OCT-13 11.18.14','%d-%b-%y %H.%i.%s'),'almahfa',str_to_date('24-OCT-13 11.18.14','%d-%b-%y %H.%i.%s'),'almahfa','error.invalid_codetable_value_contracttype','Value supplied is unacceptable for an element controlled by codelist ContractType',null,null,null,null,null);
Insert into ETRUSTEX.ETR_TB_MSG_RESPONSE_CODE (RSC_ID,CRE_DT,CRE_ID,MOD_DT,MOD_ID,RSC_CD,RSC_VAL,RSC_STS_CD,RSC_DOC_ID,RSC_ICA_ID,RSC_PRO_ID,RSC_TRA_ID) values (114,str_to_date('24-OCT-13 11.18.14','%d-%b-%y %H.%i.%s'),'almahfa',str_to_date('24-OCT-13 11.18.14','%d-%b-%y %H.%i.%s'),'almahfa','error.invalid_codetable_value_countryidentificationcode','Value supplied is unacceptable for an element controlled by codelist CountryIdentificationCode',null,null,null,null,null);
Insert into ETRUSTEX.ETR_TB_MSG_RESPONSE_CODE (RSC_ID,CRE_DT,CRE_ID,MOD_DT,MOD_ID,RSC_CD,RSC_VAL,RSC_STS_CD,RSC_DOC_ID,RSC_ICA_ID,RSC_PRO_ID,RSC_TRA_ID) values (115,str_to_date('24-OCT-13 11.18.14','%d-%b-%y %H.%i.%s'),'almahfa',str_to_date('24-OCT-13 11.18.14','%d-%b-%y %H.%i.%s'),'almahfa','error.invalid_codetable_value_currencycode','Value supplied is unacceptable for an element controlled by codelist CurrencyCode',null,null,null,null,null);
Insert into ETRUSTEX.ETR_TB_MSG_RESPONSE_CODE (RSC_ID,CRE_DT,CRE_ID,MOD_DT,MOD_ID,RSC_CD,RSC_VAL,RSC_STS_CD,RSC_DOC_ID,RSC_ICA_ID,RSC_PRO_ID,RSC_TRA_ID) values (116,str_to_date('24-OCT-13 11.18.14','%d-%b-%y %H.%i.%s'),'almahfa',str_to_date('24-OCT-13 11.18.14','%d-%b-%y %H.%i.%s'),'almahfa','error.invalid_codetable_value_deliverytermsid','Value supplied is unacceptable for an element controlled by codelist DeliveryTermsID',null,null,null,null,null);
Insert into ETRUSTEX.ETR_TB_MSG_RESPONSE_CODE (RSC_ID,CRE_DT,CRE_ID,MOD_DT,MOD_ID,RSC_CD,RSC_VAL,RSC_STS_CD,RSC_DOC_ID,RSC_ICA_ID,RSC_PRO_ID,RSC_TRA_ID) values (117,str_to_date('24-OCT-13 11.18.14','%d-%b-%y %H.%i.%s'),'almahfa',str_to_date('24-OCT-13 11.18.14','%d-%b-%y %H.%i.%s'),'almahfa','error.invalid_codetable_value_despatchadvicetypecode','Value supplied is unacceptable for an element controlled by codelist DespatchAdviceTypeCode',null,null,null,null,null);
Insert into ETRUSTEX.ETR_TB_MSG_RESPONSE_CODE (RSC_ID,CRE_DT,CRE_ID,MOD_DT,MOD_ID,RSC_CD,RSC_VAL,RSC_STS_CD,RSC_DOC_ID,RSC_ICA_ID,RSC_PRO_ID,RSC_TRA_ID) values (118,str_to_date('24-OCT-13 11.18.14','%d-%b-%y %H.%i.%s'),'almahfa',str_to_date('24-OCT-13 11.18.14','%d-%b-%y %H.%i.%s'),'almahfa','error.invalid_codetable_value_dimensionattributeid','Value supplied is unacceptable for an element controlled by codelist DimensionAttributeID',null,null,null,null,null);
Insert into ETRUSTEX.ETR_TB_MSG_RESPONSE_CODE (RSC_ID,CRE_DT,CRE_ID,MOD_DT,MOD_ID,RSC_CD,RSC_VAL,RSC_STS_CD,RSC_DOC_ID,RSC_ICA_ID,RSC_PRO_ID,RSC_TRA_ID) values (119,str_to_date('24-OCT-13 11.18.14','%d-%b-%y %H.%i.%s'),'almahfa',str_to_date('24-OCT-13 11.18.14','%d-%b-%y %H.%i.%s'),'almahfa','error.invalid_codetable_value_discrepancyresponsecode','Value supplied is unacceptable for an element controlled by codelist DiscrepancyResponseCode',null,null,null,null,null);
Insert into ETRUSTEX.ETR_TB_MSG_RESPONSE_CODE (RSC_ID,CRE_DT,CRE_ID,MOD_DT,MOD_ID,RSC_CD,RSC_VAL,RSC_STS_CD,RSC_DOC_ID,RSC_ICA_ID,RSC_PRO_ID,RSC_TRA_ID) values (120,str_to_date('24-OCT-13 11.18.14','%d-%b-%y %H.%i.%s'),'almahfa',str_to_date('24-OCT-13 11.18.14','%d-%b-%y %H.%i.%s'),'almahfa','error.invalid_codetable_value_documentstatuscode','Value supplied is unacceptable for an element controlled by codelist DocumentStatusCode',null,null,null,null,null);
Insert into ETRUSTEX.ETR_TB_MSG_RESPONSE_CODE (RSC_ID,CRE_DT,CRE_ID,MOD_DT,MOD_ID,RSC_CD,RSC_VAL,RSC_STS_CD,RSC_DOC_ID,RSC_ICA_ID,RSC_PRO_ID,RSC_TRA_ID) values (121,str_to_date('24-OCT-13 11.18.14','%d-%b-%y %H.%i.%s'),'almahfa',str_to_date('24-OCT-13 11.18.14','%d-%b-%y %H.%i.%s'),'almahfa','error.invalid_codetable_value_documenttypecode','Value supplied is unacceptable for an element controlled by codelist DocumentTypeCode',null,null,null,null,null);
Insert into ETRUSTEX.ETR_TB_MSG_RESPONSE_CODE (RSC_ID,CRE_DT,CRE_ID,MOD_DT,MOD_ID,RSC_CD,RSC_VAL,RSC_STS_CD,RSC_DOC_ID,RSC_ICA_ID,RSC_PRO_ID,RSC_TRA_ID) values (122,str_to_date('24-OCT-13 11.18.14','%d-%b-%y %H.%i.%s'),'almahfa',str_to_date('24-OCT-13 11.18.14','%d-%b-%y %H.%i.%s'),'almahfa','error.invalid_codetable_value_invoicetypecode','Value supplied is unacceptable for an element controlled by codelist InvoiceTypeCode',null,null,null,null,null);
Insert into ETRUSTEX.ETR_TB_MSG_RESPONSE_CODE (RSC_ID,CRE_DT,CRE_ID,MOD_DT,MOD_ID,RSC_CD,RSC_VAL,RSC_STS_CD,RSC_DOC_ID,RSC_ICA_ID,RSC_PRO_ID,RSC_TRA_ID) values (123,str_to_date('24-OCT-13 11.18.14','%d-%b-%y %H.%i.%s'),'almahfa',str_to_date('24-OCT-13 11.18.14','%d-%b-%y %H.%i.%s'),'almahfa','error.invalid_codetable_value_itemrelationshiptypecode','Value supplied is unacceptable for an element controlled by codelist ItemRelationshipTypeCode',null,null,null,null,null);
Insert into ETRUSTEX.ETR_TB_MSG_RESPONSE_CODE (RSC_ID,CRE_DT,CRE_ID,MOD_DT,MOD_ID,RSC_CD,RSC_VAL,RSC_STS_CD,RSC_DOC_ID,RSC_ICA_ID,RSC_PRO_ID,RSC_TRA_ID) values (124,str_to_date('24-OCT-13 11.18.14','%d-%b-%y %H.%i.%s'),'almahfa',str_to_date('24-OCT-13 11.18.14','%d-%b-%y %H.%i.%s'),'almahfa','error.invalid_codetable_value_languagecode','Value supplied is unacceptable for an element controlled by codelist LanguageCode',null,null,null,null,null);
Insert into ETRUSTEX.ETR_TB_MSG_RESPONSE_CODE (RSC_ID,CRE_DT,CRE_ID,MOD_DT,MOD_ID,RSC_CD,RSC_VAL,RSC_STS_CD,RSC_DOC_ID,RSC_ICA_ID,RSC_PRO_ID,RSC_TRA_ID) values (125,str_to_date('24-OCT-13 11.18.14','%d-%b-%y %H.%i.%s'),'almahfa',str_to_date('24-OCT-13 11.18.14','%d-%b-%y %H.%i.%s'),'almahfa','error.invalid_codetable_value_languagecodeeu','Value supplied is unacceptable for an element controlled by codelist LanguageCodeEU',null,null,null,null,null);
Insert into ETRUSTEX.ETR_TB_MSG_RESPONSE_CODE (RSC_ID,CRE_DT,CRE_ID,MOD_DT,MOD_ID,RSC_CD,RSC_VAL,RSC_STS_CD,RSC_DOC_ID,RSC_ICA_ID,RSC_PRO_ID,RSC_TRA_ID) values (126,str_to_date('24-OCT-13 11.18.14','%d-%b-%y %H.%i.%s'),'almahfa',str_to_date('24-OCT-13 11.18.14','%d-%b-%y %H.%i.%s'),'almahfa','error.invalid_codetable_value_lifecyclestatuscode','Value supplied is unacceptable for an element controlled by codelist LifeCycleStatusCode',null,null,null,null,null);
Insert into ETRUSTEX.ETR_TB_MSG_RESPONSE_CODE (RSC_ID,CRE_DT,CRE_ID,MOD_DT,MOD_ID,RSC_CD,RSC_VAL,RSC_STS_CD,RSC_DOC_ID,RSC_ICA_ID,RSC_PRO_ID,RSC_TRA_ID) values (127,str_to_date('24-OCT-13 11.18.14','%d-%b-%y %H.%i.%s'),'almahfa',str_to_date('24-OCT-13 11.18.14','%d-%b-%y %H.%i.%s'),'almahfa','error.invalid_codetable_value_linestatuscode','Value supplied is unacceptable for an element controlled by codelist LineStatusCode',null,null,null,null,null);
Insert into ETRUSTEX.ETR_TB_MSG_RESPONSE_CODE (RSC_ID,CRE_DT,CRE_ID,MOD_DT,MOD_ID,RSC_CD,RSC_VAL,RSC_STS_CD,RSC_DOC_ID,RSC_ICA_ID,RSC_PRO_ID,RSC_TRA_ID) values (128,str_to_date('24-OCT-13 11.18.14','%d-%b-%y %H.%i.%s'),'almahfa',str_to_date('24-OCT-13 11.18.14','%d-%b-%y %H.%i.%s'),'almahfa','error.invalid_codetable_value_operatorcode','Value supplied is unacceptable for an element controlled by codelist OperatorCode',null,null,null,null,null);
Insert into ETRUSTEX.ETR_TB_MSG_RESPONSE_CODE (RSC_ID,CRE_DT,CRE_ID,MOD_DT,MOD_ID,RSC_CD,RSC_VAL,RSC_STS_CD,RSC_DOC_ID,RSC_ICA_ID,RSC_PRO_ID,RSC_TRA_ID) values (129,str_to_date('24-OCT-13 11.18.14','%d-%b-%y %H.%i.%s'),'almahfa',str_to_date('24-OCT-13 11.18.14','%d-%b-%y %H.%i.%s'),'almahfa','error.invalid_codetable_value_parentdocumenttypecode','Value supplied is unacceptable for an element controlled by codelist ParentDocumentTypeCode',null,null,null,null,null);
Insert into ETRUSTEX.ETR_TB_MSG_RESPONSE_CODE (RSC_ID,CRE_DT,CRE_ID,MOD_DT,MOD_ID,RSC_CD,RSC_VAL,RSC_STS_CD,RSC_DOC_ID,RSC_ICA_ID,RSC_PRO_ID,RSC_TRA_ID) values (130,str_to_date('24-OCT-13 11.18.14','%d-%b-%y %H.%i.%s'),'almahfa',str_to_date('24-OCT-13 11.18.14','%d-%b-%y %H.%i.%s'),'almahfa','error.invalid_codetable_value_paymentchannelcode','Value supplied is unacceptable for an element controlled by codelist PaymentChannelCode',null,null,null,null,null);
Insert into ETRUSTEX.ETR_TB_MSG_RESPONSE_CODE (RSC_ID,CRE_DT,CRE_ID,MOD_DT,MOD_ID,RSC_CD,RSC_VAL,RSC_STS_CD,RSC_DOC_ID,RSC_ICA_ID,RSC_PRO_ID,RSC_TRA_ID) values (131,str_to_date('24-OCT-13 11.18.14','%d-%b-%y %H.%i.%s'),'almahfa',str_to_date('24-OCT-13 11.18.14','%d-%b-%y %H.%i.%s'),'almahfa','error.invalid_codetable_value_paymentmeanscode','Value supplied is unacceptable for an element controlled by codelist PaymentMeansCode',null,null,null,null,null);
Insert into ETRUSTEX.ETR_TB_MSG_RESPONSE_CODE (RSC_ID,CRE_DT,CRE_ID,MOD_DT,MOD_ID,RSC_CD,RSC_VAL,RSC_STS_CD,RSC_DOC_ID,RSC_ICA_ID,RSC_PRO_ID,RSC_TRA_ID) values (132,str_to_date('24-OCT-13 11.18.14','%d-%b-%y %H.%i.%s'),'almahfa',str_to_date('24-OCT-13 11.18.14','%d-%b-%y %H.%i.%s'),'almahfa','error.invalid_codetable_value_proceduretype','Value supplied is unacceptable for an element controlled by codelist ProcedureType',null,null,null,null,null);
Insert into ETRUSTEX.ETR_TB_MSG_RESPONSE_CODE (RSC_ID,CRE_DT,CRE_ID,MOD_DT,MOD_ID,RSC_CD,RSC_VAL,RSC_STS_CD,RSC_DOC_ID,RSC_ICA_ID,RSC_PRO_ID,RSC_TRA_ID) values (133,str_to_date('24-OCT-13 11.18.14','%d-%b-%y %H.%i.%s'),'almahfa',str_to_date('24-OCT-13 11.18.14','%d-%b-%y %H.%i.%s'),'almahfa','error.invalid_codetable_value_projecttype','Value supplied is unacceptable for an element controlled by codelist ProjectType',null,null,null,null,null);
Insert into ETRUSTEX.ETR_TB_MSG_RESPONSE_CODE (RSC_ID,CRE_DT,CRE_ID,MOD_DT,MOD_ID,RSC_CD,RSC_VAL,RSC_STS_CD,RSC_DOC_ID,RSC_ICA_ID,RSC_PRO_ID,RSC_TRA_ID) values (134,str_to_date('24-OCT-13 11.18.14','%d-%b-%y %H.%i.%s'),'almahfa',str_to_date('24-OCT-13 11.18.14','%d-%b-%y %H.%i.%s'),'almahfa','error.invalid_codetable_value_remindertypecode','Value supplied is unacceptable for an element controlled by codelist ReminderTypeCode',null,null,null,null,null);
Insert into ETRUSTEX.ETR_TB_MSG_RESPONSE_CODE (RSC_ID,CRE_DT,CRE_ID,MOD_DT,MOD_ID,RSC_CD,RSC_VAL,RSC_STS_CD,RSC_DOC_ID,RSC_ICA_ID,RSC_PRO_ID,RSC_TRA_ID) values (135,str_to_date('24-OCT-13 11.18.14','%d-%b-%y %H.%i.%s'),'almahfa',str_to_date('24-OCT-13 11.18.14','%d-%b-%y %H.%i.%s'),'almahfa','error.invalid_codetable_value_taxcategoryid','Value supplied is unacceptable for an element controlled by codelist TaxCategoryID',null,null,null,null,null);
Insert into ETRUSTEX.ETR_TB_MSG_RESPONSE_CODE (RSC_ID,CRE_DT,CRE_ID,MOD_DT,MOD_ID,RSC_CD,RSC_VAL,RSC_STS_CD,RSC_DOC_ID,RSC_ICA_ID,RSC_PRO_ID,RSC_TRA_ID) values (1,str_to_date('24-OCT-13 11.18.14','%d-%b-%y %H.%i.%s'),'orazisa',str_to_date('24-OCT-13 11.18.14','%d-%b-%y %H.%i.%s'),'orazisa','SUBMITTED','8','8',null,null,null,null);
Insert into ETRUSTEX.ETR_TB_MSG_RESPONSE_CODE (RSC_ID,CRE_DT,CRE_ID,MOD_DT,MOD_ID,RSC_CD,RSC_VAL,RSC_STS_CD,RSC_DOC_ID,RSC_ICA_ID,RSC_PRO_ID,RSC_TRA_ID) values (2,str_to_date('24-OCT-13 11.18.14','%d-%b-%y %H.%i.%s'),'orazisa',str_to_date('24-OCT-13 11.18.14','%d-%b-%y %H.%i.%s'),'orazisa','RECEIVED','1','1',null,null,null,null);
Insert into ETRUSTEX.ETR_TB_MSG_RESPONSE_CODE (RSC_ID,CRE_DT,CRE_ID,MOD_DT,MOD_ID,RSC_CD,RSC_VAL,RSC_STS_CD,RSC_DOC_ID,RSC_ICA_ID,RSC_PRO_ID,RSC_TRA_ID) values (3,str_to_date('24-OCT-13 11.18.14','%d-%b-%y %H.%i.%s'),'orazisa',str_to_date('24-OCT-13 11.18.14','%d-%b-%y %H.%i.%s'),'orazisa','COMPLETED','2','5',null,null,null,null);
Insert into ETRUSTEX.ETR_TB_MSG_RESPONSE_CODE (RSC_ID,CRE_DT,CRE_ID,MOD_DT,MOD_ID,RSC_CD,RSC_VAL,RSC_STS_CD,RSC_DOC_ID,RSC_ICA_ID,RSC_PRO_ID,RSC_TRA_ID) values (4,str_to_date('24-OCT-13 11.18.14','%d-%b-%y %H.%i.%s'),'orazisa',str_to_date('24-OCT-13 11.18.14','%d-%b-%y %H.%i.%s'),'orazisa','CANCELLED','3','4',null,null,null,null);
Insert into ETRUSTEX.ETR_TB_MSG_RESPONSE_CODE (RSC_ID,CRE_DT,CRE_ID,MOD_DT,MOD_ID,RSC_CD,RSC_VAL,RSC_STS_CD,RSC_DOC_ID,RSC_ICA_ID,RSC_PRO_ID,RSC_TRA_ID) values (5,str_to_date('24-OCT-13 11.18.14','%d-%b-%y %H.%i.%s'),'orazisa',str_to_date('24-OCT-13 11.18.14','%d-%b-%y %H.%i.%s'),'orazisa','ERROR','9','9',null,null,null,null);
Insert into ETRUSTEX.ETR_TB_MSG_RESPONSE_CODE (RSC_ID,CRE_DT,CRE_ID,MOD_DT,MOD_ID,RSC_CD,RSC_VAL,RSC_STS_CD,RSC_DOC_ID,RSC_ICA_ID,RSC_PRO_ID,RSC_TRA_ID) values (6,str_to_date('24-OCT-13 11.18.14','%d-%b-%y %H.%i.%s'),'orazisa',str_to_date('24-OCT-13 11.18.14','%d-%b-%y %H.%i.%s'),'orazisa','READ','7','6',null,null,null,null);
Insert into ETRUSTEX.ETR_TB_MSG_RESPONSE_CODE (RSC_ID,CRE_DT,CRE_ID,MOD_DT,MOD_ID,RSC_CD,RSC_VAL,RSC_STS_CD,RSC_DOC_ID,RSC_ICA_ID,RSC_PRO_ID,RSC_TRA_ID) values (26,str_to_date('24-OCT-13 11.18.14','%d-%b-%y %H.%i.%s'),'orazisa',str_to_date('24-OCT-13 11.18.14','%d-%b-%y %H.%i.%s'),'orazisa','error.documenttypecode_check','The DocumentTypeCode of the message cannot be empty',null,null,null,null,null);
Insert into ETRUSTEX.ETR_TB_MSG_RESPONSE_CODE (RSC_ID,CRE_DT,CRE_ID,MOD_DT,MOD_ID,RSC_CD,RSC_VAL,RSC_STS_CD,RSC_DOC_ID,RSC_ICA_ID,RSC_PRO_ID,RSC_TRA_ID) values (27,str_to_date('24-OCT-13 11.18.14','%d-%b-%y %H.%i.%s'),'orazisa',str_to_date('24-OCT-13 11.18.14','%d-%b-%y %H.%i.%s'),'orazisa','error.id_check','The ID of the message cannot be empty',null,null,null,null,null);
Insert into ETRUSTEX.ETR_TB_MSG_RESPONSE_CODE (RSC_ID,CRE_DT,CRE_ID,MOD_DT,MOD_ID,RSC_CD,RSC_VAL,RSC_STS_CD,RSC_DOC_ID,RSC_ICA_ID,RSC_PRO_ID,RSC_TRA_ID) values (28,str_to_date('24-OCT-13 11.18.14','%d-%b-%y %H.%i.%s'),'orazisa',str_to_date('24-OCT-13 11.18.14','%d-%b-%y %H.%i.%s'),'orazisa','error.id_invalid_char','The ID of the message contains an invalid character',null,null,null,null,null);
Insert into ETRUSTEX.ETR_TB_MSG_RESPONSE_CODE (RSC_ID,CRE_DT,CRE_ID,MOD_DT,MOD_ID,RSC_CD,RSC_VAL,RSC_STS_CD,RSC_DOC_ID,RSC_ICA_ID,RSC_PRO_ID,RSC_TRA_ID) values (29,str_to_date('24-OCT-13 11.18.14','%d-%b-%y %H.%i.%s'),'orazisa',str_to_date('24-OCT-13 11.18.14','%d-%b-%y %H.%i.%s'),'orazisa','error.id_length_check','The ID of the message cannot be larger than 250 characters',null,null,null,null,null);
Insert into ETRUSTEX.ETR_TB_MSG_RESPONSE_CODE (RSC_ID,CRE_DT,CRE_ID,MOD_DT,MOD_ID,RSC_CD,RSC_VAL,RSC_STS_CD,RSC_DOC_ID,RSC_ICA_ID,RSC_PRO_ID,RSC_TRA_ID) values (30,str_to_date('24-OCT-13 11.18.14','%d-%b-%y %H.%i.%s'),'orazisa',str_to_date('24-OCT-13 11.18.14','%d-%b-%y %H.%i.%s'),'orazisa','error.invalid_codetable_value_documenttypecode','Value supplied is unacceptable for an element controlled by codelist DocumentTypeCode',null,null,null,null,null);
Insert into ETRUSTEX.ETR_TB_MSG_RESPONSE_CODE (RSC_ID,CRE_DT,CRE_ID,MOD_DT,MOD_ID,RSC_CD,RSC_VAL,RSC_STS_CD,RSC_DOC_ID,RSC_ICA_ID,RSC_PRO_ID,RSC_TRA_ID) values (31,str_to_date('24-OCT-13 11.18.14','%d-%b-%y %H.%i.%s'),'orazisa',str_to_date('24-OCT-13 11.18.14','%d-%b-%y %H.%i.%s'),'orazisa','error.invalid_codetable_value_parentdocumenttypecode','Value supplied is unacceptable for an element controlled by codelist ParentDocumentTypeCode',null,null,null,null,null);
Insert into ETRUSTEX.ETR_TB_MSG_RESPONSE_CODE (RSC_ID,CRE_DT,CRE_ID,MOD_DT,MOD_ID,RSC_CD,RSC_VAL,RSC_STS_CD,RSC_DOC_ID,RSC_ICA_ID,RSC_PRO_ID,RSC_TRA_ID) values (32,str_to_date('24-OCT-13 11.18.14','%d-%b-%y %H.%i.%s'),'orazisa',str_to_date('24-OCT-13 11.18.14','%d-%b-%y %H.%i.%s'),'orazisa','error.invalid_date_range','Period startdate is later than enddate',null,null,null,null,null);
Insert into ETRUSTEX.ETR_TB_MSG_RESPONSE_CODE (RSC_ID,CRE_DT,CRE_ID,MOD_DT,MOD_ID,RSC_CD,RSC_VAL,RSC_STS_CD,RSC_DOC_ID,RSC_ICA_ID,RSC_PRO_ID,RSC_TRA_ID) values (33,str_to_date('24-OCT-13 11.18.14','%d-%b-%y %H.%i.%s'),'orazisa',str_to_date('24-OCT-13 11.18.14','%d-%b-%y %H.%i.%s'),'orazisa','error.issuedate_future','The IssueDate of the message is in the future',null,null,null,null,null);
Insert into ETRUSTEX.ETR_TB_MSG_RESPONSE_CODE (RSC_ID,CRE_DT,CRE_ID,MOD_DT,MOD_ID,RSC_CD,RSC_VAL,RSC_STS_CD,RSC_DOC_ID,RSC_ICA_ID,RSC_PRO_ID,RSC_TRA_ID) values (34,str_to_date('24-OCT-13 11.18.14','%d-%b-%y %H.%i.%s'),'orazisa',str_to_date('24-OCT-13 11.18.14','%d-%b-%y %H.%i.%s'),'orazisa','error.issuedate_old','The IssueDate of the message is older than 12 months',null,null,null,null,null);
Insert into ETRUSTEX.ETR_TB_MSG_RESPONSE_CODE (RSC_ID,CRE_DT,CRE_ID,MOD_DT,MOD_ID,RSC_CD,RSC_VAL,RSC_STS_CD,RSC_DOC_ID,RSC_ICA_ID,RSC_PRO_ID,RSC_TRA_ID) values (35,str_to_date('24-OCT-13 11.18.14','%d-%b-%y %H.%i.%s'),'orazisa',str_to_date('24-OCT-13 11.18.14','%d-%b-%y %H.%i.%s'),'orazisa','error.large_date_range','The difference between startdate and enddate is larger than one year',null,null,null,null,null);
Insert into ETRUSTEX.ETR_TB_MSG_RESPONSE_CODE (RSC_ID,CRE_DT,CRE_ID,MOD_DT,MOD_ID,RSC_CD,RSC_VAL,RSC_STS_CD,RSC_DOC_ID,RSC_ICA_ID,RSC_PRO_ID,RSC_TRA_ID) values (36,str_to_date('24-OCT-13 11.18.14','%d-%b-%y %H.%i.%s'),'orazisa',str_to_date('24-OCT-13 11.18.14','%d-%b-%y %H.%i.%s'),'orazisa','error.parent_document_documenttypecode_check','The ParentDocumentTypeCode must exist',null,null,null,null,null);
Insert into ETRUSTEX.ETR_TB_MSG_RESPONSE_CODE (RSC_ID,CRE_DT,CRE_ID,MOD_DT,MOD_ID,RSC_CD,RSC_VAL,RSC_STS_CD,RSC_DOC_ID,RSC_ICA_ID,RSC_PRO_ID,RSC_TRA_ID) values (37,str_to_date('24-OCT-13 11.18.14','%d-%b-%y %H.%i.%s'),'orazisa',str_to_date('24-OCT-13 11.18.14','%d-%b-%y %H.%i.%s'),'orazisa','error.parent_document_documenttypecode_check_application_response','An ApplicationResponse must not refer to an ApplicationResponse in the DocumentTypeCode element ',null,null,null,null,null);
Insert into ETRUSTEX.ETR_TB_MSG_RESPONSE_CODE (RSC_ID,CRE_DT,CRE_ID,MOD_DT,MOD_ID,RSC_CD,RSC_VAL,RSC_STS_CD,RSC_DOC_ID,RSC_ICA_ID,RSC_PRO_ID,RSC_TRA_ID) values (38,str_to_date('24-OCT-13 11.18.14','%d-%b-%y %H.%i.%s'),'orazisa',str_to_date('24-OCT-13 11.18.14','%d-%b-%y %H.%i.%s'),'orazisa','error.parent_document_id_check','The ParentDocumentID cannot be empty',null,null,null,null,null);
Insert into ETRUSTEX.ETR_TB_MSG_RESPONSE_CODE (RSC_ID,CRE_DT,CRE_ID,MOD_DT,MOD_ID,RSC_CD,RSC_VAL,RSC_STS_CD,RSC_DOC_ID,RSC_ICA_ID,RSC_PRO_ID,RSC_TRA_ID) values (39,str_to_date('24-OCT-13 11.18.14','%d-%b-%y %H.%i.%s'),'orazisa',str_to_date('24-OCT-13 11.18.14','%d-%b-%y %H.%i.%s'),'orazisa','error.parent_document_id_invalid_char','The ParentDocumentID contains an invalid character',null,null,null,null,null);
Insert into ETRUSTEX.ETR_TB_MSG_RESPONSE_CODE (RSC_ID,CRE_DT,CRE_ID,MOD_DT,MOD_ID,RSC_CD,RSC_VAL,RSC_STS_CD,RSC_DOC_ID,RSC_ICA_ID,RSC_PRO_ID,RSC_TRA_ID) values (40,str_to_date('24-OCT-13 11.18.14','%d-%b-%y %H.%i.%s'),'orazisa',str_to_date('24-OCT-13 11.18.14','%d-%b-%y %H.%i.%s'),'orazisa','error.parent_document_id_length_check','The ParentDocumentID cannot be larger than 250 characters',null,null,null,null,null);
Insert into ETRUSTEX.ETR_TB_MSG_RESPONSE_CODE (RSC_ID,CRE_DT,CRE_ID,MOD_DT,MOD_ID,RSC_CD,RSC_VAL,RSC_STS_CD,RSC_DOC_ID,RSC_ICA_ID,RSC_PRO_ID,RSC_TRA_ID) values (41,str_to_date('24-OCT-13 11.18.14','%d-%b-%y %H.%i.%s'),'orazisa',str_to_date('24-OCT-13 11.18.14','%d-%b-%y %H.%i.%s'),'orazisa','error.period_check_enddate','Element Period misses child element EndDate',null,null,null,null,null);
Insert into ETRUSTEX.ETR_TB_MSG_RESPONSE_CODE (RSC_ID,CRE_DT,CRE_ID,MOD_DT,MOD_ID,RSC_CD,RSC_VAL,RSC_STS_CD,RSC_DOC_ID,RSC_ICA_ID,RSC_PRO_ID,RSC_TRA_ID) values (42,str_to_date('24-OCT-13 11.18.14','%d-%b-%y %H.%i.%s'),'orazisa',str_to_date('24-OCT-13 11.18.14','%d-%b-%y %H.%i.%s'),'orazisa','error.period_check_startdate','Element Period misses child element StartDate',null,null,null,null,null);
Insert into ETRUSTEX.ETR_TB_MSG_RESPONSE_CODE (RSC_ID,CRE_DT,CRE_ID,MOD_DT,MOD_ID,RSC_CD,RSC_VAL,RSC_STS_CD,RSC_DOC_ID,RSC_ICA_ID,RSC_PRO_ID,RSC_TRA_ID) values (43,str_to_date('24-OCT-13 11.18.14','%d-%b-%y %H.%i.%s'),'orazisa',str_to_date('24-OCT-13 11.18.14','%d-%b-%y %H.%i.%s'),'orazisa','error.receiverpartyid_check','The Sender Party Endpoint ID and the Receiver Party Endpoint ID must be present in the message payload.',null,null,null,null,null);
Insert into ETRUSTEX.ETR_TB_MSG_RESPONSE_CODE (RSC_ID,CRE_DT,CRE_ID,MOD_DT,MOD_ID,RSC_CD,RSC_VAL,RSC_STS_CD,RSC_DOC_ID,RSC_ICA_ID,RSC_PRO_ID,RSC_TRA_ID) values (44,str_to_date('24-OCT-13 11.18.14','%d-%b-%y %H.%i.%s'),'orazisa',str_to_date('24-OCT-13 11.18.14','%d-%b-%y %H.%i.%s'),'orazisa','error.senderpartyid_check','The Sender Party Endpoint ID and the Receiver Party Endpoint ID must be present in the message payload.',null,null,null,null,null);
Insert into ETRUSTEX.ETR_TB_MSG_RESPONSE_CODE (RSC_ID,CRE_DT,CRE_ID,MOD_DT,MOD_ID,RSC_CD,RSC_VAL,RSC_STS_CD,RSC_DOC_ID,RSC_ICA_ID,RSC_PRO_ID,RSC_TRA_ID) values (136,str_to_date('24-OCT-13 11.18.14','%d-%b-%y %H.%i.%s'),'almahfa',str_to_date('24-OCT-13 11.18.14','%d-%b-%y %H.%i.%s'),'almahfa','error.invalid_codetable_value_taxexemptionreasoncode','Value supplied is unacceptable for an element controlled by codelist TaxExemptionReasonCode',null,null,null,null,null);
Insert into ETRUSTEX.ETR_TB_MSG_RESPONSE_CODE (RSC_ID,CRE_DT,CRE_ID,MOD_DT,MOD_ID,RSC_CD,RSC_VAL,RSC_STS_CD,RSC_DOC_ID,RSC_ICA_ID,RSC_PRO_ID,RSC_TRA_ID) values (137,str_to_date('24-OCT-13 11.18.14','%d-%b-%y %H.%i.%s'),'almahfa',str_to_date('24-OCT-13 11.18.14','%d-%b-%y %H.%i.%s'),'almahfa','error.invalid_codetable_value_taxschemeid','Value supplied is unacceptable for an element controlled by codelist TaxSchemeID',null,null,null,null,null);
Insert into ETRUSTEX.ETR_TB_MSG_RESPONSE_CODE (RSC_ID,CRE_DT,CRE_ID,MOD_DT,MOD_ID,RSC_CD,RSC_VAL,RSC_STS_CD,RSC_DOC_ID,RSC_ICA_ID,RSC_PRO_ID,RSC_TRA_ID) values (138,str_to_date('24-OCT-13 11.18.14','%d-%b-%y %H.%i.%s'),'almahfa',str_to_date('24-OCT-13 11.18.14','%d-%b-%y %H.%i.%s'),'almahfa','error.invalid_codetable_value_taxtypecode','Value supplied is unacceptable for an element controlled by codelist TaxTypeCode',null,null,null,null,null);
Insert into ETRUSTEX.ETR_TB_MSG_RESPONSE_CODE (RSC_ID,CRE_DT,CRE_ID,MOD_DT,MOD_ID,RSC_CD,RSC_VAL,RSC_STS_CD,RSC_DOC_ID,RSC_ICA_ID,RSC_PRO_ID,RSC_TRA_ID) values (139,str_to_date('24-OCT-13 11.18.14','%d-%b-%y %H.%i.%s'),'almahfa',str_to_date('24-OCT-13 11.18.14','%d-%b-%y %H.%i.%s'),'almahfa','error.invalid_codetable_value_tendersubmissiontypecode','Value supplied is unacceptable for an element controlled by codelist TenderSubmissionTypeCode',null,null,null,null,null);
Insert into ETRUSTEX.ETR_TB_MSG_RESPONSE_CODE (RSC_ID,CRE_DT,CRE_ID,MOD_DT,MOD_ID,RSC_CD,RSC_VAL,RSC_STS_CD,RSC_DOC_ID,RSC_ICA_ID,RSC_PRO_ID,RSC_TRA_ID) values (140,str_to_date('24-OCT-13 11.18.14','%d-%b-%y %H.%i.%s'),'almahfa',str_to_date('24-OCT-13 11.18.14','%d-%b-%y %H.%i.%s'),'almahfa','error.invalid_codetable_value_unitofmeasurecode','Value supplied is unacceptable for an element controlled by codelist UnitOfMeasureCode',null,null,null,null,null);
Insert into ETRUSTEX.ETR_TB_MSG_RESPONSE_CODE (RSC_ID,CRE_DT,CRE_ID,MOD_DT,MOD_ID,RSC_CD,RSC_VAL,RSC_STS_CD,RSC_DOC_ID,RSC_ICA_ID,RSC_PRO_ID,RSC_TRA_ID) values (141,str_to_date('24-OCT-13 11.18.14','%d-%b-%y %H.%i.%s'),'almahfa',str_to_date('24-OCT-13 11.18.14','%d-%b-%y %H.%i.%s'),'almahfa','error.invalid_date_range','Period startdate is later than enddate',null,null,null,null,null);
Insert into ETRUSTEX.ETR_TB_MSG_RESPONSE_CODE (RSC_ID,CRE_DT,CRE_ID,MOD_DT,MOD_ID,RSC_CD,RSC_VAL,RSC_STS_CD,RSC_DOC_ID,RSC_ICA_ID,RSC_PRO_ID,RSC_TRA_ID) values (142,str_to_date('24-OCT-13 11.18.14','%d-%b-%y %H.%i.%s'),'almahfa',str_to_date('24-OCT-13 11.18.14','%d-%b-%y %H.%i.%s'),'almahfa','error.invoicedocumentreference_check','Invoice document reference missing',null,null,null,null,null);
Insert into ETRUSTEX.ETR_TB_MSG_RESPONSE_CODE (RSC_ID,CRE_DT,CRE_ID,MOD_DT,MOD_ID,RSC_CD,RSC_VAL,RSC_STS_CD,RSC_DOC_ID,RSC_ICA_ID,RSC_PRO_ID,RSC_TRA_ID) values (143,str_to_date('24-OCT-13 11.18.14','%d-%b-%y %H.%i.%s'),'almahfa',str_to_date('24-OCT-13 11.18.14','%d-%b-%y %H.%i.%s'),'almahfa','error.invoicedocumentreference_documenttypecode_check','Reminder/ReminderLine/BillingReference/InvoiceDocumentReference/DocumentTypeCode must be a valid code',null,null,null,null,null);
Insert into ETRUSTEX.ETR_TB_MSG_RESPONSE_CODE (RSC_ID,CRE_DT,CRE_ID,MOD_DT,MOD_ID,RSC_CD,RSC_VAL,RSC_STS_CD,RSC_DOC_ID,RSC_ICA_ID,RSC_PRO_ID,RSC_TRA_ID) values (144,str_to_date('24-OCT-13 11.18.14','%d-%b-%y %H.%i.%s'),'almahfa',str_to_date('24-OCT-13 11.18.14','%d-%b-%y %H.%i.%s'),'almahfa','error.invoicelinelineextensionamount_check','The total line amount plus charges minus discounts exclusive of taxes must be equal to the LineExtensionAmount at line level',null,null,null,null,null);
Insert into ETRUSTEX.ETR_TB_MSG_RESPONSE_CODE (RSC_ID,CRE_DT,CRE_ID,MOD_DT,MOD_ID,RSC_CD,RSC_VAL,RSC_STS_CD,RSC_DOC_ID,RSC_ICA_ID,RSC_PRO_ID,RSC_TRA_ID) values (145,str_to_date('24-OCT-13 11.18.14','%d-%b-%y %H.%i.%s'),'almahfa',str_to_date('24-OCT-13 11.18.14','%d-%b-%y %H.%i.%s'),'almahfa','error.issuedate_future','The element IssueDate should not contain a date from the future',null,null,null,null,null);
Insert into ETRUSTEX.ETR_TB_MSG_RESPONSE_CODE (RSC_ID,CRE_DT,CRE_ID,MOD_DT,MOD_ID,RSC_CD,RSC_VAL,RSC_STS_CD,RSC_DOC_ID,RSC_ICA_ID,RSC_PRO_ID,RSC_TRA_ID) values (146,str_to_date('24-OCT-13 11.18.14','%d-%b-%y %H.%i.%s'),'almahfa',str_to_date('24-OCT-13 11.18.14','%d-%b-%y %H.%i.%s'),'almahfa','error.issuetime_check','The IssueTime must be present',null,null,null,null,null);
Insert into ETRUSTEX.ETR_TB_MSG_RESPONSE_CODE (RSC_ID,CRE_DT,CRE_ID,MOD_DT,MOD_ID,RSC_CD,RSC_VAL,RSC_STS_CD,RSC_DOC_ID,RSC_ICA_ID,RSC_PRO_ID,RSC_TRA_ID) values (147,str_to_date('24-OCT-13 11.18.14','%d-%b-%y %H.%i.%s'),'almahfa',str_to_date('24-OCT-13 11.18.14','%d-%b-%y %H.%i.%s'),'almahfa','error.item_check_classifiedtaxcategory','Element Item misses child element ClassifiedTaxCategory',null,null,null,null,null);
Insert into ETRUSTEX.ETR_TB_MSG_RESPONSE_CODE (RSC_ID,CRE_DT,CRE_ID,MOD_DT,MOD_ID,RSC_CD,RSC_VAL,RSC_STS_CD,RSC_DOC_ID,RSC_ICA_ID,RSC_PRO_ID,RSC_TRA_ID) values (148,str_to_date('24-OCT-13 11.18.14','%d-%b-%y %H.%i.%s'),'almahfa',str_to_date('24-OCT-13 11.18.14','%d-%b-%y %H.%i.%s'),'almahfa','error.item_check_name_or_description','An item should contain a Name or a Description which is not empty',null,null,null,null,null);
Insert into ETRUSTEX.ETR_TB_MSG_RESPONSE_CODE (RSC_ID,CRE_DT,CRE_ID,MOD_DT,MOD_ID,RSC_CD,RSC_VAL,RSC_STS_CD,RSC_DOC_ID,RSC_ICA_ID,RSC_PRO_ID,RSC_TRA_ID) values (149,str_to_date('24-OCT-13 11.18.14','%d-%b-%y %H.%i.%s'),'almahfa',str_to_date('24-OCT-13 11.18.14','%d-%b-%y %H.%i.%s'),'almahfa','error.item_check_sellersitemidentification','SellersItemIdentification should be present for an Item',null,null,null,null,null);
Insert into ETRUSTEX.ETR_TB_MSG_RESPONSE_CODE (RSC_ID,CRE_DT,CRE_ID,MOD_DT,MOD_ID,RSC_CD,RSC_VAL,RSC_STS_CD,RSC_DOC_ID,RSC_ICA_ID,RSC_PRO_ID,RSC_TRA_ID) values (150,str_to_date('24-OCT-13 11.18.14','%d-%b-%y %H.%i.%s'),'almahfa',str_to_date('24-OCT-13 11.18.14','%d-%b-%y %H.%i.%s'),'almahfa','error.item_check_sellersitemidentification_catalogue','SellersItemIdentification must be present for an Item in the Catalogue document',null,null,null,null,null);
Insert into ETRUSTEX.ETR_TB_MSG_RESPONSE_CODE (RSC_ID,CRE_DT,CRE_ID,MOD_DT,MOD_ID,RSC_CD,RSC_VAL,RSC_STS_CD,RSC_DOC_ID,RSC_ICA_ID,RSC_PRO_ID,RSC_TRA_ID) values (151,str_to_date('24-OCT-13 11.18.14','%d-%b-%y %H.%i.%s'),'almahfa',str_to_date('24-OCT-13 11.18.14','%d-%b-%y %H.%i.%s'),'almahfa','error.itemclassificationcodecriterion_check','When ItemClassificationCodeCriterion is provided then the attribute listID must be present and not empty',null,null,null,null,null);
Insert into ETRUSTEX.ETR_TB_MSG_RESPONSE_CODE (RSC_ID,CRE_DT,CRE_ID,MOD_DT,MOD_ID,RSC_CD,RSC_VAL,RSC_STS_CD,RSC_DOC_ID,RSC_ICA_ID,RSC_PRO_ID,RSC_TRA_ID) values (152,str_to_date('24-OCT-13 11.18.14','%d-%b-%y %H.%i.%s'),'almahfa',str_to_date('24-OCT-13 11.18.14','%d-%b-%y %H.%i.%s'),'almahfa','error.large_date_range','The difference between startdate and enddate is larger than one year',null,null,null,null,null);
Insert into ETRUSTEX.ETR_TB_MSG_RESPONSE_CODE (RSC_ID,CRE_DT,CRE_ID,MOD_DT,MOD_ID,RSC_CD,RSC_VAL,RSC_STS_CD,RSC_DOC_ID,RSC_ICA_ID,RSC_PRO_ID,RSC_TRA_ID) values (153,str_to_date('24-OCT-13 11.18.14','%d-%b-%y %H.%i.%s'),'almahfa',str_to_date('24-OCT-13 11.18.14','%d-%b-%y %H.%i.%s'),'almahfa','error.lineextensionamount_check','The LineExtensionAmount at document level must be equal to the sum of all LineExtensionAmounts at line level',null,null,null,null,null);
Insert into ETRUSTEX.ETR_TB_MSG_RESPONSE_CODE (RSC_ID,CRE_DT,CRE_ID,MOD_DT,MOD_ID,RSC_CD,RSC_VAL,RSC_STS_CD,RSC_DOC_ID,RSC_ICA_ID,RSC_PRO_ID,RSC_TRA_ID) values (154,str_to_date('24-OCT-13 11.18.14','%d-%b-%y %H.%i.%s'),'almahfa',str_to_date('24-OCT-13 11.18.14','%d-%b-%y %H.%i.%s'),'almahfa','error.lineitem_check_totaltaxamount','Element LineItem misses child element TotalTaxAmount',null,null,null,null,null);
Insert into ETRUSTEX.ETR_TB_MSG_RESPONSE_CODE (RSC_ID,CRE_DT,CRE_ID,MOD_DT,MOD_ID,RSC_CD,RSC_VAL,RSC_STS_CD,RSC_DOC_ID,RSC_ICA_ID,RSC_PRO_ID,RSC_TRA_ID) values (155,str_to_date('24-OCT-13 11.18.14','%d-%b-%y %H.%i.%s'),'almahfa',str_to_date('24-OCT-13 11.18.14','%d-%b-%y %H.%i.%s'),'almahfa','error.lineitemid_check','LineItem ID should not be empty',null,null,null,null,null);
Insert into ETRUSTEX.ETR_TB_MSG_RESPONSE_CODE (RSC_ID,CRE_DT,CRE_ID,MOD_DT,MOD_ID,RSC_CD,RSC_VAL,RSC_STS_CD,RSC_DOC_ID,RSC_ICA_ID,RSC_PRO_ID,RSC_TRA_ID) values (156,str_to_date('24-OCT-13 11.18.14','%d-%b-%y %H.%i.%s'),'almahfa',str_to_date('24-OCT-13 11.18.14','%d-%b-%y %H.%i.%s'),'almahfa','error.lineitemlineextensionamount_check','The total line amount plus charges minus discounts exclusive of taxes must be equal to the LineExtensionAmount at line level',null,null,null,null,null);
Insert into ETRUSTEX.ETR_TB_MSG_RESPONSE_CODE (RSC_ID,CRE_DT,CRE_ID,MOD_DT,MOD_ID,RSC_CD,RSC_VAL,RSC_STS_CD,RSC_DOC_ID,RSC_ICA_ID,RSC_PRO_ID,RSC_TRA_ID) values (157,str_to_date('24-OCT-13 11.18.14','%d-%b-%y %H.%i.%s'),'almahfa',str_to_date('24-OCT-13 11.18.14','%d-%b-%y %H.%i.%s'),'almahfa','error.lineitemlineextensionamount_negative_check','LineExtensionAmount in LineItem must not be negative',null,null,null,null,null);
Insert into ETRUSTEX.ETR_TB_MSG_RESPONSE_CODE (RSC_ID,CRE_DT,CRE_ID,MOD_DT,MOD_ID,RSC_CD,RSC_VAL,RSC_STS_CD,RSC_DOC_ID,RSC_ICA_ID,RSC_PRO_ID,RSC_TRA_ID) values (158,str_to_date('24-OCT-13 11.18.14','%d-%b-%y %H.%i.%s'),'almahfa',str_to_date('24-OCT-13 11.18.14','%d-%b-%y %H.%i.%s'),'almahfa','error.lineitemquantity_check','Quantity in LineItem must not be negative',null,null,null,null,null);
Insert into ETRUSTEX.ETR_TB_MSG_RESPONSE_CODE (RSC_ID,CRE_DT,CRE_ID,MOD_DT,MOD_ID,RSC_CD,RSC_VAL,RSC_STS_CD,RSC_DOC_ID,RSC_ICA_ID,RSC_PRO_ID,RSC_TRA_ID) values (159,str_to_date('24-OCT-13 11.18.14','%d-%b-%y %H.%i.%s'),'almahfa',str_to_date('24-OCT-13 11.18.14','%d-%b-%y %H.%i.%s'),'almahfa','error.linevalidityperiod_check','The LineValidityPeriod should fall within the range of the ValidityPeriod defined at document level',null,null,null,null,null);
Insert into ETRUSTEX.ETR_TB_MSG_RESPONSE_CODE (RSC_ID,CRE_DT,CRE_ID,MOD_DT,MOD_ID,RSC_CD,RSC_VAL,RSC_STS_CD,RSC_DOC_ID,RSC_ICA_ID,RSC_PRO_ID,RSC_TRA_ID) values (160,str_to_date('24-OCT-13 11.18.14','%d-%b-%y %H.%i.%s'),'almahfa',str_to_date('24-OCT-13 11.18.14','%d-%b-%y %H.%i.%s'),'almahfa','error.note_check','The Note of the message must be present and not empty',null,null,null,null,null);
Insert into ETRUSTEX.ETR_TB_MSG_RESPONSE_CODE (RSC_ID,CRE_DT,CRE_ID,MOD_DT,MOD_ID,RSC_CD,RSC_VAL,RSC_STS_CD,RSC_DOC_ID,RSC_ICA_ID,RSC_PRO_ID,RSC_TRA_ID) values (161,str_to_date('24-OCT-13 11.18.14','%d-%b-%y %H.%i.%s'),'almahfa',str_to_date('24-OCT-13 11.18.14','%d-%b-%y %H.%i.%s'),'almahfa','error.order_document_reference_check','Element OrderDocumentReference should include one of following child elements: DocumentType or DocumentTypeCode',null,null,null,null,null);
Insert into ETRUSTEX.ETR_TB_MSG_RESPONSE_CODE (RSC_ID,CRE_DT,CRE_ID,MOD_DT,MOD_ID,RSC_CD,RSC_VAL,RSC_STS_CD,RSC_DOC_ID,RSC_ICA_ID,RSC_PRO_ID,RSC_TRA_ID) values (162,str_to_date('24-OCT-13 11.18.14','%d-%b-%y %H.%i.%s'),'almahfa',str_to_date('24-OCT-13 11.18.14','%d-%b-%y %H.%i.%s'),'almahfa','error.order_reference_check','No more than one OrderReference class should be present',null,null,null,null,null);
Insert into ETRUSTEX.ETR_TB_MSG_RESPONSE_CODE (RSC_ID,CRE_DT,CRE_ID,MOD_DT,MOD_ID,RSC_CD,RSC_VAL,RSC_STS_CD,RSC_DOC_ID,RSC_ICA_ID,RSC_PRO_ID,RSC_TRA_ID) values (163,str_to_date('24-OCT-13 11.18.14','%d-%b-%y %H.%i.%s'),'almahfa',str_to_date('24-OCT-13 11.18.14','%d-%b-%y %H.%i.%s'),'almahfa','error.orderableunitfactorrate_check','The OrderableUnitFactorRate should be larger than 0',null,null,null,null,null);
Insert into ETRUSTEX.ETR_TB_MSG_RESPONSE_CODE (RSC_ID,CRE_DT,CRE_ID,MOD_DT,MOD_ID,RSC_CD,RSC_VAL,RSC_STS_CD,RSC_DOC_ID,RSC_ICA_ID,RSC_PRO_ID,RSC_TRA_ID) values (164,str_to_date('24-OCT-13 11.18.14','%d-%b-%y %H.%i.%s'),'almahfa',str_to_date('24-OCT-13 11.18.14','%d-%b-%y %H.%i.%s'),'almahfa','error.orderdocumentreference_check','OrderReference should be present and not empty',null,null,null,null,null);
Insert into ETRUSTEX.ETR_TB_MSG_RESPONSE_CODE (RSC_ID,CRE_DT,CRE_ID,MOD_DT,MOD_ID,RSC_CD,RSC_VAL,RSC_STS_CD,RSC_DOC_ID,RSC_ICA_ID,RSC_PRO_ID,RSC_TRA_ID) values (251,str_to_date('24-OCT-13 11.18.14','%d-%b-%y %H.%i.%s'),'almahfa',str_to_date('24-OCT-13 11.18.14','%d-%b-%y %H.%i.%s'),'almahfa','error.tenderingprocess_procurementprojectlot_not_present','When CallForTenders/TenderingProcess/PartPresentationCode is equal to 9 then ProcurementProjectLot node should not exist',null,null,null,null,null);
Insert into ETRUSTEX.ETR_TB_MSG_RESPONSE_CODE (RSC_ID,CRE_DT,CRE_ID,MOD_DT,MOD_ID,RSC_CD,RSC_VAL,RSC_STS_CD,RSC_DOC_ID,RSC_ICA_ID,RSC_PRO_ID,RSC_TRA_ID) values (252,str_to_date('24-OCT-13 11.18.14','%d-%b-%y %H.%i.%s'),'almahfa',str_to_date('24-OCT-13 11.18.14','%d-%b-%y %H.%i.%s'),'almahfa','error.tenderingprocess_procurementprojectlot_present_check','When CallForTenders/TenderingProcess/PartPresentationCode is equal to 1,2 or 3 then at least one ProcurementProjectLot node should exist',null,null,null,null,null);
Insert into ETRUSTEX.ETR_TB_MSG_RESPONSE_CODE (RSC_ID,CRE_DT,CRE_ID,MOD_DT,MOD_ID,RSC_CD,RSC_VAL,RSC_STS_CD,RSC_DOC_ID,RSC_ICA_ID,RSC_PRO_ID,RSC_TRA_ID) values (253,str_to_date('24-OCT-13 11.18.14','%d-%b-%y %H.%i.%s'),'almahfa',str_to_date('24-OCT-13 11.18.14','%d-%b-%y %H.%i.%s'),'almahfa','error.tenderingterms_awardingmethodtypecode_check','AwardingMethodTypeCode in TenderingTerms must be present and not empty',null,null,null,null,null);
Insert into ETRUSTEX.ETR_TB_MSG_RESPONSE_CODE (RSC_ID,CRE_DT,CRE_ID,MOD_DT,MOD_ID,RSC_CD,RSC_VAL,RSC_STS_CD,RSC_DOC_ID,RSC_ICA_ID,RSC_PRO_ID,RSC_TRA_ID) values (254,str_to_date('24-OCT-13 11.18.14','%d-%b-%y %H.%i.%s'),'almahfa',str_to_date('24-OCT-13 11.18.14','%d-%b-%y %H.%i.%s'),'almahfa','error.tenderingterms_language_localecode_check','LocaleCode in TenderingTerms/Language must be present and not empty',null,null,null,null,null);
Insert into ETRUSTEX.ETR_TB_MSG_RESPONSE_CODE (RSC_ID,CRE_DT,CRE_ID,MOD_DT,MOD_ID,RSC_CD,RSC_VAL,RSC_STS_CD,RSC_DOC_ID,RSC_ICA_ID,RSC_PRO_ID,RSC_TRA_ID) values (255,str_to_date('24-OCT-13 11.18.14','%d-%b-%y %H.%i.%s'),'almahfa',str_to_date('24-OCT-13 11.18.14','%d-%b-%y %H.%i.%s'),'almahfa','error.tendersubmissiondeadlineperiod_enddate_check','When CallForTenders/ProfileExecutionID equals "QT" or "T" then EndDate in TenderingProcess/TenderSubmissionDeadlinePeriod must be present and not empty',null,null,null,null,null);
Insert into ETRUSTEX.ETR_TB_MSG_RESPONSE_CODE (RSC_ID,CRE_DT,CRE_ID,MOD_DT,MOD_ID,RSC_CD,RSC_VAL,RSC_STS_CD,RSC_DOC_ID,RSC_ICA_ID,RSC_PRO_ID,RSC_TRA_ID) values (256,str_to_date('24-OCT-13 11.18.14','%d-%b-%y %H.%i.%s'),'almahfa',str_to_date('24-OCT-13 11.18.14','%d-%b-%y %H.%i.%s'),'almahfa','error.tendersubmissiondeadlineperiod_endtime_check','When CallForTenders/ProfileExecutionID equals "QT" or "T" then EndTime in TenderingProcess/TenderSubmissionDeadlinePeriod must be present and not empty',null,null,null,null,null);
Insert into ETRUSTEX.ETR_TB_MSG_RESPONSE_CODE (RSC_ID,CRE_DT,CRE_ID,MOD_DT,MOD_ID,RSC_CD,RSC_VAL,RSC_STS_CD,RSC_DOC_ID,RSC_ICA_ID,RSC_PRO_ID,RSC_TRA_ID) values (257,str_to_date('24-OCT-13 11.18.14','%d-%b-%y %H.%i.%s'),'almahfa',str_to_date('24-OCT-13 11.18.14','%d-%b-%y %H.%i.%s'),'almahfa','error.tendersubmissiondeadlineperiod_participationrequestreceptionperiod_check','When CallForTenders/ProfileExecutionID equals "Q2T" then TenderingProcess/TenderSubmissionDeadlinePeriod and TenderingProcess/ParticipationRequestReceptionPeriod should not both exist',null,null,null,null,null);
Insert into ETRUSTEX.ETR_TB_MSG_RESPONSE_CODE (RSC_ID,CRE_DT,CRE_ID,MOD_DT,MOD_ID,RSC_CD,RSC_VAL,RSC_STS_CD,RSC_DOC_ID,RSC_ICA_ID,RSC_PRO_ID,RSC_TRA_ID) values (258,str_to_date('24-OCT-13 11.18.14','%d-%b-%y %H.%i.%s'),'almahfa',str_to_date('24-OCT-13 11.18.14','%d-%b-%y %H.%i.%s'),'almahfa','error.total_amount_check','The total amount of the invoice cannot be negative',null,null,null,null,null);
Insert into ETRUSTEX.ETR_TB_MSG_RESPONSE_CODE (RSC_ID,CRE_DT,CRE_ID,MOD_DT,MOD_ID,RSC_CD,RSC_VAL,RSC_STS_CD,RSC_DOC_ID,RSC_ICA_ID,RSC_PRO_ID,RSC_TRA_ID) values (259,str_to_date('24-OCT-13 11.18.14','%d-%b-%y %H.%i.%s'),'almahfa',str_to_date('24-OCT-13 11.18.14','%d-%b-%y %H.%i.%s'),'almahfa','error.totaltaxamount_check','TotalTaxAmount should not be negative',null,null,null,null,null);
Insert into ETRUSTEX.ETR_TB_MSG_RESPONSE_CODE (RSC_ID,CRE_DT,CRE_ID,MOD_DT,MOD_ID,RSC_CD,RSC_VAL,RSC_STS_CD,RSC_DOC_ID,RSC_ICA_ID,RSC_PRO_ID,RSC_TRA_ID) values (260,str_to_date('24-OCT-13 11.18.14','%d-%b-%y %H.%i.%s'),'almahfa',str_to_date('24-OCT-13 11.18.14','%d-%b-%y %H.%i.%s'),'almahfa','error.ublversionid_check','The UBLVersionID of the message must be present and not empty',null,null,null,null,null);
Insert into ETRUSTEX.ETR_TB_MSG_RESPONSE_CODE (RSC_ID,CRE_DT,CRE_ID,MOD_DT,MOD_ID,RSC_CD,RSC_VAL,RSC_STS_CD,RSC_DOC_ID,RSC_ICA_ID,RSC_PRO_ID,RSC_TRA_ID) values (261,str_to_date('24-OCT-13 11.18.14','%d-%b-%y %H.%i.%s'),'almahfa',str_to_date('24-OCT-13 11.18.14','%d-%b-%y %H.%i.%s'),'almahfa','error.uuid_check','The UUID of the message must be present and not empty',null,null,null,null,null);
Insert into ETRUSTEX.ETR_TB_MSG_RESPONSE_CODE (RSC_ID,CRE_DT,CRE_ID,MOD_DT,MOD_ID,RSC_CD,RSC_VAL,RSC_STS_CD,RSC_DOC_ID,RSC_ICA_ID,RSC_PRO_ID,RSC_TRA_ID) values (262,str_to_date('24-OCT-13 11.18.14','%d-%b-%y %H.%i.%s'),'almahfa',str_to_date('24-OCT-13 11.18.14','%d-%b-%y %H.%i.%s'),'almahfa','error.uuid_id_length_check','The combination UUID::ID of the message cannot be larger than 250 characters',null,null,null,null,null);
Insert into ETRUSTEX.ETR_TB_MSG_RESPONSE_CODE (RSC_ID,CRE_DT,CRE_ID,MOD_DT,MOD_ID,RSC_CD,RSC_VAL,RSC_STS_CD,RSC_DOC_ID,RSC_ICA_ID,RSC_PRO_ID,RSC_TRA_ID) values (263,str_to_date('24-OCT-13 11.18.14','%d-%b-%y %H.%i.%s'),'almahfa',str_to_date('24-OCT-13 11.18.14','%d-%b-%y %H.%i.%s'),'almahfa','error.uuid_invalid_char','The UUID of the message contains an invalid character',null,null,null,null,null);
Insert into ETRUSTEX.ETR_TB_MSG_RESPONSE_CODE (RSC_ID,CRE_DT,CRE_ID,MOD_DT,MOD_ID,RSC_CD,RSC_VAL,RSC_STS_CD,RSC_DOC_ID,RSC_ICA_ID,RSC_PRO_ID,RSC_TRA_ID) values (264,str_to_date('24-OCT-13 11.18.14','%d-%b-%y %H.%i.%s'),'almahfa',str_to_date('24-OCT-13 11.18.14','%d-%b-%y %H.%i.%s'),'almahfa','error.validity_period_check','No more than one ValidityPeriod class should be present',null,null,null,null,null);
Insert into ETRUSTEX.ETR_TB_MSG_RESPONSE_CODE (RSC_ID,CRE_DT,CRE_ID,MOD_DT,MOD_ID,RSC_CD,RSC_VAL,RSC_STS_CD,RSC_DOC_ID,RSC_ICA_ID,RSC_PRO_ID,RSC_TRA_ID) values (265,str_to_date('24-OCT-13 11.18.14','%d-%b-%y %H.%i.%s'),'almahfa',str_to_date('24-OCT-13 11.18.14','%d-%b-%y %H.%i.%s'),'almahfa','error.vattotalamount_check','If the VAT total amount exists in the document then the sum of taxable amount in sub categories should equal the sum of document tax exclusive amount',null,null,null,null,null);
Insert into ETRUSTEX.ETR_TB_MSG_RESPONSE_CODE (RSC_ID,CRE_DT,CRE_ID,MOD_DT,MOD_ID,RSC_CD,RSC_VAL,RSC_STS_CD,RSC_DOC_ID,RSC_ICA_ID,RSC_PRO_ID,RSC_TRA_ID) values (266,str_to_date('24-OCT-13 11.18.14','%d-%b-%y %H.%i.%s'),'almahfa',str_to_date('24-OCT-13 11.18.14','%d-%b-%y %H.%i.%s'),'almahfa','error.versionid_check','The VersionID of the message must be present and cannot be empty',null,null,null,null,null);
Insert into ETRUSTEX.ETR_TB_MSG_RESPONSE_CODE (RSC_ID,CRE_DT,CRE_ID,MOD_DT,MOD_ID,RSC_CD,RSC_VAL,RSC_STS_CD,RSC_DOC_ID,RSC_ICA_ID,RSC_PRO_ID,RSC_TRA_ID) values (267,str_to_date('24-OCT-13 11.18.14','%d-%b-%y %H.%i.%s'),'almahfa',str_to_date('24-OCT-13 11.18.14','%d-%b-%y %H.%i.%s'),'almahfa','error.versionid_invalid_char','The VersionID of the message contains an invalid character',null,null,null,null,null);
Insert into ETRUSTEX.ETR_TB_MSG_RESPONSE_CODE (RSC_ID,CRE_DT,CRE_ID,MOD_DT,MOD_ID,RSC_CD,RSC_VAL,RSC_STS_CD,RSC_DOC_ID,RSC_ICA_ID,RSC_PRO_ID,RSC_TRA_ID) values (268,str_to_date('24-OCT-13 11.18.14','%d-%b-%y %H.%i.%s'),'almahfa',str_to_date('24-OCT-13 11.18.14','%d-%b-%y %H.%i.%s'),'almahfa','error.versionid_length_check','The VersionID of the message cannot be larger than 5 characters',null,null,null,null,null);
Insert into ETRUSTEX.ETR_TB_MSG_RESPONSE_CODE (RSC_ID,CRE_DT,CRE_ID,MOD_DT,MOD_ID,RSC_CD,RSC_VAL,RSC_STS_CD,RSC_DOC_ID,RSC_ICA_ID,RSC_PRO_ID,RSC_TRA_ID) values (269,str_to_date('24-OCT-13 11.18.14','%d-%b-%y %H.%i.%s'),'almahfa',str_to_date('24-OCT-13 11.18.14','%d-%b-%y %H.%i.%s'),'almahfa','error.allowancecharge_check_baseamount','BaseAmount should be present when MultiplierFactorNumeric is used in an AllowanceCharge',null,null,null,null,null);
Insert into ETRUSTEX.ETR_TB_MSG_RESPONSE_CODE (RSC_ID,CRE_DT,CRE_ID,MOD_DT,MOD_ID,RSC_CD,RSC_VAL,RSC_STS_CD,RSC_DOC_ID,RSC_ICA_ID,RSC_PRO_ID,RSC_TRA_ID) values (270,str_to_date('24-OCT-13 11.18.14','%d-%b-%y %H.%i.%s'),'almahfa',str_to_date('24-OCT-13 11.18.14','%d-%b-%y %H.%i.%s'),'almahfa','error.allowancecharge_check_multiplierfactornumeric','The MultiplierFactorNumeric in an AllowanceCharge should not be negative',null,null,null,null,null);
Insert into ETRUSTEX.ETR_TB_MSG_RESPONSE_CODE (RSC_ID,CRE_DT,CRE_ID,MOD_DT,MOD_ID,RSC_CD,RSC_VAL,RSC_STS_CD,RSC_DOC_ID,RSC_ICA_ID,RSC_PRO_ID,RSC_TRA_ID) values (271,str_to_date('24-OCT-13 11.18.14','%d-%b-%y %H.%i.%s'),'almahfa',str_to_date('24-OCT-13 11.18.14','%d-%b-%y %H.%i.%s'),'almahfa','error.allowancecharge_check_sequencenumeric','The SequenceNumeric in an AllowanceCharge should not be negative',null,null,null,null,null);
Insert into ETRUSTEX.ETR_TB_MSG_RESPONSE_CODE (RSC_ID,CRE_DT,CRE_ID,MOD_DT,MOD_ID,RSC_CD,RSC_VAL,RSC_STS_CD,RSC_DOC_ID,RSC_ICA_ID,RSC_PRO_ID,RSC_TRA_ID) values (272,str_to_date('24-OCT-13 11.18.14','%d-%b-%y %H.%i.%s'),'almahfa',str_to_date('24-OCT-13 11.18.14','%d-%b-%y %H.%i.%s'),'almahfa','error.allowancecharge_check_vat','If the VAT total amount in a document exists then an Allowances Charges amount on document level should have Tax category for VAT',null,null,null,null,null);
Insert into ETRUSTEX.ETR_TB_MSG_RESPONSE_CODE (RSC_ID,CRE_DT,CRE_ID,MOD_DT,MOD_ID,RSC_CD,RSC_VAL,RSC_STS_CD,RSC_DOC_ID,RSC_ICA_ID,RSC_PRO_ID,RSC_TRA_ID) values (273,str_to_date('24-OCT-13 11.18.14','%d-%b-%y %H.%i.%s'),'almahfa',str_to_date('24-OCT-13 11.18.14','%d-%b-%y %H.%i.%s'),'almahfa','error.allowancetotalamount_check','The Allowance Total Amount must be equal to the total of all allowances at document level',null,null,null,null,null);
Insert into ETRUSTEX.ETR_TB_MSG_RESPONSE_CODE (RSC_ID,CRE_DT,CRE_ID,MOD_DT,MOD_ID,RSC_CD,RSC_VAL,RSC_STS_CD,RSC_DOC_ID,RSC_ICA_ID,RSC_PRO_ID,RSC_TRA_ID) values (274,str_to_date('24-OCT-13 11.18.14','%d-%b-%y %H.%i.%s'),'almahfa',str_to_date('24-OCT-13 11.18.14','%d-%b-%y %H.%i.%s'),'almahfa','error.approvaldate_occurrencedate_check','When CallForTenders/ProfileExecutionID = "Q" the CallForTenders/TenderingProcess/OpenTenderEvent/OccurrenceDate must be equal to the CallForTenders/ApprovalDate',null,null,null,null,null);
Insert into ETRUSTEX.ETR_TB_MSG_RESPONSE_CODE (RSC_ID,CRE_DT,CRE_ID,MOD_DT,MOD_ID,RSC_CD,RSC_VAL,RSC_STS_CD,RSC_DOC_ID,RSC_ICA_ID,RSC_PRO_ID,RSC_TRA_ID) values (275,str_to_date('24-OCT-13 11.18.14','%d-%b-%y %H.%i.%s'),'almahfa',str_to_date('24-OCT-13 11.18.14','%d-%b-%y %H.%i.%s'),'almahfa','error.attachment_check','Element Attachment should not be present in this document',null,null,null,null,null);
Insert into ETRUSTEX.ETR_TB_MSG_RESPONSE_CODE (RSC_ID,CRE_DT,CRE_ID,MOD_DT,MOD_ID,RSC_CD,RSC_VAL,RSC_STS_CD,RSC_DOC_ID,RSC_ICA_ID,RSC_PRO_ID,RSC_TRA_ID) values (276,str_to_date('24-OCT-13 11.18.14','%d-%b-%y %H.%i.%s'),'almahfa',str_to_date('24-OCT-13 11.18.14','%d-%b-%y %H.%i.%s'),'almahfa','error.attachment_content_check','Element Attachment is mandatory, but should not have any content in this document',null,null,null,null,null);
Insert into ETRUSTEX.ETR_TB_MSG_RESPONSE_CODE (RSC_ID,CRE_DT,CRE_ID,MOD_DT,MOD_ID,RSC_CD,RSC_VAL,RSC_STS_CD,RSC_DOC_ID,RSC_ICA_ID,RSC_PRO_ID,RSC_TRA_ID) values (277,str_to_date('24-OCT-13 11.18.14','%d-%b-%y %H.%i.%s'),'almahfa',str_to_date('24-OCT-13 11.18.14','%d-%b-%y %H.%i.%s'),'almahfa','error.cdr_id_length_check','The combination ID::CallForTendersDocumentReference/ID of the message cannot be larger than 250 characters',null,null,null,null,null);
Insert into ETRUSTEX.ETR_TB_MSG_RESPONSE_CODE (RSC_ID,CRE_DT,CRE_ID,MOD_DT,MOD_ID,RSC_CD,RSC_VAL,RSC_STS_CD,RSC_DOC_ID,RSC_ICA_ID,RSC_PRO_ID,RSC_TRA_ID) values (278,str_to_date('24-OCT-13 11.18.14','%d-%b-%y %H.%i.%s'),'almahfa',str_to_date('24-OCT-13 11.18.14','%d-%b-%y %H.%i.%s'),'almahfa','error.cdr_invalid_char','The CallForTendersDocumentReference/ID of the message contains an invalid character',null,null,null,null,null);
Insert into ETRUSTEX.ETR_TB_MSG_RESPONSE_CODE (RSC_ID,CRE_DT,CRE_ID,MOD_DT,MOD_ID,RSC_CD,RSC_VAL,RSC_STS_CD,RSC_DOC_ID,RSC_ICA_ID,RSC_PRO_ID,RSC_TRA_ID) values (45,str_to_date('24-OCT-13 11.18.14','%d-%b-%y %H.%i.%s'),'almahfa',str_to_date('24-OCT-13 11.18.14','%d-%b-%y %H.%i.%s'),'almahfa','error.accepted_indicator_check_ack','There AcceptedIndicator must be true in an Order Acknowledgement',null,null,null,null,null);
Insert into ETRUSTEX.ETR_TB_MSG_RESPONSE_CODE (RSC_ID,CRE_DT,CRE_ID,MOD_DT,MOD_ID,RSC_CD,RSC_VAL,RSC_STS_CD,RSC_DOC_ID,RSC_ICA_ID,RSC_PRO_ID,RSC_TRA_ID) values (46,str_to_date('24-OCT-13 11.18.14','%d-%b-%y %H.%i.%s'),'almahfa',str_to_date('24-OCT-13 11.18.14','%d-%b-%y %H.%i.%s'),'almahfa','error.accepted_indicator_check_false','There must be a RejectionNote element when AcceptedIndicator equals false',null,null,null,null,null);
Insert into ETRUSTEX.ETR_TB_MSG_RESPONSE_CODE (RSC_ID,CRE_DT,CRE_ID,MOD_DT,MOD_ID,RSC_CD,RSC_VAL,RSC_STS_CD,RSC_DOC_ID,RSC_ICA_ID,RSC_PRO_ID,RSC_TRA_ID) values (47,str_to_date('24-OCT-13 11.18.14','%d-%b-%y %H.%i.%s'),'almahfa',str_to_date('24-OCT-13 11.18.14','%d-%b-%y %H.%i.%s'),'almahfa','error.accepted_indicator_check_true','RejectionNote element should be excluded when AcceptedIndicator equals true',null,null,null,null,null);
Insert into ETRUSTEX.ETR_TB_MSG_RESPONSE_CODE (RSC_ID,CRE_DT,CRE_ID,MOD_DT,MOD_ID,RSC_CD,RSC_VAL,RSC_STS_CD,RSC_DOC_ID,RSC_ICA_ID,RSC_PRO_ID,RSC_TRA_ID) values (48,str_to_date('24-OCT-13 11.18.14','%d-%b-%y %H.%i.%s'),'almahfa',str_to_date('24-OCT-13 11.18.14','%d-%b-%y %H.%i.%s'),'almahfa','error.accountingcustomerparty_endpointid_check','EnpointID in AccountingCustomerParty/Party must be present and cannot be empty',null,null,null,null,null);
Insert into ETRUSTEX.ETR_TB_MSG_RESPONSE_CODE (RSC_ID,CRE_DT,CRE_ID,MOD_DT,MOD_ID,RSC_CD,RSC_VAL,RSC_STS_CD,RSC_DOC_ID,RSC_ICA_ID,RSC_PRO_ID,RSC_TRA_ID) values (49,str_to_date('24-OCT-13 11.18.14','%d-%b-%y %H.%i.%s'),'almahfa',str_to_date('24-OCT-13 11.18.14','%d-%b-%y %H.%i.%s'),'almahfa','error.accountingcustomerparty_name_check','Name in AccountingCustomerParty/Party/PartyName must be present and cannot be empty',null,null,null,null,null);
Insert into ETRUSTEX.ETR_TB_MSG_RESPONSE_CODE (RSC_ID,CRE_DT,CRE_ID,MOD_DT,MOD_ID,RSC_CD,RSC_VAL,RSC_STS_CD,RSC_DOC_ID,RSC_ICA_ID,RSC_PRO_ID,RSC_TRA_ID) values (50,str_to_date('24-OCT-13 11.18.14','%d-%b-%y %H.%i.%s'),'almahfa',str_to_date('24-OCT-13 11.18.14','%d-%b-%y %H.%i.%s'),'almahfa','error.accountingsupplierparty_endpointid_check','EnpointID in AccountingSupplierParty/Party must be present and cannot be empty',null,null,null,null,null);
Insert into ETRUSTEX.ETR_TB_MSG_RESPONSE_CODE (RSC_ID,CRE_DT,CRE_ID,MOD_DT,MOD_ID,RSC_CD,RSC_VAL,RSC_STS_CD,RSC_DOC_ID,RSC_ICA_ID,RSC_PRO_ID,RSC_TRA_ID) values (285,str_to_date('24-OCT-13 11.18.14','%d-%b-%y %H.%i.%s'),'almahfa',str_to_date('24-OCT-13 11.18.14','%d-%b-%y %H.%i.%s'),'almahfa','error.chargetotalamount_check','The Charge Total Amount must be equal to the total of all charges at document level',null,null,null,null,null);
Insert into ETRUSTEX.ETR_TB_MSG_RESPONSE_CODE (RSC_ID,CRE_DT,CRE_ID,MOD_DT,MOD_ID,RSC_CD,RSC_VAL,RSC_STS_CD,RSC_DOC_ID,RSC_ICA_ID,RSC_PRO_ID,RSC_TRA_ID) values (286,str_to_date('24-OCT-13 11.18.14','%d-%b-%y %H.%i.%s'),'almahfa',str_to_date('24-OCT-13 11.18.14','%d-%b-%y %H.%i.%s'),'almahfa','error.commodityclassification_check','Both ItemClassificationCode and ItemClassificationCode/@listID must be present and not empty in CommodityClassification',null,null,null,null,null);
Insert into ETRUSTEX.ETR_TB_MSG_RESPONSE_CODE (RSC_ID,CRE_DT,CRE_ID,MOD_DT,MOD_ID,RSC_CD,RSC_VAL,RSC_STS_CD,RSC_DOC_ID,RSC_ICA_ID,RSC_PRO_ID,RSC_TRA_ID) values (287,str_to_date('24-OCT-13 11.18.14','%d-%b-%y %H.%i.%s'),'almahfa',str_to_date('24-OCT-13 11.18.14','%d-%b-%y %H.%i.%s'),'almahfa','error.contract_check','Exactly one Contract class should be present',null,null,null,null,null);
Insert into ETRUSTEX.ETR_TB_MSG_RESPONSE_CODE (RSC_ID,CRE_DT,CRE_ID,MOD_DT,MOD_ID,RSC_CD,RSC_VAL,RSC_STS_CD,RSC_DOC_ID,RSC_ICA_ID,RSC_PRO_ID,RSC_TRA_ID) values (288,str_to_date('07-AUG-14 17.31.50','%d-%b-%y %H.%i.%s'),'almahfa',str_to_date('07-AUG-14 17.31.50','%d-%b-%y %H.%i.%s'),'almahfa','"error.documenttypecode_invalid','The DocumentTypeCode of the message contains an invalid value',null,null,null,null,null);
--REM INSERTING into ETRUSTEX.ETR_TB_PARTY

Insert into ETRUSTEX.ETR_TB_PARTY (PTY_ID,CRE_DT,CRE_ID,MOD_DT,MOD_ID,PTY_PARTY_NAME,PTY_CERT_ID,PTY_CRED_ID,PTY_THIRD_PTY_FL,PTY_BUSINESS_DOMAIN) values (320,str_to_date('29-JAN-14 10.30.46','%d-%b-%y %H.%i.%s'),'almahfa',str_to_date('29-JAN-14 10.30.46','%d-%b-%y %H.%i.%s'),'almahfa','DG_JUSTICE_TEST',null,317,null,null);
Insert into ETRUSTEX.ETR_TB_PARTY (PTY_ID,CRE_DT,CRE_ID,MOD_DT,MOD_ID,PTY_PARTY_NAME,PTY_CERT_ID,PTY_CRED_ID,PTY_THIRD_PTY_FL,PTY_BUSINESS_DOMAIN) values (321,str_to_date('29-JAN-14 10.30.46','%d-%b-%y %H.%i.%s'),'almahfa',str_to_date('29-JAN-14 10.30.46','%d-%b-%y %H.%i.%s'),'almahfa','ECODEX_TEST',null,318,null,null);
Insert into ETRUSTEX.ETR_TB_PARTY (PTY_ID,CRE_DT,CRE_ID,MOD_DT,MOD_ID,PTY_PARTY_NAME,PTY_CERT_ID,PTY_CRED_ID,PTY_THIRD_PTY_FL,PTY_BUSINESS_DOMAIN) values (322,str_to_date('06-FEB-14 10.15.55','%d-%b-%y %H.%i.%s'),'ventrgi',str_to_date('06-FEB-14 10.15.55','%d-%b-%y %H.%i.%s'),'ventrgi','cube',null,319,1,null);
Insert into ETRUSTEX.ETR_TB_PARTY (PTY_ID,CRE_DT,CRE_ID,MOD_DT,MOD_ID,PTY_PARTY_NAME,PTY_CERT_ID,PTY_CRED_ID,PTY_THIRD_PTY_FL,PTY_BUSINESS_DOMAIN) values (199,str_to_date('09-JAN-14 11.09.34','%d-%b-%y %H.%i.%s'),'almahfa',str_to_date('09-JAN-14 11.09.34','%d-%b-%y %H.%i.%s'),'almahfa','mParty2',null,199,null,null);
Insert into ETRUSTEX.ETR_TB_PARTY (PTY_ID,CRE_DT,CRE_ID,MOD_DT,MOD_ID,PTY_PARTY_NAME,PTY_CERT_ID,PTY_CRED_ID,PTY_THIRD_PTY_FL,PTY_BUSINESS_DOMAIN) values (198,str_to_date('09-JAN-14 11.09.34','%d-%b-%y %H.%i.%s'),'almahfa',str_to_date('09-JAN-14 11.09.34','%d-%b-%y %H.%i.%s'),'almahfa','aParty',null,198,1,null);
Insert into ETRUSTEX.ETR_TB_PARTY (PTY_ID,CRE_DT,CRE_ID,MOD_DT,MOD_ID,PTY_PARTY_NAME,PTY_CERT_ID,PTY_CRED_ID,PTY_THIRD_PTY_FL,PTY_BUSINESS_DOMAIN) values (323,str_to_date('06-FEB-14 10.15.55','%d-%b-%y %H.%i.%s'),'ventrgi',str_to_date('06-FEB-14 10.15.55','%d-%b-%y %H.%i.%s'),'ventrgi','spots',null,320,1,null);
Insert into ETRUSTEX.ETR_TB_PARTY (PTY_ID,CRE_DT,CRE_ID,MOD_DT,MOD_ID,PTY_PARTY_NAME,PTY_CERT_ID,PTY_CRED_ID,PTY_THIRD_PTY_FL,PTY_BUSINESS_DOMAIN) values (325,str_to_date('06-FEB-14 10.15.55','%d-%b-%y %H.%i.%s'),'ventrgi',str_to_date('06-FEB-14 10.15.55','%d-%b-%y %H.%i.%s'),'ventrgi','EACCESSFO',null,323,null,null);
Insert into ETRUSTEX.ETR_TB_PARTY (PTY_ID,CRE_DT,CRE_ID,MOD_DT,MOD_ID,PTY_PARTY_NAME,PTY_CERT_ID,PTY_CRED_ID,PTY_THIRD_PTY_FL,PTY_BUSINESS_DOMAIN) values (350049,str_to_date('01-JUL-14 07.46.45','%d-%b-%y %H.%i.%s'),'spots',null,'spots','NGUYTAI',null,null,0,null);
Insert into ETRUSTEX.ETR_TB_PARTY (PTY_ID,CRE_DT,CRE_ID,MOD_DT,MOD_ID,PTY_PARTY_NAME,PTY_CERT_ID,PTY_CRED_ID,PTY_THIRD_PTY_FL,PTY_BUSINESS_DOMAIN) values (327,str_to_date('06-FEB-14 10.15.55','%d-%b-%y %H.%i.%s'),'ventrgi',str_to_date('06-FEB-14 10.15.55','%d-%b-%y %H.%i.%s'),'ventrgi','SUPPOR',null,null,null,null);
Insert into ETRUSTEX.ETR_TB_PARTY (PTY_ID,CRE_DT,CRE_ID,MOD_DT,MOD_ID,PTY_PARTY_NAME,PTY_CERT_ID,PTY_CRED_ID,PTY_THIRD_PTY_FL,PTY_BUSINESS_DOMAIN) values (328,str_to_date('06-FEB-14 10.15.55','%d-%b-%y %H.%i.%s'),'ventrgi',str_to_date('06-FEB-14 10.15.55','%d-%b-%y %H.%i.%s'),'ventrgi','DIGIT',null,null,null,null);
Insert into ETRUSTEX.ETR_TB_PARTY (PTY_ID,CRE_DT,CRE_ID,MOD_DT,MOD_ID,PTY_PARTY_NAME,PTY_CERT_ID,PTY_CRED_ID,PTY_THIRD_PTY_FL,PTY_BUSINESS_DOMAIN) values (329,str_to_date('06-FEB-14 10.15.55','%d-%b-%y %H.%i.%s'),'ventrgi',str_to_date('06-FEB-14 10.15.55','%d-%b-%y %H.%i.%s'),'ventrgi','BUVRIST',null,null,null,null);
Insert into ETRUSTEX.ETR_TB_PARTY (PTY_ID,CRE_DT,CRE_ID,MOD_DT,MOD_ID,PTY_PARTY_NAME,PTY_CERT_ID,PTY_CRED_ID,PTY_THIRD_PTY_FL,PTY_BUSINESS_DOMAIN) values (330,str_to_date('06-FEB-14 10.15.55','%d-%b-%y %H.%i.%s'),'ventrgi',str_to_date('06-FEB-14 10.15.55','%d-%b-%y %H.%i.%s'),'ventrgi','GAUDYGR',null,null,null,null);
Insert into ETRUSTEX.ETR_TB_PARTY (PTY_ID,CRE_DT,CRE_ID,MOD_DT,MOD_ID,PTY_PARTY_NAME,PTY_CERT_ID,PTY_CRED_ID,PTY_THIRD_PTY_FL,PTY_BUSINESS_DOMAIN) values (24770,str_to_date('05-MAR-14 15.15.23','%d-%b-%y %H.%i.%s'),'spots',null,'spots','SUPPPOR',null,null,0,null);
Insert into ETRUSTEX.ETR_TB_PARTY (PTY_ID,CRE_DT,CRE_ID,MOD_DT,MOD_ID,PTY_PARTY_NAME,PTY_CERT_ID,PTY_CRED_ID,PTY_THIRD_PTY_FL,PTY_BUSINESS_DOMAIN) values (331,str_to_date('06-FEB-14 10.16.21','%d-%b-%y %H.%i.%s'),'ventrgi',str_to_date('06-FEB-14 10.16.21','%d-%b-%y %H.%i.%s'),'ventrgi','TRUSTUSR1',null,null,null,null);
Insert into ETRUSTEX.ETR_TB_PARTY (PTY_ID,CRE_DT,CRE_ID,MOD_DT,MOD_ID,PTY_PARTY_NAME,PTY_CERT_ID,PTY_CRED_ID,PTY_THIRD_PTY_FL,PTY_BUSINESS_DOMAIN) values (402005,str_to_date('18-JUL-14 11.36.47','%d-%b-%y %H.%i.%s'),'daniemn',null,null,'party02',null,402004,0,1);
Insert into ETRUSTEX.ETR_TB_PARTY (PTY_ID,CRE_DT,CRE_ID,MOD_DT,MOD_ID,PTY_PARTY_NAME,PTY_CERT_ID,PTY_CRED_ID,PTY_THIRD_PTY_FL,PTY_BUSINESS_DOMAIN) values (334,str_to_date('06-FEB-14 10.16.16','%d-%b-%y %H.%i.%s'),'ventrgi',str_to_date('06-FEB-14 10.16.16','%d-%b-%y %H.%i.%s'),'ventrgi','EANALLSUPPLIERS',null,null,null,null);
Insert into ETRUSTEX.ETR_TB_PARTY (PTY_ID,CRE_DT,CRE_ID,MOD_DT,MOD_ID,PTY_PARTY_NAME,PTY_CERT_ID,PTY_CRED_ID,PTY_THIRD_PTY_FL,PTY_BUSINESS_DOMAIN) values (512924,str_to_date('27-AUG-14 16.07.14','%d-%b-%y %H.%i.%s'),'batrian',str_to_date('27-AUG-14 16.10.27','%d-%b-%y %H.%i.%s'),'batrian','batrian',null,null,0,1);
Insert into ETRUSTEX.ETR_TB_PARTY (PTY_ID,CRE_DT,CRE_ID,MOD_DT,MOD_ID,PTY_PARTY_NAME,PTY_CERT_ID,PTY_CRED_ID,PTY_THIRD_PTY_FL,PTY_BUSINESS_DOMAIN) values (429559,str_to_date('14-AUG-14 16.09.59','%d-%b-%y %H.%i.%s'),'daniemn',str_to_date('02-SEP-14 15.37.12','%d-%b-%y %H.%i.%s'),'daniemn','party61',724710,429558,0,1);
Insert into ETRUSTEX.ETR_TB_PARTY (PTY_ID,CRE_DT,CRE_ID,MOD_DT,MOD_ID,PTY_PARTY_NAME,PTY_CERT_ID,PTY_CRED_ID,PTY_THIRD_PTY_FL,PTY_BUSINESS_DOMAIN) values (441249,str_to_date('20-AUG-14 14.52.05','%d-%b-%y %H.%i.%s'),'daniemn',null,null,'party88',null,441248,0,1);
Insert into ETRUSTEX.ETR_TB_PARTY (PTY_ID,CRE_DT,CRE_ID,MOD_DT,MOD_ID,PTY_PARTY_NAME,PTY_CERT_ID,PTY_CRED_ID,PTY_THIRD_PTY_FL,PTY_BUSINESS_DOMAIN) values (426842,str_to_date('13-AUG-14 12.16.34','%d-%b-%y %H.%i.%s'),'daniemn',str_to_date('13-AUG-14 14.57.19','%d-%b-%y %H.%i.%s'),'daniemn','    party07',null,426841,0,1);
Insert into ETRUSTEX.ETR_TB_PARTY (PTY_ID,CRE_DT,CRE_ID,MOD_DT,MOD_ID,PTY_PARTY_NAME,PTY_CERT_ID,PTY_CRED_ID,PTY_THIRD_PTY_FL,PTY_BUSINESS_DOMAIN) values (447475,str_to_date('22-AUG-14 16.17.38','%d-%b-%y %H.%i.%s'),'x50b125',str_to_date('27-AUG-14 15.48.07','%d-%b-%y %H.%i.%s'),'x50b125','party221',null,null,0,1);
Insert into ETRUSTEX.ETR_TB_PARTY (PTY_ID,CRE_DT,CRE_ID,MOD_DT,MOD_ID,PTY_PARTY_NAME,PTY_CERT_ID,PTY_CRED_ID,PTY_THIRD_PTY_FL,PTY_BUSINESS_DOMAIN) values (542754,str_to_date('28-AUG-14 15.06.02','%d-%b-%y %H.%i.%s'),'daniemn',str_to_date('28-AUG-14 15.06.19','%d-%b-%y %H.%i.%s'),'daniemn','partya2',null,542760,0,1);
Insert into ETRUSTEX.ETR_TB_PARTY (PTY_ID,CRE_DT,CRE_ID,MOD_DT,MOD_ID,PTY_PARTY_NAME,PTY_CERT_ID,PTY_CRED_ID,PTY_THIRD_PTY_FL,PTY_BUSINESS_DOMAIN) values (579079,str_to_date('29-AUG-14 14.28.31','%d-%b-%y %H.%i.%s'),'daniemn',str_to_date('29-AUG-14 14.28.31','%d-%b-%y %H.%i.%s'),null,'partyspace01',null,579077,0,1);
Insert into ETRUSTEX.ETR_TB_PARTY (PTY_ID,CRE_DT,CRE_ID,MOD_DT,MOD_ID,PTY_PARTY_NAME,PTY_CERT_ID,PTY_CRED_ID,PTY_THIRD_PTY_FL,PTY_BUSINESS_DOMAIN) values (301,str_to_date('19-NOV-13 10.38.37','%d-%b-%y %H.%i.%s'),'orazisa',str_to_date('19-NOV-13 10.38.37','%d-%b-%y %H.%i.%s'),'orazisa','Test Party two',null,301,null,null);
Insert into ETRUSTEX.ETR_TB_PARTY (PTY_ID,CRE_DT,CRE_ID,MOD_DT,MOD_ID,PTY_PARTY_NAME,PTY_CERT_ID,PTY_CRED_ID,PTY_THIRD_PTY_FL,PTY_BUSINESS_DOMAIN) values (302,str_to_date('19-NOV-13 10.38.37','%d-%b-%y %H.%i.%s'),'orazisa',str_to_date('19-NOV-13 10.38.37','%d-%b-%y %H.%i.%s'),'orazisa','Test Party One',null,302,null,null);
Insert into ETRUSTEX.ETR_TB_PARTY (PTY_ID,CRE_DT,CRE_ID,MOD_DT,MOD_ID,PTY_PARTY_NAME,PTY_CERT_ID,PTY_CRED_ID,PTY_THIRD_PTY_FL,PTY_BUSINESS_DOMAIN) values (303,str_to_date('19-NOV-13 10.38.37','%d-%b-%y %H.%i.%s'),'orazisa',str_to_date('19-NOV-13 10.38.37','%d-%b-%y %H.%i.%s'),'orazisa','Test Third Party',null,303,null,null);
Insert into ETRUSTEX.ETR_TB_PARTY (PTY_ID,CRE_DT,CRE_ID,MOD_DT,MOD_ID,PTY_PARTY_NAME,PTY_CERT_ID,PTY_CRED_ID,PTY_THIRD_PTY_FL,PTY_BUSINESS_DOMAIN) values (304,str_to_date('19-NOV-13 10.38.37','%d-%b-%y %H.%i.%s'),'orazisa',str_to_date('19-NOV-13 10.38.37','%d-%b-%y %H.%i.%s'),'orazisa','Test Bundle PartyOne',null,304,null,null);
Insert into ETRUSTEX.ETR_TB_PARTY (PTY_ID,CRE_DT,CRE_ID,MOD_DT,MOD_ID,PTY_PARTY_NAME,PTY_CERT_ID,PTY_CRED_ID,PTY_THIRD_PTY_FL,PTY_BUSINESS_DOMAIN) values (305,str_to_date('19-NOV-13 10.38.37','%d-%b-%y %H.%i.%s'),'orazisa',str_to_date('19-NOV-13 10.38.37','%d-%b-%y %H.%i.%s'),'orazisa','Test Bundle PartyTwo',null,305,null,null);
Insert into ETRUSTEX.ETR_TB_PARTY (PTY_ID,CRE_DT,CRE_ID,MOD_DT,MOD_ID,PTY_PARTY_NAME,PTY_CERT_ID,PTY_CRED_ID,PTY_THIRD_PTY_FL,PTY_BUSINESS_DOMAIN) values (11,str_to_date('09-JAN-14 11.09.22','%d-%b-%y %H.%i.%s'),'almahfa',str_to_date('09-JAN-14 11.09.22','%d-%b-%y %H.%i.%s'),'almahfa','TRUSTSUPPARTY2',null,11,null,null);
Insert into ETRUSTEX.ETR_TB_PARTY (PTY_ID,CRE_DT,CRE_ID,MOD_DT,MOD_ID,PTY_PARTY_NAME,PTY_CERT_ID,PTY_CRED_ID,PTY_THIRD_PTY_FL,PTY_BUSINESS_DOMAIN) values (12,str_to_date('09-JAN-14 11.09.22','%d-%b-%y %H.%i.%s'),'almahfa',str_to_date('09-JAN-14 11.09.22','%d-%b-%y %H.%i.%s'),'almahfa','TRUSTSUPPARTY3',null,12,null,null);
Insert into ETRUSTEX.ETR_TB_PARTY (PTY_ID,CRE_DT,CRE_ID,MOD_DT,MOD_ID,PTY_PARTY_NAME,PTY_CERT_ID,PTY_CRED_ID,PTY_THIRD_PTY_FL,PTY_BUSINESS_DOMAIN) values (13,str_to_date('09-JAN-14 11.09.22','%d-%b-%y %H.%i.%s'),'almahfa',str_to_date('09-JAN-14 11.09.22','%d-%b-%y %H.%i.%s'),'almahfa','TRUSTSUPPARTY4',null,13,null,null);
Insert into ETRUSTEX.ETR_TB_PARTY (PTY_ID,CRE_DT,CRE_ID,MOD_DT,MOD_ID,PTY_PARTY_NAME,PTY_CERT_ID,PTY_CRED_ID,PTY_THIRD_PTY_FL,PTY_BUSINESS_DOMAIN) values (14,str_to_date('09-JAN-14 11.09.22','%d-%b-%y %H.%i.%s'),'almahfa',str_to_date('09-JAN-14 11.09.22','%d-%b-%y %H.%i.%s'),'almahfa','TRUSTSUPPARTY6',null,15,1,null);
Insert into ETRUSTEX.ETR_TB_PARTY (PTY_ID,CRE_DT,CRE_ID,MOD_DT,MOD_ID,PTY_PARTY_NAME,PTY_CERT_ID,PTY_CRED_ID,PTY_THIRD_PTY_FL,PTY_BUSINESS_DOMAIN) values (343,str_to_date('11-MAR-14 15.15.23','%d-%b-%y %H.%i.%s'),'ventrgi',str_to_date('11-MAR-14 15.15.23','%d-%b-%y %H.%i.%s'),'ventrgi','DG_JUSTICE_TEST_SANDRO',null,330,null,null);
Insert into ETRUSTEX.ETR_TB_PARTY (PTY_ID,CRE_DT,CRE_ID,MOD_DT,MOD_ID,PTY_PARTY_NAME,PTY_CERT_ID,PTY_CRED_ID,PTY_THIRD_PTY_FL,PTY_BUSINESS_DOMAIN) values (15,str_to_date('09-JAN-14 11.09.22','%d-%b-%y %H.%i.%s'),'almahfa',str_to_date('09-JAN-14 11.09.22','%d-%b-%y %H.%i.%s'),'almahfa','TRUSTSUPPARTY7',null,16,null,null);
Insert into ETRUSTEX.ETR_TB_PARTY (PTY_ID,CRE_DT,CRE_ID,MOD_DT,MOD_ID,PTY_PARTY_NAME,PTY_CERT_ID,PTY_CRED_ID,PTY_THIRD_PTY_FL,PTY_BUSINESS_DOMAIN) values (16,str_to_date('09-JAN-14 11.09.22','%d-%b-%y %H.%i.%s'),'almahfa',str_to_date('09-JAN-14 11.09.22','%d-%b-%y %H.%i.%s'),'almahfa','TRUSTSUPPARTY11',null,17,null,null);
Insert into ETRUSTEX.ETR_TB_PARTY (PTY_ID,CRE_DT,CRE_ID,MOD_DT,MOD_ID,PTY_PARTY_NAME,PTY_CERT_ID,PTY_CRED_ID,PTY_THIRD_PTY_FL,PTY_BUSINESS_DOMAIN) values (17,str_to_date('09-JAN-14 11.09.22','%d-%b-%y %H.%i.%s'),'almahfa',str_to_date('09-JAN-14 11.09.22','%d-%b-%y %H.%i.%s'),'almahfa','TRUSTSUPPARTY12',null,18,null,null);
Insert into ETRUSTEX.ETR_TB_PARTY (PTY_ID,CRE_DT,CRE_ID,MOD_DT,MOD_ID,PTY_PARTY_NAME,PTY_CERT_ID,PTY_CRED_ID,PTY_THIRD_PTY_FL,PTY_BUSINESS_DOMAIN) values (340,str_to_date('11-MAR-14 15.15.23','%d-%b-%y %H.%i.%s'),'ventrgi',str_to_date('11-MAR-14 15.15.23','%d-%b-%y %H.%i.%s'),'ventrgi','LOCAL-MICLEVA-ENCR-PARTY',null,327,null,null);
Insert into ETRUSTEX.ETR_TB_PARTY (PTY_ID,CRE_DT,CRE_ID,MOD_DT,MOD_ID,PTY_PARTY_NAME,PTY_CERT_ID,PTY_CRED_ID,PTY_THIRD_PTY_FL,PTY_BUSINESS_DOMAIN) values (341,str_to_date('11-MAR-14 15.15.23','%d-%b-%y %H.%i.%s'),'ventrgi',str_to_date('11-MAR-14 15.15.23','%d-%b-%y %H.%i.%s'),'ventrgi','LOCAL-MICLEVA-NOTENCR-PARTY',null,328,null,null);
Insert into ETRUSTEX.ETR_TB_PARTY (PTY_ID,CRE_DT,CRE_ID,MOD_DT,MOD_ID,PTY_PARTY_NAME,PTY_CERT_ID,PTY_CRED_ID,PTY_THIRD_PTY_FL,PTY_BUSINESS_DOMAIN) values (342,str_to_date('11-MAR-14 15.15.23','%d-%b-%y %H.%i.%s'),'ventrgi',str_to_date('11-MAR-14 15.15.23','%d-%b-%y %H.%i.%s'),'ventrgi','LOCAL-MICLEVA-EDMA-APP-PARTY',null,329,null,null);
Insert into ETRUSTEX.ETR_TB_PARTY (PTY_ID,CRE_DT,CRE_ID,MOD_DT,MOD_ID,PTY_PARTY_NAME,PTY_CERT_ID,PTY_CRED_ID,PTY_THIRD_PTY_FL,PTY_BUSINESS_DOMAIN) values (310,str_to_date('19-NOV-13 10.38.38','%d-%b-%y %H.%i.%s'),'orazisa',str_to_date('19-NOV-13 10.38.38','%d-%b-%y %H.%i.%s'),'orazisa','DG_JUSTICE',null,311,null,null);
Insert into ETRUSTEX.ETR_TB_PARTY (PTY_ID,CRE_DT,CRE_ID,MOD_DT,MOD_ID,PTY_PARTY_NAME,PTY_CERT_ID,PTY_CRED_ID,PTY_THIRD_PTY_FL,PTY_BUSINESS_DOMAIN) values (311,str_to_date('19-NOV-13 10.38.38','%d-%b-%y %H.%i.%s'),'orazisa',str_to_date('19-NOV-13 10.38.38','%d-%b-%y %H.%i.%s'),'orazisa','ECODEX',null,312,null,null);
Insert into ETRUSTEX.ETR_TB_PARTY (PTY_ID,CRE_DT,CRE_ID,MOD_DT,MOD_ID,PTY_PARTY_NAME,PTY_CERT_ID,PTY_CRED_ID,PTY_THIRD_PTY_FL,PTY_BUSINESS_DOMAIN) values (312,str_to_date('19-DEC-13 12.35.00','%d-%b-%y %H.%i.%s'),'ventrgi',str_to_date('19-DEC-13 12.35.00','%d-%b-%y %H.%i.%s'),'ventrgi','EGREFFE-APP-PARTY',null,315,null,null);
Insert into ETRUSTEX.ETR_TB_PARTY (PTY_ID,CRE_DT,CRE_ID,MOD_DT,MOD_ID,PTY_PARTY_NAME,PTY_CERT_ID,PTY_CRED_ID,PTY_THIRD_PTY_FL,PTY_BUSINESS_DOMAIN) values (313,str_to_date('19-DEC-13 12.35.00','%d-%b-%y %H.%i.%s'),'ventrgi',str_to_date('19-DEC-13 12.35.00','%d-%b-%y %H.%i.%s'),'ventrgi','TEST1-EGREFFE-WEB-PARTY',null,null,null,null);
Insert into ETRUSTEX.ETR_TB_PARTY (PTY_ID,CRE_DT,CRE_ID,MOD_DT,MOD_ID,PTY_PARTY_NAME,PTY_CERT_ID,PTY_CRED_ID,PTY_THIRD_PTY_FL,PTY_BUSINESS_DOMAIN) values (314,str_to_date('19-DEC-13 12.35.00','%d-%b-%y %H.%i.%s'),'ventrgi',str_to_date('19-DEC-13 12.35.00','%d-%b-%y %H.%i.%s'),'ventrgi','TEST4-EGREFFE-WEB-PARTY',null,null,null,null);
Insert into ETRUSTEX.ETR_TB_PARTY (PTY_ID,CRE_DT,CRE_ID,MOD_DT,MOD_ID,PTY_PARTY_NAME,PTY_CERT_ID,PTY_CRED_ID,PTY_THIRD_PTY_FL,PTY_BUSINESS_DOMAIN) values (317,str_to_date('19-DEC-13 12.35.00','%d-%b-%y %H.%i.%s'),'ventrgi',str_to_date('19-DEC-13 12.35.00','%d-%b-%y %H.%i.%s'),'ventrgi','CHOLAAR-PARTY',8,null,null,null);
Insert into ETRUSTEX.ETR_TB_PARTY (PTY_ID,CRE_DT,CRE_ID,MOD_DT,MOD_ID,PTY_PARTY_NAME,PTY_CERT_ID,PTY_CRED_ID,PTY_THIRD_PTY_FL,PTY_BUSINESS_DOMAIN) values (318,str_to_date('08-JAN-14 10.09.00','%d-%b-%y %H.%i.%s'),'ventrgi',str_to_date('08-JAN-14 10.09.00','%d-%b-%y %H.%i.%s'),'ventrgi','TEST',null,316,null,null);
Insert into ETRUSTEX.ETR_TB_PARTY (PTY_ID,CRE_DT,CRE_ID,MOD_DT,MOD_ID,PTY_PARTY_NAME,PTY_CERT_ID,PTY_CRED_ID,PTY_THIRD_PTY_FL,PTY_BUSINESS_DOMAIN) values (319,str_to_date('09-JAN-14 11.09.34','%d-%b-%y %H.%i.%s'),'almahfa',str_to_date('09-JAN-14 11.09.34','%d-%b-%y %H.%i.%s'),'almahfa','TEST2',null,205,null,null);
Insert into ETRUSTEX.ETR_TB_PARTY (PTY_ID,CRE_DT,CRE_ID,MOD_DT,MOD_ID,PTY_PARTY_NAME,PTY_CERT_ID,PTY_CRED_ID,PTY_THIRD_PTY_FL,PTY_BUSINESS_DOMAIN) values (28,str_to_date('05-FEB-14 12.00.19','%d-%b-%y %H.%i.%s'),'almahfa',str_to_date('05-FEB-14 12.00.19','%d-%b-%y %H.%i.%s'),'almahfa','STTParty1',null,28,null,null);
Insert into ETRUSTEX.ETR_TB_PARTY (PTY_ID,CRE_DT,CRE_ID,MOD_DT,MOD_ID,PTY_PARTY_NAME,PTY_CERT_ID,PTY_CRED_ID,PTY_THIRD_PTY_FL,PTY_BUSINESS_DOMAIN) values (29,str_to_date('05-FEB-14 12.00.19','%d-%b-%y %H.%i.%s'),'almahfa',str_to_date('05-FEB-14 12.00.19','%d-%b-%y %H.%i.%s'),'almahfa','STTParty2',null,29,null,null);
Insert into ETRUSTEX.ETR_TB_PARTY (PTY_ID,CRE_DT,CRE_ID,MOD_DT,MOD_ID,PTY_PARTY_NAME,PTY_CERT_ID,PTY_CRED_ID,PTY_THIRD_PTY_FL,PTY_BUSINESS_DOMAIN) values (19,str_to_date('09-JAN-14 11.09.34','%d-%b-%y %H.%i.%s'),'almahfa',str_to_date('09-JAN-14 11.09.34','%d-%b-%y %H.%i.%s'),'almahfa','TRUSTCUSTPARTY2',null,20,null,null);
Insert into ETRUSTEX.ETR_TB_PARTY (PTY_ID,CRE_DT,CRE_ID,MOD_DT,MOD_ID,PTY_PARTY_NAME,PTY_CERT_ID,PTY_CRED_ID,PTY_THIRD_PTY_FL,PTY_BUSINESS_DOMAIN) values (20,str_to_date('09-JAN-14 11.09.34','%d-%b-%y %H.%i.%s'),'almahfa',str_to_date('09-JAN-14 11.09.34','%d-%b-%y %H.%i.%s'),'almahfa','TRUSTCUSTPARTY3',null,21,null,null);
Insert into ETRUSTEX.ETR_TB_PARTY (PTY_ID,CRE_DT,CRE_ID,MOD_DT,MOD_ID,PTY_PARTY_NAME,PTY_CERT_ID,PTY_CRED_ID,PTY_THIRD_PTY_FL,PTY_BUSINESS_DOMAIN) values (21,str_to_date('09-JAN-14 11.09.34','%d-%b-%y %H.%i.%s'),'almahfa',str_to_date('09-JAN-14 11.09.34','%d-%b-%y %H.%i.%s'),'almahfa','TRUSTCUSTPARTY4',null,22,null,null);
Insert into ETRUSTEX.ETR_TB_PARTY (PTY_ID,CRE_DT,CRE_ID,MOD_DT,MOD_ID,PTY_PARTY_NAME,PTY_CERT_ID,PTY_CRED_ID,PTY_THIRD_PTY_FL,PTY_BUSINESS_DOMAIN) values (22,str_to_date('09-JAN-14 11.09.34','%d-%b-%y %H.%i.%s'),'almahfa',str_to_date('09-JAN-14 11.09.34','%d-%b-%y %H.%i.%s'),'almahfa','TRUSTCUSTPARTY6',null,24,null,null);
Insert into ETRUSTEX.ETR_TB_PARTY (PTY_ID,CRE_DT,CRE_ID,MOD_DT,MOD_ID,PTY_PARTY_NAME,PTY_CERT_ID,PTY_CRED_ID,PTY_THIRD_PTY_FL,PTY_BUSINESS_DOMAIN) values (23,str_to_date('09-JAN-14 11.09.34','%d-%b-%y %H.%i.%s'),'almahfa',str_to_date('09-JAN-14 11.09.34','%d-%b-%y %H.%i.%s'),'almahfa','TRUSTCUSTPARTY7',null,25,null,null);
Insert into ETRUSTEX.ETR_TB_PARTY (PTY_ID,CRE_DT,CRE_ID,MOD_DT,MOD_ID,PTY_PARTY_NAME,PTY_CERT_ID,PTY_CRED_ID,PTY_THIRD_PTY_FL,PTY_BUSINESS_DOMAIN) values (24,str_to_date('09-JAN-14 11.09.34','%d-%b-%y %H.%i.%s'),'almahfa',str_to_date('09-JAN-14 11.09.34','%d-%b-%y %H.%i.%s'),'almahfa','TRUSTCUSTPARTY11',null,26,null,null);
Insert into ETRUSTEX.ETR_TB_PARTY (PTY_ID,CRE_DT,CRE_ID,MOD_DT,MOD_ID,PTY_PARTY_NAME,PTY_CERT_ID,PTY_CRED_ID,PTY_THIRD_PTY_FL,PTY_BUSINESS_DOMAIN) values (25,str_to_date('09-JAN-14 11.09.34','%d-%b-%y %H.%i.%s'),'almahfa',str_to_date('09-JAN-14 11.09.34','%d-%b-%y %H.%i.%s'),'almahfa','TRUSTCUSTPARTY12',null,27,null,null);
Insert into ETRUSTEX.ETR_TB_PARTY (PTY_ID,CRE_DT,CRE_ID,MOD_DT,MOD_ID,PTY_PARTY_NAME,PTY_CERT_ID,PTY_CRED_ID,PTY_THIRD_PTY_FL,PTY_BUSINESS_DOMAIN) values (344,str_to_date('25-APR-14 08.45.00','%d-%b-%y %H.%i.%s'),'ventrgi',str_to_date('25-APR-14 08.45.00','%d-%b-%y %H.%i.%s'),'ventrgi','DEV-ETX-ARMEN-PARTY',8,null,null,null);
Insert into ETRUSTEX.ETR_TB_PARTY (PTY_ID,CRE_DT,CRE_ID,MOD_DT,MOD_ID,PTY_PARTY_NAME,PTY_CERT_ID,PTY_CRED_ID,PTY_THIRD_PTY_FL,PTY_BUSINESS_DOMAIN) values (345,str_to_date('25-APR-14 08.45.00','%d-%b-%y %H.%i.%s'),'ventrgi',str_to_date('25-APR-14 08.45.00','%d-%b-%y %H.%i.%s'),'ventrgi','DEV-ETX-ALEX-PARTY',null,null,null,null);
Insert into ETRUSTEX.ETR_TB_PARTY (PTY_ID,CRE_DT,CRE_ID,MOD_DT,MOD_ID,PTY_PARTY_NAME,PTY_CERT_ID,PTY_CRED_ID,PTY_THIRD_PTY_FL,PTY_BUSINESS_DOMAIN) values (346,str_to_date('25-APR-14 08.45.00','%d-%b-%y %H.%i.%s'),'ventrgi',str_to_date('25-APR-14 08.45.00','%d-%b-%y %H.%i.%s'),'ventrgi','DEV-ETX-JUAN-PARTY',null,null,null,null);
Insert into ETRUSTEX.ETR_TB_PARTY (PTY_ID,CRE_DT,CRE_ID,MOD_DT,MOD_ID,PTY_PARTY_NAME,PTY_CERT_ID,PTY_CRED_ID,PTY_THIRD_PTY_FL,PTY_BUSINESS_DOMAIN) values (347,str_to_date('25-APR-14 08.45.00','%d-%b-%y %H.%i.%s'),'ventrgi',str_to_date('25-APR-14 08.45.00','%d-%b-%y %H.%i.%s'),'ventrgi','DEV-ETX-TOLIS-PARTY',8,null,null,null);
Insert into ETRUSTEX.ETR_TB_PARTY (PTY_ID,CRE_DT,CRE_ID,MOD_DT,MOD_ID,PTY_PARTY_NAME,PTY_CERT_ID,PTY_CRED_ID,PTY_THIRD_PTY_FL,PTY_BUSINESS_DOMAIN) values (348,str_to_date('25-APR-14 08.45.00','%d-%b-%y %H.%i.%s'),'ventrgi',str_to_date('25-APR-14 08.45.00','%d-%b-%y %H.%i.%s'),'ventrgi','DEV-ETX-EDMA-APP-PARTY',8,null,null,null);
Insert into ETRUSTEX.ETR_TB_PARTY (PTY_ID,CRE_DT,CRE_ID,MOD_DT,MOD_ID,PTY_PARTY_NAME,PTY_CERT_ID,PTY_CRED_ID,PTY_THIRD_PTY_FL,PTY_BUSINESS_DOMAIN) values (286208,str_to_date('20-JUN-14 14.38.41','%d-%b-%y %H.%i.%s'),'spots',null,'spots','PRUTEAL',null,null,0,null);
Insert into ETRUSTEX.ETR_TB_PARTY (PTY_ID,CRE_DT,CRE_ID,MOD_DT,MOD_ID,PTY_PARTY_NAME,PTY_CERT_ID,PTY_CRED_ID,PTY_THIRD_PTY_FL,PTY_BUSINESS_DOMAIN) values (367,str_to_date('24-JUN-14 09.05.02','%d-%b-%y %H.%i.%s'),'ventrgi',str_to_date('24-JUN-14 09.05.02','%d-%b-%y %H.%i.%s'),'ventrgi','LOCAL-TENAPJU-NOTENCR-PARTY',null,367,null,null);
Insert into ETRUSTEX.ETR_TB_PARTY (PTY_ID,CRE_DT,CRE_ID,MOD_DT,MOD_ID,PTY_PARTY_NAME,PTY_CERT_ID,PTY_CRED_ID,PTY_THIRD_PTY_FL,PTY_BUSINESS_DOMAIN) values (368,str_to_date('24-JUN-14 09.05.02','%d-%b-%y %H.%i.%s'),'ventrgi',str_to_date('24-JUN-14 09.05.02','%d-%b-%y %H.%i.%s'),'ventrgi','LOCAL-TENAPJU-EDMA-APP-PARTY',9,368,null,null);
Insert into ETRUSTEX.ETR_TB_PARTY (PTY_ID,CRE_DT,CRE_ID,MOD_DT,MOD_ID,PTY_PARTY_NAME,PTY_CERT_ID,PTY_CRED_ID,PTY_THIRD_PTY_FL,PTY_BUSINESS_DOMAIN) values (424335,str_to_date('12-AUG-14 09.11.10','%d-%b-%y %H.%i.%s'),'spots',null,'spots','FURRALE',null,null,0,null);
Insert into ETRUSTEX.ETR_TB_PARTY (PTY_ID,CRE_DT,CRE_ID,MOD_DT,MOD_ID,PTY_PARTY_NAME,PTY_CERT_ID,PTY_CRED_ID,PTY_THIRD_PTY_FL,PTY_BUSINESS_DOMAIN) values (426827,str_to_date('13-AUG-14 12.07.28','%d-%b-%y %H.%i.%s'),'daniemn',null,null,'ww',null,426826,0,1);
Insert into ETRUSTEX.ETR_TB_PARTY (PTY_ID,CRE_DT,CRE_ID,MOD_DT,MOD_ID,PTY_PARTY_NAME,PTY_CERT_ID,PTY_CRED_ID,PTY_THIRD_PTY_FL,PTY_BUSINESS_DOMAIN) values (426824,str_to_date('13-AUG-14 12.07.15','%d-%b-%y %H.%i.%s'),'daniemn',null,null,'ss',null,426823,0,1);
Insert into ETRUSTEX.ETR_TB_PARTY (PTY_ID,CRE_DT,CRE_ID,MOD_DT,MOD_ID,PTY_PARTY_NAME,PTY_CERT_ID,PTY_CRED_ID,PTY_THIRD_PTY_FL,PTY_BUSINESS_DOMAIN) values (429577,str_to_date('14-AUG-14 16.12.02','%d-%b-%y %H.%i.%s'),'daniemn',null,null,'party72',null,429576,0,1);
Insert into ETRUSTEX.ETR_TB_PARTY (PTY_ID,CRE_DT,CRE_ID,MOD_DT,MOD_ID,PTY_PARTY_NAME,PTY_CERT_ID,PTY_CRED_ID,PTY_THIRD_PTY_FL,PTY_BUSINESS_DOMAIN) values (429568,str_to_date('14-AUG-14 16.10.20','%d-%b-%y %H.%i.%s'),'daniemn',null,null,'party62',null,429567,0,1);
Insert into ETRUSTEX.ETR_TB_PARTY (PTY_ID,CRE_DT,CRE_ID,MOD_DT,MOD_ID,PTY_PARTY_NAME,PTY_CERT_ID,PTY_CRED_ID,PTY_THIRD_PTY_FL,PTY_BUSINESS_DOMAIN) values (429574,str_to_date('14-AUG-14 16.11.44','%d-%b-%y %H.%i.%s'),'daniemn',null,null,'party71',null,429573,0,1);
Insert into ETRUSTEX.ETR_TB_PARTY (PTY_ID,CRE_DT,CRE_ID,MOD_DT,MOD_ID,PTY_PARTY_NAME,PTY_CERT_ID,PTY_CRED_ID,PTY_THIRD_PTY_FL,PTY_BUSINESS_DOMAIN) values (429583,str_to_date('14-AUG-14 16.13.37','%d-%b-%y %H.%i.%s'),'daniemn',null,null,'party81',null,429582,0,1);
Insert into ETRUSTEX.ETR_TB_PARTY (PTY_ID,CRE_DT,CRE_ID,MOD_DT,MOD_ID,PTY_PARTY_NAME,PTY_CERT_ID,PTY_CRED_ID,PTY_THIRD_PTY_FL,PTY_BUSINESS_DOMAIN) values (429586,str_to_date('14-AUG-14 16.13.52','%d-%b-%y %H.%i.%s'),'daniemn',null,null,'party82',null,429585,0,1);
Insert into ETRUSTEX.ETR_TB_PARTY (PTY_ID,CRE_DT,CRE_ID,MOD_DT,MOD_ID,PTY_PARTY_NAME,PTY_CERT_ID,PTY_CRED_ID,PTY_THIRD_PTY_FL,PTY_BUSINESS_DOMAIN) values (579807,str_to_date('29-AUG-14 14.38.02','%d-%b-%y %H.%i.%s'),'daniemn',str_to_date('29-AUG-14 14.38.30','%d-%b-%y %H.%i.%s'),'daniemn','3rdpartynotused',null,579806,1,1);
Insert into ETRUSTEX.ETR_TB_PARTY (PTY_ID,CRE_DT,CRE_ID,MOD_DT,MOD_ID,PTY_PARTY_NAME,PTY_CERT_ID,PTY_CRED_ID,PTY_THIRD_PTY_FL,PTY_BUSINESS_DOMAIN) values (722993,str_to_date('02-SEP-14 15.19.58','%d-%b-%y %H.%i.%s'),'daniemn',str_to_date('02-SEP-14 15.19.58','%d-%b-%y %H.%i.%s'),null,'party303',722991,722992,0,2);
Insert into ETRUSTEX.ETR_TB_PARTY (PTY_ID,CRE_DT,CRE_ID,MOD_DT,MOD_ID,PTY_PARTY_NAME,PTY_CERT_ID,PTY_CRED_ID,PTY_THIRD_PTY_FL,PTY_BUSINESS_DOMAIN) values (22476,str_to_date('19-FEB-14 10.41.53','%d-%b-%y %H.%i.%s'),'spots',null,'spots','HAGEMBE',null,null,0,null);
Insert into ETRUSTEX.ETR_TB_PARTY (PTY_ID,CRE_DT,CRE_ID,MOD_DT,MOD_ID,PTY_PARTY_NAME,PTY_CERT_ID,PTY_CRED_ID,PTY_THIRD_PTY_FL,PTY_BUSINESS_DOMAIN) values (350,str_to_date('30-APR-14 11.07.58','%d-%b-%y %H.%i.%s'),'ventrgi',str_to_date('30-APR-14 11.07.58','%d-%b-%y %H.%i.%s'),'ventrgi','ETXW-PARTY10',null,null,null,null);
Insert into ETRUSTEX.ETR_TB_PARTY (PTY_ID,CRE_DT,CRE_ID,MOD_DT,MOD_ID,PTY_PARTY_NAME,PTY_CERT_ID,PTY_CRED_ID,PTY_THIRD_PTY_FL,PTY_BUSINESS_DOMAIN) values (102090,str_to_date('08-APR-14 10.12.16','%d-%b-%y %H.%i.%s'),'spots',null,'spots','JUGANMA',null,null,0,null);
Insert into ETRUSTEX.ETR_TB_PARTY (PTY_ID,CRE_DT,CRE_ID,MOD_DT,MOD_ID,PTY_PARTY_NAME,PTY_CERT_ID,PTY_CRED_ID,PTY_THIRD_PTY_FL,PTY_BUSINESS_DOMAIN) values (349,str_to_date('30-APR-14 11.07.52','%d-%b-%y %H.%i.%s'),'ventrgi',str_to_date('30-APR-14 11.07.52','%d-%b-%y %H.%i.%s'),'ventrgi','EDMA-PARTY1',null,null,null,null);
Insert into ETRUSTEX.ETR_TB_PARTY (PTY_ID,CRE_DT,CRE_ID,MOD_DT,MOD_ID,PTY_PARTY_NAME,PTY_CERT_ID,PTY_CRED_ID,PTY_THIRD_PTY_FL,PTY_BUSINESS_DOMAIN) values (351,str_to_date('30-APR-14 11.07.58','%d-%b-%y %H.%i.%s'),'ventrgi',str_to_date('30-APR-14 11.07.58','%d-%b-%y %H.%i.%s'),'ventrgi','ETXW-PARTY11',null,null,null,null);
Insert into ETRUSTEX.ETR_TB_PARTY (PTY_ID,CRE_DT,CRE_ID,MOD_DT,MOD_ID,PTY_PARTY_NAME,PTY_CERT_ID,PTY_CRED_ID,PTY_THIRD_PTY_FL,PTY_BUSINESS_DOMAIN) values (352,str_to_date('30-APR-14 11.27.06','%d-%b-%y %H.%i.%s'),'ventrgi',str_to_date('30-APR-14 11.27.06','%d-%b-%y %H.%i.%s'),'ventrgi','DEV1-ETX-EGREFFE-WEB-PARTY',null,null,null,null);
Insert into ETRUSTEX.ETR_TB_PARTY (PTY_ID,CRE_DT,CRE_ID,MOD_DT,MOD_ID,PTY_PARTY_NAME,PTY_CERT_ID,PTY_CRED_ID,PTY_THIRD_PTY_FL,PTY_BUSINESS_DOMAIN) values (353,str_to_date('30-APR-14 11.27.06','%d-%b-%y %H.%i.%s'),'ventrgi',str_to_date('30-APR-14 11.27.06','%d-%b-%y %H.%i.%s'),'ventrgi','DEV2-ETX-EGREFFE-WEB-PARTY',null,null,null,null);
Insert into ETRUSTEX.ETR_TB_PARTY (PTY_ID,CRE_DT,CRE_ID,MOD_DT,MOD_ID,PTY_PARTY_NAME,PTY_CERT_ID,PTY_CRED_ID,PTY_THIRD_PTY_FL,PTY_BUSINESS_DOMAIN) values (354,str_to_date('30-APR-14 11.27.06','%d-%b-%y %H.%i.%s'),'ventrgi',str_to_date('30-APR-14 11.27.06','%d-%b-%y %H.%i.%s'),'ventrgi','DEV3-ETX-EGREFFE-WEB-PARTY',null,null,null,null);
Insert into ETRUSTEX.ETR_TB_PARTY (PTY_ID,CRE_DT,CRE_ID,MOD_DT,MOD_ID,PTY_PARTY_NAME,PTY_CERT_ID,PTY_CRED_ID,PTY_THIRD_PTY_FL,PTY_BUSINESS_DOMAIN) values (355,str_to_date('30-APR-14 11.27.06','%d-%b-%y %H.%i.%s'),'ventrgi',str_to_date('30-APR-14 11.27.06','%d-%b-%y %H.%i.%s'),'ventrgi','DEV-ETX-EGREFFE-APP-PARTY',null,331,null,null);
Insert into ETRUSTEX.ETR_TB_PARTY (PTY_ID,CRE_DT,CRE_ID,MOD_DT,MOD_ID,PTY_PARTY_NAME,PTY_CERT_ID,PTY_CRED_ID,PTY_THIRD_PTY_FL,PTY_BUSINESS_DOMAIN) values (356,str_to_date('30-APR-14 11.50.12','%d-%b-%y %H.%i.%s'),'ventrgi',str_to_date('30-APR-14 11.50.12','%d-%b-%y %H.%i.%s'),'ventrgi','DEV6-EGREFFE-APP-PARTY',null,332,null,null);
Insert into ETRUSTEX.ETR_TB_PARTY (PTY_ID,CRE_DT,CRE_ID,MOD_DT,MOD_ID,PTY_PARTY_NAME,PTY_CERT_ID,PTY_CRED_ID,PTY_THIRD_PTY_FL,PTY_BUSINESS_DOMAIN) values (357,str_to_date('30-APR-14 12.02.12','%d-%b-%y %H.%i.%s'),'ventrgi',str_to_date('30-APR-14 12.02.12','%d-%b-%y %H.%i.%s'),'ventrgi','TEST2-EGREFFE-WEB-PARTY',null,null,null,null);
Insert into ETRUSTEX.ETR_TB_PARTY (PTY_ID,CRE_DT,CRE_ID,MOD_DT,MOD_ID,PTY_PARTY_NAME,PTY_CERT_ID,PTY_CRED_ID,PTY_THIRD_PTY_FL,PTY_BUSINESS_DOMAIN) values (358,str_to_date('30-APR-14 12.02.12','%d-%b-%y %H.%i.%s'),'ventrgi',str_to_date('30-APR-14 12.02.12','%d-%b-%y %H.%i.%s'),'ventrgi','TEST3-EGREFFE-WEB-PARTY',null,null,null,null);
Insert into ETRUSTEX.ETR_TB_PARTY (PTY_ID,CRE_DT,CRE_ID,MOD_DT,MOD_ID,PTY_PARTY_NAME,PTY_CERT_ID,PTY_CRED_ID,PTY_THIRD_PTY_FL,PTY_BUSINESS_DOMAIN) values (359,str_to_date('30-APR-14 13.02.45','%d-%b-%y %H.%i.%s'),'ventrgi',str_to_date('30-APR-14 13.02.45','%d-%b-%y %H.%i.%s'),'ventrgi','ARRANDA-PARTY',null,null,null,null);
Insert into ETRUSTEX.ETR_TB_PARTY (PTY_ID,CRE_DT,CRE_ID,MOD_DT,MOD_ID,PTY_PARTY_NAME,PTY_CERT_ID,PTY_CRED_ID,PTY_THIRD_PTY_FL,PTY_BUSINESS_DOMAIN) values (360,str_to_date('30-APR-14 13.02.45','%d-%b-%y %H.%i.%s'),'ventrgi',str_to_date('30-APR-14 13.02.45','%d-%b-%y %H.%i.%s'),'ventrgi','KHAMIRA-PARTY',null,null,null,null);
Insert into ETRUSTEX.ETR_TB_PARTY (PTY_ID,CRE_DT,CRE_ID,MOD_DT,MOD_ID,PTY_PARTY_NAME,PTY_CERT_ID,PTY_CRED_ID,PTY_THIRD_PTY_FL,PTY_BUSINESS_DOMAIN) values (361,str_to_date('30-APR-14 13.02.45','%d-%b-%y %H.%i.%s'),'ventrgi',str_to_date('30-APR-14 13.02.45','%d-%b-%y %H.%i.%s'),'ventrgi','JUGANCO-PARTY',null,null,null,null);
Insert into ETRUSTEX.ETR_TB_PARTY (PTY_ID,CRE_DT,CRE_ID,MOD_DT,MOD_ID,PTY_PARTY_NAME,PTY_CERT_ID,PTY_CRED_ID,PTY_THIRD_PTY_FL,PTY_BUSINESS_DOMAIN) values (362,str_to_date('30-APR-14 13.02.45','%d-%b-%y %H.%i.%s'),'ventrgi',str_to_date('30-APR-14 13.02.45','%d-%b-%y %H.%i.%s'),'ventrgi','ATIENRO-PARTY',null,null,null,null);
Insert into ETRUSTEX.ETR_TB_PARTY (PTY_ID,CRE_DT,CRE_ID,MOD_DT,MOD_ID,PTY_PARTY_NAME,PTY_CERT_ID,PTY_CRED_ID,PTY_THIRD_PTY_FL,PTY_BUSINESS_DOMAIN) values (30,str_to_date('08-JUL-14 15.34.55','%d-%b-%y %H.%i.%s'),'ventrgi',str_to_date('08-JUL-14 15.34.55','%d-%b-%y %H.%i.%s'),'ventrgi','LOCAL-TENAPJU-ENCR-PARTY',9,30,null,null);
Insert into ETRUSTEX.ETR_TB_PARTY (PTY_ID,CRE_DT,CRE_ID,MOD_DT,MOD_ID,PTY_PARTY_NAME,PTY_CERT_ID,PTY_CRED_ID,PTY_THIRD_PTY_FL,PTY_BUSINESS_DOMAIN) values (402001,str_to_date('18-JUL-14 11.32.48','%d-%b-%y %H.%i.%s'),'daniemn',null,null,'party01',null,402000,0,1);
Insert into ETRUSTEX.ETR_TB_PARTY (PTY_ID,CRE_DT,CRE_ID,MOD_DT,MOD_ID,PTY_PARTY_NAME,PTY_CERT_ID,PTY_CRED_ID,PTY_THIRD_PTY_FL,PTY_BUSINESS_DOMAIN) values (424859,str_to_date('12-AUG-14 13.57.49','%d-%b-%y %H.%i.%s'),'daniemn',str_to_date('01-SEP-14 15.04.08','%d-%b-%y %H.%i.%s'),'daniemn','party03',null,424858,0,1);
Insert into ETRUSTEX.ETR_TB_PARTY (PTY_ID,CRE_DT,CRE_ID,MOD_DT,MOD_ID,PTY_PARTY_NAME,PTY_CERT_ID,PTY_CRED_ID,PTY_THIRD_PTY_FL,PTY_BUSINESS_DOMAIN) values (424862,str_to_date('12-AUG-14 13.58.12','%d-%b-%y %H.%i.%s'),'daniemn',str_to_date('01-SEP-14 15.03.13','%d-%b-%y %H.%i.%s'),'daniemn','party04',null,424861,0,1);
Insert into ETRUSTEX.ETR_TB_PARTY (PTY_ID,CRE_DT,CRE_ID,MOD_DT,MOD_ID,PTY_PARTY_NAME,PTY_CERT_ID,PTY_CRED_ID,PTY_THIRD_PTY_FL,PTY_BUSINESS_DOMAIN) values (436909,str_to_date('18-AUG-14 15.14.49','%d-%b-%y %H.%i.%s'),'daniemn',null,null,'party93',null,436908,0,1);
Insert into ETRUSTEX.ETR_TB_PARTY (PTY_ID,CRE_DT,CRE_ID,MOD_DT,MOD_ID,PTY_PARTY_NAME,PTY_CERT_ID,PTY_CRED_ID,PTY_THIRD_PTY_FL,PTY_BUSINESS_DOMAIN) values (363,str_to_date('12-MAY-14 09.47.57','%d-%b-%y %H.%i.%s'),'ventrgi',str_to_date('12-MAY-14 09.47.57','%d-%b-%y %H.%i.%s'),'ventrgi','DEV-GUI1-PARTY',null,363,null,null);
Insert into ETRUSTEX.ETR_TB_PARTY (PTY_ID,CRE_DT,CRE_ID,MOD_DT,MOD_ID,PTY_PARTY_NAME,PTY_CERT_ID,PTY_CRED_ID,PTY_THIRD_PTY_FL,PTY_BUSINESS_DOMAIN) values (364,str_to_date('12-MAY-14 09.47.57','%d-%b-%y %H.%i.%s'),'ventrgi',str_to_date('12-MAY-14 09.47.57','%d-%b-%y %H.%i.%s'),'ventrgi','DEV-GUI2-PARTY',null,364,null,null);
Insert into ETRUSTEX.ETR_TB_PARTY (PTY_ID,CRE_DT,CRE_ID,MOD_DT,MOD_ID,PTY_PARTY_NAME,PTY_CERT_ID,PTY_CRED_ID,PTY_THIRD_PTY_FL,PTY_BUSINESS_DOMAIN) values (78,str_to_date('08-JAN-14 10.09.00','%d-%b-%y %H.%i.%s'),'ventrgi',str_to_date('08-JAN-14 10.09.00','%d-%b-%y %H.%i.%s'),'ventrgi','eTrusExWebParty',null,314,1,null);
Insert into ETRUSTEX.ETR_TB_PARTY (PTY_ID,CRE_DT,CRE_ID,MOD_DT,MOD_ID,PTY_PARTY_NAME,PTY_CERT_ID,PTY_CRED_ID,PTY_THIRD_PTY_FL,PTY_BUSINESS_DOMAIN) values (365,str_to_date('12-MAY-14 09.47.57','%d-%b-%y %H.%i.%s'),'ventrgi',str_to_date('12-MAY-14 09.47.57','%d-%b-%y %H.%i.%s'),'ventrgi','TEST-GUI1-PARTY',null,365,null,null);
Insert into ETRUSTEX.ETR_TB_PARTY (PTY_ID,CRE_DT,CRE_ID,MOD_DT,MOD_ID,PTY_PARTY_NAME,PTY_CERT_ID,PTY_CRED_ID,PTY_THIRD_PTY_FL,PTY_BUSINESS_DOMAIN) values (201,str_to_date('09-JAN-14 11.09.34','%d-%b-%y %H.%i.%s'),'almahfa',str_to_date('09-JAN-14 11.09.34','%d-%b-%y %H.%i.%s'),'almahfa','EDMA-APP-PARTY',8,206,null,null);
Insert into ETRUSTEX.ETR_TB_PARTY (PTY_ID,CRE_DT,CRE_ID,MOD_DT,MOD_ID,PTY_PARTY_NAME,PTY_CERT_ID,PTY_CRED_ID,PTY_THIRD_PTY_FL,PTY_BUSINESS_DOMAIN) values (366,str_to_date('12-MAY-14 09.47.57','%d-%b-%y %H.%i.%s'),'ventrgi',str_to_date('12-MAY-14 09.47.57','%d-%b-%y %H.%i.%s'),'ventrgi','TEST-GUI2-PARTY',null,366,null,null);
Insert into ETRUSTEX.ETR_TB_PARTY (PTY_ID,CRE_DT,CRE_ID,MOD_DT,MOD_ID,PTY_PARTY_NAME,PTY_CERT_ID,PTY_CRED_ID,PTY_THIRD_PTY_FL,PTY_BUSINESS_DOMAIN) values (335,str_to_date('21-FEB-14 11.02.16','%d-%b-%y %H.%i.%s'),'ventrgi',str_to_date('21-FEB-14 11.02.16','%d-%b-%y %H.%i.%s'),'ventrgi','TRUSTSYS1',null,324,null,null);
Insert into ETRUSTEX.ETR_TB_PARTY (PTY_ID,CRE_DT,CRE_ID,MOD_DT,MOD_ID,PTY_PARTY_NAME,PTY_CERT_ID,PTY_CRED_ID,PTY_THIRD_PTY_FL,PTY_BUSINESS_DOMAIN) values (427647,str_to_date('13-AUG-14 20.40.12','%d-%b-%y %H.%i.%s'),'spots',null,'spots','DEBACNI',null,null,0,null);
Insert into ETRUSTEX.ETR_TB_PARTY (PTY_ID,CRE_DT,CRE_ID,MOD_DT,MOD_ID,PTY_PARTY_NAME,PTY_CERT_ID,PTY_CRED_ID,PTY_THIRD_PTY_FL,PTY_BUSINESS_DOMAIN) values (428823,str_to_date('14-AUG-14 11.29.07','%d-%b-%y %H.%i.%s'),'daniemn',str_to_date('28-AUG-14 15.11.54','%d-%b-%y %H.%i.%s'),'daniemn','party11name',542895,428822,0,1);
Insert into ETRUSTEX.ETR_TB_PARTY (PTY_ID,CRE_DT,CRE_ID,MOD_DT,MOD_ID,PTY_PARTY_NAME,PTY_CERT_ID,PTY_CRED_ID,PTY_THIRD_PTY_FL,PTY_BUSINESS_DOMAIN) values (428909,str_to_date('14-AUG-14 12.26.34','%d-%b-%y %H.%i.%s'),'daniemn',null,null,'party21',null,428908,0,1);
Insert into ETRUSTEX.ETR_TB_PARTY (PTY_ID,CRE_DT,CRE_ID,MOD_DT,MOD_ID,PTY_PARTY_NAME,PTY_CERT_ID,PTY_CRED_ID,PTY_THIRD_PTY_FL,PTY_BUSINESS_DOMAIN) values (428912,str_to_date('14-AUG-14 12.26.54','%d-%b-%y %H.%i.%s'),'daniemn',null,null,'party22',null,428911,0,1);
Insert into ETRUSTEX.ETR_TB_PARTY (PTY_ID,CRE_DT,CRE_ID,MOD_DT,MOD_ID,PTY_PARTY_NAME,PTY_CERT_ID,PTY_CRED_ID,PTY_THIRD_PTY_FL,PTY_BUSINESS_DOMAIN) values (429509,str_to_date('14-AUG-14 15.51.59','%d-%b-%y %H.%i.%s'),'daniemn',null,null,'party31',null,429508,0,1);
Insert into ETRUSTEX.ETR_TB_PARTY (PTY_ID,CRE_DT,CRE_ID,MOD_DT,MOD_ID,PTY_PARTY_NAME,PTY_CERT_ID,PTY_CRED_ID,PTY_THIRD_PTY_FL,PTY_BUSINESS_DOMAIN) values (429512,str_to_date('14-AUG-14 15.52.26','%d-%b-%y %H.%i.%s'),'daniemn',str_to_date('25-AUG-14 16.56.31','%d-%b-%y %H.%i.%s'),'daniemn','party32',null,429511,0,1);
Insert into ETRUSTEX.ETR_TB_PARTY (PTY_ID,CRE_DT,CRE_ID,MOD_DT,MOD_ID,PTY_PARTY_NAME,PTY_CERT_ID,PTY_CRED_ID,PTY_THIRD_PTY_FL,PTY_BUSINESS_DOMAIN) values (429525,str_to_date('14-AUG-14 15.58.08','%d-%b-%y %H.%i.%s'),'daniemn',null,null,'party41',null,429524,0,1);
Insert into ETRUSTEX.ETR_TB_PARTY (PTY_ID,CRE_DT,CRE_ID,MOD_DT,MOD_ID,PTY_PARTY_NAME,PTY_CERT_ID,PTY_CRED_ID,PTY_THIRD_PTY_FL,PTY_BUSINESS_DOMAIN) values (429528,str_to_date('14-AUG-14 15.58.25','%d-%b-%y %H.%i.%s'),'daniemn',null,null,'party42',null,429527,0,1);
Insert into ETRUSTEX.ETR_TB_PARTY (PTY_ID,CRE_DT,CRE_ID,MOD_DT,MOD_ID,PTY_PARTY_NAME,PTY_CERT_ID,PTY_CRED_ID,PTY_THIRD_PTY_FL,PTY_BUSINESS_DOMAIN) values (429543,str_to_date('14-AUG-14 16.04.37','%d-%b-%y %H.%i.%s'),'daniemn',null,null,'party51',null,429542,0,1);
Insert into ETRUSTEX.ETR_TB_PARTY (PTY_ID,CRE_DT,CRE_ID,MOD_DT,MOD_ID,PTY_PARTY_NAME,PTY_CERT_ID,PTY_CRED_ID,PTY_THIRD_PTY_FL,PTY_BUSINESS_DOMAIN) values (429546,str_to_date('14-AUG-14 16.04.56','%d-%b-%y %H.%i.%s'),'daniemn',null,null,'party52',null,429545,0,1);
Insert into ETRUSTEX.ETR_TB_PARTY (PTY_ID,CRE_DT,CRE_ID,MOD_DT,MOD_ID,PTY_PARTY_NAME,PTY_CERT_ID,PTY_CRED_ID,PTY_THIRD_PTY_FL,PTY_BUSINESS_DOMAIN) values (579504,str_to_date('29-AUG-14 14.31.18','%d-%b-%y %H.%i.%s'),'daniemn',str_to_date('29-AUG-14 14.31.53','%d-%b-%y %H.%i.%s'),'daniemn','partytab01',null,579503,0,1);
Insert into ETRUSTEX.ETR_TB_PARTY (PTY_ID,CRE_DT,CRE_ID,MOD_DT,MOD_ID,PTY_PARTY_NAME,PTY_CERT_ID,PTY_CRED_ID,PTY_THIRD_PTY_FL,PTY_BUSINESS_DOMAIN) values (667486,str_to_date('01-SEP-14 10.38.57','%d-%b-%y %H.%i.%s'),'spots',str_to_date('01-SEP-14 10.38.57','%d-%b-%y %H.%i.%s'),'spots','SUPPORT',null,null,0,null);
Insert into ETRUSTEX.ETR_TB_PARTY (PTY_ID,CRE_DT,CRE_ID,MOD_DT,MOD_ID,PTY_PARTY_NAME,PTY_CERT_ID,PTY_CRED_ID,PTY_THIRD_PTY_FL,PTY_BUSINESS_DOMAIN) values (676333,str_to_date('01-SEP-14 14.54.37','%d-%b-%y %H.%i.%s'),'spots',str_to_date('01-SEP-14 14.54.37','%d-%b-%y %H.%i.%s'),'spots','SPORTAL',null,null,0,null);
Insert into ETRUSTEX.ETR_TB_PARTY (PTY_ID,CRE_DT,CRE_ID,MOD_DT,MOD_ID,PTY_PARTY_NAME,PTY_CERT_ID,PTY_CRED_ID,PTY_THIRD_PTY_FL,PTY_BUSINESS_DOMAIN) values (6,str_to_date('09-JAN-14 11.09.34','%d-%b-%y %H.%i.%s'),'almahfa',str_to_date('09-JAN-14 11.09.34','%d-%b-%y %H.%i.%s'),'almahfa','TRUSTSUPPARTY1',8,6,null,null);
Insert into ETRUSTEX.ETR_TB_PARTY (PTY_ID,CRE_DT,CRE_ID,MOD_DT,MOD_ID,PTY_PARTY_NAME,PTY_CERT_ID,PTY_CRED_ID,PTY_THIRD_PTY_FL,PTY_BUSINESS_DOMAIN) values (7,str_to_date('09-JAN-14 11.09.34','%d-%b-%y %H.%i.%s'),'almahfa',str_to_date('09-JAN-14 11.09.34','%d-%b-%y %H.%i.%s'),'almahfa','TRUSTCUSTPARTY1',8,7,null,null);
Insert into ETRUSTEX.ETR_TB_PARTY (PTY_ID,CRE_DT,CRE_ID,MOD_DT,MOD_ID,PTY_PARTY_NAME,PTY_CERT_ID,PTY_CRED_ID,PTY_THIRD_PTY_FL,PTY_BUSINESS_DOMAIN) values (79,str_to_date('06-AUG-14 15.55.44','%d-%b-%y %H.%i.%s'),'almahfa',str_to_date('06-AUG-14 15.55.44','%d-%b-%y %H.%i.%s'),'almahfa','P1',null,31,null,null);
Insert into ETRUSTEX.ETR_TB_PARTY (PTY_ID,CRE_DT,CRE_ID,MOD_DT,MOD_ID,PTY_PARTY_NAME,PTY_CERT_ID,PTY_CRED_ID,PTY_THIRD_PTY_FL,PTY_BUSINESS_DOMAIN) values (24024,str_to_date('03-MAR-14 14.39.01','%d-%b-%y %H.%i.%s'),'spots',null,'spots','SUPPLPO',null,null,0,null);
Insert into ETRUSTEX.ETR_TB_PARTY (PTY_ID,CRE_DT,CRE_ID,MOD_DT,MOD_ID,PTY_PARTY_NAME,PTY_CERT_ID,PTY_CRED_ID,PTY_THIRD_PTY_FL,PTY_BUSINESS_DOMAIN) values (98778,str_to_date('25-MAR-14 13.21.58','%d-%b-%y %H.%i.%s'),'testadm',str_to_date('25-MAR-14 13.28.41','%d-%b-%y %H.%i.%s'),'testadm','Supplier Portal',null,98812,1,null);
Insert into ETRUSTEX.ETR_TB_PARTY (PTY_ID,CRE_DT,CRE_ID,MOD_DT,MOD_ID,PTY_PARTY_NAME,PTY_CERT_ID,PTY_CRED_ID,PTY_THIRD_PTY_FL,PTY_BUSINESS_DOMAIN) values (98739,str_to_date('25-MAR-14 12.50.45','%d-%b-%y %H.%i.%s'),'testadm',str_to_date('25-MAR-14 13.20.51','%d-%b-%y %H.%i.%s'),'testadm','HORIZON GROUP',null,98738,1,null);
Insert into ETRUSTEX.ETR_TB_PARTY (PTY_ID,CRE_DT,CRE_ID,MOD_DT,MOD_ID,PTY_PARTY_NAME,PTY_CERT_ID,PTY_CRED_ID,PTY_THIRD_PTY_FL,PTY_BUSINESS_DOMAIN) values (98780,str_to_date('25-MAR-14 13.22.59','%d-%b-%y %H.%i.%s'),'testadm',str_to_date('25-MAR-14 14.12.03','%d-%b-%y %H.%i.%s'),'testadm','Customer Portal',null,null,0,null);
Insert into ETRUSTEX.ETR_TB_PARTY (PTY_ID,CRE_DT,CRE_ID,MOD_DT,MOD_ID,PTY_PARTY_NAME,PTY_CERT_ID,PTY_CRED_ID,PTY_THIRD_PTY_FL,PTY_BUSINESS_DOMAIN) values (98835,str_to_date('25-MAR-14 14.16.08','%d-%b-%y %H.%i.%s'),'testadm',null,'testadm','fdgfdgfdg',null,null,0,null);
Insert into ETRUSTEX.ETR_TB_PARTY (PTY_ID,CRE_DT,CRE_ID,MOD_DT,MOD_ID,PTY_PARTY_NAME,PTY_CERT_ID,PTY_CRED_ID,PTY_THIRD_PTY_FL,PTY_BUSINESS_DOMAIN) values (98842,str_to_date('25-MAR-14 14.18.02','%d-%b-%y %H.%i.%s'),'testadm',null,'testadm','thirdpartyandrzej',null,98841,1,null);
Insert into ETRUSTEX.ETR_TB_PARTY (PTY_ID,CRE_DT,CRE_ID,MOD_DT,MOD_ID,PTY_PARTY_NAME,PTY_CERT_ID,PTY_CRED_ID,PTY_THIRD_PTY_FL,PTY_BUSINESS_DOMAIN) values (98845,str_to_date('25-MAR-14 14.19.48','%d-%b-%y %H.%i.%s'),'testadm',null,'testadm','CustomerPortalBO',null,98844,0,null);
Insert into ETRUSTEX.ETR_TB_PARTY (PTY_ID,CRE_DT,CRE_ID,MOD_DT,MOD_ID,PTY_PARTY_NAME,PTY_CERT_ID,PTY_CRED_ID,PTY_THIRD_PTY_FL,PTY_BUSINESS_DOMAIN) values (98848,str_to_date('25-MAR-14 14.20.07','%d-%b-%y %H.%i.%s'),'testadm',null,'testadm','fdgfdgfdgfdg',null,98847,0,null);
Insert into ETRUSTEX.ETR_TB_PARTY (PTY_ID,CRE_DT,CRE_ID,MOD_DT,MOD_ID,PTY_PARTY_NAME,PTY_CERT_ID,PTY_CRED_ID,PTY_THIRD_PTY_FL,PTY_BUSINESS_DOMAIN) values (98901,str_to_date('26-MAR-14 10.41.46','%d-%b-%y %H.%i.%s'),'testcbo',null,'testcbo','Trasys',null,null,0,null);
Insert into ETRUSTEX.ETR_TB_PARTY (PTY_ID,CRE_DT,CRE_ID,MOD_DT,MOD_ID,PTY_PARTY_NAME,PTY_CERT_ID,PTY_CRED_ID,PTY_THIRD_PTY_FL,PTY_BUSINESS_DOMAIN) values (98938,str_to_date('26-MAR-14 16.19.16','%d-%b-%y %H.%i.%s'),'testcbo',null,'testcbo','Belgacom',null,null,0,null);
Insert into ETRUSTEX.ETR_TB_PARTY (PTY_ID,CRE_DT,CRE_ID,MOD_DT,MOD_ID,PTY_PARTY_NAME,PTY_CERT_ID,PTY_CRED_ID,PTY_THIRD_PTY_FL,PTY_BUSINESS_DOMAIN) values (283448,str_to_date('17-JUN-14 12.18.45','%d-%b-%y %H.%i.%s'),'TRUSTUSR1',null,'TRUSTUSR1','NEWTESTPARTYNAME_MIGRATIONTEST02a',null,null,0,null);
Insert into ETRUSTEX.ETR_TB_PARTY (PTY_ID,CRE_DT,CRE_ID,MOD_DT,MOD_ID,PTY_PARTY_NAME,PTY_CERT_ID,PTY_CRED_ID,PTY_THIRD_PTY_FL,PTY_BUSINESS_DOMAIN) values (80,str_to_date('06-AUG-14 15.55.44','%d-%b-%y %H.%i.%s'),'almahfa',str_to_date('06-AUG-14 15.55.44','%d-%b-%y %H.%i.%s'),'almahfa','P2',null,null,null,null);
Insert into ETRUSTEX.ETR_TB_PARTY (PTY_ID,CRE_DT,CRE_ID,MOD_DT,MOD_ID,PTY_PARTY_NAME,PTY_CERT_ID,PTY_CRED_ID,PTY_THIRD_PTY_FL,PTY_BUSINESS_DOMAIN) values (452870,str_to_date('25-AUG-14 13.07.33','%d-%b-%y %H.%i.%s'),'daniemn',str_to_date('25-AUG-14 13.08.31','%d-%b-%y %H.%i.%s'),'daniemn','party94',452868,null,0,1);
Insert into ETRUSTEX.ETR_TB_PARTY (PTY_ID,CRE_DT,CRE_ID,MOD_DT,MOD_ID,PTY_PARTY_NAME,PTY_CERT_ID,PTY_CRED_ID,PTY_THIRD_PTY_FL,PTY_BUSINESS_DOMAIN) values (427159,str_to_date('13-AUG-14 14.59.22','%d-%b-%y %H.%i.%s'),'daniemn',str_to_date('13-AUG-14 15.02.22','%d-%b-%y %H.%i.%s'),'daniemn','3rdparty',null,427158,0,1);
Insert into ETRUSTEX.ETR_TB_PARTY (PTY_ID,CRE_DT,CRE_ID,MOD_DT,MOD_ID,PTY_PARTY_NAME,PTY_CERT_ID,PTY_CRED_ID,PTY_THIRD_PTY_FL,PTY_BUSINESS_DOMAIN) values (427161,str_to_date('13-AUG-14 14.59.55','%d-%b-%y %H.%i.%s'),'daniemn',str_to_date('13-AUG-14 15.04.52','%d-%b-%y %H.%i.%s'),'daniemn','using3rdparty',null,427192,1,1);
Insert into ETRUSTEX.ETR_TB_PARTY (PTY_ID,CRE_DT,CRE_ID,MOD_DT,MOD_ID,PTY_PARTY_NAME,PTY_CERT_ID,PTY_CRED_ID,PTY_THIRD_PTY_FL,PTY_BUSINESS_DOMAIN) values (512124,str_to_date('27-AUG-14 15.48.55','%d-%b-%y %H.%i.%s'),'x50b125',str_to_date('27-AUG-14 15.48.55','%d-%b-%y %H.%i.%s'),null,'nocred',null,null,0,1);
Insert into ETRUSTEX.ETR_TB_PARTY (PTY_ID,CRE_DT,CRE_ID,MOD_DT,MOD_ID,PTY_PARTY_NAME,PTY_CERT_ID,PTY_CRED_ID,PTY_THIRD_PTY_FL,PTY_BUSINESS_DOMAIN) values (487656,str_to_date('26-AUG-14 17.26.47','%d-%b-%y %H.%i.%s'),'TRUSTUSR1',str_to_date('26-AUG-14 17.26.47','%d-%b-%y %H.%i.%s'),'TRUSTUSR1','NEWTESTPARTYNAME_MIGRATIONTEST03',null,null,0,null);
Insert into ETRUSTEX.ETR_TB_PARTY (PTY_ID,CRE_DT,CRE_ID,MOD_DT,MOD_ID,PTY_PARTY_NAME,PTY_CERT_ID,PTY_CRED_ID,PTY_THIRD_PTY_FL,PTY_BUSINESS_DOMAIN) values (542528,str_to_date('28-AUG-14 15.03.26','%d-%b-%y %H.%i.%s'),'daniemn',str_to_date('28-AUG-14 15.04.14','%d-%b-%y %H.%i.%s'),'daniemn','Partya1',null,542527,0,1);
Insert into ETRUSTEX.ETR_TB_PARTY (PTY_ID,CRE_DT,CRE_ID,MOD_DT,MOD_ID,PTY_PARTY_NAME,PTY_CERT_ID,PTY_CRED_ID,PTY_THIRD_PTY_FL,PTY_BUSINESS_DOMAIN) values (578162,str_to_date('29-AUG-14 14.20.34','%d-%b-%y %H.%i.%s'),'daniemn',str_to_date('29-AUG-14 14.20.34','%d-%b-%y %H.%i.%s'),null,'partybidir01',null,578161,0,1);
Insert into ETRUSTEX.ETR_TB_PARTY (PTY_ID,CRE_DT,CRE_ID,MOD_DT,MOD_ID,PTY_PARTY_NAME,PTY_CERT_ID,PTY_CRED_ID,PTY_THIRD_PTY_FL,PTY_BUSINESS_DOMAIN) values (578285,str_to_date('29-AUG-14 14.20.49','%d-%b-%y %H.%i.%s'),'daniemn',str_to_date('29-AUG-14 14.20.49','%d-%b-%y %H.%i.%s'),null,'partybidir02',null,578284,0,1);
Insert into ETRUSTEX.ETR_TB_PARTY (PTY_ID,CRE_DT,CRE_ID,MOD_DT,MOD_ID,PTY_PARTY_NAME,PTY_CERT_ID,PTY_CRED_ID,PTY_THIRD_PTY_FL,PTY_BUSINESS_DOMAIN) values (719982,str_to_date('02-SEP-14 14.30.00','%d-%b-%y %H.%i.%s'),'daniemn',str_to_date('02-SEP-14 15.29.44','%d-%b-%y %H.%i.%s'),'daniemn','party301',723186,720090,0,1);
Insert into ETRUSTEX.ETR_TB_PARTY (PTY_ID,CRE_DT,CRE_ID,MOD_DT,MOD_ID,PTY_PARTY_NAME,PTY_CERT_ID,PTY_CRED_ID,PTY_THIRD_PTY_FL,PTY_BUSINESS_DOMAIN) values (200,str_to_date('09-JAN-14 11.09.34','%d-%b-%y %H.%i.%s'),'almahfa',str_to_date('09-JAN-14 11.09.34','%d-%b-%y %H.%i.%s'),'almahfa','mParty',null,204,null,null);
Insert into ETRUSTEX.ETR_TB_PARTY (PTY_ID,CRE_DT,CRE_ID,MOD_DT,MOD_ID,PTY_PARTY_NAME,PTY_CERT_ID,PTY_CRED_ID,PTY_THIRD_PTY_FL,PTY_BUSINESS_DOMAIN) values (202,str_to_date('09-JAN-14 11.09.34','%d-%b-%y %H.%i.%s'),'almahfa',str_to_date('09-JAN-14 11.09.34','%d-%b-%y %H.%i.%s'),'almahfa','SCHOTCN-PARTY',null,null,null,null);
Insert into ETRUSTEX.ETR_TB_PARTY (PTY_ID,CRE_DT,CRE_ID,MOD_DT,MOD_ID,PTY_PARTY_NAME,PTY_CERT_ID,PTY_CRED_ID,PTY_THIRD_PTY_FL,PTY_BUSINESS_DOMAIN) values (203,str_to_date('09-JAN-14 11.09.34','%d-%b-%y %H.%i.%s'),'almahfa',str_to_date('09-JAN-14 11.09.34','%d-%b-%y %H.%i.%s'),'almahfa','TEST3',null,208,null,null);
Insert into ETRUSTEX.ETR_TB_PARTY (PTY_ID,CRE_DT,CRE_ID,MOD_DT,MOD_ID,PTY_PARTY_NAME,PTY_CERT_ID,PTY_CRED_ID,PTY_THIRD_PTY_FL,PTY_BUSINESS_DOMAIN) values (204,str_to_date('09-JAN-14 11.09.34','%d-%b-%y %H.%i.%s'),'almahfa',str_to_date('09-JAN-14 11.09.34','%d-%b-%y %H.%i.%s'),'almahfa','TEST4',null,209,null,null);
--REM INSERTING into ETRUSTEX.ETR_TB_PARTYAGREEMENT

Insert into ETRUSTEX.ETR_TB_PARTYAGREEMENT (PAG_ID,CRE_DT,CRE_ID,MOD_DT,MOD_ID,PAG_AUTH_PTY_ID,PAG_DEL_PTY_ID) values (1,str_to_date('10-JAN-14 17.11.21','%d-%b-%y %H.%i.%s'),'almahfa',str_to_date('10-JAN-14 17.11.21','%d-%b-%y %H.%i.%s'),'almahfa',200,198);
Insert into ETRUSTEX.ETR_TB_PARTYAGREEMENT (PAG_ID,CRE_DT,CRE_ID,MOD_DT,MOD_ID,PAG_AUTH_PTY_ID,PAG_DEL_PTY_ID) values (8,str_to_date('07-FEB-14 09.47.51','%d-%b-%y %H.%i.%s'),'ventrgi',str_to_date('07-FEB-14 09.47.51','%d-%b-%y %H.%i.%s'),'ventrgi',327,323);
Insert into ETRUSTEX.ETR_TB_PARTYAGREEMENT (PAG_ID,CRE_DT,CRE_ID,MOD_DT,MOD_ID,PAG_AUTH_PTY_ID,PAG_DEL_PTY_ID) values (9,str_to_date('07-FEB-14 09.47.51','%d-%b-%y %H.%i.%s'),'ventrgi',str_to_date('07-FEB-14 09.47.51','%d-%b-%y %H.%i.%s'),'ventrgi',328,322);
Insert into ETRUSTEX.ETR_TB_PARTYAGREEMENT (PAG_ID,CRE_DT,CRE_ID,MOD_DT,MOD_ID,PAG_AUTH_PTY_ID,PAG_DEL_PTY_ID) values (350052,str_to_date('01-JUL-14 07.46.45','%d-%b-%y %H.%i.%s'),'spots',null,'spots',350049,323);
Insert into ETRUSTEX.ETR_TB_PARTYAGREEMENT (PAG_ID,CRE_DT,CRE_ID,MOD_DT,MOD_ID,PAG_AUTH_PTY_ID,PAG_DEL_PTY_ID) values (10,str_to_date('07-FEB-14 09.47.51','%d-%b-%y %H.%i.%s'),'ventrgi',str_to_date('07-FEB-14 09.47.51','%d-%b-%y %H.%i.%s'),'ventrgi',329,323);
Insert into ETRUSTEX.ETR_TB_PARTYAGREEMENT (PAG_ID,CRE_DT,CRE_ID,MOD_DT,MOD_ID,PAG_AUTH_PTY_ID,PAG_DEL_PTY_ID) values (11,str_to_date('07-FEB-14 09.47.51','%d-%b-%y %H.%i.%s'),'ventrgi',str_to_date('07-FEB-14 09.47.51','%d-%b-%y %H.%i.%s'),'ventrgi',330,323);
Insert into ETRUSTEX.ETR_TB_PARTYAGREEMENT (PAG_ID,CRE_DT,CRE_ID,MOD_DT,MOD_ID,PAG_AUTH_PTY_ID,PAG_DEL_PTY_ID) values (24773,str_to_date('05-MAR-14 15.15.23','%d-%b-%y %H.%i.%s'),'spots',null,'spots',24770,323);
Insert into ETRUSTEX.ETR_TB_PARTYAGREEMENT (PAG_ID,CRE_DT,CRE_ID,MOD_DT,MOD_ID,PAG_AUTH_PTY_ID,PAG_DEL_PTY_ID) values (428892,str_to_date('14-AUG-14 12.15.50','%d-%b-%y %H.%i.%s'),'daniemn',null,null,426842,427161);
Insert into ETRUSTEX.ETR_TB_PARTYAGREEMENT (PAG_ID,CRE_DT,CRE_ID,MOD_DT,MOD_ID,PAG_AUTH_PTY_ID,PAG_DEL_PTY_ID) values (6,str_to_date('07-FEB-14 09.47.51','%d-%b-%y %H.%i.%s'),'ventrgi',str_to_date('07-FEB-14 09.47.51','%d-%b-%y %H.%i.%s'),'ventrgi',331,6);
Insert into ETRUSTEX.ETR_TB_PARTYAGREEMENT (PAG_ID,CRE_DT,CRE_ID,MOD_DT,MOD_ID,PAG_AUTH_PTY_ID,PAG_DEL_PTY_ID) values (428893,str_to_date('14-AUG-14 12.15.50','%d-%b-%y %H.%i.%s'),'daniemn',null,null,424859,427161);
Insert into ETRUSTEX.ETR_TB_PARTYAGREEMENT (PAG_ID,CRE_DT,CRE_ID,MOD_DT,MOD_ID,PAG_AUTH_PTY_ID,PAG_DEL_PTY_ID) values (17,str_to_date('25-APR-14 08.53.00','%d-%b-%y %H.%i.%s'),'ventrgi',str_to_date('25-APR-14 08.53.00','%d-%b-%y %H.%i.%s'),'ventrgi',344,78);
Insert into ETRUSTEX.ETR_TB_PARTYAGREEMENT (PAG_ID,CRE_DT,CRE_ID,MOD_DT,MOD_ID,PAG_AUTH_PTY_ID,PAG_DEL_PTY_ID) values (15,str_to_date('14-FEB-14 15.12.00','%d-%b-%y %H.%i.%s'),'ventrgi',str_to_date('14-FEB-14 15.12.00','%d-%b-%y %H.%i.%s'),'ventrgi',334,322);
Insert into ETRUSTEX.ETR_TB_PARTYAGREEMENT (PAG_ID,CRE_DT,CRE_ID,MOD_DT,MOD_ID,PAG_AUTH_PTY_ID,PAG_DEL_PTY_ID) values (16,str_to_date('25-APR-14 08.53.00','%d-%b-%y %H.%i.%s'),'ventrgi',str_to_date('25-APR-14 08.53.00','%d-%b-%y %H.%i.%s'),'ventrgi',348,201);
Insert into ETRUSTEX.ETR_TB_PARTYAGREEMENT (PAG_ID,CRE_DT,CRE_ID,MOD_DT,MOD_ID,PAG_AUTH_PTY_ID,PAG_DEL_PTY_ID) values (18,str_to_date('25-APR-14 08.53.00','%d-%b-%y %H.%i.%s'),'ventrgi',str_to_date('25-APR-14 08.53.00','%d-%b-%y %H.%i.%s'),'ventrgi',345,78);
Insert into ETRUSTEX.ETR_TB_PARTYAGREEMENT (PAG_ID,CRE_DT,CRE_ID,MOD_DT,MOD_ID,PAG_AUTH_PTY_ID,PAG_DEL_PTY_ID) values (19,str_to_date('25-APR-14 08.53.00','%d-%b-%y %H.%i.%s'),'ventrgi',str_to_date('25-APR-14 08.53.00','%d-%b-%y %H.%i.%s'),'ventrgi',346,78);
Insert into ETRUSTEX.ETR_TB_PARTYAGREEMENT (PAG_ID,CRE_DT,CRE_ID,MOD_DT,MOD_ID,PAG_AUTH_PTY_ID,PAG_DEL_PTY_ID) values (20,str_to_date('25-APR-14 08.53.00','%d-%b-%y %H.%i.%s'),'ventrgi',str_to_date('25-APR-14 08.53.00','%d-%b-%y %H.%i.%s'),'ventrgi',347,78);
Insert into ETRUSTEX.ETR_TB_PARTYAGREEMENT (PAG_ID,CRE_DT,CRE_ID,MOD_DT,MOD_ID,PAG_AUTH_PTY_ID,PAG_DEL_PTY_ID) values (286211,str_to_date('20-JUN-14 14.38.41','%d-%b-%y %H.%i.%s'),'spots',null,'spots',286208,323);
Insert into ETRUSTEX.ETR_TB_PARTYAGREEMENT (PAG_ID,CRE_DT,CRE_ID,MOD_DT,MOD_ID,PAG_AUTH_PTY_ID,PAG_DEL_PTY_ID) values (424338,str_to_date('12-AUG-14 09.11.10','%d-%b-%y %H.%i.%s'),'spots',null,'spots',424335,323);
Insert into ETRUSTEX.ETR_TB_PARTYAGREEMENT (PAG_ID,CRE_DT,CRE_ID,MOD_DT,MOD_ID,PAG_AUTH_PTY_ID,PAG_DEL_PTY_ID) values (579813,str_to_date('29-AUG-14 14.39.03','%d-%b-%y %H.%i.%s'),'daniemn',str_to_date('29-AUG-14 14.39.03','%d-%b-%y %H.%i.%s'),null,402005,579807);
Insert into ETRUSTEX.ETR_TB_PARTYAGREEMENT (PAG_ID,CRE_DT,CRE_ID,MOD_DT,MOD_ID,PAG_AUTH_PTY_ID,PAG_DEL_PTY_ID) values (22478,str_to_date('19-FEB-14 10.41.53','%d-%b-%y %H.%i.%s'),'spots',null,'spots',22476,323);
Insert into ETRUSTEX.ETR_TB_PARTYAGREEMENT (PAG_ID,CRE_DT,CRE_ID,MOD_DT,MOD_ID,PAG_AUTH_PTY_ID,PAG_DEL_PTY_ID) values (22,str_to_date('30-APR-14 11.15.46','%d-%b-%y %H.%i.%s'),'ventrgi',str_to_date('30-APR-14 11.15.46','%d-%b-%y %H.%i.%s'),'ventrgi',351,78);
Insert into ETRUSTEX.ETR_TB_PARTYAGREEMENT (PAG_ID,CRE_DT,CRE_ID,MOD_DT,MOD_ID,PAG_AUTH_PTY_ID,PAG_DEL_PTY_ID) values (102093,str_to_date('08-APR-14 10.12.16','%d-%b-%y %H.%i.%s'),'spots',null,'spots',102090,323);
Insert into ETRUSTEX.ETR_TB_PARTYAGREEMENT (PAG_ID,CRE_DT,CRE_ID,MOD_DT,MOD_ID,PAG_AUTH_PTY_ID,PAG_DEL_PTY_ID) values (21,str_to_date('30-APR-14 11.15.46','%d-%b-%y %H.%i.%s'),'ventrgi',str_to_date('30-APR-14 11.15.46','%d-%b-%y %H.%i.%s'),'ventrgi',350,78);
Insert into ETRUSTEX.ETR_TB_PARTYAGREEMENT (PAG_ID,CRE_DT,CRE_ID,MOD_DT,MOD_ID,PAG_AUTH_PTY_ID,PAG_DEL_PTY_ID) values (23,str_to_date('30-APR-14 11.15.46','%d-%b-%y %H.%i.%s'),'ventrgi',str_to_date('30-APR-14 11.15.46','%d-%b-%y %H.%i.%s'),'ventrgi',349,201);
Insert into ETRUSTEX.ETR_TB_PARTYAGREEMENT (PAG_ID,CRE_DT,CRE_ID,MOD_DT,MOD_ID,PAG_AUTH_PTY_ID,PAG_DEL_PTY_ID) values (24,str_to_date('30-APR-14 11.35.31','%d-%b-%y %H.%i.%s'),'ventrgi',str_to_date('30-APR-14 11.35.31','%d-%b-%y %H.%i.%s'),'ventrgi',352,78);
Insert into ETRUSTEX.ETR_TB_PARTYAGREEMENT (PAG_ID,CRE_DT,CRE_ID,MOD_DT,MOD_ID,PAG_AUTH_PTY_ID,PAG_DEL_PTY_ID) values (25,str_to_date('30-APR-14 11.35.31','%d-%b-%y %H.%i.%s'),'ventrgi',str_to_date('30-APR-14 11.35.31','%d-%b-%y %H.%i.%s'),'ventrgi',353,78);
Insert into ETRUSTEX.ETR_TB_PARTYAGREEMENT (PAG_ID,CRE_DT,CRE_ID,MOD_DT,MOD_ID,PAG_AUTH_PTY_ID,PAG_DEL_PTY_ID) values (26,str_to_date('30-APR-14 11.35.31','%d-%b-%y %H.%i.%s'),'ventrgi',str_to_date('30-APR-14 11.35.31','%d-%b-%y %H.%i.%s'),'ventrgi',354,78);
Insert into ETRUSTEX.ETR_TB_PARTYAGREEMENT (PAG_ID,CRE_DT,CRE_ID,MOD_DT,MOD_ID,PAG_AUTH_PTY_ID,PAG_DEL_PTY_ID) values (27,str_to_date('30-APR-14 12.05.29','%d-%b-%y %H.%i.%s'),'ventrgi',str_to_date('30-APR-14 12.05.29','%d-%b-%y %H.%i.%s'),'ventrgi',357,78);
Insert into ETRUSTEX.ETR_TB_PARTYAGREEMENT (PAG_ID,CRE_DT,CRE_ID,MOD_DT,MOD_ID,PAG_AUTH_PTY_ID,PAG_DEL_PTY_ID) values (28,str_to_date('30-APR-14 12.05.29','%d-%b-%y %H.%i.%s'),'ventrgi',str_to_date('30-APR-14 12.05.29','%d-%b-%y %H.%i.%s'),'ventrgi',358,78);
Insert into ETRUSTEX.ETR_TB_PARTYAGREEMENT (PAG_ID,CRE_DT,CRE_ID,MOD_DT,MOD_ID,PAG_AUTH_PTY_ID,PAG_DEL_PTY_ID) values (29,str_to_date('30-APR-14 14.43.06','%d-%b-%y %H.%i.%s'),'ventrgi',str_to_date('30-APR-14 14.43.06','%d-%b-%y %H.%i.%s'),'ventrgi',359,78);
Insert into ETRUSTEX.ETR_TB_PARTYAGREEMENT (PAG_ID,CRE_DT,CRE_ID,MOD_DT,MOD_ID,PAG_AUTH_PTY_ID,PAG_DEL_PTY_ID) values (30,str_to_date('30-APR-14 14.43.06','%d-%b-%y %H.%i.%s'),'ventrgi',str_to_date('30-APR-14 14.43.06','%d-%b-%y %H.%i.%s'),'ventrgi',360,78);
Insert into ETRUSTEX.ETR_TB_PARTYAGREEMENT (PAG_ID,CRE_DT,CRE_ID,MOD_DT,MOD_ID,PAG_AUTH_PTY_ID,PAG_DEL_PTY_ID) values (31,str_to_date('30-APR-14 14.43.06','%d-%b-%y %H.%i.%s'),'ventrgi',str_to_date('30-APR-14 14.43.06','%d-%b-%y %H.%i.%s'),'ventrgi',361,78);
Insert into ETRUSTEX.ETR_TB_PARTYAGREEMENT (PAG_ID,CRE_DT,CRE_ID,MOD_DT,MOD_ID,PAG_AUTH_PTY_ID,PAG_DEL_PTY_ID) values (32,str_to_date('30-APR-14 14.43.06','%d-%b-%y %H.%i.%s'),'ventrgi',str_to_date('30-APR-14 14.43.06','%d-%b-%y %H.%i.%s'),'ventrgi',362,78);
Insert into ETRUSTEX.ETR_TB_PARTYAGREEMENT (PAG_ID,CRE_DT,CRE_ID,MOD_DT,MOD_ID,PAG_AUTH_PTY_ID,PAG_DEL_PTY_ID) values (436877,str_to_date('18-AUG-14 14.54.41','%d-%b-%y %H.%i.%s'),'daniemn',null,null,429559,427161);
Insert into ETRUSTEX.ETR_TB_PARTYAGREEMENT (PAG_ID,CRE_DT,CRE_ID,MOD_DT,MOD_ID,PAG_AUTH_PTY_ID,PAG_DEL_PTY_ID) values (2,str_to_date('10-JAN-14 17.11.21','%d-%b-%y %H.%i.%s'),'almahfa',str_to_date('10-JAN-14 17.11.21','%d-%b-%y %H.%i.%s'),'almahfa',313,78);
Insert into ETRUSTEX.ETR_TB_PARTYAGREEMENT (PAG_ID,CRE_DT,CRE_ID,MOD_DT,MOD_ID,PAG_AUTH_PTY_ID,PAG_DEL_PTY_ID) values (3,str_to_date('10-JAN-14 17.11.21','%d-%b-%y %H.%i.%s'),'almahfa',str_to_date('10-JAN-14 17.11.21','%d-%b-%y %H.%i.%s'),'almahfa',314,78);
Insert into ETRUSTEX.ETR_TB_PARTYAGREEMENT (PAG_ID,CRE_DT,CRE_ID,MOD_DT,MOD_ID,PAG_AUTH_PTY_ID,PAG_DEL_PTY_ID) values (4,str_to_date('10-JAN-14 17.11.21','%d-%b-%y %H.%i.%s'),'almahfa',str_to_date('10-JAN-14 17.11.21','%d-%b-%y %H.%i.%s'),'almahfa',317,78);
Insert into ETRUSTEX.ETR_TB_PARTYAGREEMENT (PAG_ID,CRE_DT,CRE_ID,MOD_DT,MOD_ID,PAG_AUTH_PTY_ID,PAG_DEL_PTY_ID) values (5,str_to_date('10-JAN-14 17.11.21','%d-%b-%y %H.%i.%s'),'almahfa',str_to_date('10-JAN-14 17.11.21','%d-%b-%y %H.%i.%s'),'almahfa',202,78);
Insert into ETRUSTEX.ETR_TB_PARTYAGREEMENT (PAG_ID,CRE_DT,CRE_ID,MOD_DT,MOD_ID,PAG_AUTH_PTY_ID,PAG_DEL_PTY_ID) values (12,str_to_date('14-FEB-14 15.12.00','%d-%b-%y %H.%i.%s'),'ventrgi',str_to_date('14-FEB-14 15.12.00','%d-%b-%y %H.%i.%s'),'ventrgi',334,323);
Insert into ETRUSTEX.ETR_TB_PARTYAGREEMENT (PAG_ID,CRE_DT,CRE_ID,MOD_DT,MOD_ID,PAG_AUTH_PTY_ID,PAG_DEL_PTY_ID) values (427650,str_to_date('13-AUG-14 20.40.13','%d-%b-%y %H.%i.%s'),'spots',null,'spots',427647,323);
Insert into ETRUSTEX.ETR_TB_PARTYAGREEMENT (PAG_ID,CRE_DT,CRE_ID,MOD_DT,MOD_ID,PAG_AUTH_PTY_ID,PAG_DEL_PTY_ID) values (667489,str_to_date('01-SEP-14 10.38.57','%d-%b-%y %H.%i.%s'),'spots',str_to_date('01-SEP-14 10.38.57','%d-%b-%y %H.%i.%s'),'spots',667486,323);
Insert into ETRUSTEX.ETR_TB_PARTYAGREEMENT (PAG_ID,CRE_DT,CRE_ID,MOD_DT,MOD_ID,PAG_AUTH_PTY_ID,PAG_DEL_PTY_ID) values (676336,str_to_date('01-SEP-14 14.54.37','%d-%b-%y %H.%i.%s'),'spots',str_to_date('01-SEP-14 14.54.37','%d-%b-%y %H.%i.%s'),'spots',676333,323);
Insert into ETRUSTEX.ETR_TB_PARTYAGREEMENT (PAG_ID,CRE_DT,CRE_ID,MOD_DT,MOD_ID,PAG_AUTH_PTY_ID,PAG_DEL_PTY_ID) values (427169,str_to_date('13-AUG-14 15.00.25','%d-%b-%y %H.%i.%s'),'daniemn',null,null,427161,427159);
Insert into ETRUSTEX.ETR_TB_PARTYAGREEMENT (PAG_ID,CRE_DT,CRE_ID,MOD_DT,MOD_ID,PAG_AUTH_PTY_ID,PAG_DEL_PTY_ID) values (24027,str_to_date('03-MAR-14 14.39.01','%d-%b-%y %H.%i.%s'),'spots',null,'spots',24024,323);
Insert into ETRUSTEX.ETR_TB_PARTYAGREEMENT (PAG_ID,CRE_DT,CRE_ID,MOD_DT,MOD_ID,PAG_AUTH_PTY_ID,PAG_DEL_PTY_ID) values (98747,str_to_date('25-MAR-14 13.06.56','%d-%b-%y %H.%i.%s'),'testadm',null,'testadm',343,98739);
Insert into ETRUSTEX.ETR_TB_PARTYAGREEMENT (PAG_ID,CRE_DT,CRE_ID,MOD_DT,MOD_ID,PAG_AUTH_PTY_ID,PAG_DEL_PTY_ID) values (98746,str_to_date('25-MAR-14 13.06.56','%d-%b-%y %H.%i.%s'),'testadm',null,'testadm',98739,98739);
Insert into ETRUSTEX.ETR_TB_PARTYAGREEMENT (PAG_ID,CRE_DT,CRE_ID,MOD_DT,MOD_ID,PAG_AUTH_PTY_ID,PAG_DEL_PTY_ID) values (98814,str_to_date('25-MAR-14 13.30.41','%d-%b-%y %H.%i.%s'),'testadm',null,'testadm',328,98778);
Insert into ETRUSTEX.ETR_TB_PARTYAGREEMENT (PAG_ID,CRE_DT,CRE_ID,MOD_DT,MOD_ID,PAG_AUTH_PTY_ID,PAG_DEL_PTY_ID) values (98815,str_to_date('25-MAR-14 13.30.41','%d-%b-%y %H.%i.%s'),'testadm',null,'testadm',98739,98778);
Insert into ETRUSTEX.ETR_TB_PARTYAGREEMENT (PAG_ID,CRE_DT,CRE_ID,MOD_DT,MOD_ID,PAG_AUTH_PTY_ID,PAG_DEL_PTY_ID) values (98826,str_to_date('25-MAR-14 14.04.47','%d-%b-%y %H.%i.%s'),'testadm',null,'testadm',98780,98778);
Insert into ETRUSTEX.ETR_TB_PARTYAGREEMENT (PAG_ID,CRE_DT,CRE_ID,MOD_DT,MOD_ID,PAG_AUTH_PTY_ID,PAG_DEL_PTY_ID) values (98904,str_to_date('26-MAR-14 10.53.09','%d-%b-%y %H.%i.%s'),'testcbo',null,'testcbo',98901,98778);
Insert into ETRUSTEX.ETR_TB_PARTYAGREEMENT (PAG_ID,CRE_DT,CRE_ID,MOD_DT,MOD_ID,PAG_AUTH_PTY_ID,PAG_DEL_PTY_ID) values (98905,str_to_date('26-MAR-14 10.53.09','%d-%b-%y %H.%i.%s'),'testcbo',null,'testcbo',328,98842);
Insert into ETRUSTEX.ETR_TB_PARTYAGREEMENT (PAG_ID,CRE_DT,CRE_ID,MOD_DT,MOD_ID,PAG_AUTH_PTY_ID,PAG_DEL_PTY_ID) values (98941,str_to_date('26-MAR-14 16.21.56','%d-%b-%y %H.%i.%s'),'testcbo',null,'testcbo',98938,98842);
Insert into ETRUSTEX.ETR_TB_PARTYAGREEMENT (PAG_ID,CRE_DT,CRE_ID,MOD_DT,MOD_ID,PAG_AUTH_PTY_ID,PAG_DEL_PTY_ID) values (283451,str_to_date('17-JUN-14 12.18.45','%d-%b-%y %H.%i.%s'),'TRUSTUSR1',null,'TRUSTUSR1',283448,6);
--REM INSERTING into ETRUSTEX.ETR_TB_PARTYAGREEMENT_TRAN

Insert into ETRUSTEX.ETR_TB_PARTYAGREEMENT_TRAN (PAT_PAG_ID,PAT_TRA_ID) values (1,5);
Insert into ETRUSTEX.ETR_TB_PARTYAGREEMENT_TRAN (PAT_PAG_ID,PAT_TRA_ID) values (1,8);
Insert into ETRUSTEX.ETR_TB_PARTYAGREEMENT_TRAN (PAT_PAG_ID,PAT_TRA_ID) values (2,1);
Insert into ETRUSTEX.ETR_TB_PARTYAGREEMENT_TRAN (PAT_PAG_ID,PAT_TRA_ID) values (2,2);
Insert into ETRUSTEX.ETR_TB_PARTYAGREEMENT_TRAN (PAT_PAG_ID,PAT_TRA_ID) values (2,3);
Insert into ETRUSTEX.ETR_TB_PARTYAGREEMENT_TRAN (PAT_PAG_ID,PAT_TRA_ID) values (2,4);
Insert into ETRUSTEX.ETR_TB_PARTYAGREEMENT_TRAN (PAT_PAG_ID,PAT_TRA_ID) values (2,5);
Insert into ETRUSTEX.ETR_TB_PARTYAGREEMENT_TRAN (PAT_PAG_ID,PAT_TRA_ID) values (2,6);
Insert into ETRUSTEX.ETR_TB_PARTYAGREEMENT_TRAN (PAT_PAG_ID,PAT_TRA_ID) values (2,7);
Insert into ETRUSTEX.ETR_TB_PARTYAGREEMENT_TRAN (PAT_PAG_ID,PAT_TRA_ID) values (2,8);
Insert into ETRUSTEX.ETR_TB_PARTYAGREEMENT_TRAN (PAT_PAG_ID,PAT_TRA_ID) values (2,9);
Insert into ETRUSTEX.ETR_TB_PARTYAGREEMENT_TRAN (PAT_PAG_ID,PAT_TRA_ID) values (2,10);
Insert into ETRUSTEX.ETR_TB_PARTYAGREEMENT_TRAN (PAT_PAG_ID,PAT_TRA_ID) values (2,11);
Insert into ETRUSTEX.ETR_TB_PARTYAGREEMENT_TRAN (PAT_PAG_ID,PAT_TRA_ID) values (2,12);
Insert into ETRUSTEX.ETR_TB_PARTYAGREEMENT_TRAN (PAT_PAG_ID,PAT_TRA_ID) values (2,13);
Insert into ETRUSTEX.ETR_TB_PARTYAGREEMENT_TRAN (PAT_PAG_ID,PAT_TRA_ID) values (2,14);
Insert into ETRUSTEX.ETR_TB_PARTYAGREEMENT_TRAN (PAT_PAG_ID,PAT_TRA_ID) values (3,1);
Insert into ETRUSTEX.ETR_TB_PARTYAGREEMENT_TRAN (PAT_PAG_ID,PAT_TRA_ID) values (3,2);
Insert into ETRUSTEX.ETR_TB_PARTYAGREEMENT_TRAN (PAT_PAG_ID,PAT_TRA_ID) values (3,3);
Insert into ETRUSTEX.ETR_TB_PARTYAGREEMENT_TRAN (PAT_PAG_ID,PAT_TRA_ID) values (3,4);
Insert into ETRUSTEX.ETR_TB_PARTYAGREEMENT_TRAN (PAT_PAG_ID,PAT_TRA_ID) values (3,5);
Insert into ETRUSTEX.ETR_TB_PARTYAGREEMENT_TRAN (PAT_PAG_ID,PAT_TRA_ID) values (3,6);
Insert into ETRUSTEX.ETR_TB_PARTYAGREEMENT_TRAN (PAT_PAG_ID,PAT_TRA_ID) values (3,7);
Insert into ETRUSTEX.ETR_TB_PARTYAGREEMENT_TRAN (PAT_PAG_ID,PAT_TRA_ID) values (3,8);
Insert into ETRUSTEX.ETR_TB_PARTYAGREEMENT_TRAN (PAT_PAG_ID,PAT_TRA_ID) values (3,9);
Insert into ETRUSTEX.ETR_TB_PARTYAGREEMENT_TRAN (PAT_PAG_ID,PAT_TRA_ID) values (3,10);
Insert into ETRUSTEX.ETR_TB_PARTYAGREEMENT_TRAN (PAT_PAG_ID,PAT_TRA_ID) values (3,11);
Insert into ETRUSTEX.ETR_TB_PARTYAGREEMENT_TRAN (PAT_PAG_ID,PAT_TRA_ID) values (3,12);
Insert into ETRUSTEX.ETR_TB_PARTYAGREEMENT_TRAN (PAT_PAG_ID,PAT_TRA_ID) values (3,13);
Insert into ETRUSTEX.ETR_TB_PARTYAGREEMENT_TRAN (PAT_PAG_ID,PAT_TRA_ID) values (3,14);
Insert into ETRUSTEX.ETR_TB_PARTYAGREEMENT_TRAN (PAT_PAG_ID,PAT_TRA_ID) values (4,1);
Insert into ETRUSTEX.ETR_TB_PARTYAGREEMENT_TRAN (PAT_PAG_ID,PAT_TRA_ID) values (4,2);
Insert into ETRUSTEX.ETR_TB_PARTYAGREEMENT_TRAN (PAT_PAG_ID,PAT_TRA_ID) values (4,3);
Insert into ETRUSTEX.ETR_TB_PARTYAGREEMENT_TRAN (PAT_PAG_ID,PAT_TRA_ID) values (4,4);
Insert into ETRUSTEX.ETR_TB_PARTYAGREEMENT_TRAN (PAT_PAG_ID,PAT_TRA_ID) values (4,5);
Insert into ETRUSTEX.ETR_TB_PARTYAGREEMENT_TRAN (PAT_PAG_ID,PAT_TRA_ID) values (4,6);
Insert into ETRUSTEX.ETR_TB_PARTYAGREEMENT_TRAN (PAT_PAG_ID,PAT_TRA_ID) values (4,7);
Insert into ETRUSTEX.ETR_TB_PARTYAGREEMENT_TRAN (PAT_PAG_ID,PAT_TRA_ID) values (4,8);
Insert into ETRUSTEX.ETR_TB_PARTYAGREEMENT_TRAN (PAT_PAG_ID,PAT_TRA_ID) values (4,9);
Insert into ETRUSTEX.ETR_TB_PARTYAGREEMENT_TRAN (PAT_PAG_ID,PAT_TRA_ID) values (4,10);
Insert into ETRUSTEX.ETR_TB_PARTYAGREEMENT_TRAN (PAT_PAG_ID,PAT_TRA_ID) values (4,11);
Insert into ETRUSTEX.ETR_TB_PARTYAGREEMENT_TRAN (PAT_PAG_ID,PAT_TRA_ID) values (4,12);
Insert into ETRUSTEX.ETR_TB_PARTYAGREEMENT_TRAN (PAT_PAG_ID,PAT_TRA_ID) values (4,13);
Insert into ETRUSTEX.ETR_TB_PARTYAGREEMENT_TRAN (PAT_PAG_ID,PAT_TRA_ID) values (4,14);
Insert into ETRUSTEX.ETR_TB_PARTYAGREEMENT_TRAN (PAT_PAG_ID,PAT_TRA_ID) values (5,1);
Insert into ETRUSTEX.ETR_TB_PARTYAGREEMENT_TRAN (PAT_PAG_ID,PAT_TRA_ID) values (5,2);
Insert into ETRUSTEX.ETR_TB_PARTYAGREEMENT_TRAN (PAT_PAG_ID,PAT_TRA_ID) values (5,3);
Insert into ETRUSTEX.ETR_TB_PARTYAGREEMENT_TRAN (PAT_PAG_ID,PAT_TRA_ID) values (5,4);
Insert into ETRUSTEX.ETR_TB_PARTYAGREEMENT_TRAN (PAT_PAG_ID,PAT_TRA_ID) values (5,5);
Insert into ETRUSTEX.ETR_TB_PARTYAGREEMENT_TRAN (PAT_PAG_ID,PAT_TRA_ID) values (5,6);
Insert into ETRUSTEX.ETR_TB_PARTYAGREEMENT_TRAN (PAT_PAG_ID,PAT_TRA_ID) values (5,7);
Insert into ETRUSTEX.ETR_TB_PARTYAGREEMENT_TRAN (PAT_PAG_ID,PAT_TRA_ID) values (5,8);
Insert into ETRUSTEX.ETR_TB_PARTYAGREEMENT_TRAN (PAT_PAG_ID,PAT_TRA_ID) values (5,9);
Insert into ETRUSTEX.ETR_TB_PARTYAGREEMENT_TRAN (PAT_PAG_ID,PAT_TRA_ID) values (5,10);
Insert into ETRUSTEX.ETR_TB_PARTYAGREEMENT_TRAN (PAT_PAG_ID,PAT_TRA_ID) values (5,11);
Insert into ETRUSTEX.ETR_TB_PARTYAGREEMENT_TRAN (PAT_PAG_ID,PAT_TRA_ID) values (5,12);
Insert into ETRUSTEX.ETR_TB_PARTYAGREEMENT_TRAN (PAT_PAG_ID,PAT_TRA_ID) values (5,13);
Insert into ETRUSTEX.ETR_TB_PARTYAGREEMENT_TRAN (PAT_PAG_ID,PAT_TRA_ID) values (5,14);
--REM INSERTING into ETRUSTEX.ETR_TB_PARTY_ID

Insert into ETRUSTEX.ETR_TB_PARTY_ID (PID_ID,CRE_DT,CRE_ID,MOD_DT,MOD_ID,PID_IDENTIFIER_SCHEME,PID_IDENTIFIER_VALUE,PID_PTY_ID) values (312,str_to_date('19-DEC-13 12.46.00','%d-%b-%y %H.%i.%s'),'ventrgi',str_to_date('19-DEC-13 12.46.00','%d-%b-%y %H.%i.%s'),'ventrgi','GLN','EGREFFE-APP-PARTY',312);
Insert into ETRUSTEX.ETR_TB_PARTY_ID (PID_ID,CRE_DT,CRE_ID,MOD_DT,MOD_ID,PID_IDENTIFIER_SCHEME,PID_IDENTIFIER_VALUE,PID_PTY_ID) values (313,str_to_date('19-DEC-13 12.46.00','%d-%b-%y %H.%i.%s'),'ventrgi',str_to_date('19-DEC-13 12.46.00','%d-%b-%y %H.%i.%s'),'ventrgi','GLN','TEST1-EGREFFE-WEB-PARTY',313);
Insert into ETRUSTEX.ETR_TB_PARTY_ID (PID_ID,CRE_DT,CRE_ID,MOD_DT,MOD_ID,PID_IDENTIFIER_SCHEME,PID_IDENTIFIER_VALUE,PID_PTY_ID) values (199,str_to_date('09-JAN-14 11.09.44','%d-%b-%y %H.%i.%s'),'almahfa',str_to_date('09-JAN-14 11.09.44','%d-%b-%y %H.%i.%s'),'almahfa','GLN','mParty2',199);
Insert into ETRUSTEX.ETR_TB_PARTY_ID (PID_ID,CRE_DT,CRE_ID,MOD_DT,MOD_ID,PID_IDENTIFIER_SCHEME,PID_IDENTIFIER_VALUE,PID_PTY_ID) values (198,str_to_date('09-JAN-14 11.09.44','%d-%b-%y %H.%i.%s'),'almahfa',str_to_date('09-JAN-14 11.09.44','%d-%b-%y %H.%i.%s'),'almahfa','GLN','aParty',198);
Insert into ETRUSTEX.ETR_TB_PARTY_ID (PID_ID,CRE_DT,CRE_ID,MOD_DT,MOD_ID,PID_IDENTIFIER_SCHEME,PID_IDENTIFIER_VALUE,PID_PTY_ID) values (320,str_to_date('29-JAN-14 10.30.46','%d-%b-%y %H.%i.%s'),'almahfa',str_to_date('29-JAN-14 10.30.46','%d-%b-%y %H.%i.%s'),'almahfa','GLN','DG_JUSTICE_TEST',320);
Insert into ETRUSTEX.ETR_TB_PARTY_ID (PID_ID,CRE_DT,CRE_ID,MOD_DT,MOD_ID,PID_IDENTIFIER_SCHEME,PID_IDENTIFIER_VALUE,PID_PTY_ID) values (317,str_to_date('19-DEC-13 12.46.00','%d-%b-%y %H.%i.%s'),'ventrgi',str_to_date('19-DEC-13 12.46.00','%d-%b-%y %H.%i.%s'),'ventrgi','GLN','CHOLAAR-PARTY',317);
Insert into ETRUSTEX.ETR_TB_PARTY_ID (PID_ID,CRE_DT,CRE_ID,MOD_DT,MOD_ID,PID_IDENTIFIER_SCHEME,PID_IDENTIFIER_VALUE,PID_PTY_ID) values (321,str_to_date('29-JAN-14 10.30.46','%d-%b-%y %H.%i.%s'),'almahfa',str_to_date('29-JAN-14 10.30.46','%d-%b-%y %H.%i.%s'),'almahfa','GLN','ECODEX_TEST',321);
Insert into ETRUSTEX.ETR_TB_PARTY_ID (PID_ID,CRE_DT,CRE_ID,MOD_DT,MOD_ID,PID_IDENTIFIER_SCHEME,PID_IDENTIFIER_VALUE,PID_PTY_ID) values (336,str_to_date('19-FEB-14 10.41.53','%d-%b-%y %H.%i.%s'),'spots',str_to_date('19-FEB-14 10.41.53','%d-%b-%y %H.%i.%s'),'spots','EC_LEF','HAGEMBE',22476);
Insert into ETRUSTEX.ETR_TB_PARTY_ID (PID_ID,CRE_DT,CRE_ID,MOD_DT,MOD_ID,PID_IDENTIFIER_SCHEME,PID_IDENTIFIER_VALUE,PID_PTY_ID) values (338,str_to_date('06-FEB-14 10.22.12','%d-%b-%y %H.%i.%s'),'ventrgi',str_to_date('06-FEB-14 10.22.12','%d-%b-%y %H.%i.%s'),'ventrgi','EC_LEF','GAUDYGR',330);
Insert into ETRUSTEX.ETR_TB_PARTY_ID (PID_ID,CRE_DT,CRE_ID,MOD_DT,MOD_ID,PID_IDENTIFIER_SCHEME,PID_IDENTIFIER_VALUE,PID_PTY_ID) values (337,str_to_date('06-FEB-14 10.22.12','%d-%b-%y %H.%i.%s'),'ventrgi',str_to_date('06-FEB-14 10.22.12','%d-%b-%y %H.%i.%s'),'ventrgi','EC_LEF','BUVRIST',329);
Insert into ETRUSTEX.ETR_TB_PARTY_ID (PID_ID,CRE_DT,CRE_ID,MOD_DT,MOD_ID,PID_IDENTIFIER_SCHEME,PID_IDENTIFIER_VALUE,PID_PTY_ID) values (325,str_to_date('06-FEB-14 10.22.12','%d-%b-%y %H.%i.%s'),'ventrgi',str_to_date('06-FEB-14 10.22.12','%d-%b-%y %H.%i.%s'),'ventrgi','GLN','EACCESSFO',325);
Insert into ETRUSTEX.ETR_TB_PARTY_ID (PID_ID,CRE_DT,CRE_ID,MOD_DT,MOD_ID,PID_IDENTIFIER_SCHEME,PID_IDENTIFIER_VALUE,PID_PTY_ID) values (24772,str_to_date('05-MAR-14 15.15.23','%d-%b-%y %H.%i.%s'),'spots',str_to_date('05-MAR-14 15.15.23','%d-%b-%y %H.%i.%s'),'spots','GLN','SUPPPOR',24770);
Insert into ETRUSTEX.ETR_TB_PARTY_ID (PID_ID,CRE_DT,CRE_ID,MOD_DT,MOD_ID,PID_IDENTIFIER_SCHEME,PID_IDENTIFIER_VALUE,PID_PTY_ID) values (327,str_to_date('06-FEB-14 10.22.12','%d-%b-%y %H.%i.%s'),'ventrgi',str_to_date('06-FEB-14 10.22.12','%d-%b-%y %H.%i.%s'),'ventrgi','GLN','SUPPOR',327);
Insert into ETRUSTEX.ETR_TB_PARTY_ID (PID_ID,CRE_DT,CRE_ID,MOD_DT,MOD_ID,PID_IDENTIFIER_SCHEME,PID_IDENTIFIER_VALUE,PID_PTY_ID) values (328,str_to_date('06-FEB-14 10.22.12','%d-%b-%y %H.%i.%s'),'ventrgi',str_to_date('06-FEB-14 10.22.12','%d-%b-%y %H.%i.%s'),'ventrgi','GLN','EAN100',328);
Insert into ETRUSTEX.ETR_TB_PARTY_ID (PID_ID,CRE_DT,CRE_ID,MOD_DT,MOD_ID,PID_IDENTIFIER_SCHEME,PID_IDENTIFIER_VALUE,PID_PTY_ID) values (329,str_to_date('06-FEB-14 10.22.12','%d-%b-%y %H.%i.%s'),'ventrgi',str_to_date('06-FEB-14 10.22.12','%d-%b-%y %H.%i.%s'),'ventrgi','GLN','BUVRIST',329);
Insert into ETRUSTEX.ETR_TB_PARTY_ID (PID_ID,CRE_DT,CRE_ID,MOD_DT,MOD_ID,PID_IDENTIFIER_SCHEME,PID_IDENTIFIER_VALUE,PID_PTY_ID) values (330,str_to_date('06-FEB-14 10.22.12','%d-%b-%y %H.%i.%s'),'ventrgi',str_to_date('06-FEB-14 10.22.12','%d-%b-%y %H.%i.%s'),'ventrgi','GLN','GAUDYGR',330);
Insert into ETRUSTEX.ETR_TB_PARTY_ID (PID_ID,CRE_DT,CRE_ID,MOD_DT,MOD_ID,PID_IDENTIFIER_SCHEME,PID_IDENTIFIER_VALUE,PID_PTY_ID) values (331,str_to_date('06-FEB-14 10.22.12','%d-%b-%y %H.%i.%s'),'ventrgi',str_to_date('06-FEB-14 10.22.12','%d-%b-%y %H.%i.%s'),'ventrgi','GLN','TRUSTUSR1',331);
Insert into ETRUSTEX.ETR_TB_PARTY_ID (PID_ID,CRE_DT,CRE_ID,MOD_DT,MOD_ID,PID_IDENTIFIER_SCHEME,PID_IDENTIFIER_VALUE,PID_PTY_ID) values (339,str_to_date('06-FEB-14 10.22.12','%d-%b-%y %H.%i.%s'),'ventrgi',str_to_date('06-FEB-14 10.22.12','%d-%b-%y %H.%i.%s'),'ventrgi','EC_ORG','EU/CE/DIGIT',328);
Insert into ETRUSTEX.ETR_TB_PARTY_ID (PID_ID,CRE_DT,CRE_ID,MOD_DT,MOD_ID,PID_IDENTIFIER_SCHEME,PID_IDENTIFIER_VALUE,PID_PTY_ID) values (334,str_to_date('06-FEB-14 10.22.01','%d-%b-%y %H.%i.%s'),'ventrgi',str_to_date('06-FEB-14 10.22.01','%d-%b-%y %H.%i.%s'),'ventrgi','GLN','EANALLSUPPLIERS',334);
Insert into ETRUSTEX.ETR_TB_PARTY_ID (PID_ID,CRE_DT,CRE_ID,MOD_DT,MOD_ID,PID_IDENTIFIER_SCHEME,PID_IDENTIFIER_VALUE,PID_PTY_ID) values (24771,str_to_date('05-MAR-14 15.15.23','%d-%b-%y %H.%i.%s'),'spots',str_to_date('05-MAR-14 15.15.23','%d-%b-%y %H.%i.%s'),'spots','EC_LEF','SUPPPOR',24770);
Insert into ETRUSTEX.ETR_TB_PARTY_ID (PID_ID,CRE_DT,CRE_ID,MOD_DT,MOD_ID,PID_IDENTIFIER_SCHEME,PID_IDENTIFIER_VALUE,PID_PTY_ID) values (350050,str_to_date('01-JUL-14 07.46.45','%d-%b-%y %H.%i.%s'),'spots',str_to_date('01-JUL-14 07.46.45','%d-%b-%y %H.%i.%s'),'spots','GLN','NGUYTAI',350049);
Insert into ETRUSTEX.ETR_TB_PARTY_ID (PID_ID,CRE_DT,CRE_ID,MOD_DT,MOD_ID,PID_IDENTIFIER_SCHEME,PID_IDENTIFIER_VALUE,PID_PTY_ID) values (350051,str_to_date('01-JUL-14 07.46.45','%d-%b-%y %H.%i.%s'),'spots',str_to_date('01-JUL-14 07.46.45','%d-%b-%y %H.%i.%s'),'spots','EC_LEF','NGUYTAI',350049);
Insert into ETRUSTEX.ETR_TB_PARTY_ID (PID_ID,CRE_DT,CRE_ID,MOD_DT,MOD_ID,PID_IDENTIFIER_SCHEME,PID_IDENTIFIER_VALUE,PID_PTY_ID) values (402006,str_to_date('18-JUL-14 11.36.47','%d-%b-%y %H.%i.%s'),'daniemn',null,null,'GLN','party02gln',402005);
Insert into ETRUSTEX.ETR_TB_PARTY_ID (PID_ID,CRE_DT,CRE_ID,MOD_DT,MOD_ID,PID_IDENTIFIER_SCHEME,PID_IDENTIFIER_VALUE,PID_PTY_ID) values (402007,str_to_date('18-JUL-14 11.36.47','%d-%b-%y %H.%i.%s'),'daniemn',null,null,'EC_LEF','party02lef',402005);
Insert into ETRUSTEX.ETR_TB_PARTY_ID (PID_ID,CRE_DT,CRE_ID,MOD_DT,MOD_ID,PID_IDENTIFIER_SCHEME,PID_IDENTIFIER_VALUE,PID_PTY_ID) values (512925,str_to_date('27-AUG-14 16.07.14','%d-%b-%y %H.%i.%s'),'batrian',str_to_date('27-AUG-14 16.10.27','%d-%b-%y %H.%i.%s'),'batrian','NO_VAT','NO_VAT123',512924);
Insert into ETRUSTEX.ETR_TB_PARTY_ID (PID_ID,CRE_DT,CRE_ID,MOD_DT,MOD_ID,PID_IDENTIFIER_SCHEME,PID_IDENTIFIER_VALUE,PID_PTY_ID) values (429560,str_to_date('14-AUG-14 16.09.59','%d-%b-%y %H.%i.%s'),'daniemn',str_to_date('02-SEP-14 15.37.12','%d-%b-%y %H.%i.%s'),'daniemn','GLN','party61',429559);
Insert into ETRUSTEX.ETR_TB_PARTY_ID (PID_ID,CRE_DT,CRE_ID,MOD_DT,MOD_ID,PID_IDENTIFIER_SCHEME,PID_IDENTIFIER_VALUE,PID_PTY_ID) values (441250,str_to_date('20-AUG-14 14.52.05','%d-%b-%y %H.%i.%s'),'daniemn',null,null,'GLN','party88',441249);
Insert into ETRUSTEX.ETR_TB_PARTY_ID (PID_ID,CRE_DT,CRE_ID,MOD_DT,MOD_ID,PID_IDENTIFIER_SCHEME,PID_IDENTIFIER_VALUE,PID_PTY_ID) values (426843,str_to_date('13-AUG-14 12.16.34','%d-%b-%y %H.%i.%s'),'daniemn',str_to_date('13-AUG-14 14.57.19','%d-%b-%y %H.%i.%s'),'daniemn','GLN','party07',426842);
Insert into ETRUSTEX.ETR_TB_PARTY_ID (PID_ID,CRE_DT,CRE_ID,MOD_DT,MOD_ID,PID_IDENTIFIER_SCHEME,PID_IDENTIFIER_VALUE,PID_PTY_ID) values (447476,str_to_date('22-AUG-14 16.17.38','%d-%b-%y %H.%i.%s'),'x50b125',str_to_date('27-AUG-14 15.48.07','%d-%b-%y %H.%i.%s'),'x50b125','FR_SIRENE','party221222sssss',447475);
Insert into ETRUSTEX.ETR_TB_PARTY_ID (PID_ID,CRE_DT,CRE_ID,MOD_DT,MOD_ID,PID_IDENTIFIER_SCHEME,PID_IDENTIFIER_VALUE,PID_PTY_ID) values (542755,str_to_date('28-AUG-14 15.06.02','%d-%b-%y %H.%i.%s'),'daniemn',str_to_date('28-AUG-14 15.06.19','%d-%b-%y %H.%i.%s'),'daniemn','SE_ORGNR','partya2',542754);
Insert into ETRUSTEX.ETR_TB_PARTY_ID (PID_ID,CRE_DT,CRE_ID,MOD_DT,MOD_ID,PID_IDENTIFIER_SCHEME,PID_IDENTIFIER_VALUE,PID_PTY_ID) values (579080,str_to_date('29-AUG-14 14.28.31','%d-%b-%y %H.%i.%s'),'daniemn',str_to_date('29-AUG-14 14.28.31','%d-%b-%y %H.%i.%s'),null,'FR_SIRENE','       partyspace01      ',579079);
Insert into ETRUSTEX.ETR_TB_PARTY_ID (PID_ID,CRE_DT,CRE_ID,MOD_DT,MOD_ID,PID_IDENTIFIER_SCHEME,PID_IDENTIFIER_VALUE,PID_PTY_ID) values (340,str_to_date('11-MAR-14 15.15.23','%d-%b-%y %H.%i.%s'),'ventrgi',str_to_date('11-MAR-14 15.15.23','%d-%b-%y %H.%i.%s'),'ventrgi','GLN','LOCAL-MICLEVA-ENCR-PARTY',340);
Insert into ETRUSTEX.ETR_TB_PARTY_ID (PID_ID,CRE_DT,CRE_ID,MOD_DT,MOD_ID,PID_IDENTIFIER_SCHEME,PID_IDENTIFIER_VALUE,PID_PTY_ID) values (341,str_to_date('11-MAR-14 15.15.23','%d-%b-%y %H.%i.%s'),'ventrgi',str_to_date('11-MAR-14 15.15.23','%d-%b-%y %H.%i.%s'),'ventrgi','GLN','LOCAL-MICLEVA-NOTENCR-PARTY',341);
Insert into ETRUSTEX.ETR_TB_PARTY_ID (PID_ID,CRE_DT,CRE_ID,MOD_DT,MOD_ID,PID_IDENTIFIER_SCHEME,PID_IDENTIFIER_VALUE,PID_PTY_ID) values (342,str_to_date('11-MAR-14 15.15.23','%d-%b-%y %H.%i.%s'),'ventrgi',str_to_date('11-MAR-14 15.15.23','%d-%b-%y %H.%i.%s'),'ventrgi','GLN','LOCAL-MICLEVA-EDMA-APP-PARTY',342);
Insert into ETRUSTEX.ETR_TB_PARTY_ID (PID_ID,CRE_DT,CRE_ID,MOD_DT,MOD_ID,PID_IDENTIFIER_SCHEME,PID_IDENTIFIER_VALUE,PID_PTY_ID) values (343,str_to_date('11-MAR-14 15.15.23','%d-%b-%y %H.%i.%s'),'ventrgi',str_to_date('11-MAR-14 15.15.23','%d-%b-%y %H.%i.%s'),'ventrgi','GLN','DG_JUSTICE_TEST_SANDRO',343);
Insert into ETRUSTEX.ETR_TB_PARTY_ID (PID_ID,CRE_DT,CRE_ID,MOD_DT,MOD_ID,PID_IDENTIFIER_SCHEME,PID_IDENTIFIER_VALUE,PID_PTY_ID) values (344,str_to_date('25-APR-14 08.49.00','%d-%b-%y %H.%i.%s'),'ventrgi',str_to_date('25-APR-14 08.49.00','%d-%b-%y %H.%i.%s'),'ventrgi','GLN','DEV-ETX-ARMEN-PARTY',344);
Insert into ETRUSTEX.ETR_TB_PARTY_ID (PID_ID,CRE_DT,CRE_ID,MOD_DT,MOD_ID,PID_IDENTIFIER_SCHEME,PID_IDENTIFIER_VALUE,PID_PTY_ID) values (345,str_to_date('25-APR-14 08.49.00','%d-%b-%y %H.%i.%s'),'ventrgi',str_to_date('25-APR-14 08.49.00','%d-%b-%y %H.%i.%s'),'ventrgi','GLN','DEV-ETX-ALEX-PARTY',345);
Insert into ETRUSTEX.ETR_TB_PARTY_ID (PID_ID,CRE_DT,CRE_ID,MOD_DT,MOD_ID,PID_IDENTIFIER_SCHEME,PID_IDENTIFIER_VALUE,PID_PTY_ID) values (346,str_to_date('25-APR-14 08.49.00','%d-%b-%y %H.%i.%s'),'ventrgi',str_to_date('25-APR-14 08.49.00','%d-%b-%y %H.%i.%s'),'ventrgi','GLN','DEV-ETX-JUAN-PARTY',346);
Insert into ETRUSTEX.ETR_TB_PARTY_ID (PID_ID,CRE_DT,CRE_ID,MOD_DT,MOD_ID,PID_IDENTIFIER_SCHEME,PID_IDENTIFIER_VALUE,PID_PTY_ID) values (347,str_to_date('25-APR-14 08.49.00','%d-%b-%y %H.%i.%s'),'ventrgi',str_to_date('25-APR-14 08.49.00','%d-%b-%y %H.%i.%s'),'ventrgi','GLN','DEV-ETX-TOLIS-PARTY',347);
Insert into ETRUSTEX.ETR_TB_PARTY_ID (PID_ID,CRE_DT,CRE_ID,MOD_DT,MOD_ID,PID_IDENTIFIER_SCHEME,PID_IDENTIFIER_VALUE,PID_PTY_ID) values (348,str_to_date('25-APR-14 08.49.00','%d-%b-%y %H.%i.%s'),'ventrgi',str_to_date('25-APR-14 08.49.00','%d-%b-%y %H.%i.%s'),'ventrgi','GLN','DEV-ETX-EDMA-APP-PARTY',348);
Insert into ETRUSTEX.ETR_TB_PARTY_ID (PID_ID,CRE_DT,CRE_ID,MOD_DT,MOD_ID,PID_IDENTIFIER_SCHEME,PID_IDENTIFIER_VALUE,PID_PTY_ID) values (286209,str_to_date('20-JUN-14 14.38.41','%d-%b-%y %H.%i.%s'),'spots',str_to_date('20-JUN-14 14.38.41','%d-%b-%y %H.%i.%s'),'spots','EC_LEF','PRUTEAL',286208);
Insert into ETRUSTEX.ETR_TB_PARTY_ID (PID_ID,CRE_DT,CRE_ID,MOD_DT,MOD_ID,PID_IDENTIFIER_SCHEME,PID_IDENTIFIER_VALUE,PID_PTY_ID) values (286210,str_to_date('20-JUN-14 14.38.41','%d-%b-%y %H.%i.%s'),'spots',str_to_date('20-JUN-14 14.38.41','%d-%b-%y %H.%i.%s'),'spots','GLN','PRUTEAL',286208);
Insert into ETRUSTEX.ETR_TB_PARTY_ID (PID_ID,CRE_DT,CRE_ID,MOD_DT,MOD_ID,PID_IDENTIFIER_SCHEME,PID_IDENTIFIER_VALUE,PID_PTY_ID) values (367,str_to_date('24-JUN-14 09.08.14','%d-%b-%y %H.%i.%s'),'ventrgi',str_to_date('24-JUN-14 09.08.14','%d-%b-%y %H.%i.%s'),'ventrgi','GLN','LOCAL-TENAPJU-NOTENCR-PARTY',367);
Insert into ETRUSTEX.ETR_TB_PARTY_ID (PID_ID,CRE_DT,CRE_ID,MOD_DT,MOD_ID,PID_IDENTIFIER_SCHEME,PID_IDENTIFIER_VALUE,PID_PTY_ID) values (368,str_to_date('24-JUN-14 09.08.14','%d-%b-%y %H.%i.%s'),'ventrgi',str_to_date('24-JUN-14 09.08.14','%d-%b-%y %H.%i.%s'),'ventrgi','GLN','LOCAL-TENAPJU-EDMA-APP-PARTY',368);
Insert into ETRUSTEX.ETR_TB_PARTY_ID (PID_ID,CRE_DT,CRE_ID,MOD_DT,MOD_ID,PID_IDENTIFIER_SCHEME,PID_IDENTIFIER_VALUE,PID_PTY_ID) values (426828,str_to_date('13-AUG-14 12.07.28','%d-%b-%y %H.%i.%s'),'daniemn',null,null,'GLN','aaaaaaaaaaaaaaaaaaaaaaaaaaabbbbbbbbbbbbbbbbbbbbbbbbbbbbbbbbddddddddddddddddddddddddddddddddccccccccccccccccccccccccccdddddddddddddddddddddddddcccccccccccccccccccccccccccccccccccccccccccccccccccccccccccccccccccccccccccccccccccccccccccccccccccccccccccccc',426827);
Insert into ETRUSTEX.ETR_TB_PARTY_ID (PID_ID,CRE_DT,CRE_ID,MOD_DT,MOD_ID,PID_IDENTIFIER_SCHEME,PID_IDENTIFIER_VALUE,PID_PTY_ID) values (429578,str_to_date('14-AUG-14 16.12.02','%d-%b-%y %H.%i.%s'),'daniemn',null,null,'GLN','party72',429577);
Insert into ETRUSTEX.ETR_TB_PARTY_ID (PID_ID,CRE_DT,CRE_ID,MOD_DT,MOD_ID,PID_IDENTIFIER_SCHEME,PID_IDENTIFIER_VALUE,PID_PTY_ID) values (424336,str_to_date('12-AUG-14 09.11.10','%d-%b-%y %H.%i.%s'),'spots',null,'spots','GLN','FURRALE',424335);
Insert into ETRUSTEX.ETR_TB_PARTY_ID (PID_ID,CRE_DT,CRE_ID,MOD_DT,MOD_ID,PID_IDENTIFIER_SCHEME,PID_IDENTIFIER_VALUE,PID_PTY_ID) values (424337,str_to_date('12-AUG-14 09.11.10','%d-%b-%y %H.%i.%s'),'spots',null,'spots','EC_LEF','FURRALE',424335);
Insert into ETRUSTEX.ETR_TB_PARTY_ID (PID_ID,CRE_DT,CRE_ID,MOD_DT,MOD_ID,PID_IDENTIFIER_SCHEME,PID_IDENTIFIER_VALUE,PID_PTY_ID) values (426825,str_to_date('13-AUG-14 12.07.15','%d-%b-%y %H.%i.%s'),'daniemn',null,null,'SE_ORGNR','ss',426824);
Insert into ETRUSTEX.ETR_TB_PARTY_ID (PID_ID,CRE_DT,CRE_ID,MOD_DT,MOD_ID,PID_IDENTIFIER_SCHEME,PID_IDENTIFIER_VALUE,PID_PTY_ID) values (429569,str_to_date('14-AUG-14 16.10.20','%d-%b-%y %H.%i.%s'),'daniemn',null,null,'GLN','party62',429568);
Insert into ETRUSTEX.ETR_TB_PARTY_ID (PID_ID,CRE_DT,CRE_ID,MOD_DT,MOD_ID,PID_IDENTIFIER_SCHEME,PID_IDENTIFIER_VALUE,PID_PTY_ID) values (429575,str_to_date('14-AUG-14 16.11.44','%d-%b-%y %H.%i.%s'),'daniemn',null,null,'GLN','party71',429574);
Insert into ETRUSTEX.ETR_TB_PARTY_ID (PID_ID,CRE_DT,CRE_ID,MOD_DT,MOD_ID,PID_IDENTIFIER_SCHEME,PID_IDENTIFIER_VALUE,PID_PTY_ID) values (429584,str_to_date('14-AUG-14 16.13.37','%d-%b-%y %H.%i.%s'),'daniemn',null,null,'GLN','party81',429583);
Insert into ETRUSTEX.ETR_TB_PARTY_ID (PID_ID,CRE_DT,CRE_ID,MOD_DT,MOD_ID,PID_IDENTIFIER_SCHEME,PID_IDENTIFIER_VALUE,PID_PTY_ID) values (429587,str_to_date('14-AUG-14 16.13.52','%d-%b-%y %H.%i.%s'),'daniemn',null,null,'GLN','party82',429586);
Insert into ETRUSTEX.ETR_TB_PARTY_ID (PID_ID,CRE_DT,CRE_ID,MOD_DT,MOD_ID,PID_IDENTIFIER_SCHEME,PID_IDENTIFIER_VALUE,PID_PTY_ID) values (579808,str_to_date('29-AUG-14 14.38.02','%d-%b-%y %H.%i.%s'),'daniemn',str_to_date('29-AUG-14 14.38.30','%d-%b-%y %H.%i.%s'),'daniemn','FR_SIRENE','3rdpartynotused',579807);
Insert into ETRUSTEX.ETR_TB_PARTY_ID (PID_ID,CRE_DT,CRE_ID,MOD_DT,MOD_ID,PID_IDENTIFIER_SCHEME,PID_IDENTIFIER_VALUE,PID_PTY_ID) values (722994,str_to_date('02-SEP-14 15.19.58','%d-%b-%y %H.%i.%s'),'daniemn',str_to_date('02-SEP-14 15.19.58','%d-%b-%y %H.%i.%s'),null,'FR_SIRENE','  party303  ',722993);
Insert into ETRUSTEX.ETR_TB_PARTY_ID (PID_ID,CRE_DT,CRE_ID,MOD_DT,MOD_ID,PID_IDENTIFIER_SCHEME,PID_IDENTIFIER_VALUE,PID_PTY_ID) values (28,str_to_date('05-FEB-14 12.01.20','%d-%b-%y %H.%i.%s'),'almahfa',str_to_date('05-FEB-14 12.01.20','%d-%b-%y %H.%i.%s'),'almahfa','GLN','STTParty1',28);
Insert into ETRUSTEX.ETR_TB_PARTY_ID (PID_ID,CRE_DT,CRE_ID,MOD_DT,MOD_ID,PID_IDENTIFIER_SCHEME,PID_IDENTIFIER_VALUE,PID_PTY_ID) values (29,str_to_date('05-FEB-14 12.01.20','%d-%b-%y %H.%i.%s'),'almahfa',str_to_date('05-FEB-14 12.01.20','%d-%b-%y %H.%i.%s'),'almahfa','GLN','STTParty2',29);
Insert into ETRUSTEX.ETR_TB_PARTY_ID (PID_ID,CRE_DT,CRE_ID,MOD_DT,MOD_ID,PID_IDENTIFIER_SCHEME,PID_IDENTIFIER_VALUE,PID_PTY_ID) values (102091,str_to_date('08-APR-14 10.12.16','%d-%b-%y %H.%i.%s'),'spots',str_to_date('08-APR-14 10.12.16','%d-%b-%y %H.%i.%s'),'spots','EC_LEF','JUGANMA',102090);
Insert into ETRUSTEX.ETR_TB_PARTY_ID (PID_ID,CRE_DT,CRE_ID,MOD_DT,MOD_ID,PID_IDENTIFIER_SCHEME,PID_IDENTIFIER_VALUE,PID_PTY_ID) values (350,str_to_date('30-APR-14 11.09.49','%d-%b-%y %H.%i.%s'),'ventrgi',str_to_date('30-APR-14 11.09.49','%d-%b-%y %H.%i.%s'),'ventrgi','GLN','ETXW-PARTY10',350);
Insert into ETRUSTEX.ETR_TB_PARTY_ID (PID_ID,CRE_DT,CRE_ID,MOD_DT,MOD_ID,PID_IDENTIFIER_SCHEME,PID_IDENTIFIER_VALUE,PID_PTY_ID) values (22477,str_to_date('19-FEB-14 10.41.53','%d-%b-%y %H.%i.%s'),'spots',str_to_date('19-FEB-14 10.41.53','%d-%b-%y %H.%i.%s'),'spots','GLN','HAGEMBE',22476);
Insert into ETRUSTEX.ETR_TB_PARTY_ID (PID_ID,CRE_DT,CRE_ID,MOD_DT,MOD_ID,PID_IDENTIFIER_SCHEME,PID_IDENTIFIER_VALUE,PID_PTY_ID) values (102092,str_to_date('08-APR-14 10.12.16','%d-%b-%y %H.%i.%s'),'spots',str_to_date('08-APR-14 10.12.16','%d-%b-%y %H.%i.%s'),'spots','GLN','JUGANMA',102090);
Insert into ETRUSTEX.ETR_TB_PARTY_ID (PID_ID,CRE_DT,CRE_ID,MOD_DT,MOD_ID,PID_IDENTIFIER_SCHEME,PID_IDENTIFIER_VALUE,PID_PTY_ID) values (349,str_to_date('30-APR-14 11.09.49','%d-%b-%y %H.%i.%s'),'ventrgi',str_to_date('30-APR-14 11.09.49','%d-%b-%y %H.%i.%s'),'ventrgi','GLN','EDMA-PARTY1',349);
Insert into ETRUSTEX.ETR_TB_PARTY_ID (PID_ID,CRE_DT,CRE_ID,MOD_DT,MOD_ID,PID_IDENTIFIER_SCHEME,PID_IDENTIFIER_VALUE,PID_PTY_ID) values (351,str_to_date('30-APR-14 11.09.49','%d-%b-%y %H.%i.%s'),'ventrgi',str_to_date('30-APR-14 11.09.49','%d-%b-%y %H.%i.%s'),'ventrgi','GLN','ETXW-PARTY11',351);
Insert into ETRUSTEX.ETR_TB_PARTY_ID (PID_ID,CRE_DT,CRE_ID,MOD_DT,MOD_ID,PID_IDENTIFIER_SCHEME,PID_IDENTIFIER_VALUE,PID_PTY_ID) values (352,str_to_date('30-APR-14 11.28.51','%d-%b-%y %H.%i.%s'),'ventrgi',str_to_date('30-APR-14 11.28.51','%d-%b-%y %H.%i.%s'),'ventrgi','GLN','DEV1-ETX-EGREFFE-WEB-PARTY',352);
Insert into ETRUSTEX.ETR_TB_PARTY_ID (PID_ID,CRE_DT,CRE_ID,MOD_DT,MOD_ID,PID_IDENTIFIER_SCHEME,PID_IDENTIFIER_VALUE,PID_PTY_ID) values (353,str_to_date('30-APR-14 11.28.51','%d-%b-%y %H.%i.%s'),'ventrgi',str_to_date('30-APR-14 11.28.51','%d-%b-%y %H.%i.%s'),'ventrgi','GLN','DEV2-ETX-EGREFFE-WEB-PARTY',353);
Insert into ETRUSTEX.ETR_TB_PARTY_ID (PID_ID,CRE_DT,CRE_ID,MOD_DT,MOD_ID,PID_IDENTIFIER_SCHEME,PID_IDENTIFIER_VALUE,PID_PTY_ID) values (354,str_to_date('30-APR-14 11.28.51','%d-%b-%y %H.%i.%s'),'ventrgi',str_to_date('30-APR-14 11.28.51','%d-%b-%y %H.%i.%s'),'ventrgi','GLN','DEV3-ETX-EGREFFE-WEB-PARTY',354);
Insert into ETRUSTEX.ETR_TB_PARTY_ID (PID_ID,CRE_DT,CRE_ID,MOD_DT,MOD_ID,PID_IDENTIFIER_SCHEME,PID_IDENTIFIER_VALUE,PID_PTY_ID) values (355,str_to_date('30-APR-14 11.28.51','%d-%b-%y %H.%i.%s'),'ventrgi',str_to_date('30-APR-14 11.28.51','%d-%b-%y %H.%i.%s'),'ventrgi','GLN','DEV-ETX-EGREFFE-APP-PARTY',355);
Insert into ETRUSTEX.ETR_TB_PARTY_ID (PID_ID,CRE_DT,CRE_ID,MOD_DT,MOD_ID,PID_IDENTIFIER_SCHEME,PID_IDENTIFIER_VALUE,PID_PTY_ID) values (356,str_to_date('30-APR-14 11.52.12','%d-%b-%y %H.%i.%s'),'ventrgi',str_to_date('30-APR-14 11.52.12','%d-%b-%y %H.%i.%s'),'ventrgi','GLN','DEV6-EGREFFE-APP-PARTY',356);
Insert into ETRUSTEX.ETR_TB_PARTY_ID (PID_ID,CRE_DT,CRE_ID,MOD_DT,MOD_ID,PID_IDENTIFIER_SCHEME,PID_IDENTIFIER_VALUE,PID_PTY_ID) values (357,str_to_date('30-APR-14 12.03.25','%d-%b-%y %H.%i.%s'),'ventrgi',str_to_date('30-APR-14 12.03.25','%d-%b-%y %H.%i.%s'),'ventrgi','GLN','TEST2-EGREFFE-WEB-PARTY',357);
Insert into ETRUSTEX.ETR_TB_PARTY_ID (PID_ID,CRE_DT,CRE_ID,MOD_DT,MOD_ID,PID_IDENTIFIER_SCHEME,PID_IDENTIFIER_VALUE,PID_PTY_ID) values (358,str_to_date('30-APR-14 12.03.25','%d-%b-%y %H.%i.%s'),'ventrgi',str_to_date('30-APR-14 12.03.25','%d-%b-%y %H.%i.%s'),'ventrgi','GLN','TEST3-EGREFFE-WEB-PARTY',358);
Insert into ETRUSTEX.ETR_TB_PARTY_ID (PID_ID,CRE_DT,CRE_ID,MOD_DT,MOD_ID,PID_IDENTIFIER_SCHEME,PID_IDENTIFIER_VALUE,PID_PTY_ID) values (359,str_to_date('30-APR-14 13.04.17','%d-%b-%y %H.%i.%s'),'ventrgi',str_to_date('30-APR-14 13.04.17','%d-%b-%y %H.%i.%s'),'ventrgi','GLN','ARRANDA-PARTY',359);
Insert into ETRUSTEX.ETR_TB_PARTY_ID (PID_ID,CRE_DT,CRE_ID,MOD_DT,MOD_ID,PID_IDENTIFIER_SCHEME,PID_IDENTIFIER_VALUE,PID_PTY_ID) values (360,str_to_date('30-APR-14 13.04.17','%d-%b-%y %H.%i.%s'),'ventrgi',str_to_date('30-APR-14 13.04.17','%d-%b-%y %H.%i.%s'),'ventrgi','GLN','KHAMIRA-PARTY',360);
Insert into ETRUSTEX.ETR_TB_PARTY_ID (PID_ID,CRE_DT,CRE_ID,MOD_DT,MOD_ID,PID_IDENTIFIER_SCHEME,PID_IDENTIFIER_VALUE,PID_PTY_ID) values (361,str_to_date('30-APR-14 13.04.17','%d-%b-%y %H.%i.%s'),'ventrgi',str_to_date('30-APR-14 13.04.17','%d-%b-%y %H.%i.%s'),'ventrgi','GLN','JUGANCO-PARTY',361);
Insert into ETRUSTEX.ETR_TB_PARTY_ID (PID_ID,CRE_DT,CRE_ID,MOD_DT,MOD_ID,PID_IDENTIFIER_SCHEME,PID_IDENTIFIER_VALUE,PID_PTY_ID) values (362,str_to_date('30-APR-14 13.04.17','%d-%b-%y %H.%i.%s'),'ventrgi',str_to_date('30-APR-14 13.04.17','%d-%b-%y %H.%i.%s'),'ventrgi','GLN','ATIENRO-PARTY',362);
Insert into ETRUSTEX.ETR_TB_PARTY_ID (PID_ID,CRE_DT,CRE_ID,MOD_DT,MOD_ID,PID_IDENTIFIER_SCHEME,PID_IDENTIFIER_VALUE,PID_PTY_ID) values (30,str_to_date('08-JUL-14 15.35.41','%d-%b-%y %H.%i.%s'),'ventrgi',str_to_date('08-JUL-14 15.35.41','%d-%b-%y %H.%i.%s'),'ventrgi','GLN','LOCAL-TENAPJU-ENCR-PARTY',30);
Insert into ETRUSTEX.ETR_TB_PARTY_ID (PID_ID,CRE_DT,CRE_ID,MOD_DT,MOD_ID,PID_IDENTIFIER_SCHEME,PID_IDENTIFIER_VALUE,PID_PTY_ID) values (402002,str_to_date('18-JUL-14 11.32.48','%d-%b-%y %H.%i.%s'),'daniemn',null,null,'GLN','party01gln',402001);
Insert into ETRUSTEX.ETR_TB_PARTY_ID (PID_ID,CRE_DT,CRE_ID,MOD_DT,MOD_ID,PID_IDENTIFIER_SCHEME,PID_IDENTIFIER_VALUE,PID_PTY_ID) values (402003,str_to_date('18-JUL-14 11.32.48','%d-%b-%y %H.%i.%s'),'daniemn',null,null,'EC_LEF','party01lef',402001);
Insert into ETRUSTEX.ETR_TB_PARTY_ID (PID_ID,CRE_DT,CRE_ID,MOD_DT,MOD_ID,PID_IDENTIFIER_SCHEME,PID_IDENTIFIER_VALUE,PID_PTY_ID) values (424860,str_to_date('12-AUG-14 13.57.49','%d-%b-%y %H.%i.%s'),'daniemn',str_to_date('01-SEP-14 15.04.08','%d-%b-%y %H.%i.%s'),'daniemn','EC_LEF','party03lef',424859);
Insert into ETRUSTEX.ETR_TB_PARTY_ID (PID_ID,CRE_DT,CRE_ID,MOD_DT,MOD_ID,PID_IDENTIFIER_SCHEME,PID_IDENTIFIER_VALUE,PID_PTY_ID) values (424863,str_to_date('12-AUG-14 13.58.12','%d-%b-%y %H.%i.%s'),'daniemn',str_to_date('01-SEP-14 15.03.13','%d-%b-%y %H.%i.%s'),'daniemn','EC_LEF','party04lef',424862);
Insert into ETRUSTEX.ETR_TB_PARTY_ID (PID_ID,CRE_DT,CRE_ID,MOD_DT,MOD_ID,PID_IDENTIFIER_SCHEME,PID_IDENTIFIER_VALUE,PID_PTY_ID) values (436910,str_to_date('18-AUG-14 15.14.49','%d-%b-%y %H.%i.%s'),'daniemn',null,null,'GLN','party93',436909);
Insert into ETRUSTEX.ETR_TB_PARTY_ID (PID_ID,CRE_DT,CRE_ID,MOD_DT,MOD_ID,PID_IDENTIFIER_SCHEME,PID_IDENTIFIER_VALUE,PID_PTY_ID) values (310,str_to_date('19-NOV-13 10.42.51','%d-%b-%y %H.%i.%s'),'orazisa',str_to_date('19-NOV-13 10.42.51','%d-%b-%y %H.%i.%s'),'orazisa','GLN','DG_JUSTICE',310);
Insert into ETRUSTEX.ETR_TB_PARTY_ID (PID_ID,CRE_DT,CRE_ID,MOD_DT,MOD_ID,PID_IDENTIFIER_SCHEME,PID_IDENTIFIER_VALUE,PID_PTY_ID) values (311,str_to_date('19-NOV-13 10.42.51','%d-%b-%y %H.%i.%s'),'orazisa',str_to_date('19-NOV-13 10.42.51','%d-%b-%y %H.%i.%s'),'orazisa','GLN','ECODEX',311);
Insert into ETRUSTEX.ETR_TB_PARTY_ID (PID_ID,CRE_DT,CRE_ID,MOD_DT,MOD_ID,PID_IDENTIFIER_SCHEME,PID_IDENTIFIER_VALUE,PID_PTY_ID) values (318,str_to_date('09-JAN-14 11.09.44','%d-%b-%y %H.%i.%s'),'almahfa',str_to_date('09-JAN-14 11.09.44','%d-%b-%y %H.%i.%s'),'almahfa','GLN','TEST',318);
Insert into ETRUSTEX.ETR_TB_PARTY_ID (PID_ID,CRE_DT,CRE_ID,MOD_DT,MOD_ID,PID_IDENTIFIER_SCHEME,PID_IDENTIFIER_VALUE,PID_PTY_ID) values (319,str_to_date('09-JAN-14 11.09.44','%d-%b-%y %H.%i.%s'),'almahfa',str_to_date('09-JAN-14 11.09.44','%d-%b-%y %H.%i.%s'),'almahfa','GLN','TEST2',319);
Insert into ETRUSTEX.ETR_TB_PARTY_ID (PID_ID,CRE_DT,CRE_ID,MOD_DT,MOD_ID,PID_IDENTIFIER_SCHEME,PID_IDENTIFIER_VALUE,PID_PTY_ID) values (366,str_to_date('12-MAY-14 09.47.57','%d-%b-%y %H.%i.%s'),'ventrgi',str_to_date('12-MAY-14 09.47.57','%d-%b-%y %H.%i.%s'),'ventrgi','GLN','TEST-GUI2-PARTY',366);
Insert into ETRUSTEX.ETR_TB_PARTY_ID (PID_ID,CRE_DT,CRE_ID,MOD_DT,MOD_ID,PID_IDENTIFIER_SCHEME,PID_IDENTIFIER_VALUE,PID_PTY_ID) values (78,str_to_date('09-JAN-14 11.09.44','%d-%b-%y %H.%i.%s'),'almahfa',str_to_date('09-JAN-14 11.09.44','%d-%b-%y %H.%i.%s'),'almahfa','GLN','eTrusExWebParty',78);
Insert into ETRUSTEX.ETR_TB_PARTY_ID (PID_ID,CRE_DT,CRE_ID,MOD_DT,MOD_ID,PID_IDENTIFIER_SCHEME,PID_IDENTIFIER_VALUE,PID_PTY_ID) values (363,str_to_date('12-MAY-14 09.49.27','%d-%b-%y %H.%i.%s'),'ventrgi',str_to_date('12-MAY-14 09.49.27','%d-%b-%y %H.%i.%s'),'ventrgi','GLN','DEV-GUI1-PARTY',363);
Insert into ETRUSTEX.ETR_TB_PARTY_ID (PID_ID,CRE_DT,CRE_ID,MOD_DT,MOD_ID,PID_IDENTIFIER_SCHEME,PID_IDENTIFIER_VALUE,PID_PTY_ID) values (335,str_to_date('25-FEB-14 12.38.53','%d-%b-%y %H.%i.%s'),'ventrgi',str_to_date('25-FEB-14 12.38.53','%d-%b-%y %H.%i.%s'),'ventrgi','GLN','TRUSTSYS1',335);
Insert into ETRUSTEX.ETR_TB_PARTY_ID (PID_ID,CRE_DT,CRE_ID,MOD_DT,MOD_ID,PID_IDENTIFIER_SCHEME,PID_IDENTIFIER_VALUE,PID_PTY_ID) values (364,str_to_date('12-MAY-14 09.49.27','%d-%b-%y %H.%i.%s'),'ventrgi',str_to_date('12-MAY-14 09.49.27','%d-%b-%y %H.%i.%s'),'ventrgi','GLN','DEV-GUI2-PARTY',364);
Insert into ETRUSTEX.ETR_TB_PARTY_ID (PID_ID,CRE_DT,CRE_ID,MOD_DT,MOD_ID,PID_IDENTIFIER_SCHEME,PID_IDENTIFIER_VALUE,PID_PTY_ID) values (365,str_to_date('12-MAY-14 09.47.57','%d-%b-%y %H.%i.%s'),'ventrgi',str_to_date('12-MAY-14 09.47.57','%d-%b-%y %H.%i.%s'),'ventrgi','GLN','TEST-GUI1-PARTY',365);
Insert into ETRUSTEX.ETR_TB_PARTY_ID (PID_ID,CRE_DT,CRE_ID,MOD_DT,MOD_ID,PID_IDENTIFIER_SCHEME,PID_IDENTIFIER_VALUE,PID_PTY_ID) values (427648,str_to_date('13-AUG-14 20.40.12','%d-%b-%y %H.%i.%s'),'spots',null,'spots','EC_LEF','DEBACNI',427647);
Insert into ETRUSTEX.ETR_TB_PARTY_ID (PID_ID,CRE_DT,CRE_ID,MOD_DT,MOD_ID,PID_IDENTIFIER_SCHEME,PID_IDENTIFIER_VALUE,PID_PTY_ID) values (427649,str_to_date('13-AUG-14 20.40.12','%d-%b-%y %H.%i.%s'),'spots',null,'spots','GLN','DEBACNI',427647);
Insert into ETRUSTEX.ETR_TB_PARTY_ID (PID_ID,CRE_DT,CRE_ID,MOD_DT,MOD_ID,PID_IDENTIFIER_SCHEME,PID_IDENTIFIER_VALUE,PID_PTY_ID) values (428824,str_to_date('14-AUG-14 11.29.07','%d-%b-%y %H.%i.%s'),'daniemn',str_to_date('28-AUG-14 15.11.54','%d-%b-%y %H.%i.%s'),'daniemn','GLN','party11gln',428823);
Insert into ETRUSTEX.ETR_TB_PARTY_ID (PID_ID,CRE_DT,CRE_ID,MOD_DT,MOD_ID,PID_IDENTIFIER_SCHEME,PID_IDENTIFIER_VALUE,PID_PTY_ID) values (428910,str_to_date('14-AUG-14 12.26.34','%d-%b-%y %H.%i.%s'),'daniemn',null,null,'GLN','party21',428909);
Insert into ETRUSTEX.ETR_TB_PARTY_ID (PID_ID,CRE_DT,CRE_ID,MOD_DT,MOD_ID,PID_IDENTIFIER_SCHEME,PID_IDENTIFIER_VALUE,PID_PTY_ID) values (428913,str_to_date('14-AUG-14 12.26.54','%d-%b-%y %H.%i.%s'),'daniemn',null,null,'GLN','party22',428912);
Insert into ETRUSTEX.ETR_TB_PARTY_ID (PID_ID,CRE_DT,CRE_ID,MOD_DT,MOD_ID,PID_IDENTIFIER_SCHEME,PID_IDENTIFIER_VALUE,PID_PTY_ID) values (429510,str_to_date('14-AUG-14 15.51.59','%d-%b-%y %H.%i.%s'),'daniemn',null,null,'GLN','party31',429509);
Insert into ETRUSTEX.ETR_TB_PARTY_ID (PID_ID,CRE_DT,CRE_ID,MOD_DT,MOD_ID,PID_IDENTIFIER_SCHEME,PID_IDENTIFIER_VALUE,PID_PTY_ID) values (429513,str_to_date('14-AUG-14 15.52.26','%d-%b-%y %H.%i.%s'),'daniemn',str_to_date('25-AUG-14 16.56.31','%d-%b-%y %H.%i.%s'),'daniemn','GLN','party32',429512);
Insert into ETRUSTEX.ETR_TB_PARTY_ID (PID_ID,CRE_DT,CRE_ID,MOD_DT,MOD_ID,PID_IDENTIFIER_SCHEME,PID_IDENTIFIER_VALUE,PID_PTY_ID) values (429526,str_to_date('14-AUG-14 15.58.08','%d-%b-%y %H.%i.%s'),'daniemn',null,null,'GLN','party41',429525);
Insert into ETRUSTEX.ETR_TB_PARTY_ID (PID_ID,CRE_DT,CRE_ID,MOD_DT,MOD_ID,PID_IDENTIFIER_SCHEME,PID_IDENTIFIER_VALUE,PID_PTY_ID) values (429529,str_to_date('14-AUG-14 15.58.25','%d-%b-%y %H.%i.%s'),'daniemn',null,null,'GLN','party42',429528);
Insert into ETRUSTEX.ETR_TB_PARTY_ID (PID_ID,CRE_DT,CRE_ID,MOD_DT,MOD_ID,PID_IDENTIFIER_SCHEME,PID_IDENTIFIER_VALUE,PID_PTY_ID) values (429544,str_to_date('14-AUG-14 16.04.37','%d-%b-%y %H.%i.%s'),'daniemn',null,null,'GLN','party51',429543);
Insert into ETRUSTEX.ETR_TB_PARTY_ID (PID_ID,CRE_DT,CRE_ID,MOD_DT,MOD_ID,PID_IDENTIFIER_SCHEME,PID_IDENTIFIER_VALUE,PID_PTY_ID) values (429547,str_to_date('14-AUG-14 16.04.56','%d-%b-%y %H.%i.%s'),'daniemn',null,null,'GLN','party52',429546);
Insert into ETRUSTEX.ETR_TB_PARTY_ID (PID_ID,CRE_DT,CRE_ID,MOD_DT,MOD_ID,PID_IDENTIFIER_SCHEME,PID_IDENTIFIER_VALUE,PID_PTY_ID) values (579505,str_to_date('29-AUG-14 14.31.18','%d-%b-%y %H.%i.%s'),'daniemn',str_to_date('29-AUG-14 14.31.53','%d-%b-%y %H.%i.%s'),'daniemn','FR_SIRENE','partytab01',579504);
Insert into ETRUSTEX.ETR_TB_PARTY_ID (PID_ID,CRE_DT,CRE_ID,MOD_DT,MOD_ID,PID_IDENTIFIER_SCHEME,PID_IDENTIFIER_VALUE,PID_PTY_ID) values (667487,str_to_date('01-SEP-14 10.38.57','%d-%b-%y %H.%i.%s'),'spots',str_to_date('01-SEP-14 10.38.57','%d-%b-%y %H.%i.%s'),'spots','EC_LEF','SUPPORT',667486);
Insert into ETRUSTEX.ETR_TB_PARTY_ID (PID_ID,CRE_DT,CRE_ID,MOD_DT,MOD_ID,PID_IDENTIFIER_SCHEME,PID_IDENTIFIER_VALUE,PID_PTY_ID) values (667488,str_to_date('01-SEP-14 10.38.57','%d-%b-%y %H.%i.%s'),'spots',str_to_date('01-SEP-14 10.38.57','%d-%b-%y %H.%i.%s'),'spots','GLN','SUPPORT',667486);
Insert into ETRUSTEX.ETR_TB_PARTY_ID (PID_ID,CRE_DT,CRE_ID,MOD_DT,MOD_ID,PID_IDENTIFIER_SCHEME,PID_IDENTIFIER_VALUE,PID_PTY_ID) values (676334,str_to_date('01-SEP-14 14.54.37','%d-%b-%y %H.%i.%s'),'spots',str_to_date('01-SEP-14 14.54.37','%d-%b-%y %H.%i.%s'),'spots','GLN','SPORTAL',676333);
Insert into ETRUSTEX.ETR_TB_PARTY_ID (PID_ID,CRE_DT,CRE_ID,MOD_DT,MOD_ID,PID_IDENTIFIER_SCHEME,PID_IDENTIFIER_VALUE,PID_PTY_ID) values (676335,str_to_date('01-SEP-14 14.54.37','%d-%b-%y %H.%i.%s'),'spots',str_to_date('01-SEP-14 14.54.37','%d-%b-%y %H.%i.%s'),'spots','EC_LEF','SPORTAL',676333);
Insert into ETRUSTEX.ETR_TB_PARTY_ID (PID_ID,CRE_DT,CRE_ID,MOD_DT,MOD_ID,PID_IDENTIFIER_SCHEME,PID_IDENTIFIER_VALUE,PID_PTY_ID) values (301,str_to_date('19-NOV-13 10.42.51','%d-%b-%y %H.%i.%s'),'orazisa',str_to_date('19-NOV-13 10.42.51','%d-%b-%y %H.%i.%s'),'orazisa','GLN','000886688001',301);
Insert into ETRUSTEX.ETR_TB_PARTY_ID (PID_ID,CRE_DT,CRE_ID,MOD_DT,MOD_ID,PID_IDENTIFIER_SCHEME,PID_IDENTIFIER_VALUE,PID_PTY_ID) values (302,str_to_date('19-NOV-13 10.42.51','%d-%b-%y %H.%i.%s'),'orazisa',str_to_date('19-NOV-13 10.42.51','%d-%b-%y %H.%i.%s'),'orazisa','GLN','000886688002',302);
Insert into ETRUSTEX.ETR_TB_PARTY_ID (PID_ID,CRE_DT,CRE_ID,MOD_DT,MOD_ID,PID_IDENTIFIER_SCHEME,PID_IDENTIFIER_VALUE,PID_PTY_ID) values (303,str_to_date('19-NOV-13 10.42.51','%d-%b-%y %H.%i.%s'),'orazisa',str_to_date('19-NOV-13 10.42.51','%d-%b-%y %H.%i.%s'),'orazisa','GLN','000886688004',303);
Insert into ETRUSTEX.ETR_TB_PARTY_ID (PID_ID,CRE_DT,CRE_ID,MOD_DT,MOD_ID,PID_IDENTIFIER_SCHEME,PID_IDENTIFIER_VALUE,PID_PTY_ID) values (304,str_to_date('19-NOV-13 10.42.51','%d-%b-%y %H.%i.%s'),'orazisa',str_to_date('19-NOV-13 10.42.51','%d-%b-%y %H.%i.%s'),'orazisa','GLN','000886688005',304);
Insert into ETRUSTEX.ETR_TB_PARTY_ID (PID_ID,CRE_DT,CRE_ID,MOD_DT,MOD_ID,PID_IDENTIFIER_SCHEME,PID_IDENTIFIER_VALUE,PID_PTY_ID) values (305,str_to_date('19-NOV-13 10.42.51','%d-%b-%y %H.%i.%s'),'orazisa',str_to_date('19-NOV-13 10.42.51','%d-%b-%y %H.%i.%s'),'orazisa','EC_LEF','155879966532',305);
Insert into ETRUSTEX.ETR_TB_PARTY_ID (PID_ID,CRE_DT,CRE_ID,MOD_DT,MOD_ID,PID_IDENTIFIER_SCHEME,PID_IDENTIFIER_VALUE,PID_PTY_ID) values (6,str_to_date('09-JAN-14 11.09.44','%d-%b-%y %H.%i.%s'),'almahfa',str_to_date('09-JAN-14 11.09.44','%d-%b-%y %H.%i.%s'),'almahfa','GLN','TRUSTSUPPARTY1',6);
Insert into ETRUSTEX.ETR_TB_PARTY_ID (PID_ID,CRE_DT,CRE_ID,MOD_DT,MOD_ID,PID_IDENTIFIER_SCHEME,PID_IDENTIFIER_VALUE,PID_PTY_ID) values (7,str_to_date('09-JAN-14 11.09.44','%d-%b-%y %H.%i.%s'),'almahfa',str_to_date('09-JAN-14 11.09.44','%d-%b-%y %H.%i.%s'),'almahfa','GLN','TRUSTCUSTPARTY1',7);
Insert into ETRUSTEX.ETR_TB_PARTY_ID (PID_ID,CRE_DT,CRE_ID,MOD_DT,MOD_ID,PID_IDENTIFIER_SCHEME,PID_IDENTIFIER_VALUE,PID_PTY_ID) values (8,str_to_date('09-JAN-14 11.09.44','%d-%b-%y %H.%i.%s'),'almahfa',str_to_date('09-JAN-14 11.09.44','%d-%b-%y %H.%i.%s'),'almahfa','EC_ORG','TRUSTCUSTPARTY1',7);
Insert into ETRUSTEX.ETR_TB_PARTY_ID (PID_ID,CRE_DT,CRE_ID,MOD_DT,MOD_ID,PID_IDENTIFIER_SCHEME,PID_IDENTIFIER_VALUE,PID_PTY_ID) values (79,str_to_date('06-AUG-14 15.58.59','%d-%b-%y %H.%i.%s'),'almahfa',str_to_date('06-AUG-14 15.58.59','%d-%b-%y %H.%i.%s'),'almahfa','GLN','P1',79);
Insert into ETRUSTEX.ETR_TB_PARTY_ID (PID_ID,CRE_DT,CRE_ID,MOD_DT,MOD_ID,PID_IDENTIFIER_SCHEME,PID_IDENTIFIER_VALUE,PID_PTY_ID) values (11,str_to_date('09-JAN-14 11.09.44','%d-%b-%y %H.%i.%s'),'almahfa',str_to_date('09-JAN-14 11.09.44','%d-%b-%y %H.%i.%s'),'almahfa','GLN','TRUSTSUPPARTY2',11);
Insert into ETRUSTEX.ETR_TB_PARTY_ID (PID_ID,CRE_DT,CRE_ID,MOD_DT,MOD_ID,PID_IDENTIFIER_SCHEME,PID_IDENTIFIER_VALUE,PID_PTY_ID) values (12,str_to_date('09-JAN-14 11.09.44','%d-%b-%y %H.%i.%s'),'almahfa',str_to_date('09-JAN-14 11.09.44','%d-%b-%y %H.%i.%s'),'almahfa','GLN','TRUSTSUPPARTY3',12);
Insert into ETRUSTEX.ETR_TB_PARTY_ID (PID_ID,CRE_DT,CRE_ID,MOD_DT,MOD_ID,PID_IDENTIFIER_SCHEME,PID_IDENTIFIER_VALUE,PID_PTY_ID) values (13,str_to_date('09-JAN-14 11.09.44','%d-%b-%y %H.%i.%s'),'almahfa',str_to_date('09-JAN-14 11.09.44','%d-%b-%y %H.%i.%s'),'almahfa','GLN','TRUSTSUPPARTY4',13);
Insert into ETRUSTEX.ETR_TB_PARTY_ID (PID_ID,CRE_DT,CRE_ID,MOD_DT,MOD_ID,PID_IDENTIFIER_SCHEME,PID_IDENTIFIER_VALUE,PID_PTY_ID) values (24025,str_to_date('03-MAR-14 14.39.01','%d-%b-%y %H.%i.%s'),'spots',str_to_date('03-MAR-14 14.39.01','%d-%b-%y %H.%i.%s'),'spots','EC_LEF','SUPPLPO',24024);
Insert into ETRUSTEX.ETR_TB_PARTY_ID (PID_ID,CRE_DT,CRE_ID,MOD_DT,MOD_ID,PID_IDENTIFIER_SCHEME,PID_IDENTIFIER_VALUE,PID_PTY_ID) values (14,str_to_date('09-JAN-14 11.09.44','%d-%b-%y %H.%i.%s'),'almahfa',str_to_date('09-JAN-14 11.09.44','%d-%b-%y %H.%i.%s'),'almahfa','GLN','TRUSTSUPPARTY6',14);
Insert into ETRUSTEX.ETR_TB_PARTY_ID (PID_ID,CRE_DT,CRE_ID,MOD_DT,MOD_ID,PID_IDENTIFIER_SCHEME,PID_IDENTIFIER_VALUE,PID_PTY_ID) values (15,str_to_date('09-JAN-14 11.09.44','%d-%b-%y %H.%i.%s'),'almahfa',str_to_date('09-JAN-14 11.09.44','%d-%b-%y %H.%i.%s'),'almahfa','GLN','TRUSTSUPPARTY7',15);
Insert into ETRUSTEX.ETR_TB_PARTY_ID (PID_ID,CRE_DT,CRE_ID,MOD_DT,MOD_ID,PID_IDENTIFIER_SCHEME,PID_IDENTIFIER_VALUE,PID_PTY_ID) values (16,str_to_date('09-JAN-14 11.09.44','%d-%b-%y %H.%i.%s'),'almahfa',str_to_date('09-JAN-14 11.09.44','%d-%b-%y %H.%i.%s'),'almahfa','GLN','TRUSTSUPPARTY11',16);
Insert into ETRUSTEX.ETR_TB_PARTY_ID (PID_ID,CRE_DT,CRE_ID,MOD_DT,MOD_ID,PID_IDENTIFIER_SCHEME,PID_IDENTIFIER_VALUE,PID_PTY_ID) values (17,str_to_date('09-JAN-14 11.09.44','%d-%b-%y %H.%i.%s'),'almahfa',str_to_date('09-JAN-14 11.09.44','%d-%b-%y %H.%i.%s'),'almahfa','GLN','TRUSTSUPPARTY12',17);
Insert into ETRUSTEX.ETR_TB_PARTY_ID (PID_ID,CRE_DT,CRE_ID,MOD_DT,MOD_ID,PID_IDENTIFIER_SCHEME,PID_IDENTIFIER_VALUE,PID_PTY_ID) values (24026,str_to_date('03-MAR-14 14.39.01','%d-%b-%y %H.%i.%s'),'spots',str_to_date('03-MAR-14 14.39.01','%d-%b-%y %H.%i.%s'),'spots','GLN','SUPPLPO',24024);
Insert into ETRUSTEX.ETR_TB_PARTY_ID (PID_ID,CRE_DT,CRE_ID,MOD_DT,MOD_ID,PID_IDENTIFIER_SCHEME,PID_IDENTIFIER_VALUE,PID_PTY_ID) values (19,str_to_date('09-JAN-14 11.09.44','%d-%b-%y %H.%i.%s'),'almahfa',str_to_date('09-JAN-14 11.09.44','%d-%b-%y %H.%i.%s'),'almahfa','GLN','TRUSTCUSTPARTY2',19);
Insert into ETRUSTEX.ETR_TB_PARTY_ID (PID_ID,CRE_DT,CRE_ID,MOD_DT,MOD_ID,PID_IDENTIFIER_SCHEME,PID_IDENTIFIER_VALUE,PID_PTY_ID) values (20,str_to_date('09-JAN-14 11.09.44','%d-%b-%y %H.%i.%s'),'almahfa',str_to_date('09-JAN-14 11.09.44','%d-%b-%y %H.%i.%s'),'almahfa','GLN','TRUSTCUSTPARTY3',20);
Insert into ETRUSTEX.ETR_TB_PARTY_ID (PID_ID,CRE_DT,CRE_ID,MOD_DT,MOD_ID,PID_IDENTIFIER_SCHEME,PID_IDENTIFIER_VALUE,PID_PTY_ID) values (21,str_to_date('09-JAN-14 11.09.44','%d-%b-%y %H.%i.%s'),'almahfa',str_to_date('09-JAN-14 11.09.44','%d-%b-%y %H.%i.%s'),'almahfa','GLN','TRUSTCUSTPARTY4',21);
Insert into ETRUSTEX.ETR_TB_PARTY_ID (PID_ID,CRE_DT,CRE_ID,MOD_DT,MOD_ID,PID_IDENTIFIER_SCHEME,PID_IDENTIFIER_VALUE,PID_PTY_ID) values (22,str_to_date('09-JAN-14 11.09.44','%d-%b-%y %H.%i.%s'),'almahfa',str_to_date('09-JAN-14 11.09.44','%d-%b-%y %H.%i.%s'),'almahfa','GLN','TRUSTCUSTPARTY6',22);
Insert into ETRUSTEX.ETR_TB_PARTY_ID (PID_ID,CRE_DT,CRE_ID,MOD_DT,MOD_ID,PID_IDENTIFIER_SCHEME,PID_IDENTIFIER_VALUE,PID_PTY_ID) values (23,str_to_date('09-JAN-14 11.09.44','%d-%b-%y %H.%i.%s'),'almahfa',str_to_date('09-JAN-14 11.09.44','%d-%b-%y %H.%i.%s'),'almahfa','GLN','TRUSTCUSTPARTY7',23);
Insert into ETRUSTEX.ETR_TB_PARTY_ID (PID_ID,CRE_DT,CRE_ID,MOD_DT,MOD_ID,PID_IDENTIFIER_SCHEME,PID_IDENTIFIER_VALUE,PID_PTY_ID) values (24,str_to_date('09-JAN-14 11.09.44','%d-%b-%y %H.%i.%s'),'almahfa',str_to_date('09-JAN-14 11.09.44','%d-%b-%y %H.%i.%s'),'almahfa','GLN','TRUSTCUSTPARTY11',24);
Insert into ETRUSTEX.ETR_TB_PARTY_ID (PID_ID,CRE_DT,CRE_ID,MOD_DT,MOD_ID,PID_IDENTIFIER_SCHEME,PID_IDENTIFIER_VALUE,PID_PTY_ID) values (25,str_to_date('09-JAN-14 11.09.44','%d-%b-%y %H.%i.%s'),'almahfa',str_to_date('09-JAN-14 11.09.44','%d-%b-%y %H.%i.%s'),'almahfa','GLN','TRUSTCUSTPARTY12',25);
Insert into ETRUSTEX.ETR_TB_PARTY_ID (PID_ID,CRE_DT,CRE_ID,MOD_DT,MOD_ID,PID_IDENTIFIER_SCHEME,PID_IDENTIFIER_VALUE,PID_PTY_ID) values (200,str_to_date('09-JAN-14 11.09.44','%d-%b-%y %H.%i.%s'),'almahfa',str_to_date('09-JAN-14 11.09.44','%d-%b-%y %H.%i.%s'),'almahfa','GLN','mParty',200);
Insert into ETRUSTEX.ETR_TB_PARTY_ID (PID_ID,CRE_DT,CRE_ID,MOD_DT,MOD_ID,PID_IDENTIFIER_SCHEME,PID_IDENTIFIER_VALUE,PID_PTY_ID) values (203,str_to_date('09-JAN-14 11.09.44','%d-%b-%y %H.%i.%s'),'almahfa',str_to_date('09-JAN-14 11.09.44','%d-%b-%y %H.%i.%s'),'almahfa','GLN','TEST3',203);
Insert into ETRUSTEX.ETR_TB_PARTY_ID (PID_ID,CRE_DT,CRE_ID,MOD_DT,MOD_ID,PID_IDENTIFIER_SCHEME,PID_IDENTIFIER_VALUE,PID_PTY_ID) values (204,str_to_date('09-JAN-14 11.09.44','%d-%b-%y %H.%i.%s'),'almahfa',str_to_date('09-JAN-14 11.09.44','%d-%b-%y %H.%i.%s'),'almahfa','GLN','TEST4',204);
Insert into ETRUSTEX.ETR_TB_PARTY_ID (PID_ID,CRE_DT,CRE_ID,MOD_DT,MOD_ID,PID_IDENTIFIER_SCHEME,PID_IDENTIFIER_VALUE,PID_PTY_ID) values (201,str_to_date('09-JAN-14 11.09.44','%d-%b-%y %H.%i.%s'),'almahfa',str_to_date('09-JAN-14 11.09.44','%d-%b-%y %H.%i.%s'),'almahfa','GLN','EDMA-APP-PARTY',201);
Insert into ETRUSTEX.ETR_TB_PARTY_ID (PID_ID,CRE_DT,CRE_ID,MOD_DT,MOD_ID,PID_IDENTIFIER_SCHEME,PID_IDENTIFIER_VALUE,PID_PTY_ID) values (202,str_to_date('09-JAN-14 11.09.44','%d-%b-%y %H.%i.%s'),'almahfa',str_to_date('09-JAN-14 11.09.44','%d-%b-%y %H.%i.%s'),'almahfa','GLN','SCHOTCN-PARTY',202);
Insert into ETRUSTEX.ETR_TB_PARTY_ID (PID_ID,CRE_DT,CRE_ID,MOD_DT,MOD_ID,PID_IDENTIFIER_SCHEME,PID_IDENTIFIER_VALUE,PID_PTY_ID) values (314,str_to_date('09-JAN-14 11.09.44','%d-%b-%y %H.%i.%s'),'almahfa',str_to_date('09-JAN-14 11.09.44','%d-%b-%y %H.%i.%s'),'almahfa','GLN','TEST4-EGREFFE-WEB-PARTY',314);
Insert into ETRUSTEX.ETR_TB_PARTY_ID (PID_ID,CRE_DT,CRE_ID,MOD_DT,MOD_ID,PID_IDENTIFIER_SCHEME,PID_IDENTIFIER_VALUE,PID_PTY_ID) values (98740,str_to_date('25-MAR-14 12.50.45','%d-%b-%y %H.%i.%s'),'testadm',str_to_date('25-MAR-14 13.20.51','%d-%b-%y %H.%i.%s'),'testadm','GLN','5425029316430',98739);
Insert into ETRUSTEX.ETR_TB_PARTY_ID (PID_ID,CRE_DT,CRE_ID,MOD_DT,MOD_ID,PID_IDENTIFIER_SCHEME,PID_IDENTIFIER_VALUE,PID_PTY_ID) values (80,str_to_date('06-AUG-14 15.58.59','%d-%b-%y %H.%i.%s'),'almahfa',str_to_date('06-AUG-14 15.58.59','%d-%b-%y %H.%i.%s'),'almahfa','GLN','P2',80);
Insert into ETRUSTEX.ETR_TB_PARTY_ID (PID_ID,CRE_DT,CRE_ID,MOD_DT,MOD_ID,PID_IDENTIFIER_SCHEME,PID_IDENTIFIER_VALUE,PID_PTY_ID) values (98741,str_to_date('25-MAR-14 12.50.45','%d-%b-%y %H.%i.%s'),'testadm',str_to_date('25-MAR-14 13.20.51','%d-%b-%y %H.%i.%s'),'testadm','BE_VAT','BE 0464923671',98739);
Insert into ETRUSTEX.ETR_TB_PARTY_ID (PID_ID,CRE_DT,CRE_ID,MOD_DT,MOD_ID,PID_IDENTIFIER_SCHEME,PID_IDENTIFIER_VALUE,PID_PTY_ID) values (98742,str_to_date('25-MAR-14 12.53.40','%d-%b-%y %H.%i.%s'),'testadm',str_to_date('25-MAR-14 13.20.51','%d-%b-%y %H.%i.%s'),'testadm','EC_LEF','6000054894',98739);
Insert into ETRUSTEX.ETR_TB_PARTY_ID (PID_ID,CRE_DT,CRE_ID,MOD_DT,MOD_ID,PID_IDENTIFIER_SCHEME,PID_IDENTIFIER_VALUE,PID_PTY_ID) values (98779,str_to_date('25-MAR-14 13.21.58','%d-%b-%y %H.%i.%s'),'testadm',str_to_date('25-MAR-14 13.28.41','%d-%b-%y %H.%i.%s'),'testadm','GLN','GLN_SUPPLIER_PORTAL',98778);
Insert into ETRUSTEX.ETR_TB_PARTY_ID (PID_ID,CRE_DT,CRE_ID,MOD_DT,MOD_ID,PID_IDENTIFIER_SCHEME,PID_IDENTIFIER_VALUE,PID_PTY_ID) values (98781,str_to_date('25-MAR-14 13.22.59','%d-%b-%y %H.%i.%s'),'testadm',str_to_date('25-MAR-14 14.12.03','%d-%b-%y %H.%i.%s'),'testadm','GLN','GLN_CUSTOMER_PORTAL',98780);
Insert into ETRUSTEX.ETR_TB_PARTY_ID (PID_ID,CRE_DT,CRE_ID,MOD_DT,MOD_ID,PID_IDENTIFIER_SCHEME,PID_IDENTIFIER_VALUE,PID_PTY_ID) values (98813,str_to_date('25-MAR-14 13.28.41','%d-%b-%y %H.%i.%s'),'testadm',null,'testadm','EC_LEF','45t4tretgreg',98778);
Insert into ETRUSTEX.ETR_TB_PARTY_ID (PID_ID,CRE_DT,CRE_ID,MOD_DT,MOD_ID,PID_IDENTIFIER_SCHEME,PID_IDENTIFIER_VALUE,PID_PTY_ID) values (98836,str_to_date('25-MAR-14 14.16.08','%d-%b-%y %H.%i.%s'),'testadm',null,'testadm','FR_SIRET','fgfdgfdgfd',98835);
Insert into ETRUSTEX.ETR_TB_PARTY_ID (PID_ID,CRE_DT,CRE_ID,MOD_DT,MOD_ID,PID_IDENTIFIER_SCHEME,PID_IDENTIFIER_VALUE,PID_PTY_ID) values (98843,str_to_date('25-MAR-14 14.18.02','%d-%b-%y %H.%i.%s'),'testadm',null,'testadm','EC_LEF','600000000000',98842);
Insert into ETRUSTEX.ETR_TB_PARTY_ID (PID_ID,CRE_DT,CRE_ID,MOD_DT,MOD_ID,PID_IDENTIFIER_SCHEME,PID_IDENTIFIER_VALUE,PID_PTY_ID) values (98846,str_to_date('25-MAR-14 14.19.48','%d-%b-%y %H.%i.%s'),'testadm',null,'testadm','GLN','5400000000998833',98845);
Insert into ETRUSTEX.ETR_TB_PARTY_ID (PID_ID,CRE_DT,CRE_ID,MOD_DT,MOD_ID,PID_IDENTIFIER_SCHEME,PID_IDENTIFIER_VALUE,PID_PTY_ID) values (98849,str_to_date('25-MAR-14 14.20.07','%d-%b-%y %H.%i.%s'),'testadm',null,'testadm','EC_LEF','vbvcbvcb',98848);
Insert into ETRUSTEX.ETR_TB_PARTY_ID (PID_ID,CRE_DT,CRE_ID,MOD_DT,MOD_ID,PID_IDENTIFIER_SCHEME,PID_IDENTIFIER_VALUE,PID_PTY_ID) values (98902,str_to_date('26-MAR-14 10.41.46','%d-%b-%y %H.%i.%s'),'testcbo',null,'testcbo','EC_LEF','600002444',98901);
Insert into ETRUSTEX.ETR_TB_PARTY_ID (PID_ID,CRE_DT,CRE_ID,MOD_DT,MOD_ID,PID_IDENTIFIER_SCHEME,PID_IDENTIFIER_VALUE,PID_PTY_ID) values (98903,str_to_date('26-MAR-14 10.41.46','%d-%b-%y %H.%i.%s'),'testcbo',null,'testcbo','GLN','5036214544455',98901);
Insert into ETRUSTEX.ETR_TB_PARTY_ID (PID_ID,CRE_DT,CRE_ID,MOD_DT,MOD_ID,PID_IDENTIFIER_SCHEME,PID_IDENTIFIER_VALUE,PID_PTY_ID) values (98939,str_to_date('26-MAR-14 16.19.16','%d-%b-%y %H.%i.%s'),'testcbo',null,'testcbo','EC_LEF','6500000044',98938);
Insert into ETRUSTEX.ETR_TB_PARTY_ID (PID_ID,CRE_DT,CRE_ID,MOD_DT,MOD_ID,PID_IDENTIFIER_SCHEME,PID_IDENTIFIER_VALUE,PID_PTY_ID) values (98940,str_to_date('26-MAR-14 16.19.16','%d-%b-%y %H.%i.%s'),'testcbo',null,'testcbo','GLN','5400224444445',98938);
Insert into ETRUSTEX.ETR_TB_PARTY_ID (PID_ID,CRE_DT,CRE_ID,MOD_DT,MOD_ID,PID_IDENTIFIER_SCHEME,PID_IDENTIFIER_VALUE,PID_PTY_ID) values (283449,str_to_date('17-JUN-14 12.18.45','%d-%b-%y %H.%i.%s'),'TRUSTUSR1',str_to_date('17-JUN-14 12.18.45','%d-%b-%y %H.%i.%s'),'TRUSTUSR1','EC_LEF','NEWTESTPARTYNAME_MIGRATIONTEST02a',283448);
Insert into ETRUSTEX.ETR_TB_PARTY_ID (PID_ID,CRE_DT,CRE_ID,MOD_DT,MOD_ID,PID_IDENTIFIER_SCHEME,PID_IDENTIFIER_VALUE,PID_PTY_ID) values (283450,str_to_date('17-JUN-14 12.18.45','%d-%b-%y %H.%i.%s'),'TRUSTUSR1',str_to_date('17-JUN-14 12.18.45','%d-%b-%y %H.%i.%s'),'TRUSTUSR1','GLN','NEWTESTPARTYNAME_MIGRATIONTEST02a',283448);
Insert into ETRUSTEX.ETR_TB_PARTY_ID (PID_ID,CRE_DT,CRE_ID,MOD_DT,MOD_ID,PID_IDENTIFIER_SCHEME,PID_IDENTIFIER_VALUE,PID_PTY_ID) values (452871,str_to_date('25-AUG-14 13.07.33','%d-%b-%y %H.%i.%s'),'daniemn',str_to_date('25-AUG-14 13.08.31','%d-%b-%y %H.%i.%s'),'daniemn','GLN','party94',452870);
Insert into ETRUSTEX.ETR_TB_PARTY_ID (PID_ID,CRE_DT,CRE_ID,MOD_DT,MOD_ID,PID_IDENTIFIER_SCHEME,PID_IDENTIFIER_VALUE,PID_PTY_ID) values (427160,str_to_date('13-AUG-14 14.59.22','%d-%b-%y %H.%i.%s'),'daniemn',str_to_date('13-AUG-14 15.02.22','%d-%b-%y %H.%i.%s'),'daniemn','GLN','3rdparty',427159);
Insert into ETRUSTEX.ETR_TB_PARTY_ID (PID_ID,CRE_DT,CRE_ID,MOD_DT,MOD_ID,PID_IDENTIFIER_SCHEME,PID_IDENTIFIER_VALUE,PID_PTY_ID) values (427162,str_to_date('13-AUG-14 14.59.55','%d-%b-%y %H.%i.%s'),'daniemn',str_to_date('13-AUG-14 15.04.52','%d-%b-%y %H.%i.%s'),'daniemn','GLN','using3rdparty',427161);
Insert into ETRUSTEX.ETR_TB_PARTY_ID (PID_ID,CRE_DT,CRE_ID,MOD_DT,MOD_ID,PID_IDENTIFIER_SCHEME,PID_IDENTIFIER_VALUE,PID_PTY_ID) values (512125,str_to_date('27-AUG-14 15.48.55','%d-%b-%y %H.%i.%s'),'x50b125',str_to_date('27-AUG-14 15.48.55','%d-%b-%y %H.%i.%s'),null,'FR_SIRENE','nocred',512124);
Insert into ETRUSTEX.ETR_TB_PARTY_ID (PID_ID,CRE_DT,CRE_ID,MOD_DT,MOD_ID,PID_IDENTIFIER_SCHEME,PID_IDENTIFIER_VALUE,PID_PTY_ID) values (542529,str_to_date('28-AUG-14 15.03.26','%d-%b-%y %H.%i.%s'),'daniemn',str_to_date('28-AUG-14 15.04.14','%d-%b-%y %H.%i.%s'),'daniemn','SE_ORGNR','Partya1',542528);
Insert into ETRUSTEX.ETR_TB_PARTY_ID (PID_ID,CRE_DT,CRE_ID,MOD_DT,MOD_ID,PID_IDENTIFIER_SCHEME,PID_IDENTIFIER_VALUE,PID_PTY_ID) values (578163,str_to_date('29-AUG-14 14.20.34','%d-%b-%y %H.%i.%s'),'daniemn',str_to_date('29-AUG-14 14.20.34','%d-%b-%y %H.%i.%s'),null,'FR_SIRENE','partybidir01',578162);
Insert into ETRUSTEX.ETR_TB_PARTY_ID (PID_ID,CRE_DT,CRE_ID,MOD_DT,MOD_ID,PID_IDENTIFIER_SCHEME,PID_IDENTIFIER_VALUE,PID_PTY_ID) values (578286,str_to_date('29-AUG-14 14.20.49','%d-%b-%y %H.%i.%s'),'daniemn',str_to_date('29-AUG-14 14.20.49','%d-%b-%y %H.%i.%s'),null,'FR_SIRENE','partybidir02',578285);
Insert into ETRUSTEX.ETR_TB_PARTY_ID (PID_ID,CRE_DT,CRE_ID,MOD_DT,MOD_ID,PID_IDENTIFIER_SCHEME,PID_IDENTIFIER_VALUE,PID_PTY_ID) values (676790,str_to_date('01-SEP-14 15.04.08','%d-%b-%y %H.%i.%s'),'daniemn',str_to_date('01-SEP-14 15.04.08','%d-%b-%y %H.%i.%s'),'daniemn','DUNS','duns03',424859);
Insert into ETRUSTEX.ETR_TB_PARTY_ID (PID_ID,CRE_DT,CRE_ID,MOD_DT,MOD_ID,PID_IDENTIFIER_SCHEME,PID_IDENTIFIER_VALUE,PID_PTY_ID) values (719983,str_to_date('02-SEP-14 14.30.00','%d-%b-%y %H.%i.%s'),'daniemn',str_to_date('02-SEP-14 15.29.44','%d-%b-%y %H.%i.%s'),'daniemn','FR_SIRENE','party301',719982);
--REM INSERTING into ETRUSTEX.ETR_TB_PARTY_ROLE

Insert into ETRUSTEX.ETR_TB_PARTY_ROLE (PAR_ID,CRE_DT,CRE_ID,MOD_DT,MOD_ID,PAR_PTY_ID,PAR_ROL_ID) values (321,str_to_date('29-JAN-14 10.30.46','%d-%b-%y %H.%i.%s'),'almahfa',str_to_date('29-JAN-14 10.30.46','%d-%b-%y %H.%i.%s'),'almahfa',321,6);
Insert into ETRUSTEX.ETR_TB_PARTY_ROLE (PAR_ID,CRE_DT,CRE_ID,MOD_DT,MOD_ID,PAR_PTY_ID,PAR_ROL_ID) values (6,str_to_date('10-JAN-14 17.11.21','%d-%b-%y %H.%i.%s'),'almahfa',str_to_date('10-JAN-14 17.11.21','%d-%b-%y %H.%i.%s'),'almahfa',6,6);
Insert into ETRUSTEX.ETR_TB_PARTY_ROLE (PAR_ID,CRE_DT,CRE_ID,MOD_DT,MOD_ID,PAR_PTY_ID,PAR_ROL_ID) values (7,str_to_date('10-JAN-14 17.11.21','%d-%b-%y %H.%i.%s'),'almahfa',str_to_date('10-JAN-14 17.11.21','%d-%b-%y %H.%i.%s'),'almahfa',7,6);
Insert into ETRUSTEX.ETR_TB_PARTY_ROLE (PAR_ID,CRE_DT,CRE_ID,MOD_DT,MOD_ID,PAR_PTY_ID,PAR_ROL_ID) values (320,str_to_date('29-JAN-14 10.30.46','%d-%b-%y %H.%i.%s'),'almahfa',str_to_date('29-JAN-14 10.30.46','%d-%b-%y %H.%i.%s'),'almahfa',320,6);
Insert into ETRUSTEX.ETR_TB_PARTY_ROLE (PAR_ID,CRE_DT,CRE_ID,MOD_DT,MOD_ID,PAR_PTY_ID,PAR_ROL_ID) values (441202,str_to_date('20-AUG-14 14.32.23','%d-%b-%y %H.%i.%s'),'daniemn',null,null,429583,4);
Insert into ETRUSTEX.ETR_TB_PARTY_ROLE (PAR_ID,CRE_DT,CRE_ID,MOD_DT,MOD_ID,PAR_PTY_ID,PAR_ROL_ID) values (206,str_to_date('09-JAN-14 11.09.56','%d-%b-%y %H.%i.%s'),'almahfa',str_to_date('09-JAN-14 11.09.56','%d-%b-%y %H.%i.%s'),'almahfa',199,6);
Insert into ETRUSTEX.ETR_TB_PARTY_ROLE (PAR_ID,CRE_DT,CRE_ID,MOD_DT,MOD_ID,PAR_PTY_ID,PAR_ROL_ID) values (322,str_to_date('07-FEB-14 00.00.00','%d-%b-%y %H.%i.%s'),'derveol',str_to_date('07-FEB-14 00.00.00','%d-%b-%y %H.%i.%s'),'derveol',328,7);
Insert into ETRUSTEX.ETR_TB_PARTY_ROLE (PAR_ID,CRE_DT,CRE_ID,MOD_DT,MOD_ID,PAR_PTY_ID,PAR_ROL_ID) values (323,str_to_date('07-FEB-14 00.00.00','%d-%b-%y %H.%i.%s'),'derveol',str_to_date('07-FEB-14 00.00.00','%d-%b-%y %H.%i.%s'),'derveol',325,7);
Insert into ETRUSTEX.ETR_TB_PARTY_ROLE (PAR_ID,CRE_DT,CRE_ID,MOD_DT,MOD_ID,PAR_PTY_ID,PAR_ROL_ID) values (324,str_to_date('07-FEB-14 00.00.00','%d-%b-%y %H.%i.%s'),'derveol',str_to_date('07-FEB-14 00.00.00','%d-%b-%y %H.%i.%s'),'derveol',329,8);
Insert into ETRUSTEX.ETR_TB_PARTY_ROLE (PAR_ID,CRE_DT,CRE_ID,MOD_DT,MOD_ID,PAR_PTY_ID,PAR_ROL_ID) values (222681,str_to_date('21-FEB-14 16.47.55','%d-%b-%y %H.%i.%s'),'derveol',null,'dderveol',328,6);
Insert into ETRUSTEX.ETR_TB_PARTY_ROLE (PAR_ID,CRE_DT,CRE_ID,MOD_DT,MOD_ID,PAR_PTY_ID,PAR_ROL_ID) values (24774,str_to_date('05-MAR-14 15.15.24','%d-%b-%y %H.%i.%s'),'spots',null,'spots',24770,8);
Insert into ETRUSTEX.ETR_TB_PARTY_ROLE (PAR_ID,CRE_DT,CRE_ID,MOD_DT,MOD_ID,PAR_PTY_ID,PAR_ROL_ID) values (24776,str_to_date('05-MAR-14 15.15.24','%d-%b-%y %H.%i.%s'),'spots',null,'spots',24770,6);
Insert into ETRUSTEX.ETR_TB_PARTY_ROLE (PAR_ID,CRE_DT,CRE_ID,MOD_DT,MOD_ID,PAR_PTY_ID,PAR_ROL_ID) values (283589,str_to_date('17-JUN-14 13.31.44','%d-%b-%y %H.%i.%s'),'TRUSTUSR1',null,'TRUSTUSR1',283448,6);
Insert into ETRUSTEX.ETR_TB_PARTY_ROLE (PAR_ID,CRE_DT,CRE_ID,MOD_DT,MOD_ID,PAR_PTY_ID,PAR_ROL_ID) values (350053,str_to_date('01-JUL-14 07.46.45','%d-%b-%y %H.%i.%s'),'spots',null,'spots',350049,8);
Insert into ETRUSTEX.ETR_TB_PARTY_ROLE (PAR_ID,CRE_DT,CRE_ID,MOD_DT,MOD_ID,PAR_PTY_ID,PAR_ROL_ID) values (350055,str_to_date('01-JUL-14 07.46.45','%d-%b-%y %H.%i.%s'),'spots',null,'spots',350049,6);
Insert into ETRUSTEX.ETR_TB_PARTY_ROLE (PAR_ID,CRE_DT,CRE_ID,MOD_DT,MOD_ID,PAR_PTY_ID,PAR_ROL_ID) values (441203,str_to_date('20-AUG-14 14.32.23','%d-%b-%y %H.%i.%s'),'daniemn',null,null,429568,7);
Insert into ETRUSTEX.ETR_TB_PARTY_ROLE (PAR_ID,CRE_DT,CRE_ID,MOD_DT,MOD_ID,PAR_PTY_ID,PAR_ROL_ID) values (428894,str_to_date('14-AUG-14 12.15.50','%d-%b-%y %H.%i.%s'),'daniemn',null,null,426842,8);
Insert into ETRUSTEX.ETR_TB_PARTY_ROLE (PAR_ID,CRE_DT,CRE_ID,MOD_DT,MOD_ID,PAR_PTY_ID,PAR_ROL_ID) values (429554,null,null,null,null,429543,7);
Insert into ETRUSTEX.ETR_TB_PARTY_ROLE (PAR_ID,CRE_DT,CRE_ID,MOD_DT,MOD_ID,PAR_PTY_ID,PAR_ROL_ID) values (429555,null,null,null,null,429546,8);
Insert into ETRUSTEX.ETR_TB_PARTY_ROLE (PAR_ID,CRE_DT,CRE_ID,MOD_DT,MOD_ID,PAR_PTY_ID,PAR_ROL_ID) values (456373,str_to_date('25-AUG-14 17.03.26','%d-%b-%y %H.%i.%s'),'daniemn',str_to_date('25-AUG-14 17.03.26','%d-%b-%y %H.%i.%s'),null,436909,8);
Insert into ETRUSTEX.ETR_TB_PARTY_ROLE (PAR_ID,CRE_DT,CRE_ID,MOD_DT,MOD_ID,PAR_PTY_ID,PAR_ROL_ID) values (456375,str_to_date('25-AUG-14 17.04.22','%d-%b-%y %H.%i.%s'),'daniemn',str_to_date('25-AUG-14 17.04.22','%d-%b-%y %H.%i.%s'),null,402001,8);
Insert into ETRUSTEX.ETR_TB_PARTY_ROLE (PAR_ID,CRE_DT,CRE_ID,MOD_DT,MOD_ID,PAR_PTY_ID,PAR_ROL_ID) values (456376,str_to_date('25-AUG-14 17.04.22','%d-%b-%y %H.%i.%s'),'daniemn',str_to_date('25-AUG-14 17.04.22','%d-%b-%y %H.%i.%s'),null,436909,7);
Insert into ETRUSTEX.ETR_TB_PARTY_ROLE (PAR_ID,CRE_DT,CRE_ID,MOD_DT,MOD_ID,PAR_PTY_ID,PAR_ROL_ID) values (775016,str_to_date('03-SEP-14 16.58.07','%d-%b-%y %H.%i.%s'),'daniemn',str_to_date('03-SEP-14 16.58.07','%d-%b-%y %H.%i.%s'),null,429583,8);
Insert into ETRUSTEX.ETR_TB_PARTY_ROLE (PAR_ID,CRE_DT,CRE_ID,MOD_DT,MOD_ID,PAR_PTY_ID,PAR_ROL_ID) values (11,str_to_date('10-JAN-14 17.11.21','%d-%b-%y %H.%i.%s'),'almahfa',str_to_date('10-JAN-14 17.11.21','%d-%b-%y %H.%i.%s'),'almahfa',11,6);
Insert into ETRUSTEX.ETR_TB_PARTY_ROLE (PAR_ID,CRE_DT,CRE_ID,MOD_DT,MOD_ID,PAR_PTY_ID,PAR_ROL_ID) values (12,str_to_date('10-JAN-14 17.11.21','%d-%b-%y %H.%i.%s'),'almahfa',str_to_date('10-JAN-14 17.11.21','%d-%b-%y %H.%i.%s'),'almahfa',12,6);
Insert into ETRUSTEX.ETR_TB_PARTY_ROLE (PAR_ID,CRE_DT,CRE_ID,MOD_DT,MOD_ID,PAR_PTY_ID,PAR_ROL_ID) values (301,str_to_date('19-NOV-13 10.45.06','%d-%b-%y %H.%i.%s'),'orazisa',str_to_date('19-NOV-13 10.45.06','%d-%b-%y %H.%i.%s'),'orazisa',301,2);
Insert into ETRUSTEX.ETR_TB_PARTY_ROLE (PAR_ID,CRE_DT,CRE_ID,MOD_DT,MOD_ID,PAR_PTY_ID,PAR_ROL_ID) values (302,str_to_date('19-NOV-13 10.45.06','%d-%b-%y %H.%i.%s'),'orazisa',str_to_date('19-NOV-13 10.45.06','%d-%b-%y %H.%i.%s'),'orazisa',302,1);
Insert into ETRUSTEX.ETR_TB_PARTY_ROLE (PAR_ID,CRE_DT,CRE_ID,MOD_DT,MOD_ID,PAR_PTY_ID,PAR_ROL_ID) values (13,str_to_date('10-JAN-14 17.11.21','%d-%b-%y %H.%i.%s'),'almahfa',str_to_date('10-JAN-14 17.11.21','%d-%b-%y %H.%i.%s'),'almahfa',13,6);
Insert into ETRUSTEX.ETR_TB_PARTY_ROLE (PAR_ID,CRE_DT,CRE_ID,MOD_DT,MOD_ID,PAR_PTY_ID,PAR_ROL_ID) values (303,str_to_date('19-NOV-13 10.45.06','%d-%b-%y %H.%i.%s'),'orazisa',str_to_date('19-NOV-13 10.45.06','%d-%b-%y %H.%i.%s'),'orazisa',303,5);
Insert into ETRUSTEX.ETR_TB_PARTY_ROLE (PAR_ID,CRE_DT,CRE_ID,MOD_DT,MOD_ID,PAR_PTY_ID,PAR_ROL_ID) values (304,str_to_date('19-NOV-13 10.45.06','%d-%b-%y %H.%i.%s'),'orazisa',str_to_date('19-NOV-13 10.45.06','%d-%b-%y %H.%i.%s'),'orazisa',304,6);
Insert into ETRUSTEX.ETR_TB_PARTY_ROLE (PAR_ID,CRE_DT,CRE_ID,MOD_DT,MOD_ID,PAR_PTY_ID,PAR_ROL_ID) values (305,str_to_date('19-NOV-13 10.45.06','%d-%b-%y %H.%i.%s'),'orazisa',str_to_date('19-NOV-13 10.45.06','%d-%b-%y %H.%i.%s'),'orazisa',305,6);
Insert into ETRUSTEX.ETR_TB_PARTY_ROLE (PAR_ID,CRE_DT,CRE_ID,MOD_DT,MOD_ID,PAR_PTY_ID,PAR_ROL_ID) values (28,str_to_date('05-FEB-14 12.02.02','%d-%b-%y %H.%i.%s'),'almahfa',str_to_date('05-FEB-14 12.02.02','%d-%b-%y %H.%i.%s'),'almahfa',28,6);
Insert into ETRUSTEX.ETR_TB_PARTY_ROLE (PAR_ID,CRE_DT,CRE_ID,MOD_DT,MOD_ID,PAR_PTY_ID,PAR_ROL_ID) values (29,str_to_date('05-FEB-14 12.02.02','%d-%b-%y %H.%i.%s'),'almahfa',str_to_date('05-FEB-14 12.02.02','%d-%b-%y %H.%i.%s'),'almahfa',29,6);
Insert into ETRUSTEX.ETR_TB_PARTY_ROLE (PAR_ID,CRE_DT,CRE_ID,MOD_DT,MOD_ID,PAR_PTY_ID,PAR_ROL_ID) values (325,str_to_date('10-FEB-14 13.50.00','%d-%b-%y %H.%i.%s'),'ventrgi',str_to_date('10-FEB-14 13.50.00','%d-%b-%y %H.%i.%s'),'ventrgi',330,8);
Insert into ETRUSTEX.ETR_TB_PARTY_ROLE (PAR_ID,CRE_DT,CRE_ID,MOD_DT,MOD_ID,PAR_PTY_ID,PAR_ROL_ID) values (326,str_to_date('10-FEB-14 13.50.00','%d-%b-%y %H.%i.%s'),'ventrgi',str_to_date('10-FEB-14 13.50.00','%d-%b-%y %H.%i.%s'),'ventrgi',327,8);
Insert into ETRUSTEX.ETR_TB_PARTY_ROLE (PAR_ID,CRE_DT,CRE_ID,MOD_DT,MOD_ID,PAR_PTY_ID,PAR_ROL_ID) values (310,str_to_date('19-NOV-13 10.42.51','%d-%b-%y %H.%i.%s'),'orazisa',str_to_date('19-NOV-13 10.42.51','%d-%b-%y %H.%i.%s'),'orazisa',310,6);
Insert into ETRUSTEX.ETR_TB_PARTY_ROLE (PAR_ID,CRE_DT,CRE_ID,MOD_DT,MOD_ID,PAR_PTY_ID,PAR_ROL_ID) values (311,str_to_date('19-NOV-13 10.42.51','%d-%b-%y %H.%i.%s'),'orazisa',str_to_date('19-NOV-13 10.42.51','%d-%b-%y %H.%i.%s'),'orazisa',311,6);
Insert into ETRUSTEX.ETR_TB_PARTY_ROLE (PAR_ID,CRE_DT,CRE_ID,MOD_DT,MOD_ID,PAR_PTY_ID,PAR_ROL_ID) values (312,str_to_date('23-DEC-13 10.25.00','%d-%b-%y %H.%i.%s'),'ventrgi',str_to_date('23-DEC-13 10.25.00','%d-%b-%y %H.%i.%s'),'ventrgi',312,6);
Insert into ETRUSTEX.ETR_TB_PARTY_ROLE (PAR_ID,CRE_DT,CRE_ID,MOD_DT,MOD_ID,PAR_PTY_ID,PAR_ROL_ID) values (14,str_to_date('10-JAN-14 17.11.21','%d-%b-%y %H.%i.%s'),'almahfa',str_to_date('10-JAN-14 17.11.21','%d-%b-%y %H.%i.%s'),'almahfa',14,6);
Insert into ETRUSTEX.ETR_TB_PARTY_ROLE (PAR_ID,CRE_DT,CRE_ID,MOD_DT,MOD_ID,PAR_PTY_ID,PAR_ROL_ID) values (313,str_to_date('23-DEC-13 10.25.00','%d-%b-%y %H.%i.%s'),'ventrgi',str_to_date('23-DEC-13 10.25.00','%d-%b-%y %H.%i.%s'),'ventrgi',313,6);
Insert into ETRUSTEX.ETR_TB_PARTY_ROLE (PAR_ID,CRE_DT,CRE_ID,MOD_DT,MOD_ID,PAR_PTY_ID,PAR_ROL_ID) values (314,str_to_date('23-DEC-13 10.25.00','%d-%b-%y %H.%i.%s'),'ventrgi',str_to_date('23-DEC-13 10.25.00','%d-%b-%y %H.%i.%s'),'ventrgi',314,6);
Insert into ETRUSTEX.ETR_TB_PARTY_ROLE (PAR_ID,CRE_DT,CRE_ID,MOD_DT,MOD_ID,PAR_PTY_ID,PAR_ROL_ID) values (317,str_to_date('23-DEC-13 10.25.00','%d-%b-%y %H.%i.%s'),'ventrgi',str_to_date('23-DEC-13 10.25.00','%d-%b-%y %H.%i.%s'),'ventrgi',317,6);
Insert into ETRUSTEX.ETR_TB_PARTY_ROLE (PAR_ID,CRE_DT,CRE_ID,MOD_DT,MOD_ID,PAR_PTY_ID,PAR_ROL_ID) values (318,str_to_date('09-JAN-14 11.09.56','%d-%b-%y %H.%i.%s'),'almahfa',str_to_date('09-JAN-14 11.09.56','%d-%b-%y %H.%i.%s'),'almahfa',318,6);
Insert into ETRUSTEX.ETR_TB_PARTY_ROLE (PAR_ID,CRE_DT,CRE_ID,MOD_DT,MOD_ID,PAR_PTY_ID,PAR_ROL_ID) values (319,str_to_date('09-JAN-14 11.09.56','%d-%b-%y %H.%i.%s'),'almahfa',str_to_date('09-JAN-14 11.09.56','%d-%b-%y %H.%i.%s'),'almahfa',319,6);
Insert into ETRUSTEX.ETR_TB_PARTY_ROLE (PAR_ID,CRE_DT,CRE_ID,MOD_DT,MOD_ID,PAR_PTY_ID,PAR_ROL_ID) values (344,str_to_date('25-APR-14 08.55.00','%d-%b-%y %H.%i.%s'),'ventrgi',str_to_date('25-APR-14 08.55.00','%d-%b-%y %H.%i.%s'),'ventrgi',344,6);
Insert into ETRUSTEX.ETR_TB_PARTY_ROLE (PAR_ID,CRE_DT,CRE_ID,MOD_DT,MOD_ID,PAR_PTY_ID,PAR_ROL_ID) values (15,str_to_date('10-JAN-14 17.11.21','%d-%b-%y %H.%i.%s'),'almahfa',str_to_date('10-JAN-14 17.11.21','%d-%b-%y %H.%i.%s'),'almahfa',15,6);
Insert into ETRUSTEX.ETR_TB_PARTY_ROLE (PAR_ID,CRE_DT,CRE_ID,MOD_DT,MOD_ID,PAR_PTY_ID,PAR_ROL_ID) values (16,str_to_date('10-JAN-14 17.11.21','%d-%b-%y %H.%i.%s'),'almahfa',str_to_date('10-JAN-14 17.11.21','%d-%b-%y %H.%i.%s'),'almahfa',16,6);
Insert into ETRUSTEX.ETR_TB_PARTY_ROLE (PAR_ID,CRE_DT,CRE_ID,MOD_DT,MOD_ID,PAR_PTY_ID,PAR_ROL_ID) values (17,str_to_date('10-JAN-14 17.11.21','%d-%b-%y %H.%i.%s'),'almahfa',str_to_date('10-JAN-14 17.11.21','%d-%b-%y %H.%i.%s'),'almahfa',17,6);
Insert into ETRUSTEX.ETR_TB_PARTY_ROLE (PAR_ID,CRE_DT,CRE_ID,MOD_DT,MOD_ID,PAR_PTY_ID,PAR_ROL_ID) values (340,str_to_date('11-MAR-14 14.39.31','%d-%b-%y %H.%i.%s'),'ventrgi',str_to_date('11-MAR-14 14.39.31','%d-%b-%y %H.%i.%s'),'ventrgi',340,6);
Insert into ETRUSTEX.ETR_TB_PARTY_ROLE (PAR_ID,CRE_DT,CRE_ID,MOD_DT,MOD_ID,PAR_PTY_ID,PAR_ROL_ID) values (19,str_to_date('10-JAN-14 17.11.21','%d-%b-%y %H.%i.%s'),'almahfa',str_to_date('10-JAN-14 17.11.21','%d-%b-%y %H.%i.%s'),'almahfa',19,6);
Insert into ETRUSTEX.ETR_TB_PARTY_ROLE (PAR_ID,CRE_DT,CRE_ID,MOD_DT,MOD_ID,PAR_PTY_ID,PAR_ROL_ID) values (20,str_to_date('10-JAN-14 17.11.21','%d-%b-%y %H.%i.%s'),'almahfa',str_to_date('10-JAN-14 17.11.21','%d-%b-%y %H.%i.%s'),'almahfa',20,6);
Insert into ETRUSTEX.ETR_TB_PARTY_ROLE (PAR_ID,CRE_DT,CRE_ID,MOD_DT,MOD_ID,PAR_PTY_ID,PAR_ROL_ID) values (21,str_to_date('10-JAN-14 17.11.21','%d-%b-%y %H.%i.%s'),'almahfa',str_to_date('10-JAN-14 17.11.21','%d-%b-%y %H.%i.%s'),'almahfa',21,6);
Insert into ETRUSTEX.ETR_TB_PARTY_ROLE (PAR_ID,CRE_DT,CRE_ID,MOD_DT,MOD_ID,PAR_PTY_ID,PAR_ROL_ID) values (22,str_to_date('10-JAN-14 17.11.21','%d-%b-%y %H.%i.%s'),'almahfa',str_to_date('10-JAN-14 17.11.21','%d-%b-%y %H.%i.%s'),'almahfa',22,6);
Insert into ETRUSTEX.ETR_TB_PARTY_ROLE (PAR_ID,CRE_DT,CRE_ID,MOD_DT,MOD_ID,PAR_PTY_ID,PAR_ROL_ID) values (23,str_to_date('10-JAN-14 17.11.21','%d-%b-%y %H.%i.%s'),'almahfa',str_to_date('10-JAN-14 17.11.21','%d-%b-%y %H.%i.%s'),'almahfa',23,6);
Insert into ETRUSTEX.ETR_TB_PARTY_ROLE (PAR_ID,CRE_DT,CRE_ID,MOD_DT,MOD_ID,PAR_PTY_ID,PAR_ROL_ID) values (24,str_to_date('10-JAN-14 17.11.21','%d-%b-%y %H.%i.%s'),'almahfa',str_to_date('10-JAN-14 17.11.21','%d-%b-%y %H.%i.%s'),'almahfa',24,6);
Insert into ETRUSTEX.ETR_TB_PARTY_ROLE (PAR_ID,CRE_DT,CRE_ID,MOD_DT,MOD_ID,PAR_PTY_ID,PAR_ROL_ID) values (25,str_to_date('10-JAN-14 17.11.21','%d-%b-%y %H.%i.%s'),'almahfa',str_to_date('10-JAN-14 17.11.21','%d-%b-%y %H.%i.%s'),'almahfa',25,6);
Insert into ETRUSTEX.ETR_TB_PARTY_ROLE (PAR_ID,CRE_DT,CRE_ID,MOD_DT,MOD_ID,PAR_PTY_ID,PAR_ROL_ID) values (341,str_to_date('11-MAR-14 14.39.31','%d-%b-%y %H.%i.%s'),'ventrgi',str_to_date('11-MAR-14 14.39.31','%d-%b-%y %H.%i.%s'),'ventrgi',341,6);
Insert into ETRUSTEX.ETR_TB_PARTY_ROLE (PAR_ID,CRE_DT,CRE_ID,MOD_DT,MOD_ID,PAR_PTY_ID,PAR_ROL_ID) values (342,str_to_date('11-MAR-14 14.39.31','%d-%b-%y %H.%i.%s'),'ventrgi',str_to_date('11-MAR-14 14.39.31','%d-%b-%y %H.%i.%s'),'ventrgi',342,6);
Insert into ETRUSTEX.ETR_TB_PARTY_ROLE (PAR_ID,CRE_DT,CRE_ID,MOD_DT,MOD_ID,PAR_PTY_ID,PAR_ROL_ID) values (343,str_to_date('11-MAR-14 14.39.31','%d-%b-%y %H.%i.%s'),'ventrgi',str_to_date('11-MAR-14 14.39.31','%d-%b-%y %H.%i.%s'),'ventrgi',343,6);
Insert into ETRUSTEX.ETR_TB_PARTY_ROLE (PAR_ID,CRE_DT,CRE_ID,MOD_DT,MOD_ID,PAR_PTY_ID,PAR_ROL_ID) values (345,str_to_date('25-APR-14 08.55.00','%d-%b-%y %H.%i.%s'),'ventrgi',str_to_date('25-APR-14 08.55.00','%d-%b-%y %H.%i.%s'),'ventrgi',345,6);
Insert into ETRUSTEX.ETR_TB_PARTY_ROLE (PAR_ID,CRE_DT,CRE_ID,MOD_DT,MOD_ID,PAR_PTY_ID,PAR_ROL_ID) values (346,str_to_date('25-APR-14 08.55.00','%d-%b-%y %H.%i.%s'),'ventrgi',str_to_date('25-APR-14 08.55.00','%d-%b-%y %H.%i.%s'),'ventrgi',346,6);
Insert into ETRUSTEX.ETR_TB_PARTY_ROLE (PAR_ID,CRE_DT,CRE_ID,MOD_DT,MOD_ID,PAR_PTY_ID,PAR_ROL_ID) values (347,str_to_date('25-APR-14 08.55.00','%d-%b-%y %H.%i.%s'),'ventrgi',str_to_date('25-APR-14 08.55.00','%d-%b-%y %H.%i.%s'),'ventrgi',347,6);
Insert into ETRUSTEX.ETR_TB_PARTY_ROLE (PAR_ID,CRE_DT,CRE_ID,MOD_DT,MOD_ID,PAR_PTY_ID,PAR_ROL_ID) values (348,str_to_date('25-APR-14 08.55.00','%d-%b-%y %H.%i.%s'),'ventrgi',str_to_date('25-APR-14 08.55.00','%d-%b-%y %H.%i.%s'),'ventrgi',348,6);
Insert into ETRUSTEX.ETR_TB_PARTY_ROLE (PAR_ID,CRE_DT,CRE_ID,MOD_DT,MOD_ID,PAR_PTY_ID,PAR_ROL_ID) values (368,str_to_date('24-JUN-14 09.09.48','%d-%b-%y %H.%i.%s'),'ventrgi',str_to_date('24-JUN-14 09.09.48','%d-%b-%y %H.%i.%s'),'ventrgi',368,6);
Insert into ETRUSTEX.ETR_TB_PARTY_ROLE (PAR_ID,CRE_DT,CRE_ID,MOD_DT,MOD_ID,PAR_PTY_ID,PAR_ROL_ID) values (429570,str_to_date('14-AUG-14 16.11.19','%d-%b-%y %H.%i.%s'),'daniemn',null,null,429559,7);
Insert into ETRUSTEX.ETR_TB_PARTY_ROLE (PAR_ID,CRE_DT,CRE_ID,MOD_DT,MOD_ID,PAR_PTY_ID,PAR_ROL_ID) values (286212,str_to_date('20-JUN-14 14.38.42','%d-%b-%y %H.%i.%s'),'spots',null,'spots',286208,8);
Insert into ETRUSTEX.ETR_TB_PARTY_ROLE (PAR_ID,CRE_DT,CRE_ID,MOD_DT,MOD_ID,PAR_PTY_ID,PAR_ROL_ID) values (286214,str_to_date('20-JUN-14 14.38.42','%d-%b-%y %H.%i.%s'),'spots',null,'spots',286208,6);
Insert into ETRUSTEX.ETR_TB_PARTY_ROLE (PAR_ID,CRE_DT,CRE_ID,MOD_DT,MOD_ID,PAR_PTY_ID,PAR_ROL_ID) values (367,str_to_date('24-JUN-14 09.09.48','%d-%b-%y %H.%i.%s'),'ventrgi',str_to_date('24-JUN-14 09.09.48','%d-%b-%y %H.%i.%s'),'ventrgi',367,6);
Insert into ETRUSTEX.ETR_TB_PARTY_ROLE (PAR_ID,CRE_DT,CRE_ID,MOD_DT,MOD_ID,PAR_PTY_ID,PAR_ROL_ID) values (429571,str_to_date('14-AUG-14 16.11.19','%d-%b-%y %H.%i.%s'),'daniemn',null,null,429568,8);
Insert into ETRUSTEX.ETR_TB_PARTY_ROLE (PAR_ID,CRE_DT,CRE_ID,MOD_DT,MOD_ID,PAR_PTY_ID,PAR_ROL_ID) values (424339,str_to_date('12-AUG-14 09.11.10','%d-%b-%y %H.%i.%s'),'spots',null,'spots',424335,8);
Insert into ETRUSTEX.ETR_TB_PARTY_ROLE (PAR_ID,CRE_DT,CRE_ID,MOD_DT,MOD_ID,PAR_PTY_ID,PAR_ROL_ID) values (424341,str_to_date('12-AUG-14 09.11.10','%d-%b-%y %H.%i.%s'),'spots',null,'spots',424335,6);
Insert into ETRUSTEX.ETR_TB_PARTY_ROLE (PAR_ID,CRE_DT,CRE_ID,MOD_DT,MOD_ID,PAR_PTY_ID,PAR_ROL_ID) values (424864,str_to_date('12-AUG-14 13.59.03','%d-%b-%y %H.%i.%s'),'daniemn',null,null,424862,8);
Insert into ETRUSTEX.ETR_TB_PARTY_ROLE (PAR_ID,CRE_DT,CRE_ID,MOD_DT,MOD_ID,PAR_PTY_ID,PAR_ROL_ID) values (424865,str_to_date('12-AUG-14 13.59.03','%d-%b-%y %H.%i.%s'),'daniemn',null,null,424859,7);
Insert into ETRUSTEX.ETR_TB_PARTY_ROLE (PAR_ID,CRE_DT,CRE_ID,MOD_DT,MOD_ID,PAR_PTY_ID,PAR_ROL_ID) values (429579,str_to_date('14-AUG-14 16.12.58','%d-%b-%y %H.%i.%s'),'daniemn',null,null,429574,7);
Insert into ETRUSTEX.ETR_TB_PARTY_ROLE (PAR_ID,CRE_DT,CRE_ID,MOD_DT,MOD_ID,PAR_PTY_ID,PAR_ROL_ID) values (429580,str_to_date('14-AUG-14 16.12.58','%d-%b-%y %H.%i.%s'),'daniemn',null,null,429577,8);
Insert into ETRUSTEX.ETR_TB_PARTY_ROLE (PAR_ID,CRE_DT,CRE_ID,MOD_DT,MOD_ID,PAR_PTY_ID,PAR_ROL_ID) values (429588,str_to_date('14-AUG-14 16.14.12','%d-%b-%y %H.%i.%s'),'daniemn',null,null,429586,8);
Insert into ETRUSTEX.ETR_TB_PARTY_ROLE (PAR_ID,CRE_DT,CRE_ID,MOD_DT,MOD_ID,PAR_PTY_ID,PAR_ROL_ID) values (429589,str_to_date('14-AUG-14 16.14.12','%d-%b-%y %H.%i.%s'),'daniemn',null,null,429583,7);
Insert into ETRUSTEX.ETR_TB_PARTY_ROLE (PAR_ID,CRE_DT,CRE_ID,MOD_DT,MOD_ID,PAR_PTY_ID,PAR_ROL_ID) values (429637,null,null,null,null,429525,7);
Insert into ETRUSTEX.ETR_TB_PARTY_ROLE (PAR_ID,CRE_DT,CRE_ID,MOD_DT,MOD_ID,PAR_PTY_ID,PAR_ROL_ID) values (429641,null,null,null,null,429574,8);
Insert into ETRUSTEX.ETR_TB_PARTY_ROLE (PAR_ID,CRE_DT,CRE_ID,MOD_DT,MOD_ID,PAR_PTY_ID,PAR_ROL_ID) values (429725,str_to_date('14-AUG-14 17.15.00','%d-%b-%y %H.%i.%s'),'daniemn',null,null,429568,4);
Insert into ETRUSTEX.ETR_TB_PARTY_ROLE (PAR_ID,CRE_DT,CRE_ID,MOD_DT,MOD_ID,PAR_PTY_ID,PAR_ROL_ID) values (579814,str_to_date('29-AUG-14 14.39.03','%d-%b-%y %H.%i.%s'),'daniemn',str_to_date('29-AUG-14 14.39.03','%d-%b-%y %H.%i.%s'),null,402005,7);
Insert into ETRUSTEX.ETR_TB_PARTY_ROLE (PAR_ID,CRE_DT,CRE_ID,MOD_DT,MOD_ID,PAR_PTY_ID,PAR_ROL_ID) values (328,str_to_date('11-FEB-14 13.50.00','%d-%b-%y %H.%i.%s'),'ventrgi',str_to_date('11-FEB-14 13.50.00','%d-%b-%y %H.%i.%s'),'ventrgi',329,6);
Insert into ETRUSTEX.ETR_TB_PARTY_ROLE (PAR_ID,CRE_DT,CRE_ID,MOD_DT,MOD_ID,PAR_PTY_ID,PAR_ROL_ID) values (454586,str_to_date('25-AUG-14 16.15.39','%d-%b-%y %H.%i.%s'),'daniemn',str_to_date('25-AUG-14 16.15.39','%d-%b-%y %H.%i.%s'),null,428912,7);
Insert into ETRUSTEX.ETR_TB_PARTY_ROLE (PAR_ID,CRE_DT,CRE_ID,MOD_DT,MOD_ID,PAR_PTY_ID,PAR_ROL_ID) values (22479,str_to_date('19-FEB-14 10.41.53','%d-%b-%y %H.%i.%s'),'spots',null,'spots',22476,8);
Insert into ETRUSTEX.ETR_TB_PARTY_ROLE (PAR_ID,CRE_DT,CRE_ID,MOD_DT,MOD_ID,PAR_PTY_ID,PAR_ROL_ID) values (22481,str_to_date('19-FEB-14 10.41.53','%d-%b-%y %H.%i.%s'),'spots',null,'spots',22476,6);
Insert into ETRUSTEX.ETR_TB_PARTY_ROLE (PAR_ID,CRE_DT,CRE_ID,MOD_DT,MOD_ID,PAR_PTY_ID,PAR_ROL_ID) values (102094,str_to_date('08-APR-14 10.12.17','%d-%b-%y %H.%i.%s'),'spots',null,'spots',102090,8);
Insert into ETRUSTEX.ETR_TB_PARTY_ROLE (PAR_ID,CRE_DT,CRE_ID,MOD_DT,MOD_ID,PAR_PTY_ID,PAR_ROL_ID) values (102096,str_to_date('08-APR-14 10.12.17','%d-%b-%y %H.%i.%s'),'spots',null,'spots',102090,6);
Insert into ETRUSTEX.ETR_TB_PARTY_ROLE (PAR_ID,CRE_DT,CRE_ID,MOD_DT,MOD_ID,PAR_PTY_ID,PAR_ROL_ID) values (350,str_to_date('30-APR-14 11.16.40','%d-%b-%y %H.%i.%s'),'ventrgi',str_to_date('30-APR-14 11.16.40','%d-%b-%y %H.%i.%s'),'ventrgi',350,6);
Insert into ETRUSTEX.ETR_TB_PARTY_ROLE (PAR_ID,CRE_DT,CRE_ID,MOD_DT,MOD_ID,PAR_PTY_ID,PAR_ROL_ID) values (351,str_to_date('30-APR-14 11.16.40','%d-%b-%y %H.%i.%s'),'ventrgi',str_to_date('30-APR-14 11.16.40','%d-%b-%y %H.%i.%s'),'ventrgi',351,6);
Insert into ETRUSTEX.ETR_TB_PARTY_ROLE (PAR_ID,CRE_DT,CRE_ID,MOD_DT,MOD_ID,PAR_PTY_ID,PAR_ROL_ID) values (349,str_to_date('30-APR-14 11.16.40','%d-%b-%y %H.%i.%s'),'ventrgi',str_to_date('30-APR-14 11.16.40','%d-%b-%y %H.%i.%s'),'ventrgi',349,6);
Insert into ETRUSTEX.ETR_TB_PARTY_ROLE (PAR_ID,CRE_DT,CRE_ID,MOD_DT,MOD_ID,PAR_PTY_ID,PAR_ROL_ID) values (352,str_to_date('30-APR-14 11.29.48','%d-%b-%y %H.%i.%s'),'ventrgi',str_to_date('30-APR-14 11.29.48','%d-%b-%y %H.%i.%s'),'ventrgi',352,6);
Insert into ETRUSTEX.ETR_TB_PARTY_ROLE (PAR_ID,CRE_DT,CRE_ID,MOD_DT,MOD_ID,PAR_PTY_ID,PAR_ROL_ID) values (353,str_to_date('30-APR-14 11.29.48','%d-%b-%y %H.%i.%s'),'ventrgi',str_to_date('30-APR-14 11.29.48','%d-%b-%y %H.%i.%s'),'ventrgi',353,6);
Insert into ETRUSTEX.ETR_TB_PARTY_ROLE (PAR_ID,CRE_DT,CRE_ID,MOD_DT,MOD_ID,PAR_PTY_ID,PAR_ROL_ID) values (354,str_to_date('30-APR-14 11.29.48','%d-%b-%y %H.%i.%s'),'ventrgi',str_to_date('30-APR-14 11.29.48','%d-%b-%y %H.%i.%s'),'ventrgi',354,6);
Insert into ETRUSTEX.ETR_TB_PARTY_ROLE (PAR_ID,CRE_DT,CRE_ID,MOD_DT,MOD_ID,PAR_PTY_ID,PAR_ROL_ID) values (355,str_to_date('30-APR-14 11.29.48','%d-%b-%y %H.%i.%s'),'ventrgi',str_to_date('30-APR-14 11.29.48','%d-%b-%y %H.%i.%s'),'ventrgi',355,6);
Insert into ETRUSTEX.ETR_TB_PARTY_ROLE (PAR_ID,CRE_DT,CRE_ID,MOD_DT,MOD_ID,PAR_PTY_ID,PAR_ROL_ID) values (356,str_to_date('30-APR-14 11.55.40','%d-%b-%y %H.%i.%s'),'ventrgi',str_to_date('30-APR-14 11.55.40','%d-%b-%y %H.%i.%s'),'ventrgi',356,6);
Insert into ETRUSTEX.ETR_TB_PARTY_ROLE (PAR_ID,CRE_DT,CRE_ID,MOD_DT,MOD_ID,PAR_PTY_ID,PAR_ROL_ID) values (357,str_to_date('30-APR-14 12.06.08','%d-%b-%y %H.%i.%s'),'ventrgi',str_to_date('30-APR-14 12.06.08','%d-%b-%y %H.%i.%s'),'ventrgi',357,6);
Insert into ETRUSTEX.ETR_TB_PARTY_ROLE (PAR_ID,CRE_DT,CRE_ID,MOD_DT,MOD_ID,PAR_PTY_ID,PAR_ROL_ID) values (358,str_to_date('30-APR-14 12.06.08','%d-%b-%y %H.%i.%s'),'ventrgi',str_to_date('30-APR-14 12.06.08','%d-%b-%y %H.%i.%s'),'ventrgi',358,6);
Insert into ETRUSTEX.ETR_TB_PARTY_ROLE (PAR_ID,CRE_DT,CRE_ID,MOD_DT,MOD_ID,PAR_PTY_ID,PAR_ROL_ID) values (359,str_to_date('30-APR-14 13.06.05','%d-%b-%y %H.%i.%s'),'ventrgi',str_to_date('30-APR-14 13.06.05','%d-%b-%y %H.%i.%s'),'ventrgi',359,6);
Insert into ETRUSTEX.ETR_TB_PARTY_ROLE (PAR_ID,CRE_DT,CRE_ID,MOD_DT,MOD_ID,PAR_PTY_ID,PAR_ROL_ID) values (360,str_to_date('30-APR-14 13.06.05','%d-%b-%y %H.%i.%s'),'ventrgi',str_to_date('30-APR-14 13.06.05','%d-%b-%y %H.%i.%s'),'ventrgi',360,6);
Insert into ETRUSTEX.ETR_TB_PARTY_ROLE (PAR_ID,CRE_DT,CRE_ID,MOD_DT,MOD_ID,PAR_PTY_ID,PAR_ROL_ID) values (361,str_to_date('30-APR-14 13.06.05','%d-%b-%y %H.%i.%s'),'ventrgi',str_to_date('30-APR-14 13.06.05','%d-%b-%y %H.%i.%s'),'ventrgi',361,6);
Insert into ETRUSTEX.ETR_TB_PARTY_ROLE (PAR_ID,CRE_DT,CRE_ID,MOD_DT,MOD_ID,PAR_PTY_ID,PAR_ROL_ID) values (362,str_to_date('30-APR-14 13.06.05','%d-%b-%y %H.%i.%s'),'ventrgi',str_to_date('30-APR-14 13.06.05','%d-%b-%y %H.%i.%s'),'ventrgi',362,6);
Insert into ETRUSTEX.ETR_TB_PARTY_ROLE (PAR_ID,CRE_DT,CRE_ID,MOD_DT,MOD_ID,PAR_PTY_ID,PAR_ROL_ID) values (30,str_to_date('08-JUL-14 15.36.04','%d-%b-%y %H.%i.%s'),'ventrgi',str_to_date('08-JUL-14 15.36.04','%d-%b-%y %H.%i.%s'),'ventrgi',30,6);
Insert into ETRUSTEX.ETR_TB_PARTY_ROLE (PAR_ID,CRE_DT,CRE_ID,MOD_DT,MOD_ID,PAR_PTY_ID,PAR_ROL_ID) values (402008,str_to_date('18-JUL-14 11.46.54','%d-%b-%y %H.%i.%s'),'daniemn',null,null,402001,7);
Insert into ETRUSTEX.ETR_TB_PARTY_ROLE (PAR_ID,CRE_DT,CRE_ID,MOD_DT,MOD_ID,PAR_PTY_ID,PAR_ROL_ID) values (402009,str_to_date('18-JUL-14 11.46.54','%d-%b-%y %H.%i.%s'),'daniemn',null,null,402005,8);
Insert into ETRUSTEX.ETR_TB_PARTY_ROLE (PAR_ID,CRE_DT,CRE_ID,MOD_DT,MOD_ID,PAR_PTY_ID,PAR_ROL_ID) values (436886,str_to_date('18-AUG-14 14.57.10','%d-%b-%y %H.%i.%s'),'daniemn',null,null,429586,7);
Insert into ETRUSTEX.ETR_TB_PARTY_ROLE (PAR_ID,CRE_DT,CRE_ID,MOD_DT,MOD_ID,PAR_PTY_ID,PAR_ROL_ID) values (436887,str_to_date('18-AUG-14 14.57.10','%d-%b-%y %H.%i.%s'),'daniemn',null,null,429559,8);
Insert into ETRUSTEX.ETR_TB_PARTY_ROLE (PAR_ID,CRE_DT,CRE_ID,MOD_DT,MOD_ID,PAR_PTY_ID,PAR_ROL_ID) values (366,str_to_date('12-MAY-14 09.52.23','%d-%b-%y %H.%i.%s'),'ventrgi',str_to_date('12-MAY-14 09.52.23','%d-%b-%y %H.%i.%s'),'ventrgi',366,6);
Insert into ETRUSTEX.ETR_TB_PARTY_ROLE (PAR_ID,CRE_DT,CRE_ID,MOD_DT,MOD_ID,PAR_PTY_ID,PAR_ROL_ID) values (331,str_to_date('21-FEB-14 11.12.00','%d-%b-%y %H.%i.%s'),'ventrgi',str_to_date('21-FEB-14 11.12.00','%d-%b-%y %H.%i.%s'),'ventrgi',7,7);
Insert into ETRUSTEX.ETR_TB_PARTY_ROLE (PAR_ID,CRE_DT,CRE_ID,MOD_DT,MOD_ID,PAR_PTY_ID,PAR_ROL_ID) values (330,str_to_date('14-FEB-14 15.04.00','%d-%b-%y %H.%i.%s'),'ventrgi',str_to_date('14-FEB-14 15.04.00','%d-%b-%y %H.%i.%s'),'ventrgi',334,8);
Insert into ETRUSTEX.ETR_TB_PARTY_ROLE (PAR_ID,CRE_DT,CRE_ID,MOD_DT,MOD_ID,PAR_PTY_ID,PAR_ROL_ID) values (332,str_to_date('21-FEB-14 11.12.00','%d-%b-%y %H.%i.%s'),'ventrgi',str_to_date('21-FEB-14 11.12.00','%d-%b-%y %H.%i.%s'),'ventrgi',6,8);
Insert into ETRUSTEX.ETR_TB_PARTY_ROLE (PAR_ID,CRE_DT,CRE_ID,MOD_DT,MOD_ID,PAR_PTY_ID,PAR_ROL_ID) values (272243,str_to_date('15-MAY-14 16.48.06','%d-%b-%y %H.%i.%s'),'spots',null,'spots',330,6);
Insert into ETRUSTEX.ETR_TB_PARTY_ROLE (PAR_ID,CRE_DT,CRE_ID,MOD_DT,MOD_ID,PAR_PTY_ID,PAR_ROL_ID) values (333,str_to_date('21-FEB-14 11.12.00','%d-%b-%y %H.%i.%s'),'ventrgi',str_to_date('21-FEB-14 11.12.00','%d-%b-%y %H.%i.%s'),'ventrgi',335,7);
Insert into ETRUSTEX.ETR_TB_PARTY_ROLE (PAR_ID,CRE_DT,CRE_ID,MOD_DT,MOD_ID,PAR_PTY_ID,PAR_ROL_ID) values (363,str_to_date('12-MAY-14 09.52.23','%d-%b-%y %H.%i.%s'),'ventrgi',str_to_date('12-MAY-14 09.52.23','%d-%b-%y %H.%i.%s'),'ventrgi',363,6);
Insert into ETRUSTEX.ETR_TB_PARTY_ROLE (PAR_ID,CRE_DT,CRE_ID,MOD_DT,MOD_ID,PAR_PTY_ID,PAR_ROL_ID) values (364,str_to_date('12-MAY-14 09.52.23','%d-%b-%y %H.%i.%s'),'ventrgi',str_to_date('12-MAY-14 09.52.23','%d-%b-%y %H.%i.%s'),'ventrgi',364,6);
Insert into ETRUSTEX.ETR_TB_PARTY_ROLE (PAR_ID,CRE_DT,CRE_ID,MOD_DT,MOD_ID,PAR_PTY_ID,PAR_ROL_ID) values (365,str_to_date('12-MAY-14 09.52.23','%d-%b-%y %H.%i.%s'),'ventrgi',str_to_date('12-MAY-14 09.52.23','%d-%b-%y %H.%i.%s'),'ventrgi',365,6);
Insert into ETRUSTEX.ETR_TB_PARTY_ROLE (PAR_ID,CRE_DT,CRE_ID,MOD_DT,MOD_ID,PAR_PTY_ID,PAR_ROL_ID) values (427651,str_to_date('13-AUG-14 20.40.13','%d-%b-%y %H.%i.%s'),'spots',null,'spots',427647,8);
Insert into ETRUSTEX.ETR_TB_PARTY_ROLE (PAR_ID,CRE_DT,CRE_ID,MOD_DT,MOD_ID,PAR_PTY_ID,PAR_ROL_ID) values (427653,str_to_date('13-AUG-14 20.40.13','%d-%b-%y %H.%i.%s'),'spots',null,'spots',427647,6);
Insert into ETRUSTEX.ETR_TB_PARTY_ROLE (PAR_ID,CRE_DT,CRE_ID,MOD_DT,MOD_ID,PAR_PTY_ID,PAR_ROL_ID) values (428914,null,null,null,null,428909,7);
Insert into ETRUSTEX.ETR_TB_PARTY_ROLE (PAR_ID,CRE_DT,CRE_ID,MOD_DT,MOD_ID,PAR_PTY_ID,PAR_ROL_ID) values (428915,null,null,null,null,428912,8);
Insert into ETRUSTEX.ETR_TB_PARTY_ROLE (PAR_ID,CRE_DT,CRE_ID,MOD_DT,MOD_ID,PAR_PTY_ID,PAR_ROL_ID) values (429514,str_to_date('14-AUG-14 15.52.54','%d-%b-%y %H.%i.%s'),'daniemn',null,null,429509,7);
Insert into ETRUSTEX.ETR_TB_PARTY_ROLE (PAR_ID,CRE_DT,CRE_ID,MOD_DT,MOD_ID,PAR_PTY_ID,PAR_ROL_ID) values (429515,str_to_date('14-AUG-14 15.52.54','%d-%b-%y %H.%i.%s'),'daniemn',null,null,429512,8);
Insert into ETRUSTEX.ETR_TB_PARTY_ROLE (PAR_ID,CRE_DT,CRE_ID,MOD_DT,MOD_ID,PAR_PTY_ID,PAR_ROL_ID) values (429530,null,null,null,null,429525,8);
Insert into ETRUSTEX.ETR_TB_PARTY_ROLE (PAR_ID,CRE_DT,CRE_ID,MOD_DT,MOD_ID,PAR_PTY_ID,PAR_ROL_ID) values (429531,null,null,null,null,429528,4);
Insert into ETRUSTEX.ETR_TB_PARTY_ROLE (PAR_ID,CRE_DT,CRE_ID,MOD_DT,MOD_ID,PAR_PTY_ID,PAR_ROL_ID) values (429772,null,null,null,null,429574,4);
Insert into ETRUSTEX.ETR_TB_PARTY_ROLE (PAR_ID,CRE_DT,CRE_ID,MOD_DT,MOD_ID,PAR_PTY_ID,PAR_ROL_ID) values (429773,null,null,null,null,429577,7);
Insert into ETRUSTEX.ETR_TB_PARTY_ROLE (PAR_ID,CRE_DT,CRE_ID,MOD_DT,MOD_ID,PAR_PTY_ID,PAR_ROL_ID) values (441219,null,null,null,null,426842,4);
Insert into ETRUSTEX.ETR_TB_PARTY_ROLE (PAR_ID,CRE_DT,CRE_ID,MOD_DT,MOD_ID,PAR_PTY_ID,PAR_ROL_ID) values (444747,str_to_date('21-AUG-14 18.00.31','%d-%b-%y %H.%i.%s'),'x50b125',null,null,441249,7);
Insert into ETRUSTEX.ETR_TB_PARTY_ROLE (PAR_ID,CRE_DT,CRE_ID,MOD_DT,MOD_ID,PAR_PTY_ID,PAR_ROL_ID) values (444749,null,null,null,null,429559,4);
Insert into ETRUSTEX.ETR_TB_PARTY_ROLE (PAR_ID,CRE_DT,CRE_ID,MOD_DT,MOD_ID,PAR_PTY_ID,PAR_ROL_ID) values (667493,str_to_date('01-SEP-14 10.38.57','%d-%b-%y %H.%i.%s'),'spots',str_to_date('01-SEP-14 10.38.57','%d-%b-%y %H.%i.%s'),'spots',667486,8);
Insert into ETRUSTEX.ETR_TB_PARTY_ROLE (PAR_ID,CRE_DT,CRE_ID,MOD_DT,MOD_ID,PAR_PTY_ID,PAR_ROL_ID) values (667495,str_to_date('01-SEP-14 10.38.57','%d-%b-%y %H.%i.%s'),'spots',str_to_date('01-SEP-14 10.38.57','%d-%b-%y %H.%i.%s'),'spots',667486,6);
Insert into ETRUSTEX.ETR_TB_PARTY_ROLE (PAR_ID,CRE_DT,CRE_ID,MOD_DT,MOD_ID,PAR_PTY_ID,PAR_ROL_ID) values (676340,str_to_date('01-SEP-14 14.54.37','%d-%b-%y %H.%i.%s'),'spots',str_to_date('01-SEP-14 14.54.37','%d-%b-%y %H.%i.%s'),'spots',676333,8);
Insert into ETRUSTEX.ETR_TB_PARTY_ROLE (PAR_ID,CRE_DT,CRE_ID,MOD_DT,MOD_ID,PAR_PTY_ID,PAR_ROL_ID) values (676342,str_to_date('01-SEP-14 14.54.37','%d-%b-%y %H.%i.%s'),'spots',str_to_date('01-SEP-14 14.54.37','%d-%b-%y %H.%i.%s'),'spots',676333,6);
Insert into ETRUSTEX.ETR_TB_PARTY_ROLE (PAR_ID,CRE_DT,CRE_ID,MOD_DT,MOD_ID,PAR_PTY_ID,PAR_ROL_ID) values (24028,str_to_date('03-MAR-14 14.39.30','%d-%b-%y %H.%i.%s'),'spots',null,'spots',24024,8);
Insert into ETRUSTEX.ETR_TB_PARTY_ROLE (PAR_ID,CRE_DT,CRE_ID,MOD_DT,MOD_ID,PAR_PTY_ID,PAR_ROL_ID) values (24030,str_to_date('03-MAR-14 14.39.31','%d-%b-%y %H.%i.%s'),'spots',null,'spots',24024,6);
Insert into ETRUSTEX.ETR_TB_PARTY_ROLE (PAR_ID,CRE_DT,CRE_ID,MOD_DT,MOD_ID,PAR_PTY_ID,PAR_ROL_ID) values (283452,str_to_date('17-JUN-14 12.18.51','%d-%b-%y %H.%i.%s'),'TRUSTUSR1',null,'TRUSTUSR1',283448,8);
Insert into ETRUSTEX.ETR_TB_PARTY_ROLE (PAR_ID,CRE_DT,CRE_ID,MOD_DT,MOD_ID,PAR_PTY_ID,PAR_ROL_ID) values (79,str_to_date('06-AUG-14 16.00.02','%d-%b-%y %H.%i.%s'),'almahfa',str_to_date('06-AUG-14 16.00.02','%d-%b-%y %H.%i.%s'),'almahfa',79,7);
Insert into ETRUSTEX.ETR_TB_PARTY_ROLE (PAR_ID,CRE_DT,CRE_ID,MOD_DT,MOD_ID,PAR_PTY_ID,PAR_ROL_ID) values (98748,str_to_date('25-MAR-14 13.06.56','%d-%b-%y %H.%i.%s'),'testadm',null,'testadm',98739,1);
Insert into ETRUSTEX.ETR_TB_PARTY_ROLE (PAR_ID,CRE_DT,CRE_ID,MOD_DT,MOD_ID,PAR_PTY_ID,PAR_ROL_ID) values (98749,str_to_date('25-MAR-14 13.06.56','%d-%b-%y %H.%i.%s'),'testadm',null,'testadm',343,2);
Insert into ETRUSTEX.ETR_TB_PARTY_ROLE (PAR_ID,CRE_DT,CRE_ID,MOD_DT,MOD_ID,PAR_PTY_ID,PAR_ROL_ID) values (98751,null,null,null,null,328,2);
Insert into ETRUSTEX.ETR_TB_PARTY_ROLE (PAR_ID,CRE_DT,CRE_ID,MOD_DT,MOD_ID,PAR_PTY_ID,PAR_ROL_ID) values (98816,null,null,null,null,318,2);
Insert into ETRUSTEX.ETR_TB_PARTY_ROLE (PAR_ID,CRE_DT,CRE_ID,MOD_DT,MOD_ID,PAR_PTY_ID,PAR_ROL_ID) values (98818,null,null,null,null,319,2);
Insert into ETRUSTEX.ETR_TB_PARTY_ROLE (PAR_ID,CRE_DT,CRE_ID,MOD_DT,MOD_ID,PAR_PTY_ID,PAR_ROL_ID) values (98820,null,null,null,null,25,2);
Insert into ETRUSTEX.ETR_TB_PARTY_ROLE (PAR_ID,CRE_DT,CRE_ID,MOD_DT,MOD_ID,PAR_PTY_ID,PAR_ROL_ID) values (98822,null,null,null,null,98778,2);
Insert into ETRUSTEX.ETR_TB_PARTY_ROLE (PAR_ID,CRE_DT,CRE_ID,MOD_DT,MOD_ID,PAR_PTY_ID,PAR_ROL_ID) values (98824,null,null,null,null,98780,2);
Insert into ETRUSTEX.ETR_TB_PARTY_ROLE (PAR_ID,CRE_DT,CRE_ID,MOD_DT,MOD_ID,PAR_PTY_ID,PAR_ROL_ID) values (98906,str_to_date('26-MAR-14 10.53.09','%d-%b-%y %H.%i.%s'),'testcbo',null,'testcbo',98901,1);
Insert into ETRUSTEX.ETR_TB_PARTY_ROLE (PAR_ID,CRE_DT,CRE_ID,MOD_DT,MOD_ID,PAR_PTY_ID,PAR_ROL_ID) values (98942,str_to_date('26-MAR-14 16.21.56','%d-%b-%y %H.%i.%s'),'testcbo',null,'testcbo',98938,1);
Insert into ETRUSTEX.ETR_TB_PARTY_ROLE (PAR_ID,CRE_DT,CRE_ID,MOD_DT,MOD_ID,PAR_PTY_ID,PAR_ROL_ID) values (98943,str_to_date('26-MAR-14 16.21.56','%d-%b-%y %H.%i.%s'),'testcbo',null,'testcbo',310,2);
Insert into ETRUSTEX.ETR_TB_PARTY_ROLE (PAR_ID,CRE_DT,CRE_ID,MOD_DT,MOD_ID,PAR_PTY_ID,PAR_ROL_ID) values (80,str_to_date('06-AUG-14 16.00.02','%d-%b-%y %H.%i.%s'),'almahfa',str_to_date('06-AUG-14 16.00.02','%d-%b-%y %H.%i.%s'),'almahfa',80,4);
Insert into ETRUSTEX.ETR_TB_PARTY_ROLE (PAR_ID,CRE_DT,CRE_ID,MOD_DT,MOD_ID,PAR_PTY_ID,PAR_ROL_ID) values (427170,str_to_date('13-AUG-14 15.00.25','%d-%b-%y %H.%i.%s'),'daniemn',null,null,427161,4);
Insert into ETRUSTEX.ETR_TB_PARTY_ROLE (PAR_ID,CRE_DT,CRE_ID,MOD_DT,MOD_ID,PAR_PTY_ID,PAR_ROL_ID) values (427171,str_to_date('13-AUG-14 15.00.25','%d-%b-%y %H.%i.%s'),'daniemn',null,null,426842,7);
Insert into ETRUSTEX.ETR_TB_PARTY_ROLE (PAR_ID,CRE_DT,CRE_ID,MOD_DT,MOD_ID,PAR_PTY_ID,PAR_ROL_ID) values (578491,str_to_date('29-AUG-14 14.22.01','%d-%b-%y %H.%i.%s'),'daniemn',str_to_date('29-AUG-14 14.22.01','%d-%b-%y %H.%i.%s'),null,578162,543133);
Insert into ETRUSTEX.ETR_TB_PARTY_ROLE (PAR_ID,CRE_DT,CRE_ID,MOD_DT,MOD_ID,PAR_PTY_ID,PAR_ROL_ID) values (578492,str_to_date('29-AUG-14 14.22.01','%d-%b-%y %H.%i.%s'),'daniemn',str_to_date('29-AUG-14 14.22.01','%d-%b-%y %H.%i.%s'),null,578285,543133);
Insert into ETRUSTEX.ETR_TB_PARTY_ROLE (PAR_ID,CRE_DT,CRE_ID,MOD_DT,MOD_ID,PAR_PTY_ID,PAR_ROL_ID) values (201,str_to_date('09-JAN-14 11.09.56','%d-%b-%y %H.%i.%s'),'almahfa',str_to_date('09-JAN-14 11.09.56','%d-%b-%y %H.%i.%s'),'almahfa',201,6);
Insert into ETRUSTEX.ETR_TB_PARTY_ROLE (PAR_ID,CRE_DT,CRE_ID,MOD_DT,MOD_ID,PAR_PTY_ID,PAR_ROL_ID) values (202,str_to_date('09-JAN-14 11.09.56','%d-%b-%y %H.%i.%s'),'almahfa',str_to_date('09-JAN-14 11.09.56','%d-%b-%y %H.%i.%s'),'almahfa',202,6);
Insert into ETRUSTEX.ETR_TB_PARTY_ROLE (PAR_ID,CRE_DT,CRE_ID,MOD_DT,MOD_ID,PAR_PTY_ID,PAR_ROL_ID) values (203,str_to_date('09-JAN-14 11.09.56','%d-%b-%y %H.%i.%s'),'almahfa',str_to_date('09-JAN-14 11.09.56','%d-%b-%y %H.%i.%s'),'almahfa',203,6);
Insert into ETRUSTEX.ETR_TB_PARTY_ROLE (PAR_ID,CRE_DT,CRE_ID,MOD_DT,MOD_ID,PAR_PTY_ID,PAR_ROL_ID) values (204,str_to_date('09-JAN-14 11.09.56','%d-%b-%y %H.%i.%s'),'almahfa',str_to_date('09-JAN-14 11.09.56','%d-%b-%y %H.%i.%s'),'almahfa',200,6);
Insert into ETRUSTEX.ETR_TB_PARTY_ROLE (PAR_ID,CRE_DT,CRE_ID,MOD_DT,MOD_ID,PAR_PTY_ID,PAR_ROL_ID) values (78,str_to_date('09-JAN-14 11.09.56','%d-%b-%y %H.%i.%s'),'almahfa',str_to_date('09-JAN-14 11.09.56','%d-%b-%y %H.%i.%s'),'almahfa',78,6);
--REM INSERTING into ETRUSTEX.ETR_TB_PROFILE

Insert into ETRUSTEX.ETR_TB_PROFILE (PRO_ID,CRE_DT,CRE_ID,MOD_DT,MOD_ID,PRO_NAME,PRO_NAMESPACE,PRO_CIA_ID,PRO_BUD_ID) values (5,str_to_date('28-JAN-14 08.16.31','%d-%b-%y %H.%i.%s'),'derveol',str_to_date('07-FEB-14 00.00.00','%d-%b-%y %H.%i.%s'),'derveol','PreAwardInternal','Profile Pre Awarding for Contracting Authoriteis',2,1);
Insert into ETRUSTEX.ETR_TB_PROFILE (PRO_ID,CRE_DT,CRE_ID,MOD_DT,MOD_ID,PRO_NAME,PRO_NAMESPACE,PRO_CIA_ID,PRO_BUD_ID) values (1,null,null,null,null,'Invoice Only','BII-Profile-04-InvoiceOnly',null,null);
Insert into ETRUSTEX.ETR_TB_PROFILE (PRO_ID,CRE_DT,CRE_ID,MOD_DT,MOD_ID,PRO_NAME,PRO_NAMESPACE,PRO_CIA_ID,PRO_BUD_ID) values (2,null,null,null,null,'Billing','BII-Profile-05-Billing',null,null);
Insert into ETRUSTEX.ETR_TB_PROFILE (PRO_ID,CRE_DT,CRE_ID,MOD_DT,MOD_ID,PRO_NAME,PRO_NAMESPACE,PRO_CIA_ID,PRO_BUD_ID) values (3,null,null,null,null,'Bundle','Profile-Bundle',2,null);
Insert into ETRUSTEX.ETR_TB_PROFILE (PRO_ID,CRE_DT,CRE_ID,MOD_DT,MOD_ID,PRO_NAME,PRO_NAMESPACE,PRO_CIA_ID,PRO_BUD_ID) values (4,str_to_date('28-JAN-14 08.16.31','%d-%b-%y %H.%i.%s'),'derveol',str_to_date('28-JAN-14 08.16.31','%d-%b-%y %H.%i.%s'),'derveol','PreAward','Profile Pre Awarding',2,1);
--REM INSERTING into ETRUSTEX.ETR_TB_PROFILE_TRANSACTION

Insert into ETRUSTEX.ETR_TB_PROFILE_TRANSACTION (PTR_PRO_ID,PTR_TRA_ID) values (1,1);
Insert into ETRUSTEX.ETR_TB_PROFILE_TRANSACTION (PTR_PRO_ID,PTR_TRA_ID) values (1,3);
Insert into ETRUSTEX.ETR_TB_PROFILE_TRANSACTION (PTR_PRO_ID,PTR_TRA_ID) values (2,1);
Insert into ETRUSTEX.ETR_TB_PROFILE_TRANSACTION (PTR_PRO_ID,PTR_TRA_ID) values (2,2);
Insert into ETRUSTEX.ETR_TB_PROFILE_TRANSACTION (PTR_PRO_ID,PTR_TRA_ID) values (2,3);
Insert into ETRUSTEX.ETR_TB_PROFILE_TRANSACTION (PTR_PRO_ID,PTR_TRA_ID) values (3,3);
Insert into ETRUSTEX.ETR_TB_PROFILE_TRANSACTION (PTR_PRO_ID,PTR_TRA_ID) values (3,4);
Insert into ETRUSTEX.ETR_TB_PROFILE_TRANSACTION (PTR_PRO_ID,PTR_TRA_ID) values (3,5);
Insert into ETRUSTEX.ETR_TB_PROFILE_TRANSACTION (PTR_PRO_ID,PTR_TRA_ID) values (3,6);
Insert into ETRUSTEX.ETR_TB_PROFILE_TRANSACTION (PTR_PRO_ID,PTR_TRA_ID) values (3,7);
Insert into ETRUSTEX.ETR_TB_PROFILE_TRANSACTION (PTR_PRO_ID,PTR_TRA_ID) values (3,8);
Insert into ETRUSTEX.ETR_TB_PROFILE_TRANSACTION (PTR_PRO_ID,PTR_TRA_ID) values (3,9);
Insert into ETRUSTEX.ETR_TB_PROFILE_TRANSACTION (PTR_PRO_ID,PTR_TRA_ID) values (3,10);
Insert into ETRUSTEX.ETR_TB_PROFILE_TRANSACTION (PTR_PRO_ID,PTR_TRA_ID) values (3,11);
Insert into ETRUSTEX.ETR_TB_PROFILE_TRANSACTION (PTR_PRO_ID,PTR_TRA_ID) values (3,12);
Insert into ETRUSTEX.ETR_TB_PROFILE_TRANSACTION (PTR_PRO_ID,PTR_TRA_ID) values (3,13);
Insert into ETRUSTEX.ETR_TB_PROFILE_TRANSACTION (PTR_PRO_ID,PTR_TRA_ID) values (3,14);
Insert into ETRUSTEX.ETR_TB_PROFILE_TRANSACTION (PTR_PRO_ID,PTR_TRA_ID) values (3,15);
Insert into ETRUSTEX.ETR_TB_PROFILE_TRANSACTION (PTR_PRO_ID,PTR_TRA_ID) values (3,16);
Insert into ETRUSTEX.ETR_TB_PROFILE_TRANSACTION (PTR_PRO_ID,PTR_TRA_ID) values (3,17);
Insert into ETRUSTEX.ETR_TB_PROFILE_TRANSACTION (PTR_PRO_ID,PTR_TRA_ID) values (3,18);
Insert into ETRUSTEX.ETR_TB_PROFILE_TRANSACTION (PTR_PRO_ID,PTR_TRA_ID) values (3,21);
Insert into ETRUSTEX.ETR_TB_PROFILE_TRANSACTION (PTR_PRO_ID,PTR_TRA_ID) values (3,26);
Insert into ETRUSTEX.ETR_TB_PROFILE_TRANSACTION (PTR_PRO_ID,PTR_TRA_ID) values (3,27);
Insert into ETRUSTEX.ETR_TB_PROFILE_TRANSACTION (PTR_PRO_ID,PTR_TRA_ID) values (4,3);
Insert into ETRUSTEX.ETR_TB_PROFILE_TRANSACTION (PTR_PRO_ID,PTR_TRA_ID) values (4,4);
Insert into ETRUSTEX.ETR_TB_PROFILE_TRANSACTION (PTR_PRO_ID,PTR_TRA_ID) values (4,9);
Insert into ETRUSTEX.ETR_TB_PROFILE_TRANSACTION (PTR_PRO_ID,PTR_TRA_ID) values (4,10);
Insert into ETRUSTEX.ETR_TB_PROFILE_TRANSACTION (PTR_PRO_ID,PTR_TRA_ID) values (4,11);
Insert into ETRUSTEX.ETR_TB_PROFILE_TRANSACTION (PTR_PRO_ID,PTR_TRA_ID) values (4,12);
Insert into ETRUSTEX.ETR_TB_PROFILE_TRANSACTION (PTR_PRO_ID,PTR_TRA_ID) values (4,17);
Insert into ETRUSTEX.ETR_TB_PROFILE_TRANSACTION (PTR_PRO_ID,PTR_TRA_ID) values (4,18);
Insert into ETRUSTEX.ETR_TB_PROFILE_TRANSACTION (PTR_PRO_ID,PTR_TRA_ID) values (4,19);
Insert into ETRUSTEX.ETR_TB_PROFILE_TRANSACTION (PTR_PRO_ID,PTR_TRA_ID) values (4,20);
Insert into ETRUSTEX.ETR_TB_PROFILE_TRANSACTION (PTR_PRO_ID,PTR_TRA_ID) values (4,21);
Insert into ETRUSTEX.ETR_TB_PROFILE_TRANSACTION (PTR_PRO_ID,PTR_TRA_ID) values (4,22);
Insert into ETRUSTEX.ETR_TB_PROFILE_TRANSACTION (PTR_PRO_ID,PTR_TRA_ID) values (4,24);
Insert into ETRUSTEX.ETR_TB_PROFILE_TRANSACTION (PTR_PRO_ID,PTR_TRA_ID) values (4,25);
Insert into ETRUSTEX.ETR_TB_PROFILE_TRANSACTION (PTR_PRO_ID,PTR_TRA_ID) values (4,26);
Insert into ETRUSTEX.ETR_TB_PROFILE_TRANSACTION (PTR_PRO_ID,PTR_TRA_ID) values (4,27);
Insert into ETRUSTEX.ETR_TB_PROFILE_TRANSACTION (PTR_PRO_ID,PTR_TRA_ID) values (4,29);
Insert into ETRUSTEX.ETR_TB_PROFILE_TRANSACTION (PTR_PRO_ID,PTR_TRA_ID) values (4,30);
Insert into ETRUSTEX.ETR_TB_PROFILE_TRANSACTION (PTR_PRO_ID,PTR_TRA_ID) values (5,3);
Insert into ETRUSTEX.ETR_TB_PROFILE_TRANSACTION (PTR_PRO_ID,PTR_TRA_ID) values (5,4);
Insert into ETRUSTEX.ETR_TB_PROFILE_TRANSACTION (PTR_PRO_ID,PTR_TRA_ID) values (5,9);
Insert into ETRUSTEX.ETR_TB_PROFILE_TRANSACTION (PTR_PRO_ID,PTR_TRA_ID) values (5,11);
Insert into ETRUSTEX.ETR_TB_PROFILE_TRANSACTION (PTR_PRO_ID,PTR_TRA_ID) values (5,12);
Insert into ETRUSTEX.ETR_TB_PROFILE_TRANSACTION (PTR_PRO_ID,PTR_TRA_ID) values (5,17);
Insert into ETRUSTEX.ETR_TB_PROFILE_TRANSACTION (PTR_PRO_ID,PTR_TRA_ID) values (5,20);
Insert into ETRUSTEX.ETR_TB_PROFILE_TRANSACTION (PTR_PRO_ID,PTR_TRA_ID) values (5,23);
Insert into ETRUSTEX.ETR_TB_PROFILE_TRANSACTION (PTR_PRO_ID,PTR_TRA_ID) values (5,26);
Insert into ETRUSTEX.ETR_TB_PROFILE_TRANSACTION (PTR_PRO_ID,PTR_TRA_ID) values (5,27);
--REM INSERTING into ETRUSTEX.ETR_TB_QUERY_RESULT

Insert into ETRUSTEX.ETR_TB_QUERY_RESULT (QR_ID,QR_KEY,QR_MSG_ID,QR_VALUE) values (5207,'JMS_USER_ID',5205,'conversationUserTest');
Insert into ETRUSTEX.ETR_TB_QUERY_RESULT (QR_ID,QR_KEY,QR_MSG_ID,QR_VALUE) values (99308,'JMS_BUSINESS_DOC_TYPE',99305,'EVIDENCE_SUBMISSION_REJECTION');
Insert into ETRUSTEX.ETR_TB_QUERY_RESULT (QR_ID,QR_KEY,QR_MSG_ID,QR_VALUE) values (99309,'JMS_USER_ID',99305,'beadmin1');
Insert into ETRUSTEX.ETR_TB_QUERY_RESULT (QR_ID,QR_KEY,QR_MSG_ID,QR_VALUE) values (99333,'JMS_TITLE',99331,'dynform_sc_a');
Insert into ETRUSTEX.ETR_TB_QUERY_RESULT (QR_ID,QR_KEY,QR_MSG_ID,QR_VALUE) values (99334,'JMS_BUSINESS_DOC_TYPE',99331,'SmallClaim_Form_A');
Insert into ETRUSTEX.ETR_TB_QUERY_RESULT (QR_ID,QR_KEY,QR_MSG_ID,QR_VALUE) values (99335,'JMS_USER_ID',99331,'beadmin1');
Insert into ETRUSTEX.ETR_TB_QUERY_RESULT (QR_ID,QR_KEY,QR_MSG_ID,QR_VALUE) values (99343,'JMS_TITLE',99341,'dynform_sc_a');
Insert into ETRUSTEX.ETR_TB_QUERY_RESULT (QR_ID,QR_KEY,QR_MSG_ID,QR_VALUE) values (99344,'JMS_BUSINESS_DOC_TYPE',99341,'EVIDENCE_SUBMISSION_REJECTION');
Insert into ETRUSTEX.ETR_TB_QUERY_RESULT (QR_ID,QR_KEY,QR_MSG_ID,QR_VALUE) values (99345,'JMS_USER_ID',99341,'beadmin1');
Insert into ETRUSTEX.ETR_TB_QUERY_RESULT (QR_ID,QR_KEY,QR_MSG_ID,QR_VALUE) values (99501,'JMS_TITLE',99499,'dynform_epo_a');
Insert into ETRUSTEX.ETR_TB_QUERY_RESULT (QR_ID,QR_KEY,QR_MSG_ID,QR_VALUE) values (99502,'JMS_BUSINESS_DOC_TYPE',99499,'EPO_Form_A');
Insert into ETRUSTEX.ETR_TB_QUERY_RESULT (QR_ID,QR_KEY,QR_MSG_ID,QR_VALUE) values (99503,'JMS_USER_ID',99499,'admin');
Insert into ETRUSTEX.ETR_TB_QUERY_RESULT (QR_ID,QR_KEY,QR_MSG_ID,QR_VALUE) values (101886,'JMS_TITLE',101884,'dynform_epo_a');
Insert into ETRUSTEX.ETR_TB_QUERY_RESULT (QR_ID,QR_KEY,QR_MSG_ID,QR_VALUE) values (101887,'JMS_BUSINESS_DOC_TYPE',101884,'EPO_Form_A');
Insert into ETRUSTEX.ETR_TB_QUERY_RESULT (QR_ID,QR_KEY,QR_MSG_ID,QR_VALUE) values (101888,'JMS_USER_ID',101884,'admin');
Insert into ETRUSTEX.ETR_TB_QUERY_RESULT (QR_ID,QR_KEY,QR_MSG_ID,QR_VALUE) values (188594,'JMS_TITLE',188592,'dynform_epo_a');
Insert into ETRUSTEX.ETR_TB_QUERY_RESULT (QR_ID,QR_KEY,QR_MSG_ID,QR_VALUE) values (188595,'JMS_BUSINESS_DOC_TYPE',188592,'EPO_Form_A');
Insert into ETRUSTEX.ETR_TB_QUERY_RESULT (QR_ID,QR_KEY,QR_MSG_ID,QR_VALUE) values (188596,'JMS_USER_ID',188592,'admin');
Insert into ETRUSTEX.ETR_TB_QUERY_RESULT (QR_ID,QR_KEY,QR_MSG_ID,QR_VALUE) values (188610,'JMS_TITLE',188608,'dynform_epo_a');
Insert into ETRUSTEX.ETR_TB_QUERY_RESULT (QR_ID,QR_KEY,QR_MSG_ID,QR_VALUE) values (188611,'JMS_BUSINESS_DOC_TYPE',188608,'EPO_Form_A');
Insert into ETRUSTEX.ETR_TB_QUERY_RESULT (QR_ID,QR_KEY,QR_MSG_ID,QR_VALUE) values (188612,'JMS_USER_ID',188608,'admin');
Insert into ETRUSTEX.ETR_TB_QUERY_RESULT (QR_ID,QR_KEY,QR_MSG_ID,QR_VALUE) values (237402,'JMS_TITLE',237400,'dynform_epo_a');
Insert into ETRUSTEX.ETR_TB_QUERY_RESULT (QR_ID,QR_KEY,QR_MSG_ID,QR_VALUE) values (237403,'JMS_BUSINESS_DOC_TYPE',237400,'EPO_Form_A');
Insert into ETRUSTEX.ETR_TB_QUERY_RESULT (QR_ID,QR_KEY,QR_MSG_ID,QR_VALUE) values (237404,'JMS_USER_ID',237400,'admin');
Insert into ETRUSTEX.ETR_TB_QUERY_RESULT (QR_ID,QR_KEY,QR_MSG_ID,QR_VALUE) values (238538,'JMS_TITLE',238536,'dynform_epo_a');
Insert into ETRUSTEX.ETR_TB_QUERY_RESULT (QR_ID,QR_KEY,QR_MSG_ID,QR_VALUE) values (238539,'JMS_BUSINESS_DOC_TYPE',238536,'EPO_Form_A');
Insert into ETRUSTEX.ETR_TB_QUERY_RESULT (QR_ID,QR_KEY,QR_MSG_ID,QR_VALUE) values (238540,'JMS_USER_ID',238536,'sandrotest');
Insert into ETRUSTEX.ETR_TB_QUERY_RESULT (QR_ID,QR_KEY,QR_MSG_ID,QR_VALUE) values (238548,'JMS_TITLE',238546,'dynform_epo_a');
Insert into ETRUSTEX.ETR_TB_QUERY_RESULT (QR_ID,QR_KEY,QR_MSG_ID,QR_VALUE) values (238549,'JMS_BUSINESS_DOC_TYPE',238546,'EVIDENCE_SUBMISSION_REJECTION');
Insert into ETRUSTEX.ETR_TB_QUERY_RESULT (QR_ID,QR_KEY,QR_MSG_ID,QR_VALUE) values (238550,'JMS_USER_ID',238546,'sandrotest');
Insert into ETRUSTEX.ETR_TB_QUERY_RESULT (QR_ID,QR_KEY,QR_MSG_ID,QR_VALUE) values (238566,'JMS_TITLE',238564,'dynform_epo_a');
Insert into ETRUSTEX.ETR_TB_QUERY_RESULT (QR_ID,QR_KEY,QR_MSG_ID,QR_VALUE) values (238567,'JMS_BUSINESS_DOC_TYPE',238564,'EVIDENCE_SUBMISSION_REJECTION');
Insert into ETRUSTEX.ETR_TB_QUERY_RESULT (QR_ID,QR_KEY,QR_MSG_ID,QR_VALUE) values (238568,'JMS_USER_ID',238564,'sandrotest');
Insert into ETRUSTEX.ETR_TB_QUERY_RESULT (QR_ID,QR_KEY,QR_MSG_ID,QR_VALUE) values (238756,'JMS_TITLE',238754,'dynform_epo_a');
Insert into ETRUSTEX.ETR_TB_QUERY_RESULT (QR_ID,QR_KEY,QR_MSG_ID,QR_VALUE) values (238757,'JMS_BUSINESS_DOC_TYPE',238754,'EVIDENCE_SUBMISSION_REJECTION');
Insert into ETRUSTEX.ETR_TB_QUERY_RESULT (QR_ID,QR_KEY,QR_MSG_ID,QR_VALUE) values (238758,'JMS_USER_ID',238754,'sandrotest');
Insert into ETRUSTEX.ETR_TB_QUERY_RESULT (QR_ID,QR_KEY,QR_MSG_ID,QR_VALUE) values (239066,'JMS_TITLE',239064,'dynform_epo_a');
Insert into ETRUSTEX.ETR_TB_QUERY_RESULT (QR_ID,QR_KEY,QR_MSG_ID,QR_VALUE) values (239067,'JMS_BUSINESS_DOC_TYPE',239064,'EPO_Form_A');
Insert into ETRUSTEX.ETR_TB_QUERY_RESULT (QR_ID,QR_KEY,QR_MSG_ID,QR_VALUE) values (239068,'JMS_USER_ID',239064,'admin');
Insert into ETRUSTEX.ETR_TB_QUERY_RESULT (QR_ID,QR_KEY,QR_MSG_ID,QR_VALUE) values (239076,'JMS_TITLE',239074,'dynform_epo_a');
Insert into ETRUSTEX.ETR_TB_QUERY_RESULT (QR_ID,QR_KEY,QR_MSG_ID,QR_VALUE) values (239077,'JMS_BUSINESS_DOC_TYPE',239074,'EVIDENCE_SUBMISSION_REJECTION');
Insert into ETRUSTEX.ETR_TB_QUERY_RESULT (QR_ID,QR_KEY,QR_MSG_ID,QR_VALUE) values (239078,'JMS_USER_ID',239074,'admin');
Insert into ETRUSTEX.ETR_TB_QUERY_RESULT (QR_ID,QR_KEY,QR_MSG_ID,QR_VALUE) values (239093,'JMS_TITLE',239091,'dynform_sc_a');
Insert into ETRUSTEX.ETR_TB_QUERY_RESULT (QR_ID,QR_KEY,QR_MSG_ID,QR_VALUE) values (239094,'JMS_BUSINESS_DOC_TYPE',239091,'SmallClaim_Form_A');
Insert into ETRUSTEX.ETR_TB_QUERY_RESULT (QR_ID,QR_KEY,QR_MSG_ID,QR_VALUE) values (239095,'JMS_USER_ID',239091,'admin');
Insert into ETRUSTEX.ETR_TB_QUERY_RESULT (QR_ID,QR_KEY,QR_MSG_ID,QR_VALUE) values (239109,'JMS_TITLE',239107,'dynform_sc_a');
Insert into ETRUSTEX.ETR_TB_QUERY_RESULT (QR_ID,QR_KEY,QR_MSG_ID,QR_VALUE) values (239110,'JMS_BUSINESS_DOC_TYPE',239107,'SmallClaim_Form_A');
Insert into ETRUSTEX.ETR_TB_QUERY_RESULT (QR_ID,QR_KEY,QR_MSG_ID,QR_VALUE) values (239111,'JMS_USER_ID',239107,'admin');
Insert into ETRUSTEX.ETR_TB_QUERY_RESULT (QR_ID,QR_KEY,QR_MSG_ID,QR_VALUE) values (239119,'JMS_TITLE',239117,'dynform_sc_a');
Insert into ETRUSTEX.ETR_TB_QUERY_RESULT (QR_ID,QR_KEY,QR_MSG_ID,QR_VALUE) values (239120,'JMS_BUSINESS_DOC_TYPE',239117,'EVIDENCE_SUBMISSION_REJECTION');
Insert into ETRUSTEX.ETR_TB_QUERY_RESULT (QR_ID,QR_KEY,QR_MSG_ID,QR_VALUE) values (239121,'JMS_USER_ID',239117,'admin');
Insert into ETRUSTEX.ETR_TB_QUERY_RESULT (QR_ID,QR_KEY,QR_MSG_ID,QR_VALUE) values (239153,'JMS_TITLE',239151,'dynform_epo_a');
Insert into ETRUSTEX.ETR_TB_QUERY_RESULT (QR_ID,QR_KEY,QR_MSG_ID,QR_VALUE) values (239154,'JMS_BUSINESS_DOC_TYPE',239151,'EPO_Form_A');
Insert into ETRUSTEX.ETR_TB_QUERY_RESULT (QR_ID,QR_KEY,QR_MSG_ID,QR_VALUE) values (239155,'JMS_USER_ID',239151,'admin');
Insert into ETRUSTEX.ETR_TB_QUERY_RESULT (QR_ID,QR_KEY,QR_MSG_ID,QR_VALUE) values (239163,'JMS_TITLE',239161,'dynform_epo_a');
Insert into ETRUSTEX.ETR_TB_QUERY_RESULT (QR_ID,QR_KEY,QR_MSG_ID,QR_VALUE) values (239164,'JMS_BUSINESS_DOC_TYPE',239161,'EVIDENCE_SUBMISSION_REJECTION');
Insert into ETRUSTEX.ETR_TB_QUERY_RESULT (QR_ID,QR_KEY,QR_MSG_ID,QR_VALUE) values (239165,'JMS_USER_ID',239161,'admin');
Insert into ETRUSTEX.ETR_TB_QUERY_RESULT (QR_ID,QR_KEY,QR_MSG_ID,QR_VALUE) values (239186,'JMS_TITLE',239184,'dynform_epo_a');
Insert into ETRUSTEX.ETR_TB_QUERY_RESULT (QR_ID,QR_KEY,QR_MSG_ID,QR_VALUE) values (239187,'JMS_BUSINESS_DOC_TYPE',239184,'EPO_Form_A');
Insert into ETRUSTEX.ETR_TB_QUERY_RESULT (QR_ID,QR_KEY,QR_MSG_ID,QR_VALUE) values (239188,'JMS_USER_ID',239184,'admin');
Insert into ETRUSTEX.ETR_TB_QUERY_RESULT (QR_ID,QR_KEY,QR_MSG_ID,QR_VALUE) values (272269,'JMS_TITLE',272267,'dynform_sc_a');
Insert into ETRUSTEX.ETR_TB_QUERY_RESULT (QR_ID,QR_KEY,QR_MSG_ID,QR_VALUE) values (272270,'JMS_BUSINESS_DOC_TYPE',272267,'EVIDENCE_SUBMISSION_REJECTION');
Insert into ETRUSTEX.ETR_TB_QUERY_RESULT (QR_ID,QR_KEY,QR_MSG_ID,QR_VALUE) values (272271,'JMS_USER_ID',272267,'admin');
Insert into ETRUSTEX.ETR_TB_QUERY_RESULT (QR_ID,QR_KEY,QR_MSG_ID,QR_VALUE) values (272295,'JMS_TITLE',272293,'dynform_epo_a');
Insert into ETRUSTEX.ETR_TB_QUERY_RESULT (QR_ID,QR_KEY,QR_MSG_ID,QR_VALUE) values (272296,'JMS_BUSINESS_DOC_TYPE',272293,'EPO_Form_A');
Insert into ETRUSTEX.ETR_TB_QUERY_RESULT (QR_ID,QR_KEY,QR_MSG_ID,QR_VALUE) values (272297,'JMS_USER_ID',272293,'admin');
Insert into ETRUSTEX.ETR_TB_QUERY_RESULT (QR_ID,QR_KEY,QR_MSG_ID,QR_VALUE) values (272305,'JMS_TITLE',272303,'dynform_epo_a');
Insert into ETRUSTEX.ETR_TB_QUERY_RESULT (QR_ID,QR_KEY,QR_MSG_ID,QR_VALUE) values (272306,'JMS_BUSINESS_DOC_TYPE',272303,'EVIDENCE_SUBMISSION_REJECTION');
Insert into ETRUSTEX.ETR_TB_QUERY_RESULT (QR_ID,QR_KEY,QR_MSG_ID,QR_VALUE) values (272307,'JMS_USER_ID',272303,'admin');
Insert into ETRUSTEX.ETR_TB_QUERY_RESULT (QR_ID,QR_KEY,QR_MSG_ID,QR_VALUE) values (274662,'JMS_TITLE',274660,'Submission of EPO Form A');
Insert into ETRUSTEX.ETR_TB_QUERY_RESULT (QR_ID,QR_KEY,QR_MSG_ID,QR_VALUE) values (274663,'JMS_BUSINESS_DOC_TYPE',274660,'EPO_Form_A');
Insert into ETRUSTEX.ETR_TB_QUERY_RESULT (QR_ID,QR_KEY,QR_MSG_ID,QR_VALUE) values (274664,'JMS_USER_ID',274660,'admin');
Insert into ETRUSTEX.ETR_TB_QUERY_RESULT (QR_ID,QR_KEY,QR_MSG_ID,QR_VALUE) values (274672,'JMS_TITLE',274670,'Submission of EPO Form A');
Insert into ETRUSTEX.ETR_TB_QUERY_RESULT (QR_ID,QR_KEY,QR_MSG_ID,QR_VALUE) values (274673,'JMS_BUSINESS_DOC_TYPE',274670,'EVIDENCE_SUBMISSION_REJECTION');
Insert into ETRUSTEX.ETR_TB_QUERY_RESULT (QR_ID,QR_KEY,QR_MSG_ID,QR_VALUE) values (274674,'JMS_USER_ID',274670,'admin');
Insert into ETRUSTEX.ETR_TB_QUERY_RESULT (QR_ID,QR_KEY,QR_MSG_ID,QR_VALUE) values (275394,'JMS_TITLE',275392,'dynform_epo_a');
Insert into ETRUSTEX.ETR_TB_QUERY_RESULT (QR_ID,QR_KEY,QR_MSG_ID,QR_VALUE) values (275395,'JMS_BUSINESS_DOC_TYPE',275392,'EPO_Form_A');
Insert into ETRUSTEX.ETR_TB_QUERY_RESULT (QR_ID,QR_KEY,QR_MSG_ID,QR_VALUE) values (275396,'JMS_USER_ID',275392,'admin');
Insert into ETRUSTEX.ETR_TB_QUERY_RESULT (QR_ID,QR_KEY,QR_MSG_ID,QR_VALUE) values (280170,'JMS_TITLE',280166,'Submission of EPO Form A2');
Insert into ETRUSTEX.ETR_TB_QUERY_RESULT (QR_ID,QR_KEY,QR_MSG_ID,QR_VALUE) values (280171,'JMS_BUSINESS_DOC_TYPE',280166,'EVIDENCE_SUBMISSION_REJECTION');
Insert into ETRUSTEX.ETR_TB_QUERY_RESULT (QR_ID,QR_KEY,QR_MSG_ID,QR_VALUE) values (280172,'JMS_USER_ID',280166,'admin');
Insert into ETRUSTEX.ETR_TB_QUERY_RESULT (QR_ID,QR_KEY,QR_MSG_ID,QR_VALUE) values (283126,'JMS_TITLE',283124,'Submission of EPO Form A DE 2');
Insert into ETRUSTEX.ETR_TB_QUERY_RESULT (QR_ID,QR_KEY,QR_MSG_ID,QR_VALUE) values (283127,'JMS_BUSINESS_DOC_TYPE',283124,'EPO_Form_A');
Insert into ETRUSTEX.ETR_TB_QUERY_RESULT (QR_ID,QR_KEY,QR_MSG_ID,QR_VALUE) values (283128,'JMS_USER_ID',283124,'TEST_RECEIVE_EVIDENCE_USER');
Insert into ETRUSTEX.ETR_TB_QUERY_RESULT (QR_ID,QR_KEY,QR_MSG_ID,QR_VALUE) values (284236,'JMS_BUSINESS_DOC_TYPE',284230,'EVIDENCE_SUBMISSION_REJECTION');
Insert into ETRUSTEX.ETR_TB_QUERY_RESULT (QR_ID,QR_KEY,QR_MSG_ID,QR_VALUE) values (284237,'JMS_USER_ID',284230,'atadmin1');
Insert into ETRUSTEX.ETR_TB_QUERY_RESULT (QR_ID,QR_KEY,QR_MSG_ID,QR_VALUE) values (285082,'JMS_TITLE',285080,'Submission of EPO Form A');
Insert into ETRUSTEX.ETR_TB_QUERY_RESULT (QR_ID,QR_KEY,QR_MSG_ID,QR_VALUE) values (285083,'JMS_BUSINESS_DOC_TYPE',285080,'EPO_Form_A');
Insert into ETRUSTEX.ETR_TB_QUERY_RESULT (QR_ID,QR_KEY,QR_MSG_ID,QR_VALUE) values (285084,'JMS_USER_ID',285080,'admin');
Insert into ETRUSTEX.ETR_TB_QUERY_RESULT (QR_ID,QR_KEY,QR_MSG_ID,QR_VALUE) values (283460,'JMS_TITLE',283458,'Submission of EPO Form A DE 2');
Insert into ETRUSTEX.ETR_TB_QUERY_RESULT (QR_ID,QR_KEY,QR_MSG_ID,QR_VALUE) values (283461,'JMS_BUSINESS_DOC_TYPE',283458,'EPO_Form_A');
Insert into ETRUSTEX.ETR_TB_QUERY_RESULT (QR_ID,QR_KEY,QR_MSG_ID,QR_VALUE) values (99307,'JMS_TITLE',99305,'dynform_sc_a');
Insert into ETRUSTEX.ETR_TB_QUERY_RESULT (QR_ID,QR_KEY,QR_MSG_ID,QR_VALUE) values (283462,'JMS_USER_ID',283458,'TEST_RECEIVE_EVIDENCE_USER');
Insert into ETRUSTEX.ETR_TB_QUERY_RESULT (QR_ID,QR_KEY,QR_MSG_ID,QR_VALUE) values (283745,'JMS_TITLE',283733,'Submission of EPO Form A');
Insert into ETRUSTEX.ETR_TB_QUERY_RESULT (QR_ID,QR_KEY,QR_MSG_ID,QR_VALUE) values (285409,'JMS_TITLE',285407,'Submission of EPO Form A');
Insert into ETRUSTEX.ETR_TB_QUERY_RESULT (QR_ID,QR_KEY,QR_MSG_ID,QR_VALUE) values (285410,'JMS_BUSINESS_DOC_TYPE',285407,'EPO_Form_A');
Insert into ETRUSTEX.ETR_TB_QUERY_RESULT (QR_ID,QR_KEY,QR_MSG_ID,QR_VALUE) values (285411,'JMS_USER_ID',285407,'admin');
Insert into ETRUSTEX.ETR_TB_QUERY_RESULT (QR_ID,QR_KEY,QR_MSG_ID,QR_VALUE) values (285419,'JMS_TITLE',285417,'Submission of EPO Form A');
Insert into ETRUSTEX.ETR_TB_QUERY_RESULT (QR_ID,QR_KEY,QR_MSG_ID,QR_VALUE) values (283746,'JMS_BUSINESS_DOC_TYPE',283733,'EPO_Form_A');
Insert into ETRUSTEX.ETR_TB_QUERY_RESULT (QR_ID,QR_KEY,QR_MSG_ID,QR_VALUE) values (283747,'JMS_USER_ID',283733,'admin');
Insert into ETRUSTEX.ETR_TB_QUERY_RESULT (QR_ID,QR_KEY,QR_MSG_ID,QR_VALUE) values (284181,'JMS_TITLE',284179,'Submission of EPO Form A');
Insert into ETRUSTEX.ETR_TB_QUERY_RESULT (QR_ID,QR_KEY,QR_MSG_ID,QR_VALUE) values (284182,'JMS_BUSINESS_DOC_TYPE',284179,'EVIDENCE_SUBMISSION_REJECTION');
Insert into ETRUSTEX.ETR_TB_QUERY_RESULT (QR_ID,QR_KEY,QR_MSG_ID,QR_VALUE) values (284183,'JMS_USER_ID',284179,'deadmin1');
Insert into ETRUSTEX.ETR_TB_QUERY_RESULT (QR_ID,QR_KEY,QR_MSG_ID,QR_VALUE) values (284235,'JMS_TITLE',284230,'Submission of EPO Form A');
Insert into ETRUSTEX.ETR_TB_QUERY_RESULT (QR_ID,QR_KEY,QR_MSG_ID,QR_VALUE) values (285420,'JMS_BUSINESS_DOC_TYPE',285417,'EVIDENCE_SUBMISSION_REJECTION');
Insert into ETRUSTEX.ETR_TB_QUERY_RESULT (QR_ID,QR_KEY,QR_MSG_ID,QR_VALUE) values (285421,'JMS_USER_ID',285417,'admin');
Insert into ETRUSTEX.ETR_TB_QUERY_RESULT (QR_ID,QR_KEY,QR_MSG_ID,QR_VALUE) values (285516,'JMS_TITLE',285514,'Greg Submission of EPO Form A 19/06/2014 12345679890 12345679890 12345679890 12345679890 12345679890 12345679890 12345679890 12345679890 12345679890 12345679890 12345679890');
Insert into ETRUSTEX.ETR_TB_QUERY_RESULT (QR_ID,QR_KEY,QR_MSG_ID,QR_VALUE) values (285517,'JMS_BUSINESS_DOC_TYPE',285514,'EPO_Form_A');
Insert into ETRUSTEX.ETR_TB_QUERY_RESULT (QR_ID,QR_KEY,QR_MSG_ID,QR_VALUE) values (285518,'JMS_USER_ID',285514,'admin');
Insert into ETRUSTEX.ETR_TB_QUERY_RESULT (QR_ID,QR_KEY,QR_MSG_ID,QR_VALUE) values (285572,'JMS_TITLE',285567,'Submission of EPO Form A');
Insert into ETRUSTEX.ETR_TB_QUERY_RESULT (QR_ID,QR_KEY,QR_MSG_ID,QR_VALUE) values (285573,'JMS_BUSINESS_DOC_TYPE',285567,'EVIDENCE_SUBMISSION_REJECTION');
Insert into ETRUSTEX.ETR_TB_QUERY_RESULT (QR_ID,QR_KEY,QR_MSG_ID,QR_VALUE) values (285574,'JMS_USER_ID',285567,'admin');
Insert into ETRUSTEX.ETR_TB_QUERY_RESULT (QR_ID,QR_KEY,QR_MSG_ID,QR_VALUE) values (285662,'JMS_TITLE',285660,'Submission of EPO Form A');
Insert into ETRUSTEX.ETR_TB_QUERY_RESULT (QR_ID,QR_KEY,QR_MSG_ID,QR_VALUE) values (285663,'JMS_BUSINESS_DOC_TYPE',285660,'EVIDENCE_SUBMISSION_REJECTION');
Insert into ETRUSTEX.ETR_TB_QUERY_RESULT (QR_ID,QR_KEY,QR_MSG_ID,QR_VALUE) values (285664,'JMS_USER_ID',285660,'admin');
Insert into ETRUSTEX.ETR_TB_QUERY_RESULT (QR_ID,QR_KEY,QR_MSG_ID,QR_VALUE) values (285676,'JMS_TITLE',285674,'Submission of EPO Form A');
Insert into ETRUSTEX.ETR_TB_QUERY_RESULT (QR_ID,QR_KEY,QR_MSG_ID,QR_VALUE) values (285677,'JMS_BUSINESS_DOC_TYPE',285674,'EPO_Form_A');
Insert into ETRUSTEX.ETR_TB_QUERY_RESULT (QR_ID,QR_KEY,QR_MSG_ID,QR_VALUE) values (285678,'JMS_USER_ID',285674,'euadmin1');
Insert into ETRUSTEX.ETR_TB_QUERY_RESULT (QR_ID,QR_KEY,QR_MSG_ID,QR_VALUE) values (285771,'JMS_TITLE',285769,'Submission of EPO Form A');
Insert into ETRUSTEX.ETR_TB_QUERY_RESULT (QR_ID,QR_KEY,QR_MSG_ID,QR_VALUE) values (285772,'JMS_BUSINESS_DOC_TYPE',285769,'EVIDENCE_SUBMISSION_REJECTION');
Insert into ETRUSTEX.ETR_TB_QUERY_RESULT (QR_ID,QR_KEY,QR_MSG_ID,QR_VALUE) values (285773,'JMS_USER_ID',285769,'eupublisher2');
Insert into ETRUSTEX.ETR_TB_QUERY_RESULT (QR_ID,QR_KEY,QR_MSG_ID,QR_VALUE) values (285820,'JMS_TITLE',285818,'Submission of EPO Form A');
Insert into ETRUSTEX.ETR_TB_QUERY_RESULT (QR_ID,QR_KEY,QR_MSG_ID,QR_VALUE) values (285821,'JMS_BUSINESS_DOC_TYPE',285818,'EPO_Form_A');
Insert into ETRUSTEX.ETR_TB_QUERY_RESULT (QR_ID,QR_KEY,QR_MSG_ID,QR_VALUE) values (285822,'JMS_USER_ID',285818,'eupublisher4');
Insert into ETRUSTEX.ETR_TB_QUERY_RESULT (QR_ID,QR_KEY,QR_MSG_ID,QR_VALUE) values (285830,'JMS_TITLE',285828,'Submission of EPO Form A');
Insert into ETRUSTEX.ETR_TB_QUERY_RESULT (QR_ID,QR_KEY,QR_MSG_ID,QR_VALUE) values (285831,'JMS_BUSINESS_DOC_TYPE',285828,'EVIDENCE_SUBMISSION_REJECTION');
Insert into ETRUSTEX.ETR_TB_QUERY_RESULT (QR_ID,QR_KEY,QR_MSG_ID,QR_VALUE) values (285832,'JMS_USER_ID',285828,'eupublisher4');
Insert into ETRUSTEX.ETR_TB_QUERY_RESULT (QR_ID,QR_KEY,QR_MSG_ID,QR_VALUE) values (285844,'JMS_TITLE',285842,'Submission of EPO Form A');
Insert into ETRUSTEX.ETR_TB_QUERY_RESULT (QR_ID,QR_KEY,QR_MSG_ID,QR_VALUE) values (285845,'JMS_BUSINESS_DOC_TYPE',285842,'EPO_Form_A');
Insert into ETRUSTEX.ETR_TB_QUERY_RESULT (QR_ID,QR_KEY,QR_MSG_ID,QR_VALUE) values (285846,'JMS_USER_ID',285842,'eupublisher5');
Insert into ETRUSTEX.ETR_TB_QUERY_RESULT (QR_ID,QR_KEY,QR_MSG_ID,QR_VALUE) values (285997,'JMS_TITLE',285995,'Submission of EPO Form A');
Insert into ETRUSTEX.ETR_TB_QUERY_RESULT (QR_ID,QR_KEY,QR_MSG_ID,QR_VALUE) values (285998,'JMS_BUSINESS_DOC_TYPE',285995,'EVIDENCE_RELAY_REMMD_ACCEPTANCE');
Insert into ETRUSTEX.ETR_TB_QUERY_RESULT (QR_ID,QR_KEY,QR_MSG_ID,QR_VALUE) values (285999,'JMS_USER_ID',285995,'admin');
Insert into ETRUSTEX.ETR_TB_QUERY_RESULT (QR_ID,QR_KEY,QR_MSG_ID,QR_VALUE) values (286005,'JMS_TITLE',286003,'Submission of EPO Form A');
Insert into ETRUSTEX.ETR_TB_QUERY_RESULT (QR_ID,QR_KEY,QR_MSG_ID,QR_VALUE) values (286006,'JMS_BUSINESS_DOC_TYPE',286003,'EVIDENCE_DELIVERY');
Insert into ETRUSTEX.ETR_TB_QUERY_RESULT (QR_ID,QR_KEY,QR_MSG_ID,QR_VALUE) values (286007,'JMS_USER_ID',286003,'admin');
Insert into ETRUSTEX.ETR_TB_QUERY_RESULT (QR_ID,QR_KEY,QR_MSG_ID,QR_VALUE) values (287607,'JMS_TITLE',287605,'Submission of EPO Form A DE 3');
Insert into ETRUSTEX.ETR_TB_QUERY_RESULT (QR_ID,QR_KEY,QR_MSG_ID,QR_VALUE) values (287608,'JMS_BUSINESS_DOC_TYPE',287605,'EVIDENCE_RELAY_REMMD_ACCEPTANCE');
Insert into ETRUSTEX.ETR_TB_QUERY_RESULT (QR_ID,QR_KEY,QR_MSG_ID,QR_VALUE) values (287615,'JMS_TITLE',287613,'Submission of EPO Form A DE 3');
Insert into ETRUSTEX.ETR_TB_QUERY_RESULT (QR_ID,QR_KEY,QR_MSG_ID,QR_VALUE) values (287609,'JMS_USER_ID',287605,'admin');
Insert into ETRUSTEX.ETR_TB_QUERY_RESULT (QR_ID,QR_KEY,QR_MSG_ID,QR_VALUE) values (287616,'JMS_BUSINESS_DOC_TYPE',287613,'EVIDENCE_DELIVERY');
Insert into ETRUSTEX.ETR_TB_QUERY_RESULT (QR_ID,QR_KEY,QR_MSG_ID,QR_VALUE) values (287617,'JMS_USER_ID',287613,'admin');
Insert into ETRUSTEX.ETR_TB_QUERY_RESULT (QR_ID,QR_KEY,QR_MSG_ID,QR_VALUE) values (392620,'JMS_TITLE',392615,'Submission of Small Claim Form A');
Insert into ETRUSTEX.ETR_TB_QUERY_RESULT (QR_ID,QR_KEY,QR_MSG_ID,QR_VALUE) values (392621,'JMS_BUSINESS_DOC_TYPE',392615,'EVIDENCE_SUBMISSION_REJECTION');
Insert into ETRUSTEX.ETR_TB_QUERY_RESULT (QR_ID,QR_KEY,QR_MSG_ID,QR_VALUE) values (392622,'JMS_USER_ID',392615,'admin');
Insert into ETRUSTEX.ETR_TB_QUERY_RESULT (QR_ID,QR_KEY,QR_MSG_ID,QR_VALUE) values (394196,'JMS_TITLE',394194,'Submission of EPO Form A');
Insert into ETRUSTEX.ETR_TB_QUERY_RESULT (QR_ID,QR_KEY,QR_MSG_ID,QR_VALUE) values (394197,'JMS_BUSINESS_DOC_TYPE',394194,'EPO_Form_A');
Insert into ETRUSTEX.ETR_TB_QUERY_RESULT (QR_ID,QR_KEY,QR_MSG_ID,QR_VALUE) values (394198,'JMS_USER_ID',394194,'admin');
Insert into ETRUSTEX.ETR_TB_QUERY_RESULT (QR_ID,QR_KEY,QR_MSG_ID,QR_VALUE) values (394206,'JMS_TITLE',394204,'Submission of EPO Form A');
Insert into ETRUSTEX.ETR_TB_QUERY_RESULT (QR_ID,QR_KEY,QR_MSG_ID,QR_VALUE) values (394207,'JMS_BUSINESS_DOC_TYPE',394204,'EVIDENCE_SUBMISSION_REJECTION');
Insert into ETRUSTEX.ETR_TB_QUERY_RESULT (QR_ID,QR_KEY,QR_MSG_ID,QR_VALUE) values (394208,'JMS_USER_ID',394204,'admin');
Insert into ETRUSTEX.ETR_TB_QUERY_RESULT (QR_ID,QR_KEY,QR_MSG_ID,QR_VALUE) values (394415,'JMS_TITLE',394413,'Submission of EPO Form A');
Insert into ETRUSTEX.ETR_TB_QUERY_RESULT (QR_ID,QR_KEY,QR_MSG_ID,QR_VALUE) values (394416,'JMS_BUSINESS_DOC_TYPE',394413,'EVIDENCE_SUBMISSION_REJECTION');
Insert into ETRUSTEX.ETR_TB_QUERY_RESULT (QR_ID,QR_KEY,QR_MSG_ID,QR_VALUE) values (394417,'JMS_USER_ID',394413,'depublisher1');
Insert into ETRUSTEX.ETR_TB_QUERY_RESULT (QR_ID,QR_KEY,QR_MSG_ID,QR_VALUE) values (99282,'JMS_BUSINESS_DOC_TYPE',99279,'EPO_Form_A');
Insert into ETRUSTEX.ETR_TB_QUERY_RESULT (QR_ID,QR_KEY,QR_MSG_ID,QR_VALUE) values (99283,'JMS_USER_ID',99279,'beadmin1');
Insert into ETRUSTEX.ETR_TB_QUERY_RESULT (QR_ID,QR_KEY,QR_MSG_ID,QR_VALUE) values (99297,'JMS_TITLE',99295,'dynform_sc_a');
Insert into ETRUSTEX.ETR_TB_QUERY_RESULT (QR_ID,QR_KEY,QR_MSG_ID,QR_VALUE) values (99298,'JMS_BUSINESS_DOC_TYPE',99295,'SmallClaim_Form_A');
Insert into ETRUSTEX.ETR_TB_QUERY_RESULT (QR_ID,QR_KEY,QR_MSG_ID,QR_VALUE) values (99299,'JMS_USER_ID',99295,'beadmin1');
Insert into ETRUSTEX.ETR_TB_QUERY_RESULT (QR_ID,QR_KEY,QR_MSG_ID,QR_VALUE) values (99382,'JMS_TITLE',99380,'dynform_epo_a');
Insert into ETRUSTEX.ETR_TB_QUERY_RESULT (QR_ID,QR_KEY,QR_MSG_ID,QR_VALUE) values (99383,'JMS_BUSINESS_DOC_TYPE',99380,'EPO_Form_A');
Insert into ETRUSTEX.ETR_TB_QUERY_RESULT (QR_ID,QR_KEY,QR_MSG_ID,QR_VALUE) values (99384,'JMS_USER_ID',99380,'esadmin1');
Insert into ETRUSTEX.ETR_TB_QUERY_RESULT (QR_ID,QR_KEY,QR_MSG_ID,QR_VALUE) values (99404,'JMS_TITLE',99402,'dynform_sc_a');
Insert into ETRUSTEX.ETR_TB_QUERY_RESULT (QR_ID,QR_KEY,QR_MSG_ID,QR_VALUE) values (99405,'JMS_BUSINESS_DOC_TYPE',99402,'SmallClaim_Form_A');
Insert into ETRUSTEX.ETR_TB_QUERY_RESULT (QR_ID,QR_KEY,QR_MSG_ID,QR_VALUE) values (99406,'JMS_USER_ID',99402,'esadmin1');
Insert into ETRUSTEX.ETR_TB_QUERY_RESULT (QR_ID,QR_KEY,QR_MSG_ID,QR_VALUE) values (99414,'JMS_TITLE',99412,'dynform_sc_a');
Insert into ETRUSTEX.ETR_TB_QUERY_RESULT (QR_ID,QR_KEY,QR_MSG_ID,QR_VALUE) values (99415,'JMS_BUSINESS_DOC_TYPE',99412,'EVIDENCE_SUBMISSION_REJECTION');
Insert into ETRUSTEX.ETR_TB_QUERY_RESULT (QR_ID,QR_KEY,QR_MSG_ID,QR_VALUE) values (99416,'JMS_USER_ID',99412,'esadmin1');
Insert into ETRUSTEX.ETR_TB_QUERY_RESULT (QR_ID,QR_KEY,QR_MSG_ID,QR_VALUE) values (99473,'JMS_TITLE',99471,'dynform_sc_a');
Insert into ETRUSTEX.ETR_TB_QUERY_RESULT (QR_ID,QR_KEY,QR_MSG_ID,QR_VALUE) values (99474,'JMS_BUSINESS_DOC_TYPE',99471,'SmallClaim_Form_A');
Insert into ETRUSTEX.ETR_TB_QUERY_RESULT (QR_ID,QR_KEY,QR_MSG_ID,QR_VALUE) values (99475,'JMS_USER_ID',99471,'admin');
Insert into ETRUSTEX.ETR_TB_QUERY_RESULT (QR_ID,QR_KEY,QR_MSG_ID,QR_VALUE) values (99923,'JMS_TITLE',99921,'dynform_epo_a');
Insert into ETRUSTEX.ETR_TB_QUERY_RESULT (QR_ID,QR_KEY,QR_MSG_ID,QR_VALUE) values (99924,'JMS_BUSINESS_DOC_TYPE',99921,'EPO_Form_A');
Insert into ETRUSTEX.ETR_TB_QUERY_RESULT (QR_ID,QR_KEY,QR_MSG_ID,QR_VALUE) values (99925,'JMS_USER_ID',99921,'admin');
Insert into ETRUSTEX.ETR_TB_QUERY_RESULT (QR_ID,QR_KEY,QR_MSG_ID,QR_VALUE) values (99933,'JMS_TITLE',99931,'dynform_epo_a');
Insert into ETRUSTEX.ETR_TB_QUERY_RESULT (QR_ID,QR_KEY,QR_MSG_ID,QR_VALUE) values (99934,'JMS_BUSINESS_DOC_TYPE',99931,'EVIDENCE_SUBMISSION_REJECTION');
Insert into ETRUSTEX.ETR_TB_QUERY_RESULT (QR_ID,QR_KEY,QR_MSG_ID,QR_VALUE) values (99935,'JMS_USER_ID',99931,'admin');
Insert into ETRUSTEX.ETR_TB_QUERY_RESULT (QR_ID,QR_KEY,QR_MSG_ID,QR_VALUE) values (101443,'JMS_TITLE',101441,'dynform_epo_a');
Insert into ETRUSTEX.ETR_TB_QUERY_RESULT (QR_ID,QR_KEY,QR_MSG_ID,QR_VALUE) values (101444,'JMS_BUSINESS_DOC_TYPE',101441,'EPO_Form_A');
Insert into ETRUSTEX.ETR_TB_QUERY_RESULT (QR_ID,QR_KEY,QR_MSG_ID,QR_VALUE) values (101445,'JMS_USER_ID',101441,'admin');
Insert into ETRUSTEX.ETR_TB_QUERY_RESULT (QR_ID,QR_KEY,QR_MSG_ID,QR_VALUE) values (101453,'JMS_TITLE',101451,'dynform_epo_a');
Insert into ETRUSTEX.ETR_TB_QUERY_RESULT (QR_ID,QR_KEY,QR_MSG_ID,QR_VALUE) values (101454,'JMS_BUSINESS_DOC_TYPE',101451,'EVIDENCE_SUBMISSION_REJECTION');
Insert into ETRUSTEX.ETR_TB_QUERY_RESULT (QR_ID,QR_KEY,QR_MSG_ID,QR_VALUE) values (101455,'JMS_USER_ID',101451,'admin');
Insert into ETRUSTEX.ETR_TB_QUERY_RESULT (QR_ID,QR_KEY,QR_MSG_ID,QR_VALUE) values (101477,'JMS_TITLE',101475,'dynform_epo_a');
Insert into ETRUSTEX.ETR_TB_QUERY_RESULT (QR_ID,QR_KEY,QR_MSG_ID,QR_VALUE) values (101478,'JMS_BUSINESS_DOC_TYPE',101475,'EVIDENCE_SUBMISSION_REJECTION');
Insert into ETRUSTEX.ETR_TB_QUERY_RESULT (QR_ID,QR_KEY,QR_MSG_ID,QR_VALUE) values (101479,'JMS_USER_ID',101475,'esadmin1');
Insert into ETRUSTEX.ETR_TB_QUERY_RESULT (QR_ID,QR_KEY,QR_MSG_ID,QR_VALUE) values (102897,'JMS_TITLE',102895,'dynform_epo_a');
Insert into ETRUSTEX.ETR_TB_QUERY_RESULT (QR_ID,QR_KEY,QR_MSG_ID,QR_VALUE) values (102898,'JMS_BUSINESS_DOC_TYPE',102895,'EPO_Form_A');
Insert into ETRUSTEX.ETR_TB_QUERY_RESULT (QR_ID,QR_KEY,QR_MSG_ID,QR_VALUE) values (102899,'JMS_USER_ID',102895,'admin');
Insert into ETRUSTEX.ETR_TB_QUERY_RESULT (QR_ID,QR_KEY,QR_MSG_ID,QR_VALUE) values (102907,'JMS_TITLE',102905,'dynform_epo_a');
Insert into ETRUSTEX.ETR_TB_QUERY_RESULT (QR_ID,QR_KEY,QR_MSG_ID,QR_VALUE) values (102908,'JMS_BUSINESS_DOC_TYPE',102905,'EVIDENCE_SUBMISSION_REJECTION');
Insert into ETRUSTEX.ETR_TB_QUERY_RESULT (QR_ID,QR_KEY,QR_MSG_ID,QR_VALUE) values (102909,'JMS_USER_ID',102905,'admin');
Insert into ETRUSTEX.ETR_TB_QUERY_RESULT (QR_ID,QR_KEY,QR_MSG_ID,QR_VALUE) values (102967,'JMS_TITLE',102965,'dynform_epo_a');
Insert into ETRUSTEX.ETR_TB_QUERY_RESULT (QR_ID,QR_KEY,QR_MSG_ID,QR_VALUE) values (102968,'JMS_BUSINESS_DOC_TYPE',102965,'EPO_Form_A');
Insert into ETRUSTEX.ETR_TB_QUERY_RESULT (QR_ID,QR_KEY,QR_MSG_ID,QR_VALUE) values (102969,'JMS_USER_ID',102965,'admin');
Insert into ETRUSTEX.ETR_TB_QUERY_RESULT (QR_ID,QR_KEY,QR_MSG_ID,QR_VALUE) values (103035,'JMS_TITLE',103033,'dynform_epo_a');
Insert into ETRUSTEX.ETR_TB_QUERY_RESULT (QR_ID,QR_KEY,QR_MSG_ID,QR_VALUE) values (103036,'JMS_BUSINESS_DOC_TYPE',103033,'EPO_Form_A');
Insert into ETRUSTEX.ETR_TB_QUERY_RESULT (QR_ID,QR_KEY,QR_MSG_ID,QR_VALUE) values (103037,'JMS_USER_ID',103033,'admin');
Insert into ETRUSTEX.ETR_TB_QUERY_RESULT (QR_ID,QR_KEY,QR_MSG_ID,QR_VALUE) values (103054,'JMS_TITLE',103052,'dynform_sc_a');
Insert into ETRUSTEX.ETR_TB_QUERY_RESULT (QR_ID,QR_KEY,QR_MSG_ID,QR_VALUE) values (103055,'JMS_BUSINESS_DOC_TYPE',103052,'SmallClaim_Form_A');
Insert into ETRUSTEX.ETR_TB_QUERY_RESULT (QR_ID,QR_KEY,QR_MSG_ID,QR_VALUE) values (103056,'JMS_USER_ID',103052,'admin');
Insert into ETRUSTEX.ETR_TB_QUERY_RESULT (QR_ID,QR_KEY,QR_MSG_ID,QR_VALUE) values (103070,'JMS_TITLE',103068,'dynform_epo_a');
Insert into ETRUSTEX.ETR_TB_QUERY_RESULT (QR_ID,QR_KEY,QR_MSG_ID,QR_VALUE) values (103071,'JMS_BUSINESS_DOC_TYPE',103068,'EPO_Form_A');
Insert into ETRUSTEX.ETR_TB_QUERY_RESULT (QR_ID,QR_KEY,QR_MSG_ID,QR_VALUE) values (103072,'JMS_USER_ID',103068,'admin');
Insert into ETRUSTEX.ETR_TB_QUERY_RESULT (QR_ID,QR_KEY,QR_MSG_ID,QR_VALUE) values (103086,'JMS_TITLE',103084,'dynform_sc_a');
Insert into ETRUSTEX.ETR_TB_QUERY_RESULT (QR_ID,QR_KEY,QR_MSG_ID,QR_VALUE) values (103087,'JMS_BUSINESS_DOC_TYPE',103084,'SmallClaim_Form_A');
Insert into ETRUSTEX.ETR_TB_QUERY_RESULT (QR_ID,QR_KEY,QR_MSG_ID,QR_VALUE) values (103088,'JMS_USER_ID',103084,'admin');
Insert into ETRUSTEX.ETR_TB_QUERY_RESULT (QR_ID,QR_KEY,QR_MSG_ID,QR_VALUE) values (103114,'JMS_TITLE',103112,'dynform_epo_a');
Insert into ETRUSTEX.ETR_TB_QUERY_RESULT (QR_ID,QR_KEY,QR_MSG_ID,QR_VALUE) values (99281,'JMS_TITLE',99279,'dynform_epo_a');
Insert into ETRUSTEX.ETR_TB_QUERY_RESULT (QR_ID,QR_KEY,QR_MSG_ID,QR_VALUE) values (103115,'JMS_BUSINESS_DOC_TYPE',103112,'EPO_Form_A');
Insert into ETRUSTEX.ETR_TB_QUERY_RESULT (QR_ID,QR_KEY,QR_MSG_ID,QR_VALUE) values (103116,'JMS_USER_ID',103112,'esadmin1');
Insert into ETRUSTEX.ETR_TB_QUERY_RESULT (QR_ID,QR_KEY,QR_MSG_ID,QR_VALUE) values (103262,'JMS_TITLE',103260,'dynform_sc_a');
Insert into ETRUSTEX.ETR_TB_QUERY_RESULT (QR_ID,QR_KEY,QR_MSG_ID,QR_VALUE) values (103263,'JMS_BUSINESS_DOC_TYPE',103260,'SmallClaim_Form_A');
Insert into ETRUSTEX.ETR_TB_QUERY_RESULT (QR_ID,QR_KEY,QR_MSG_ID,QR_VALUE) values (103264,'JMS_USER_ID',103260,'admin');
Insert into ETRUSTEX.ETR_TB_QUERY_RESULT (QR_ID,QR_KEY,QR_MSG_ID,QR_VALUE) values (103318,'JMS_TITLE',103316,'dynform_epo_a');
Insert into ETRUSTEX.ETR_TB_QUERY_RESULT (QR_ID,QR_KEY,QR_MSG_ID,QR_VALUE) values (103319,'JMS_BUSINESS_DOC_TYPE',103316,'EPO_Form_A');
Insert into ETRUSTEX.ETR_TB_QUERY_RESULT (QR_ID,QR_KEY,QR_MSG_ID,QR_VALUE) values (103320,'JMS_USER_ID',103316,'admin');
Insert into ETRUSTEX.ETR_TB_QUERY_RESULT (QR_ID,QR_KEY,QR_MSG_ID,QR_VALUE) values (103491,'JMS_TITLE',103489,'dynform_epo_a');
Insert into ETRUSTEX.ETR_TB_QUERY_RESULT (QR_ID,QR_KEY,QR_MSG_ID,QR_VALUE) values (103492,'JMS_BUSINESS_DOC_TYPE',103489,'EPO_Form_A');
Insert into ETRUSTEX.ETR_TB_QUERY_RESULT (QR_ID,QR_KEY,QR_MSG_ID,QR_VALUE) values (103493,'JMS_USER_ID',103489,'admin');
Insert into ETRUSTEX.ETR_TB_QUERY_RESULT (QR_ID,QR_KEY,QR_MSG_ID,QR_VALUE) values (117143,'JMS_TITLE',117141,'dynform_epo_a');
Insert into ETRUSTEX.ETR_TB_QUERY_RESULT (QR_ID,QR_KEY,QR_MSG_ID,QR_VALUE) values (117144,'JMS_BUSINESS_DOC_TYPE',117141,'EPO_Form_A');
Insert into ETRUSTEX.ETR_TB_QUERY_RESULT (QR_ID,QR_KEY,QR_MSG_ID,QR_VALUE) values (117145,'JMS_USER_ID',117141,'esadmin1');
Insert into ETRUSTEX.ETR_TB_QUERY_RESULT (QR_ID,QR_KEY,QR_MSG_ID,QR_VALUE) values (188626,'JMS_TITLE',188624,'dynform_epo_a');
Insert into ETRUSTEX.ETR_TB_QUERY_RESULT (QR_ID,QR_KEY,QR_MSG_ID,QR_VALUE) values (188627,'JMS_BUSINESS_DOC_TYPE',188624,'EPO_Form_A');
Insert into ETRUSTEX.ETR_TB_QUERY_RESULT (QR_ID,QR_KEY,QR_MSG_ID,QR_VALUE) values (188628,'JMS_USER_ID',188624,'admin');
Insert into ETRUSTEX.ETR_TB_QUERY_RESULT (QR_ID,QR_KEY,QR_MSG_ID,QR_VALUE) values (228384,'JMS_TITLE',228375,'dynform_epo_a');
Insert into ETRUSTEX.ETR_TB_QUERY_RESULT (QR_ID,QR_KEY,QR_MSG_ID,QR_VALUE) values (228386,'JMS_BUSINESS_DOC_TYPE',228375,'EPO_Form_A');
Insert into ETRUSTEX.ETR_TB_QUERY_RESULT (QR_ID,QR_KEY,QR_MSG_ID,QR_VALUE) values (228387,'JMS_USER_ID',228375,'admin');
Insert into ETRUSTEX.ETR_TB_QUERY_RESULT (QR_ID,QR_KEY,QR_MSG_ID,QR_VALUE) values (228463,'JMS_TITLE',228459,'dynform_epo_a');
Insert into ETRUSTEX.ETR_TB_QUERY_RESULT (QR_ID,QR_KEY,QR_MSG_ID,QR_VALUE) values (228464,'JMS_BUSINESS_DOC_TYPE',228459,'EPO_Form_A');
Insert into ETRUSTEX.ETR_TB_QUERY_RESULT (QR_ID,QR_KEY,QR_MSG_ID,QR_VALUE) values (228465,'JMS_USER_ID',228459,'admin');
Insert into ETRUSTEX.ETR_TB_QUERY_RESULT (QR_ID,QR_KEY,QR_MSG_ID,QR_VALUE) values (235854,'JMS_TITLE',235852,'dynform_epo_a');
Insert into ETRUSTEX.ETR_TB_QUERY_RESULT (QR_ID,QR_KEY,QR_MSG_ID,QR_VALUE) values (235855,'JMS_BUSINESS_DOC_TYPE',235852,'EPO_Form_A');
Insert into ETRUSTEX.ETR_TB_QUERY_RESULT (QR_ID,QR_KEY,QR_MSG_ID,QR_VALUE) values (235856,'JMS_USER_ID',235852,'admin');
Insert into ETRUSTEX.ETR_TB_QUERY_RESULT (QR_ID,QR_KEY,QR_MSG_ID,QR_VALUE) values (235917,'JMS_TITLE',235915,'dynform_epo_a');
Insert into ETRUSTEX.ETR_TB_QUERY_RESULT (QR_ID,QR_KEY,QR_MSG_ID,QR_VALUE) values (235918,'JMS_BUSINESS_DOC_TYPE',235915,'EPO_Form_A');
Insert into ETRUSTEX.ETR_TB_QUERY_RESULT (QR_ID,QR_KEY,QR_MSG_ID,QR_VALUE) values (235919,'JMS_USER_ID',235915,'beadmin1');
Insert into ETRUSTEX.ETR_TB_QUERY_RESULT (QR_ID,QR_KEY,QR_MSG_ID,QR_VALUE) values (236013,'JMS_TITLE',236011,'dynform_epo_a');
Insert into ETRUSTEX.ETR_TB_QUERY_RESULT (QR_ID,QR_KEY,QR_MSG_ID,QR_VALUE) values (236014,'JMS_BUSINESS_DOC_TYPE',236011,'EPO_Form_A');
Insert into ETRUSTEX.ETR_TB_QUERY_RESULT (QR_ID,QR_KEY,QR_MSG_ID,QR_VALUE) values (236015,'JMS_USER_ID',236011,'skadmin1');
Insert into ETRUSTEX.ETR_TB_QUERY_RESULT (QR_ID,QR_KEY,QR_MSG_ID,QR_VALUE) values (236163,'JMS_TITLE',236161,'dynform_sc_a');
Insert into ETRUSTEX.ETR_TB_QUERY_RESULT (QR_ID,QR_KEY,QR_MSG_ID,QR_VALUE) values (236164,'JMS_BUSINESS_DOC_TYPE',236161,'SmallClaim_Form_A');
Insert into ETRUSTEX.ETR_TB_QUERY_RESULT (QR_ID,QR_KEY,QR_MSG_ID,QR_VALUE) values (236165,'JMS_USER_ID',236161,'esadmin1');
Insert into ETRUSTEX.ETR_TB_QUERY_RESULT (QR_ID,QR_KEY,QR_MSG_ID,QR_VALUE) values (236185,'JMS_TITLE',236183,'dynform_epo_a');
Insert into ETRUSTEX.ETR_TB_QUERY_RESULT (QR_ID,QR_KEY,QR_MSG_ID,QR_VALUE) values (236186,'JMS_BUSINESS_DOC_TYPE',236183,'EPO_Form_A');
Insert into ETRUSTEX.ETR_TB_QUERY_RESULT (QR_ID,QR_KEY,QR_MSG_ID,QR_VALUE) values (236187,'JMS_USER_ID',236183,'esadmin1');
Insert into ETRUSTEX.ETR_TB_QUERY_RESULT (QR_ID,QR_KEY,QR_MSG_ID,QR_VALUE) values (238339,'JMS_TITLE',238337,'dynform_epo_a');
Insert into ETRUSTEX.ETR_TB_QUERY_RESULT (QR_ID,QR_KEY,QR_MSG_ID,QR_VALUE) values (238340,'JMS_BUSINESS_DOC_TYPE',238337,'EPO_Form_A');
Insert into ETRUSTEX.ETR_TB_QUERY_RESULT (QR_ID,QR_KEY,QR_MSG_ID,QR_VALUE) values (238341,'JMS_USER_ID',238337,'admin');
Insert into ETRUSTEX.ETR_TB_QUERY_RESULT (QR_ID,QR_KEY,QR_MSG_ID,QR_VALUE) values (238383,'JMS_TITLE',238381,'dynform_epo_a');
Insert into ETRUSTEX.ETR_TB_QUERY_RESULT (QR_ID,QR_KEY,QR_MSG_ID,QR_VALUE) values (238384,'JMS_BUSINESS_DOC_TYPE',238381,'EPO_Form_A');
Insert into ETRUSTEX.ETR_TB_QUERY_RESULT (QR_ID,QR_KEY,QR_MSG_ID,QR_VALUE) values (238385,'JMS_USER_ID',238381,'admin');
Insert into ETRUSTEX.ETR_TB_QUERY_RESULT (QR_ID,QR_KEY,QR_MSG_ID,QR_VALUE) values (238725,'JMS_TITLE',238721,'dynform_epo_a');
Insert into ETRUSTEX.ETR_TB_QUERY_RESULT (QR_ID,QR_KEY,QR_MSG_ID,QR_VALUE) values (238726,'JMS_BUSINESS_DOC_TYPE',238721,'EVIDENCE_RELAY_REMMD_FAILURE');
Insert into ETRUSTEX.ETR_TB_QUERY_RESULT (QR_ID,QR_KEY,QR_MSG_ID,QR_VALUE) values (238727,'JMS_USER_ID',238721,'bgadmin1');
Insert into ETRUSTEX.ETR_TB_QUERY_RESULT (QR_ID,QR_KEY,QR_MSG_ID,QR_VALUE) values (239486,'JMS_TITLE',239484,'dynform_epo_a');
Insert into ETRUSTEX.ETR_TB_QUERY_RESULT (QR_ID,QR_KEY,QR_MSG_ID,QR_VALUE) values (239487,'JMS_BUSINESS_DOC_TYPE',239484,'EPO_Form_A');
Insert into ETRUSTEX.ETR_TB_QUERY_RESULT (QR_ID,QR_KEY,QR_MSG_ID,QR_VALUE) values (239488,'JMS_USER_ID',239484,'admin');
Insert into ETRUSTEX.ETR_TB_QUERY_RESULT (QR_ID,QR_KEY,QR_MSG_ID,QR_VALUE) values (240863,'JMS_TITLE',240861,'dynform_epo_a');
Insert into ETRUSTEX.ETR_TB_QUERY_RESULT (QR_ID,QR_KEY,QR_MSG_ID,QR_VALUE) values (240864,'JMS_BUSINESS_DOC_TYPE',240861,'EVIDENCE_SUBMISSION_REJECTION');
Insert into ETRUSTEX.ETR_TB_QUERY_RESULT (QR_ID,QR_KEY,QR_MSG_ID,QR_VALUE) values (240865,'JMS_USER_ID',240861,'admin');
Insert into ETRUSTEX.ETR_TB_QUERY_RESULT (QR_ID,QR_KEY,QR_MSG_ID,QR_VALUE) values (241079,'JMS_TITLE',241077,'dynform_epo_a');
Insert into ETRUSTEX.ETR_TB_QUERY_RESULT (QR_ID,QR_KEY,QR_MSG_ID,QR_VALUE) values (241080,'JMS_BUSINESS_DOC_TYPE',241077,'EVIDENCE_SUBMISSION_REJECTION');
Insert into ETRUSTEX.ETR_TB_QUERY_RESULT (QR_ID,QR_KEY,QR_MSG_ID,QR_VALUE) values (241081,'JMS_USER_ID',241077,'admin');
Insert into ETRUSTEX.ETR_TB_QUERY_RESULT (QR_ID,QR_KEY,QR_MSG_ID,QR_VALUE) values (242780,'JMS_TITLE',242778,'dynform_epo_a');
Insert into ETRUSTEX.ETR_TB_QUERY_RESULT (QR_ID,QR_KEY,QR_MSG_ID,QR_VALUE) values (242781,'JMS_BUSINESS_DOC_TYPE',242778,'EPO_Form_A');
Insert into ETRUSTEX.ETR_TB_QUERY_RESULT (QR_ID,QR_KEY,QR_MSG_ID,QR_VALUE) values (242782,'JMS_USER_ID',242778,'admin');
Insert into ETRUSTEX.ETR_TB_QUERY_RESULT (QR_ID,QR_KEY,QR_MSG_ID,QR_VALUE) values (242790,'JMS_TITLE',242788,'dynform_epo_a');
Insert into ETRUSTEX.ETR_TB_QUERY_RESULT (QR_ID,QR_KEY,QR_MSG_ID,QR_VALUE) values (242791,'JMS_BUSINESS_DOC_TYPE',242788,'EVIDENCE_SUBMISSION_REJECTION');
Insert into ETRUSTEX.ETR_TB_QUERY_RESULT (QR_ID,QR_KEY,QR_MSG_ID,QR_VALUE) values (242792,'JMS_USER_ID',242788,'admin');
Insert into ETRUSTEX.ETR_TB_QUERY_RESULT (QR_ID,QR_KEY,QR_MSG_ID,QR_VALUE) values (271885,'JMS_TITLE',271883,'dynform_epo_a');
Insert into ETRUSTEX.ETR_TB_QUERY_RESULT (QR_ID,QR_KEY,QR_MSG_ID,QR_VALUE) values (271886,'JMS_BUSINESS_DOC_TYPE',271883,'EVIDENCE_SUBMISSION_REJECTION');
Insert into ETRUSTEX.ETR_TB_QUERY_RESULT (QR_ID,QR_KEY,QR_MSG_ID,QR_VALUE) values (271887,'JMS_USER_ID',271883,'admin');
Insert into ETRUSTEX.ETR_TB_QUERY_RESULT (QR_ID,QR_KEY,QR_MSG_ID,QR_VALUE) values (271902,'JMS_TITLE',271900,'dynform_sc_a');
Insert into ETRUSTEX.ETR_TB_QUERY_RESULT (QR_ID,QR_KEY,QR_MSG_ID,QR_VALUE) values (271903,'JMS_BUSINESS_DOC_TYPE',271900,'SmallClaim_Form_A');
Insert into ETRUSTEX.ETR_TB_QUERY_RESULT (QR_ID,QR_KEY,QR_MSG_ID,QR_VALUE) values (271904,'JMS_USER_ID',271900,'admin');
Insert into ETRUSTEX.ETR_TB_QUERY_RESULT (QR_ID,QR_KEY,QR_MSG_ID,QR_VALUE) values (271912,'JMS_TITLE',271910,'dynform_sc_a');
Insert into ETRUSTEX.ETR_TB_QUERY_RESULT (QR_ID,QR_KEY,QR_MSG_ID,QR_VALUE) values (271913,'JMS_BUSINESS_DOC_TYPE',271910,'EVIDENCE_SUBMISSION_REJECTION');
Insert into ETRUSTEX.ETR_TB_QUERY_RESULT (QR_ID,QR_KEY,QR_MSG_ID,QR_VALUE) values (271914,'JMS_USER_ID',271910,'admin');
Insert into ETRUSTEX.ETR_TB_QUERY_RESULT (QR_ID,QR_KEY,QR_MSG_ID,QR_VALUE) values (272397,'JMS_TITLE',272395,'dynform_sc_a');
Insert into ETRUSTEX.ETR_TB_QUERY_RESULT (QR_ID,QR_KEY,QR_MSG_ID,QR_VALUE) values (272398,'JMS_BUSINESS_DOC_TYPE',272395,'SmallClaim_Form_A');
Insert into ETRUSTEX.ETR_TB_QUERY_RESULT (QR_ID,QR_KEY,QR_MSG_ID,QR_VALUE) values (272399,'JMS_USER_ID',272395,'admin');
Insert into ETRUSTEX.ETR_TB_QUERY_RESULT (QR_ID,QR_KEY,QR_MSG_ID,QR_VALUE) values (272448,'JMS_TITLE',272446,'dynform_epo_a');
Insert into ETRUSTEX.ETR_TB_QUERY_RESULT (QR_ID,QR_KEY,QR_MSG_ID,QR_VALUE) values (272449,'JMS_BUSINESS_DOC_TYPE',272446,'EPO_Form_A');
Insert into ETRUSTEX.ETR_TB_QUERY_RESULT (QR_ID,QR_KEY,QR_MSG_ID,QR_VALUE) values (272450,'JMS_USER_ID',272446,'admin');
Insert into ETRUSTEX.ETR_TB_QUERY_RESULT (QR_ID,QR_KEY,QR_MSG_ID,QR_VALUE) values (272461,'JMS_TITLE',272459,'dynform_epo_a');
Insert into ETRUSTEX.ETR_TB_QUERY_RESULT (QR_ID,QR_KEY,QR_MSG_ID,QR_VALUE) values (272462,'JMS_BUSINESS_DOC_TYPE',272459,'EVIDENCE_SUBMISSION_REJECTION');
Insert into ETRUSTEX.ETR_TB_QUERY_RESULT (QR_ID,QR_KEY,QR_MSG_ID,QR_VALUE) values (272463,'JMS_USER_ID',272459,'admin');
Insert into ETRUSTEX.ETR_TB_QUERY_RESULT (QR_ID,QR_KEY,QR_MSG_ID,QR_VALUE) values (273265,'JMS_TITLE',273263,'Dhoekrlbmkglsdvfklmvlwrtvlmwrpvm,wl;r,v;l,rtglkvthgoptkyphkoptyokhportykphokptorkhpokrooptykrhpoktohkpotrkpohkptokhoptkroykhpotkpohkoptkyhopktpkhpokprtoykhpokptoykhpoktpoykhpotkyopkpokopkopkpokopkpokpokpokopkopkopkopkpokopkpokopkpokpokopkpokpokpokopDionie');
Insert into ETRUSTEX.ETR_TB_QUERY_RESULT (QR_ID,QR_KEY,QR_MSG_ID,QR_VALUE) values (99557,'JMS_BUSINESS_DOC_TYPE',99554,'EPO_Form_A');
Insert into ETRUSTEX.ETR_TB_QUERY_RESULT (QR_ID,QR_KEY,QR_MSG_ID,QR_VALUE) values (99558,'JMS_USER_ID',99554,'admin');
Insert into ETRUSTEX.ETR_TB_QUERY_RESULT (QR_ID,QR_KEY,QR_MSG_ID,QR_VALUE) values (99605,'JMS_TITLE',99603,'dynform_epo_a');
Insert into ETRUSTEX.ETR_TB_QUERY_RESULT (QR_ID,QR_KEY,QR_MSG_ID,QR_VALUE) values (99606,'JMS_BUSINESS_DOC_TYPE',99603,'EPO_Form_A');
Insert into ETRUSTEX.ETR_TB_QUERY_RESULT (QR_ID,QR_KEY,QR_MSG_ID,QR_VALUE) values (99607,'JMS_USER_ID',99603,'admin');
Insert into ETRUSTEX.ETR_TB_QUERY_RESULT (QR_ID,QR_KEY,QR_MSG_ID,QR_VALUE) values (101896,'JMS_TITLE',101894,'dynform_epo_a');
Insert into ETRUSTEX.ETR_TB_QUERY_RESULT (QR_ID,QR_KEY,QR_MSG_ID,QR_VALUE) values (101897,'JMS_BUSINESS_DOC_TYPE',101894,'EVIDENCE_SUBMISSION_REJECTION');
Insert into ETRUSTEX.ETR_TB_QUERY_RESULT (QR_ID,QR_KEY,QR_MSG_ID,QR_VALUE) values (101898,'JMS_USER_ID',101894,'admin');
Insert into ETRUSTEX.ETR_TB_QUERY_RESULT (QR_ID,QR_KEY,QR_MSG_ID,QR_VALUE) values (102077,'JMS_TITLE',102075,'dynform_epo_a');
Insert into ETRUSTEX.ETR_TB_QUERY_RESULT (QR_ID,QR_KEY,QR_MSG_ID,QR_VALUE) values (102078,'JMS_BUSINESS_DOC_TYPE',102075,'EPO_Form_A');
Insert into ETRUSTEX.ETR_TB_QUERY_RESULT (QR_ID,QR_KEY,QR_MSG_ID,QR_VALUE) values (102079,'JMS_USER_ID',102075,'admin');
Insert into ETRUSTEX.ETR_TB_QUERY_RESULT (QR_ID,QR_KEY,QR_MSG_ID,QR_VALUE) values (102087,'JMS_TITLE',102085,'dynform_epo_a');
Insert into ETRUSTEX.ETR_TB_QUERY_RESULT (QR_ID,QR_KEY,QR_MSG_ID,QR_VALUE) values (102088,'JMS_BUSINESS_DOC_TYPE',102085,'EVIDENCE_SUBMISSION_REJECTION');
Insert into ETRUSTEX.ETR_TB_QUERY_RESULT (QR_ID,QR_KEY,QR_MSG_ID,QR_VALUE) values (102089,'JMS_USER_ID',102085,'admin');
Insert into ETRUSTEX.ETR_TB_QUERY_RESULT (QR_ID,QR_KEY,QR_MSG_ID,QR_VALUE) values (103272,'JMS_TITLE',103270,'dynform_epo_a');
Insert into ETRUSTEX.ETR_TB_QUERY_RESULT (QR_ID,QR_KEY,QR_MSG_ID,QR_VALUE) values (103273,'JMS_BUSINESS_DOC_TYPE',103270,'EPO_Form_A');
Insert into ETRUSTEX.ETR_TB_QUERY_RESULT (QR_ID,QR_KEY,QR_MSG_ID,QR_VALUE) values (103274,'JMS_USER_ID',103270,'admin');
Insert into ETRUSTEX.ETR_TB_QUERY_RESULT (QR_ID,QR_KEY,QR_MSG_ID,QR_VALUE) values (188642,'JMS_TITLE',188640,'dynform_epo_a');
Insert into ETRUSTEX.ETR_TB_QUERY_RESULT (QR_ID,QR_KEY,QR_MSG_ID,QR_VALUE) values (188643,'JMS_BUSINESS_DOC_TYPE',188640,'EPO_Form_A');
Insert into ETRUSTEX.ETR_TB_QUERY_RESULT (QR_ID,QR_KEY,QR_MSG_ID,QR_VALUE) values (188644,'JMS_USER_ID',188640,'admin');
Insert into ETRUSTEX.ETR_TB_QUERY_RESULT (QR_ID,QR_KEY,QR_MSG_ID,QR_VALUE) values (235838,'JMS_TITLE',235836,'dynform_epo_a');
Insert into ETRUSTEX.ETR_TB_QUERY_RESULT (QR_ID,QR_KEY,QR_MSG_ID,QR_VALUE) values (235839,'JMS_BUSINESS_DOC_TYPE',235836,'EPO_Form_A');
Insert into ETRUSTEX.ETR_TB_QUERY_RESULT (QR_ID,QR_KEY,QR_MSG_ID,QR_VALUE) values (235840,'JMS_USER_ID',235836,'admin');
Insert into ETRUSTEX.ETR_TB_QUERY_RESULT (QR_ID,QR_KEY,QR_MSG_ID,QR_VALUE) values (235873,'JMS_TITLE',235871,'dynform_epo_a');
Insert into ETRUSTEX.ETR_TB_QUERY_RESULT (QR_ID,QR_KEY,QR_MSG_ID,QR_VALUE) values (235874,'JMS_BUSINESS_DOC_TYPE',235871,'EPO_Form_A');
Insert into ETRUSTEX.ETR_TB_QUERY_RESULT (QR_ID,QR_KEY,QR_MSG_ID,QR_VALUE) values (235875,'JMS_USER_ID',235871,'admin');
Insert into ETRUSTEX.ETR_TB_QUERY_RESULT (QR_ID,QR_KEY,QR_MSG_ID,QR_VALUE) values (235895,'JMS_TITLE',235893,'dynform_epo_a');
Insert into ETRUSTEX.ETR_TB_QUERY_RESULT (QR_ID,QR_KEY,QR_MSG_ID,QR_VALUE) values (235896,'JMS_BUSINESS_DOC_TYPE',235893,'EPO_Form_A');
Insert into ETRUSTEX.ETR_TB_QUERY_RESULT (QR_ID,QR_KEY,QR_MSG_ID,QR_VALUE) values (235897,'JMS_USER_ID',235893,'admin');
Insert into ETRUSTEX.ETR_TB_QUERY_RESULT (QR_ID,QR_KEY,QR_MSG_ID,QR_VALUE) values (235958,'JMS_TITLE',235956,'dynform_epo_a');
Insert into ETRUSTEX.ETR_TB_QUERY_RESULT (QR_ID,QR_KEY,QR_MSG_ID,QR_VALUE) values (235959,'JMS_BUSINESS_DOC_TYPE',235956,'EPO_Form_A');
Insert into ETRUSTEX.ETR_TB_QUERY_RESULT (QR_ID,QR_KEY,QR_MSG_ID,QR_VALUE) values (235960,'JMS_USER_ID',235956,'admin');
Insert into ETRUSTEX.ETR_TB_QUERY_RESULT (QR_ID,QR_KEY,QR_MSG_ID,QR_VALUE) values (235993,'JMS_TITLE',235991,'dynform_epo_a');
Insert into ETRUSTEX.ETR_TB_QUERY_RESULT (QR_ID,QR_KEY,QR_MSG_ID,QR_VALUE) values (235994,'JMS_BUSINESS_DOC_TYPE',235991,'EPO_Form_A');
Insert into ETRUSTEX.ETR_TB_QUERY_RESULT (QR_ID,QR_KEY,QR_MSG_ID,QR_VALUE) values (235995,'JMS_USER_ID',235991,'admin');
Insert into ETRUSTEX.ETR_TB_QUERY_RESULT (QR_ID,QR_KEY,QR_MSG_ID,QR_VALUE) values (236131,'JMS_TITLE',236129,'dynform_sc_a');
Insert into ETRUSTEX.ETR_TB_QUERY_RESULT (QR_ID,QR_KEY,QR_MSG_ID,QR_VALUE) values (236132,'JMS_BUSINESS_DOC_TYPE',236129,'SmallClaim_Form_A');
Insert into ETRUSTEX.ETR_TB_QUERY_RESULT (QR_ID,QR_KEY,QR_MSG_ID,QR_VALUE) values (236133,'JMS_USER_ID',236129,'esadmin1');
Insert into ETRUSTEX.ETR_TB_QUERY_RESULT (QR_ID,QR_KEY,QR_MSG_ID,QR_VALUE) values (236147,'JMS_TITLE',236145,'dynform_sc_a');
Insert into ETRUSTEX.ETR_TB_QUERY_RESULT (QR_ID,QR_KEY,QR_MSG_ID,QR_VALUE) values (236148,'JMS_BUSINESS_DOC_TYPE',236145,'SmallClaim_Form_A');
Insert into ETRUSTEX.ETR_TB_QUERY_RESULT (QR_ID,QR_KEY,QR_MSG_ID,QR_VALUE) values (236149,'JMS_USER_ID',236145,'esadmin1');
Insert into ETRUSTEX.ETR_TB_QUERY_RESULT (QR_ID,QR_KEY,QR_MSG_ID,QR_VALUE) values (237522,'JMS_TITLE',237520,'dynform_epo_a');
Insert into ETRUSTEX.ETR_TB_QUERY_RESULT (QR_ID,QR_KEY,QR_MSG_ID,QR_VALUE) values (237523,'JMS_BUSINESS_DOC_TYPE',237520,'EPO_Form_A');
Insert into ETRUSTEX.ETR_TB_QUERY_RESULT (QR_ID,QR_KEY,QR_MSG_ID,QR_VALUE) values (237524,'JMS_USER_ID',237520,'admin');
Insert into ETRUSTEX.ETR_TB_QUERY_RESULT (QR_ID,QR_KEY,QR_MSG_ID,QR_VALUE) values (238556,'JMS_TITLE',238554,'dynform_epo_a');
Insert into ETRUSTEX.ETR_TB_QUERY_RESULT (QR_ID,QR_KEY,QR_MSG_ID,QR_VALUE) values (238557,'JMS_BUSINESS_DOC_TYPE',238554,'EPO_Form_A');
Insert into ETRUSTEX.ETR_TB_QUERY_RESULT (QR_ID,QR_KEY,QR_MSG_ID,QR_VALUE) values (238558,'JMS_USER_ID',238554,'sandrotest');
Insert into ETRUSTEX.ETR_TB_QUERY_RESULT (QR_ID,QR_KEY,QR_MSG_ID,QR_VALUE) values (238581,'JMS_TITLE',238569,'dynform_epo_a');
Insert into ETRUSTEX.ETR_TB_QUERY_RESULT (QR_ID,QR_KEY,QR_MSG_ID,QR_VALUE) values (238582,'JMS_BUSINESS_DOC_TYPE',238569,'EPO_Form_A');
Insert into ETRUSTEX.ETR_TB_QUERY_RESULT (QR_ID,QR_KEY,QR_MSG_ID,QR_VALUE) values (238583,'JMS_USER_ID',238569,'sandrotest');
Insert into ETRUSTEX.ETR_TB_QUERY_RESULT (QR_ID,QR_KEY,QR_MSG_ID,QR_VALUE) values (238596,'JMS_TITLE',238592,'dynform_epo_a');
Insert into ETRUSTEX.ETR_TB_QUERY_RESULT (QR_ID,QR_KEY,QR_MSG_ID,QR_VALUE) values (238597,'JMS_BUSINESS_DOC_TYPE',238592,'EVIDENCE_SUBMISSION_REJECTION');
Insert into ETRUSTEX.ETR_TB_QUERY_RESULT (QR_ID,QR_KEY,QR_MSG_ID,QR_VALUE) values (238598,'JMS_USER_ID',238592,'sandrotest');
Insert into ETRUSTEX.ETR_TB_QUERY_RESULT (QR_ID,QR_KEY,QR_MSG_ID,QR_VALUE) values (238602,'JMS_TITLE',238593,'dynform_epo_a');
Insert into ETRUSTEX.ETR_TB_QUERY_RESULT (QR_ID,QR_KEY,QR_MSG_ID,QR_VALUE) values (238603,'JMS_BUSINESS_DOC_TYPE',238593,'EVIDENCE_SUBMISSION_REJECTION');
Insert into ETRUSTEX.ETR_TB_QUERY_RESULT (QR_ID,QR_KEY,QR_MSG_ID,QR_VALUE) values (238604,'JMS_USER_ID',238593,'sandrotest');
Insert into ETRUSTEX.ETR_TB_QUERY_RESULT (QR_ID,QR_KEY,QR_MSG_ID,QR_VALUE) values (238613,'JMS_TITLE',238608,'dynform_epo_a');
Insert into ETRUSTEX.ETR_TB_QUERY_RESULT (QR_ID,QR_KEY,QR_MSG_ID,QR_VALUE) values (238614,'JMS_BUSINESS_DOC_TYPE',238608,'EVIDENCE_SUBMISSION_REJECTION');
Insert into ETRUSTEX.ETR_TB_QUERY_RESULT (QR_ID,QR_KEY,QR_MSG_ID,QR_VALUE) values (238615,'JMS_USER_ID',238608,'sandrotest');
Insert into ETRUSTEX.ETR_TB_QUERY_RESULT (QR_ID,QR_KEY,QR_MSG_ID,QR_VALUE) values (238621,'JMS_TITLE',238619,'dynform_epo_a');
Insert into ETRUSTEX.ETR_TB_QUERY_RESULT (QR_ID,QR_KEY,QR_MSG_ID,QR_VALUE) values (238622,'JMS_BUSINESS_DOC_TYPE',238619,'EVIDENCE_SUBMISSION_REJECTION');
Insert into ETRUSTEX.ETR_TB_QUERY_RESULT (QR_ID,QR_KEY,QR_MSG_ID,QR_VALUE) values (238623,'JMS_USER_ID',238619,'sandrotest');
Insert into ETRUSTEX.ETR_TB_QUERY_RESULT (QR_ID,QR_KEY,QR_MSG_ID,QR_VALUE) values (238629,'JMS_TITLE',238627,'dynform_epo_a');
Insert into ETRUSTEX.ETR_TB_QUERY_RESULT (QR_ID,QR_KEY,QR_MSG_ID,QR_VALUE) values (238630,'JMS_BUSINESS_DOC_TYPE',238627,'EVIDENCE_SUBMISSION_REJECTION');
Insert into ETRUSTEX.ETR_TB_QUERY_RESULT (QR_ID,QR_KEY,QR_MSG_ID,QR_VALUE) values (238631,'JMS_USER_ID',238627,'sandrotest');
Insert into ETRUSTEX.ETR_TB_QUERY_RESULT (QR_ID,QR_KEY,QR_MSG_ID,QR_VALUE) values (238637,'JMS_TITLE',238635,'dynform_epo_a');
Insert into ETRUSTEX.ETR_TB_QUERY_RESULT (QR_ID,QR_KEY,QR_MSG_ID,QR_VALUE) values (238638,'JMS_BUSINESS_DOC_TYPE',238635,'EVIDENCE_SUBMISSION_REJECTION');
Insert into ETRUSTEX.ETR_TB_QUERY_RESULT (QR_ID,QR_KEY,QR_MSG_ID,QR_VALUE) values (238639,'JMS_USER_ID',238635,'sandrotest');
Insert into ETRUSTEX.ETR_TB_QUERY_RESULT (QR_ID,QR_KEY,QR_MSG_ID,QR_VALUE) values (238645,'JMS_TITLE',238643,'dynform_epo_a');
Insert into ETRUSTEX.ETR_TB_QUERY_RESULT (QR_ID,QR_KEY,QR_MSG_ID,QR_VALUE) values (238646,'JMS_BUSINESS_DOC_TYPE',238643,'EVIDENCE_SUBMISSION_REJECTION');
Insert into ETRUSTEX.ETR_TB_QUERY_RESULT (QR_ID,QR_KEY,QR_MSG_ID,QR_VALUE) values (238647,'JMS_USER_ID',238643,'sandrotest');
Insert into ETRUSTEX.ETR_TB_QUERY_RESULT (QR_ID,QR_KEY,QR_MSG_ID,QR_VALUE) values (241069,'JMS_TITLE',241067,'dynform_epo_a');
Insert into ETRUSTEX.ETR_TB_QUERY_RESULT (QR_ID,QR_KEY,QR_MSG_ID,QR_VALUE) values (241070,'JMS_BUSINESS_DOC_TYPE',241067,'EPO_Form_A');
Insert into ETRUSTEX.ETR_TB_QUERY_RESULT (QR_ID,QR_KEY,QR_MSG_ID,QR_VALUE) values (241071,'JMS_USER_ID',241067,'admin');
Insert into ETRUSTEX.ETR_TB_QUERY_RESULT (QR_ID,QR_KEY,QR_MSG_ID,QR_VALUE) values (271612,'JMS_TITLE',271610,'dynform_epo_a');
Insert into ETRUSTEX.ETR_TB_QUERY_RESULT (QR_ID,QR_KEY,QR_MSG_ID,QR_VALUE) values (271613,'JMS_BUSINESS_DOC_TYPE',271610,'EVIDENCE_SUBMISSION_REJECTION');
Insert into ETRUSTEX.ETR_TB_QUERY_RESULT (QR_ID,QR_KEY,QR_MSG_ID,QR_VALUE) values (271614,'JMS_USER_ID',271610,'admin');
Insert into ETRUSTEX.ETR_TB_QUERY_RESULT (QR_ID,QR_KEY,QR_MSG_ID,QR_VALUE) values (271731,'JMS_TITLE',271729,'dynform_epo_a');
Insert into ETRUSTEX.ETR_TB_QUERY_RESULT (QR_ID,QR_KEY,QR_MSG_ID,QR_VALUE) values (271732,'JMS_BUSINESS_DOC_TYPE',271729,'EPO_Form_A');
Insert into ETRUSTEX.ETR_TB_QUERY_RESULT (QR_ID,QR_KEY,QR_MSG_ID,QR_VALUE) values (271733,'JMS_USER_ID',271729,'admin');
Insert into ETRUSTEX.ETR_TB_QUERY_RESULT (QR_ID,QR_KEY,QR_MSG_ID,QR_VALUE) values (271741,'JMS_TITLE',271739,'dynform_epo_a');
Insert into ETRUSTEX.ETR_TB_QUERY_RESULT (QR_ID,QR_KEY,QR_MSG_ID,QR_VALUE) values (271742,'JMS_BUSINESS_DOC_TYPE',271739,'EVIDENCE_SUBMISSION_ACCEPTANCE');
Insert into ETRUSTEX.ETR_TB_QUERY_RESULT (QR_ID,QR_KEY,QR_MSG_ID,QR_VALUE) values (271743,'JMS_USER_ID',271739,'admin');
Insert into ETRUSTEX.ETR_TB_QUERY_RESULT (QR_ID,QR_KEY,QR_MSG_ID,QR_VALUE) values (271794,'JMS_TITLE',271792,'dynform_epo_a');
Insert into ETRUSTEX.ETR_TB_QUERY_RESULT (QR_ID,QR_KEY,QR_MSG_ID,QR_VALUE) values (271795,'JMS_BUSINESS_DOC_TYPE',271792,'EVIDENCE_RELAY_REMMD_FAILURE');
Insert into ETRUSTEX.ETR_TB_QUERY_RESULT (QR_ID,QR_KEY,QR_MSG_ID,QR_VALUE) values (271796,'JMS_USER_ID',271792,'admin');
Insert into ETRUSTEX.ETR_TB_QUERY_RESULT (QR_ID,QR_KEY,QR_MSG_ID,QR_VALUE) values (271875,'JMS_TITLE',271873,'dynform_epo_a');
Insert into ETRUSTEX.ETR_TB_QUERY_RESULT (QR_ID,QR_KEY,QR_MSG_ID,QR_VALUE) values (271876,'JMS_BUSINESS_DOC_TYPE',271873,'EPO_Form_A');
Insert into ETRUSTEX.ETR_TB_QUERY_RESULT (QR_ID,QR_KEY,QR_MSG_ID,QR_VALUE) values (271877,'JMS_USER_ID',271873,'admin');
Insert into ETRUSTEX.ETR_TB_QUERY_RESULT (QR_ID,QR_KEY,QR_MSG_ID,QR_VALUE) values (271926,'JMS_TITLE',271924,'dynform_epo_a');
Insert into ETRUSTEX.ETR_TB_QUERY_RESULT (QR_ID,QR_KEY,QR_MSG_ID,QR_VALUE) values (271927,'JMS_BUSINESS_DOC_TYPE',271924,'EPO_Form_A');
Insert into ETRUSTEX.ETR_TB_QUERY_RESULT (QR_ID,QR_KEY,QR_MSG_ID,QR_VALUE) values (271928,'JMS_USER_ID',271924,'admin');
Insert into ETRUSTEX.ETR_TB_QUERY_RESULT (QR_ID,QR_KEY,QR_MSG_ID,QR_VALUE) values (271936,'JMS_TITLE',271934,'dynform_epo_a');
Insert into ETRUSTEX.ETR_TB_QUERY_RESULT (QR_ID,QR_KEY,QR_MSG_ID,QR_VALUE) values (271937,'JMS_BUSINESS_DOC_TYPE',271934,'EVIDENCE_SUBMISSION_REJECTION');
Insert into ETRUSTEX.ETR_TB_QUERY_RESULT (QR_ID,QR_KEY,QR_MSG_ID,QR_VALUE) values (271938,'JMS_USER_ID',271934,'admin');
Insert into ETRUSTEX.ETR_TB_QUERY_RESULT (QR_ID,QR_KEY,QR_MSG_ID,QR_VALUE) values (273137,'JMS_TITLE',273135,'dynform_epo_a');
Insert into ETRUSTEX.ETR_TB_QUERY_RESULT (QR_ID,QR_KEY,QR_MSG_ID,QR_VALUE) values (273138,'JMS_BUSINESS_DOC_TYPE',273135,'EPO_Form_A');
Insert into ETRUSTEX.ETR_TB_QUERY_RESULT (QR_ID,QR_KEY,QR_MSG_ID,QR_VALUE) values (273139,'JMS_USER_ID',273135,'sandrotest');
Insert into ETRUSTEX.ETR_TB_QUERY_RESULT (QR_ID,QR_KEY,QR_MSG_ID,QR_VALUE) values (273255,'JMS_TITLE',273253,'Dhoekrlbmkglsdvfklmvlwrtvlmwrpvm,wl;r,v;l,rtglkvthgoptkyphkoptyokhportykphokptorkhpokrooptykrhpoktohkpotrkpohkptokhoptkroykhpotkpohkoptkyhopktpkhpokprtoykhpokptoykhpoktpoykhpotkyopkpokopkopkpokopkpokpokpokopkopkopkopkpokopkpokopkpokpokopkpokpokpokopDionie');
Insert into ETRUSTEX.ETR_TB_QUERY_RESULT (QR_ID,QR_KEY,QR_MSG_ID,QR_VALUE) values (273256,'JMS_BUSINESS_DOC_TYPE',273253,'EPO_Form_A');
Insert into ETRUSTEX.ETR_TB_QUERY_RESULT (QR_ID,QR_KEY,QR_MSG_ID,QR_VALUE) values (273257,'JMS_USER_ID',273253,'admin');
Insert into ETRUSTEX.ETR_TB_QUERY_RESULT (QR_ID,QR_KEY,QR_MSG_ID,QR_VALUE) values (273266,'JMS_BUSINESS_DOC_TYPE',273263,'EVIDENCE_SUBMISSION_REJECTION');
Insert into ETRUSTEX.ETR_TB_QUERY_RESULT (QR_ID,QR_KEY,QR_MSG_ID,QR_VALUE) values (273267,'JMS_USER_ID',273263,'admin');
Insert into ETRUSTEX.ETR_TB_QUERY_RESULT (QR_ID,QR_KEY,QR_MSG_ID,QR_VALUE) values (274789,'JMS_TITLE',274787,'Greg-26-04-2014-01');
Insert into ETRUSTEX.ETR_TB_QUERY_RESULT (QR_ID,QR_KEY,QR_MSG_ID,QR_VALUE) values (274790,'JMS_BUSINESS_DOC_TYPE',274787,'EVIDENCE_SUBMISSION_REJECTION');
Insert into ETRUSTEX.ETR_TB_QUERY_RESULT (QR_ID,QR_KEY,QR_MSG_ID,QR_VALUE) values (274791,'JMS_USER_ID',274787,'admin');
Insert into ETRUSTEX.ETR_TB_QUERY_RESULT (QR_ID,QR_KEY,QR_MSG_ID,QR_VALUE) values (275147,'JMS_TITLE',275145,'Submission of EPO Form A');
Insert into ETRUSTEX.ETR_TB_QUERY_RESULT (QR_ID,QR_KEY,QR_MSG_ID,QR_VALUE) values (275148,'JMS_BUSINESS_DOC_TYPE',275145,'EVIDENCE_SUBMISSION_ACCEPTANCE');
Insert into ETRUSTEX.ETR_TB_QUERY_RESULT (QR_ID,QR_KEY,QR_MSG_ID,QR_VALUE) values (275149,'JMS_USER_ID',275145,'admin');
Insert into ETRUSTEX.ETR_TB_QUERY_RESULT (QR_ID,QR_KEY,QR_MSG_ID,QR_VALUE) values (275378,'JMS_TITLE',275376,'dynform_epo_a');
Insert into ETRUSTEX.ETR_TB_QUERY_RESULT (QR_ID,QR_KEY,QR_MSG_ID,QR_VALUE) values (275379,'JMS_BUSINESS_DOC_TYPE',275376,'EPO_Form_A');
Insert into ETRUSTEX.ETR_TB_QUERY_RESULT (QR_ID,QR_KEY,QR_MSG_ID,QR_VALUE) values (275380,'JMS_USER_ID',275376,'admin');
Insert into ETRUSTEX.ETR_TB_QUERY_RESULT (QR_ID,QR_KEY,QR_MSG_ID,QR_VALUE) values (279819,'JMS_BUSINESS_DOC_TYPE',279816,'EVIDENCE_SUBMISSION_ACCEPTANCE');
Insert into ETRUSTEX.ETR_TB_QUERY_RESULT (QR_ID,QR_KEY,QR_MSG_ID,QR_VALUE) values (279820,'JMS_USER_ID',279816,'admin');
Insert into ETRUSTEX.ETR_TB_QUERY_RESULT (QR_ID,QR_KEY,QR_MSG_ID,QR_VALUE) values (280173,'JMS_TITLE',280168,'Submission of EPO Form A');
Insert into ETRUSTEX.ETR_TB_QUERY_RESULT (QR_ID,QR_KEY,QR_MSG_ID,QR_VALUE) values (278236,'JMS_TITLE',278234,'Submission of EPO Form A');
Insert into ETRUSTEX.ETR_TB_QUERY_RESULT (QR_ID,QR_KEY,QR_MSG_ID,QR_VALUE) values (278237,'JMS_BUSINESS_DOC_TYPE',278234,'EPO_Form_A');
Insert into ETRUSTEX.ETR_TB_QUERY_RESULT (QR_ID,QR_KEY,QR_MSG_ID,QR_VALUE) values (278238,'JMS_USER_ID',278234,'admin');
Insert into ETRUSTEX.ETR_TB_QUERY_RESULT (QR_ID,QR_KEY,QR_MSG_ID,QR_VALUE) values (278246,'JMS_TITLE',278244,'Submission of EPO Form A');
Insert into ETRUSTEX.ETR_TB_QUERY_RESULT (QR_ID,QR_KEY,QR_MSG_ID,QR_VALUE) values (278247,'JMS_BUSINESS_DOC_TYPE',278244,'EVIDENCE_SUBMISSION_REJECTION');
Insert into ETRUSTEX.ETR_TB_QUERY_RESULT (QR_ID,QR_KEY,QR_MSG_ID,QR_VALUE) values (278248,'JMS_USER_ID',278244,'admin');
Insert into ETRUSTEX.ETR_TB_QUERY_RESULT (QR_ID,QR_KEY,QR_MSG_ID,QR_VALUE) values (280174,'JMS_BUSINESS_DOC_TYPE',280168,'EVIDENCE_SUBMISSION_REJECTION');
Insert into ETRUSTEX.ETR_TB_QUERY_RESULT (QR_ID,QR_KEY,QR_MSG_ID,QR_VALUE) values (280175,'JMS_USER_ID',280168,'admin');
Insert into ETRUSTEX.ETR_TB_QUERY_RESULT (QR_ID,QR_KEY,QR_MSG_ID,QR_VALUE) values (279098,'JMS_TITLE',279070,'Submission of EPO Form A');
Insert into ETRUSTEX.ETR_TB_QUERY_RESULT (QR_ID,QR_KEY,QR_MSG_ID,QR_VALUE) values (280189,'JMS_TITLE',280184,'Submission of EPO Form A3');
Insert into ETRUSTEX.ETR_TB_QUERY_RESULT (QR_ID,QR_KEY,QR_MSG_ID,QR_VALUE) values (279099,'JMS_BUSINESS_DOC_TYPE',279070,'EPO_Form_A');
Insert into ETRUSTEX.ETR_TB_QUERY_RESULT (QR_ID,QR_KEY,QR_MSG_ID,QR_VALUE) values (279100,'JMS_USER_ID',279070,'admin');
Insert into ETRUSTEX.ETR_TB_QUERY_RESULT (QR_ID,QR_KEY,QR_MSG_ID,QR_VALUE) values (279818,'JMS_TITLE',279816,'Submission of EPO Form A DE');
Insert into ETRUSTEX.ETR_TB_QUERY_RESULT (QR_ID,QR_KEY,QR_MSG_ID,QR_VALUE) values (280190,'JMS_BUSINESS_DOC_TYPE',280184,'EVIDENCE_SUBMISSION_REJECTION');
Insert into ETRUSTEX.ETR_TB_QUERY_RESULT (QR_ID,QR_KEY,QR_MSG_ID,QR_VALUE) values (280191,'JMS_USER_ID',280184,'admin');
Insert into ETRUSTEX.ETR_TB_QUERY_RESULT (QR_ID,QR_KEY,QR_MSG_ID,QR_VALUE) values (284128,'JMS_TITLE',284123,'Submission of EPO Form A');
Insert into ETRUSTEX.ETR_TB_QUERY_RESULT (QR_ID,QR_KEY,QR_MSG_ID,QR_VALUE) values (284129,'JMS_BUSINESS_DOC_TYPE',284123,'EVIDENCE_SUBMISSION_REJECTION');
Insert into ETRUSTEX.ETR_TB_QUERY_RESULT (QR_ID,QR_KEY,QR_MSG_ID,QR_VALUE) values (284130,'JMS_USER_ID',284123,'admin');
Insert into ETRUSTEX.ETR_TB_QUERY_RESULT (QR_ID,QR_KEY,QR_MSG_ID,QR_VALUE) values (99363,'JMS_TITLE',99361,'dynform_epo_a');
Insert into ETRUSTEX.ETR_TB_QUERY_RESULT (QR_ID,QR_KEY,QR_MSG_ID,QR_VALUE) values (99364,'JMS_BUSINESS_DOC_TYPE',99361,'EPO_Form_A');
Insert into ETRUSTEX.ETR_TB_QUERY_RESULT (QR_ID,QR_KEY,QR_MSG_ID,QR_VALUE) values (99365,'JMS_USER_ID',99361,'esadmin1');
Insert into ETRUSTEX.ETR_TB_QUERY_RESULT (QR_ID,QR_KEY,QR_MSG_ID,QR_VALUE) values (284152,'JMS_TITLE',284150,'Submission of EPO Form A');
Insert into ETRUSTEX.ETR_TB_QUERY_RESULT (QR_ID,QR_KEY,QR_MSG_ID,QR_VALUE) values (284153,'JMS_BUSINESS_DOC_TYPE',284150,'EVIDENCE_SUBMISSION_REJECTION');
Insert into ETRUSTEX.ETR_TB_QUERY_RESULT (QR_ID,QR_KEY,QR_MSG_ID,QR_VALUE) values (284154,'JMS_USER_ID',284150,'euadmin2');
Insert into ETRUSTEX.ETR_TB_QUERY_RESULT (QR_ID,QR_KEY,QR_MSG_ID,QR_VALUE) values (99556,'JMS_TITLE',99554,'dynform_epo_a');
Insert into ETRUSTEX.ETR_TB_QUERY_RESULT (QR_ID,QR_KEY,QR_MSG_ID,QR_VALUE) values (284195,'JMS_TITLE',284193,'Submission of EPO Form A');
Insert into ETRUSTEX.ETR_TB_QUERY_RESULT (QR_ID,QR_KEY,QR_MSG_ID,QR_VALUE) values (283119,'JMS_TITLE',283117,'Submission of EPO Form A DE 2');
Insert into ETRUSTEX.ETR_TB_QUERY_RESULT (QR_ID,QR_KEY,QR_MSG_ID,QR_VALUE) values (283120,'JMS_BUSINESS_DOC_TYPE',283117,'EPO_Form_A');
Insert into ETRUSTEX.ETR_TB_QUERY_RESULT (QR_ID,QR_KEY,QR_MSG_ID,QR_VALUE) values (283121,'JMS_USER_ID',283117,'TEST_RECEIVE_EVIDENCE_USER');
Insert into ETRUSTEX.ETR_TB_QUERY_RESULT (QR_ID,QR_KEY,QR_MSG_ID,QR_VALUE) values (283133,'JMS_TITLE',283131,'Submission of EPO Form A DE 2');
Insert into ETRUSTEX.ETR_TB_QUERY_RESULT (QR_ID,QR_KEY,QR_MSG_ID,QR_VALUE) values (283134,'JMS_BUSINESS_DOC_TYPE',283131,'EPO_Form_A');
Insert into ETRUSTEX.ETR_TB_QUERY_RESULT (QR_ID,QR_KEY,QR_MSG_ID,QR_VALUE) values (283135,'JMS_USER_ID',283131,'TEST_RECEIVE_EVIDENCE_USER');
Insert into ETRUSTEX.ETR_TB_QUERY_RESULT (QR_ID,QR_KEY,QR_MSG_ID,QR_VALUE) values (283473,'JMS_TITLE',283468,'Submission of EPO Form A DE 2');
Insert into ETRUSTEX.ETR_TB_QUERY_RESULT (QR_ID,QR_KEY,QR_MSG_ID,QR_VALUE) values (283474,'JMS_BUSINESS_DOC_TYPE',283468,'EVIDENCE_SUBMISSION_ACCEPTANCE');
Insert into ETRUSTEX.ETR_TB_QUERY_RESULT (QR_ID,QR_KEY,QR_MSG_ID,QR_VALUE) values (283475,'JMS_USER_ID',283468,'TEST_RECEIVE_EVIDENCE_USER');
Insert into ETRUSTEX.ETR_TB_QUERY_RESULT (QR_ID,QR_KEY,QR_MSG_ID,QR_VALUE) values (284196,'JMS_BUSINESS_DOC_TYPE',284193,'EPO_Form_A');
Insert into ETRUSTEX.ETR_TB_QUERY_RESULT (QR_ID,QR_KEY,QR_MSG_ID,QR_VALUE) values (284197,'JMS_USER_ID',284193,'admin');
Insert into ETRUSTEX.ETR_TB_QUERY_RESULT (QR_ID,QR_KEY,QR_MSG_ID,QR_VALUE) values (284208,'JMS_TITLE',284203,'Submission of EPO Form A');
Insert into ETRUSTEX.ETR_TB_QUERY_RESULT (QR_ID,QR_KEY,QR_MSG_ID,QR_VALUE) values (99191,'JMS_BUSINESS_DOC_TYPE',99188,'SmallClaim_Form_A');
Insert into ETRUSTEX.ETR_TB_QUERY_RESULT (QR_ID,QR_KEY,QR_MSG_ID,QR_VALUE) values (99192,'JMS_USER_ID',99188,'admin');
Insert into ETRUSTEX.ETR_TB_QUERY_RESULT (QR_ID,QR_KEY,QR_MSG_ID,QR_VALUE) values (99200,'JMS_TITLE',99198,'dynform_sc_a');
Insert into ETRUSTEX.ETR_TB_QUERY_RESULT (QR_ID,QR_KEY,QR_MSG_ID,QR_VALUE) values (99201,'JMS_BUSINESS_DOC_TYPE',99198,'EVIDENCE_SUBMISSION_REJECTION');
Insert into ETRUSTEX.ETR_TB_QUERY_RESULT (QR_ID,QR_KEY,QR_MSG_ID,QR_VALUE) values (99202,'JMS_USER_ID',99198,'admin');
Insert into ETRUSTEX.ETR_TB_QUERY_RESULT (QR_ID,QR_KEY,QR_MSG_ID,QR_VALUE) values (100981,'JMS_TITLE',100979,'dynform_epo_a');
Insert into ETRUSTEX.ETR_TB_QUERY_RESULT (QR_ID,QR_KEY,QR_MSG_ID,QR_VALUE) values (100982,'JMS_BUSINESS_DOC_TYPE',100979,'EPO_Form_A');
Insert into ETRUSTEX.ETR_TB_QUERY_RESULT (QR_ID,QR_KEY,QR_MSG_ID,QR_VALUE) values (100983,'JMS_USER_ID',100979,'admin');
Insert into ETRUSTEX.ETR_TB_QUERY_RESULT (QR_ID,QR_KEY,QR_MSG_ID,QR_VALUE) values (101031,'JMS_TITLE',101029,'dynform_epo_a');
Insert into ETRUSTEX.ETR_TB_QUERY_RESULT (QR_ID,QR_KEY,QR_MSG_ID,QR_VALUE) values (101032,'JMS_BUSINESS_DOC_TYPE',101029,'EPO_Form_A');
Insert into ETRUSTEX.ETR_TB_QUERY_RESULT (QR_ID,QR_KEY,QR_MSG_ID,QR_VALUE) values (101033,'JMS_USER_ID',101029,'admin');
Insert into ETRUSTEX.ETR_TB_QUERY_RESULT (QR_ID,QR_KEY,QR_MSG_ID,QR_VALUE) values (101467,'JMS_TITLE',101465,'dynform_epo_a');
Insert into ETRUSTEX.ETR_TB_QUERY_RESULT (QR_ID,QR_KEY,QR_MSG_ID,QR_VALUE) values (101468,'JMS_BUSINESS_DOC_TYPE',101465,'EPO_Form_A');
Insert into ETRUSTEX.ETR_TB_QUERY_RESULT (QR_ID,QR_KEY,QR_MSG_ID,QR_VALUE) values (101469,'JMS_USER_ID',101465,'esadmin1');
Insert into ETRUSTEX.ETR_TB_QUERY_RESULT (QR_ID,QR_KEY,QR_MSG_ID,QR_VALUE) values (102881,'JMS_TITLE',102879,'dynform_epo_a');
Insert into ETRUSTEX.ETR_TB_QUERY_RESULT (QR_ID,QR_KEY,QR_MSG_ID,QR_VALUE) values (102882,'JMS_BUSINESS_DOC_TYPE',102879,'EPO_Form_A');
Insert into ETRUSTEX.ETR_TB_QUERY_RESULT (QR_ID,QR_KEY,QR_MSG_ID,QR_VALUE) values (102883,'JMS_USER_ID',102879,'admin');
Insert into ETRUSTEX.ETR_TB_QUERY_RESULT (QR_ID,QR_KEY,QR_MSG_ID,QR_VALUE) values (102948,'JMS_TITLE',102946,'dynform_epo_a');
Insert into ETRUSTEX.ETR_TB_QUERY_RESULT (QR_ID,QR_KEY,QR_MSG_ID,QR_VALUE) values (102949,'JMS_BUSINESS_DOC_TYPE',102946,'EPO_Form_A');
Insert into ETRUSTEX.ETR_TB_QUERY_RESULT (QR_ID,QR_KEY,QR_MSG_ID,QR_VALUE) values (102950,'JMS_USER_ID',102946,'admin');
Insert into ETRUSTEX.ETR_TB_QUERY_RESULT (QR_ID,QR_KEY,QR_MSG_ID,QR_VALUE) values (188679,'JMS_TITLE',188677,'dynform_sc_a');
Insert into ETRUSTEX.ETR_TB_QUERY_RESULT (QR_ID,QR_KEY,QR_MSG_ID,QR_VALUE) values (188680,'JMS_BUSINESS_DOC_TYPE',188677,'SmallClaim_Form_A');
Insert into ETRUSTEX.ETR_TB_QUERY_RESULT (QR_ID,QR_KEY,QR_MSG_ID,QR_VALUE) values (188681,'JMS_USER_ID',188677,'admin');
Insert into ETRUSTEX.ETR_TB_QUERY_RESULT (QR_ID,QR_KEY,QR_MSG_ID,QR_VALUE) values (236534,'JMS_TITLE',236532,'dynform_sc_a');
Insert into ETRUSTEX.ETR_TB_QUERY_RESULT (QR_ID,QR_KEY,QR_MSG_ID,QR_VALUE) values (236535,'JMS_BUSINESS_DOC_TYPE',236532,'SmallClaim_Form_A');
Insert into ETRUSTEX.ETR_TB_QUERY_RESULT (QR_ID,QR_KEY,QR_MSG_ID,QR_VALUE) values (236536,'JMS_USER_ID',236532,'admin');
Insert into ETRUSTEX.ETR_TB_QUERY_RESULT (QR_ID,QR_KEY,QR_MSG_ID,QR_VALUE) values (237129,'JMS_TITLE',237127,'dynform_epo_a');
Insert into ETRUSTEX.ETR_TB_QUERY_RESULT (QR_ID,QR_KEY,QR_MSG_ID,QR_VALUE) values (237130,'JMS_BUSINESS_DOC_TYPE',237127,'EPO_Form_A');
Insert into ETRUSTEX.ETR_TB_QUERY_RESULT (QR_ID,QR_KEY,QR_MSG_ID,QR_VALUE) values (237131,'JMS_USER_ID',237127,'admin');
Insert into ETRUSTEX.ETR_TB_QUERY_RESULT (QR_ID,QR_KEY,QR_MSG_ID,QR_VALUE) values (272173,'JMS_TITLE',272171,'dynform_epo_a');
Insert into ETRUSTEX.ETR_TB_QUERY_RESULT (QR_ID,QR_KEY,QR_MSG_ID,QR_VALUE) values (272174,'JMS_BUSINESS_DOC_TYPE',272171,'EVIDENCE_SUBMISSION_REJECTION');
Insert into ETRUSTEX.ETR_TB_QUERY_RESULT (QR_ID,QR_KEY,QR_MSG_ID,QR_VALUE) values (272175,'JMS_USER_ID',272171,'admin');
Insert into ETRUSTEX.ETR_TB_QUERY_RESULT (QR_ID,QR_KEY,QR_MSG_ID,QR_VALUE) values (272259,'JMS_TITLE',272257,'dynform_sc_a');
Insert into ETRUSTEX.ETR_TB_QUERY_RESULT (QR_ID,QR_KEY,QR_MSG_ID,QR_VALUE) values (272260,'JMS_BUSINESS_DOC_TYPE',272257,'SmallClaim_Form_A');
Insert into ETRUSTEX.ETR_TB_QUERY_RESULT (QR_ID,QR_KEY,QR_MSG_ID,QR_VALUE) values (272261,'JMS_USER_ID',272257,'admin');
Insert into ETRUSTEX.ETR_TB_QUERY_RESULT (QR_ID,QR_KEY,QR_MSG_ID,QR_VALUE) values (273183,'JMS_TITLE',273181,'Submission of EPO Form A');
Insert into ETRUSTEX.ETR_TB_QUERY_RESULT (QR_ID,QR_KEY,QR_MSG_ID,QR_VALUE) values (273184,'JMS_BUSINESS_DOC_TYPE',273181,'EPO_Form_A');
Insert into ETRUSTEX.ETR_TB_QUERY_RESULT (QR_ID,QR_KEY,QR_MSG_ID,QR_VALUE) values (273185,'JMS_USER_ID',273181,'admin');
Insert into ETRUSTEX.ETR_TB_QUERY_RESULT (QR_ID,QR_KEY,QR_MSG_ID,QR_VALUE) values (274779,'JMS_TITLE',274777,'Greg-26-04-2014-01');
Insert into ETRUSTEX.ETR_TB_QUERY_RESULT (QR_ID,QR_KEY,QR_MSG_ID,QR_VALUE) values (274780,'JMS_BUSINESS_DOC_TYPE',274777,'EPO_Form_A');
Insert into ETRUSTEX.ETR_TB_QUERY_RESULT (QR_ID,QR_KEY,QR_MSG_ID,QR_VALUE) values (274781,'JMS_USER_ID',274777,'admin');
Insert into ETRUSTEX.ETR_TB_QUERY_RESULT (QR_ID,QR_KEY,QR_MSG_ID,QR_VALUE) values (275272,'JMS_TITLE',275270,'Test EPO');
Insert into ETRUSTEX.ETR_TB_QUERY_RESULT (QR_ID,QR_KEY,QR_MSG_ID,QR_VALUE) values (275273,'JMS_BUSINESS_DOC_TYPE',275270,'EPO_Form_A');
Insert into ETRUSTEX.ETR_TB_QUERY_RESULT (QR_ID,QR_KEY,QR_MSG_ID,QR_VALUE) values (275274,'JMS_USER_ID',275270,'admin');
Insert into ETRUSTEX.ETR_TB_QUERY_RESULT (QR_ID,QR_KEY,QR_MSG_ID,QR_VALUE) values (275282,'JMS_TITLE',275280,'Test EPO');
Insert into ETRUSTEX.ETR_TB_QUERY_RESULT (QR_ID,QR_KEY,QR_MSG_ID,QR_VALUE) values (275283,'JMS_BUSINESS_DOC_TYPE',275280,'EVIDENCE_SUBMISSION_REJECTION');
Insert into ETRUSTEX.ETR_TB_QUERY_RESULT (QR_ID,QR_KEY,QR_MSG_ID,QR_VALUE) values (275284,'JMS_USER_ID',275280,'admin');
Insert into ETRUSTEX.ETR_TB_QUERY_RESULT (QR_ID,QR_KEY,QR_MSG_ID,QR_VALUE) values (275362,'JMS_TITLE',275360,'dynform_epo_a');
Insert into ETRUSTEX.ETR_TB_QUERY_RESULT (QR_ID,QR_KEY,QR_MSG_ID,QR_VALUE) values (275363,'JMS_BUSINESS_DOC_TYPE',275360,'EPO_Form_A');
Insert into ETRUSTEX.ETR_TB_QUERY_RESULT (QR_ID,QR_KEY,QR_MSG_ID,QR_VALUE) values (275364,'JMS_USER_ID',275360,'admin');
Insert into ETRUSTEX.ETR_TB_QUERY_RESULT (QR_ID,QR_KEY,QR_MSG_ID,QR_VALUE) values (279108,'JMS_TITLE',279084,'EJB-7301 retry job fails if the amount of time is high');
Insert into ETRUSTEX.ETR_TB_QUERY_RESULT (QR_ID,QR_KEY,QR_MSG_ID,QR_VALUE) values (279109,'JMS_BUSINESS_DOC_TYPE',279084,'EPO_Form_A');
Insert into ETRUSTEX.ETR_TB_QUERY_RESULT (QR_ID,QR_KEY,QR_MSG_ID,QR_VALUE) values (279110,'JMS_USER_ID',279084,'admin');
Insert into ETRUSTEX.ETR_TB_QUERY_RESULT (QR_ID,QR_KEY,QR_MSG_ID,QR_VALUE) values (280187,'JMS_BUSINESS_DOC_TYPE',280182,'EVIDENCE_SUBMISSION_REJECTION');
Insert into ETRUSTEX.ETR_TB_QUERY_RESULT (QR_ID,QR_KEY,QR_MSG_ID,QR_VALUE) values (280188,'JMS_USER_ID',280182,'admin');
Insert into ETRUSTEX.ETR_TB_QUERY_RESULT (QR_ID,QR_KEY,QR_MSG_ID,QR_VALUE) values (280247,'JMS_TITLE',280245,'Submission of EPO Form A DE 2');
Insert into ETRUSTEX.ETR_TB_QUERY_RESULT (QR_ID,QR_KEY,QR_MSG_ID,QR_VALUE) values (280186,'JMS_TITLE',280182,'Submission of EPO Form A');
Insert into ETRUSTEX.ETR_TB_QUERY_RESULT (QR_ID,QR_KEY,QR_MSG_ID,QR_VALUE) values (280248,'JMS_BUSINESS_DOC_TYPE',280245,'EPO_Form_A');
Insert into ETRUSTEX.ETR_TB_QUERY_RESULT (QR_ID,QR_KEY,QR_MSG_ID,QR_VALUE) values (280249,'JMS_USER_ID',280245,'admin');
Insert into ETRUSTEX.ETR_TB_QUERY_RESULT (QR_ID,QR_KEY,QR_MSG_ID,QR_VALUE) values (280438,'JMS_TITLE',280436,'Submission of EPO Form A DE 2');
Insert into ETRUSTEX.ETR_TB_QUERY_RESULT (QR_ID,QR_KEY,QR_MSG_ID,QR_VALUE) values (280439,'JMS_BUSINESS_DOC_TYPE',280436,'EVIDENCE_SUBMISSION_ACCEPTANCE');
Insert into ETRUSTEX.ETR_TB_QUERY_RESULT (QR_ID,QR_KEY,QR_MSG_ID,QR_VALUE) values (280440,'JMS_USER_ID',280436,'admin');
Insert into ETRUSTEX.ETR_TB_QUERY_RESULT (QR_ID,QR_KEY,QR_MSG_ID,QR_VALUE) values (284223,'JMS_BUSINESS_DOC_TYPE',284220,'EPO_Form_A');
Insert into ETRUSTEX.ETR_TB_QUERY_RESULT (QR_ID,QR_KEY,QR_MSG_ID,QR_VALUE) values (284224,'JMS_USER_ID',284220,'atadmin1');
Insert into ETRUSTEX.ETR_TB_QUERY_RESULT (QR_ID,QR_KEY,QR_MSG_ID,QR_VALUE) values (284249,'JMS_TITLE',284247,'Submission of EPO Form A');
Insert into ETRUSTEX.ETR_TB_QUERY_RESULT (QR_ID,QR_KEY,QR_MSG_ID,QR_VALUE) values (284250,'JMS_BUSINESS_DOC_TYPE',284247,'EPO_Form_A');
Insert into ETRUSTEX.ETR_TB_QUERY_RESULT (QR_ID,QR_KEY,QR_MSG_ID,QR_VALUE) values (284251,'JMS_USER_ID',284247,'euadmin3');
Insert into ETRUSTEX.ETR_TB_QUERY_RESULT (QR_ID,QR_KEY,QR_MSG_ID,QR_VALUE) values (284259,'JMS_TITLE',284257,'Submission of EPO Form A');
Insert into ETRUSTEX.ETR_TB_QUERY_RESULT (QR_ID,QR_KEY,QR_MSG_ID,QR_VALUE) values (284260,'JMS_BUSINESS_DOC_TYPE',284257,'EVIDENCE_SUBMISSION_REJECTION');
Insert into ETRUSTEX.ETR_TB_QUERY_RESULT (QR_ID,QR_KEY,QR_MSG_ID,QR_VALUE) values (284261,'JMS_USER_ID',284257,'euadmin3');
Insert into ETRUSTEX.ETR_TB_QUERY_RESULT (QR_ID,QR_KEY,QR_MSG_ID,QR_VALUE) values (284273,'JMS_TITLE',284271,'Submission of EPO Form A');
Insert into ETRUSTEX.ETR_TB_QUERY_RESULT (QR_ID,QR_KEY,QR_MSG_ID,QR_VALUE) values (284209,'JMS_BUSINESS_DOC_TYPE',284203,'EVIDENCE_SUBMISSION_REJECTION');
Insert into ETRUSTEX.ETR_TB_QUERY_RESULT (QR_ID,QR_KEY,QR_MSG_ID,QR_VALUE) values (284210,'JMS_USER_ID',284203,'admin');
Insert into ETRUSTEX.ETR_TB_QUERY_RESULT (QR_ID,QR_KEY,QR_MSG_ID,QR_VALUE) values (284222,'JMS_TITLE',284220,'Submission of EPO Form A');
Insert into ETRUSTEX.ETR_TB_QUERY_RESULT (QR_ID,QR_KEY,QR_MSG_ID,QR_VALUE) values (284274,'JMS_BUSINESS_DOC_TYPE',284271,'EPO_Form_A');
Insert into ETRUSTEX.ETR_TB_QUERY_RESULT (QR_ID,QR_KEY,QR_MSG_ID,QR_VALUE) values (284275,'JMS_USER_ID',284271,'euadmin4');
Insert into ETRUSTEX.ETR_TB_QUERY_RESULT (QR_ID,QR_KEY,QR_MSG_ID,QR_VALUE) values (285385,'JMS_TITLE',285383,'Submission of EPO Form A');
Insert into ETRUSTEX.ETR_TB_QUERY_RESULT (QR_ID,QR_KEY,QR_MSG_ID,QR_VALUE) values (285386,'JMS_BUSINESS_DOC_TYPE',285383,'EPO_Form_A');
Insert into ETRUSTEX.ETR_TB_QUERY_RESULT (QR_ID,QR_KEY,QR_MSG_ID,QR_VALUE) values (285387,'JMS_USER_ID',285383,'admin');
Insert into ETRUSTEX.ETR_TB_QUERY_RESULT (QR_ID,QR_KEY,QR_MSG_ID,QR_VALUE) values (285395,'JMS_TITLE',285393,'Submission of EPO Form A');
Insert into ETRUSTEX.ETR_TB_QUERY_RESULT (QR_ID,QR_KEY,QR_MSG_ID,QR_VALUE) values (285396,'JMS_BUSINESS_DOC_TYPE',285393,'EVIDENCE_SUBMISSION_REJECTION');
Insert into ETRUSTEX.ETR_TB_QUERY_RESULT (QR_ID,QR_KEY,QR_MSG_ID,QR_VALUE) values (285397,'JMS_USER_ID',285393,'admin');
Insert into ETRUSTEX.ETR_TB_QUERY_RESULT (QR_ID,QR_KEY,QR_MSG_ID,QR_VALUE) values (285457,'JMS_TITLE',285455,'Submission of EPO Form A');
Insert into ETRUSTEX.ETR_TB_QUERY_RESULT (QR_ID,QR_KEY,QR_MSG_ID,QR_VALUE) values (285458,'JMS_BUSINESS_DOC_TYPE',285455,'EPO_Form_A');
Insert into ETRUSTEX.ETR_TB_QUERY_RESULT (QR_ID,QR_KEY,QR_MSG_ID,QR_VALUE) values (285459,'JMS_USER_ID',285455,'admin');
Insert into ETRUSTEX.ETR_TB_QUERY_RESULT (QR_ID,QR_KEY,QR_MSG_ID,QR_VALUE) values (285467,'JMS_TITLE',285465,'Submission of EPO Form A');
Insert into ETRUSTEX.ETR_TB_QUERY_RESULT (QR_ID,QR_KEY,QR_MSG_ID,QR_VALUE) values (285468,'JMS_BUSINESS_DOC_TYPE',285465,'EVIDENCE_SUBMISSION_ACCEPTANCE');
Insert into ETRUSTEX.ETR_TB_QUERY_RESULT (QR_ID,QR_KEY,QR_MSG_ID,QR_VALUE) values (285469,'JMS_USER_ID',285465,'admin');
Insert into ETRUSTEX.ETR_TB_QUERY_RESULT (QR_ID,QR_KEY,QR_MSG_ID,QR_VALUE) values (285505,'JMS_TITLE',285503,'Submission of EPO Form A');
Insert into ETRUSTEX.ETR_TB_QUERY_RESULT (QR_ID,QR_KEY,QR_MSG_ID,QR_VALUE) values (285506,'JMS_BUSINESS_DOC_TYPE',285503,'EVIDENCE_RELAY_REMMD_ACCEPTANCE');
Insert into ETRUSTEX.ETR_TB_QUERY_RESULT (QR_ID,QR_KEY,QR_MSG_ID,QR_VALUE) values (285507,'JMS_USER_ID',285503,'admin');
Insert into ETRUSTEX.ETR_TB_QUERY_RESULT (QR_ID,QR_KEY,QR_MSG_ID,QR_VALUE) values (285559,'JMS_TITLE',285557,'Submission of EPO Form A');
Insert into ETRUSTEX.ETR_TB_QUERY_RESULT (QR_ID,QR_KEY,QR_MSG_ID,QR_VALUE) values (285560,'JMS_BUSINESS_DOC_TYPE',285557,'EPO_Form_A');
Insert into ETRUSTEX.ETR_TB_QUERY_RESULT (QR_ID,QR_KEY,QR_MSG_ID,QR_VALUE) values (99079,'JMS_TITLE',99077,'dynform_epo_a');
Insert into ETRUSTEX.ETR_TB_QUERY_RESULT (QR_ID,QR_KEY,QR_MSG_ID,QR_VALUE) values (99080,'JMS_BUSINESS_DOC_TYPE',99077,'EPO_Form_A');
Insert into ETRUSTEX.ETR_TB_QUERY_RESULT (QR_ID,QR_KEY,QR_MSG_ID,QR_VALUE) values (99081,'JMS_USER_ID',99077,'admin');
Insert into ETRUSTEX.ETR_TB_QUERY_RESULT (QR_ID,QR_KEY,QR_MSG_ID,QR_VALUE) values (99190,'JMS_TITLE',99188,'dynform_sc_a');
Insert into ETRUSTEX.ETR_TB_QUERY_RESULT (QR_ID,QR_KEY,QR_MSG_ID,QR_VALUE) values (285561,'JMS_USER_ID',285557,'admin');
Insert into ETRUSTEX.ETR_TB_QUERY_RESULT (QR_ID,QR_KEY,QR_MSG_ID,QR_VALUE) values (285628,'JMS_TITLE',285626,'Submission of EPO Form A');
Insert into ETRUSTEX.ETR_TB_QUERY_RESULT (QR_ID,QR_KEY,QR_MSG_ID,QR_VALUE) values (285629,'JMS_BUSINESS_DOC_TYPE',285626,'EPO_Form_A');
Insert into ETRUSTEX.ETR_TB_QUERY_RESULT (QR_ID,QR_KEY,QR_MSG_ID,QR_VALUE) values (285630,'JMS_USER_ID',285626,'admin');
Insert into ETRUSTEX.ETR_TB_QUERY_RESULT (QR_ID,QR_KEY,QR_MSG_ID,QR_VALUE) values (285638,'JMS_TITLE',285636,'Submission of EPO Form A');
Insert into ETRUSTEX.ETR_TB_QUERY_RESULT (QR_ID,QR_KEY,QR_MSG_ID,QR_VALUE) values (285639,'JMS_BUSINESS_DOC_TYPE',285636,'EVIDENCE_SUBMISSION_REJECTION');
Insert into ETRUSTEX.ETR_TB_QUERY_RESULT (QR_ID,QR_KEY,QR_MSG_ID,QR_VALUE) values (285640,'JMS_USER_ID',285636,'admin');
Insert into ETRUSTEX.ETR_TB_QUERY_RESULT (QR_ID,QR_KEY,QR_MSG_ID,QR_VALUE) values (285652,'JMS_TITLE',285650,'Submission of EPO Form A');
Insert into ETRUSTEX.ETR_TB_QUERY_RESULT (QR_ID,QR_KEY,QR_MSG_ID,QR_VALUE) values (285653,'JMS_BUSINESS_DOC_TYPE',285650,'EPO_Form_A');
Insert into ETRUSTEX.ETR_TB_QUERY_RESULT (QR_ID,QR_KEY,QR_MSG_ID,QR_VALUE) values (285654,'JMS_USER_ID',285650,'admin');
Insert into ETRUSTEX.ETR_TB_QUERY_RESULT (QR_ID,QR_KEY,QR_MSG_ID,QR_VALUE) values (285686,'JMS_TITLE',285684,'Submission of EPO Form A');
Insert into ETRUSTEX.ETR_TB_QUERY_RESULT (QR_ID,QR_KEY,QR_MSG_ID,QR_VALUE) values (285687,'JMS_BUSINESS_DOC_TYPE',285684,'EVIDENCE_SUBMISSION_REJECTION');
Insert into ETRUSTEX.ETR_TB_QUERY_RESULT (QR_ID,QR_KEY,QR_MSG_ID,QR_VALUE) values (285688,'JMS_USER_ID',285684,'euadmin1');
Insert into ETRUSTEX.ETR_TB_QUERY_RESULT (QR_ID,QR_KEY,QR_MSG_ID,QR_VALUE) values (285761,'JMS_TITLE',285759,'Submission of EPO Form A');
Insert into ETRUSTEX.ETR_TB_QUERY_RESULT (QR_ID,QR_KEY,QR_MSG_ID,QR_VALUE) values (285762,'JMS_BUSINESS_DOC_TYPE',285759,'EPO_Form_A');
Insert into ETRUSTEX.ETR_TB_QUERY_RESULT (QR_ID,QR_KEY,QR_MSG_ID,QR_VALUE) values (285763,'JMS_USER_ID',285759,'eupublisher2');
Insert into ETRUSTEX.ETR_TB_QUERY_RESULT (QR_ID,QR_KEY,QR_MSG_ID,QR_VALUE) values (285796,'JMS_TITLE',285794,'Submission of EPO Form A');
Insert into ETRUSTEX.ETR_TB_QUERY_RESULT (QR_ID,QR_KEY,QR_MSG_ID,QR_VALUE) values (285797,'JMS_BUSINESS_DOC_TYPE',285794,'EPO_Form_A');
Insert into ETRUSTEX.ETR_TB_QUERY_RESULT (QR_ID,QR_KEY,QR_MSG_ID,QR_VALUE) values (285798,'JMS_USER_ID',285794,'eupublisher3');
Insert into ETRUSTEX.ETR_TB_QUERY_RESULT (QR_ID,QR_KEY,QR_MSG_ID,QR_VALUE) values (285806,'JMS_TITLE',285804,'Submission of EPO Form A');
Insert into ETRUSTEX.ETR_TB_QUERY_RESULT (QR_ID,QR_KEY,QR_MSG_ID,QR_VALUE) values (285807,'JMS_BUSINESS_DOC_TYPE',285804,'EVIDENCE_SUBMISSION_REJECTION');
Insert into ETRUSTEX.ETR_TB_QUERY_RESULT (QR_ID,QR_KEY,QR_MSG_ID,QR_VALUE) values (285808,'JMS_USER_ID',285804,'eupublisher3');
Insert into ETRUSTEX.ETR_TB_QUERY_RESULT (QR_ID,QR_KEY,QR_MSG_ID,QR_VALUE) values (285854,'JMS_TITLE',285852,'Submission of EPO Form A');
Insert into ETRUSTEX.ETR_TB_QUERY_RESULT (QR_ID,QR_KEY,QR_MSG_ID,QR_VALUE) values (285855,'JMS_BUSINESS_DOC_TYPE',285852,'EVIDENCE_SUBMISSION_REJECTION');
Insert into ETRUSTEX.ETR_TB_QUERY_RESULT (QR_ID,QR_KEY,QR_MSG_ID,QR_VALUE) values (285856,'JMS_USER_ID',285852,'eupublisher5');
Insert into ETRUSTEX.ETR_TB_QUERY_RESULT (QR_ID,QR_KEY,QR_MSG_ID,QR_VALUE) values (285868,'JMS_TITLE',285866,'Submission of EPO Form A');
Insert into ETRUSTEX.ETR_TB_QUERY_RESULT (QR_ID,QR_KEY,QR_MSG_ID,QR_VALUE) values (285869,'JMS_BUSINESS_DOC_TYPE',285866,'EPO_Form_A');
Insert into ETRUSTEX.ETR_TB_QUERY_RESULT (QR_ID,QR_KEY,QR_MSG_ID,QR_VALUE) values (285870,'JMS_USER_ID',285866,'eupublisher6');
Insert into ETRUSTEX.ETR_TB_QUERY_RESULT (QR_ID,QR_KEY,QR_MSG_ID,QR_VALUE) values (285878,'JMS_TITLE',285876,'Submission of EPO Form A');
Insert into ETRUSTEX.ETR_TB_QUERY_RESULT (QR_ID,QR_KEY,QR_MSG_ID,QR_VALUE) values (285879,'JMS_BUSINESS_DOC_TYPE',285876,'EVIDENCE_SUBMISSION_REJECTION');
Insert into ETRUSTEX.ETR_TB_QUERY_RESULT (QR_ID,QR_KEY,QR_MSG_ID,QR_VALUE) values (285880,'JMS_USER_ID',285876,'eupublisher6');
Insert into ETRUSTEX.ETR_TB_QUERY_RESULT (QR_ID,QR_KEY,QR_MSG_ID,QR_VALUE) values (285892,'JMS_TITLE',285890,'Submission of EPO Form A');
Insert into ETRUSTEX.ETR_TB_QUERY_RESULT (QR_ID,QR_KEY,QR_MSG_ID,QR_VALUE) values (285893,'JMS_BUSINESS_DOC_TYPE',285890,'EPO_Form_A');
Insert into ETRUSTEX.ETR_TB_QUERY_RESULT (QR_ID,QR_KEY,QR_MSG_ID,QR_VALUE) values (285894,'JMS_USER_ID',285890,'eupublisher7');
Insert into ETRUSTEX.ETR_TB_QUERY_RESULT (QR_ID,QR_KEY,QR_MSG_ID,QR_VALUE) values (285916,'JMS_TITLE',285914,'Submission of EPO Form A');
Insert into ETRUSTEX.ETR_TB_QUERY_RESULT (QR_ID,QR_KEY,QR_MSG_ID,QR_VALUE) values (285917,'JMS_BUSINESS_DOC_TYPE',285914,'EPO_Form_A');
Insert into ETRUSTEX.ETR_TB_QUERY_RESULT (QR_ID,QR_KEY,QR_MSG_ID,QR_VALUE) values (285918,'JMS_USER_ID',285914,'eupublisher8');
Insert into ETRUSTEX.ETR_TB_QUERY_RESULT (QR_ID,QR_KEY,QR_MSG_ID,QR_VALUE) values (285926,'JMS_TITLE',285924,'Submission of EPO Form A');
Insert into ETRUSTEX.ETR_TB_QUERY_RESULT (QR_ID,QR_KEY,QR_MSG_ID,QR_VALUE) values (285927,'JMS_BUSINESS_DOC_TYPE',285924,'EVIDENCE_SUBMISSION_REJECTION');
Insert into ETRUSTEX.ETR_TB_QUERY_RESULT (QR_ID,QR_KEY,QR_MSG_ID,QR_VALUE) values (285928,'JMS_USER_ID',285924,'eupublisher8');
Insert into ETRUSTEX.ETR_TB_QUERY_RESULT (QR_ID,QR_KEY,QR_MSG_ID,QR_VALUE) values (285989,'JMS_TITLE',285987,'Submission of EPO Form A');
Insert into ETRUSTEX.ETR_TB_QUERY_RESULT (QR_ID,QR_KEY,QR_MSG_ID,QR_VALUE) values (285990,'JMS_BUSINESS_DOC_TYPE',285987,'EVIDENCE_SUBMISSION_ACCEPTANCE');
Insert into ETRUSTEX.ETR_TB_QUERY_RESULT (QR_ID,QR_KEY,QR_MSG_ID,QR_VALUE) values (285991,'JMS_USER_ID',285987,'admin');
Insert into ETRUSTEX.ETR_TB_QUERY_RESULT (QR_ID,QR_KEY,QR_MSG_ID,QR_VALUE) values (286300,'JMS_TITLE',286298,'Submission of EPO Form A');
Insert into ETRUSTEX.ETR_TB_QUERY_RESULT (QR_ID,QR_KEY,QR_MSG_ID,QR_VALUE) values (286301,'JMS_BUSINESS_DOC_TYPE',286298,'EPO_Form_A');
Insert into ETRUSTEX.ETR_TB_QUERY_RESULT (QR_ID,QR_KEY,QR_MSG_ID,QR_VALUE) values (286302,'JMS_USER_ID',286298,'euadmin5');
Insert into ETRUSTEX.ETR_TB_QUERY_RESULT (QR_ID,QR_KEY,QR_MSG_ID,QR_VALUE) values (286310,'JMS_TITLE',286308,'Submission of EPO Form A');
Insert into ETRUSTEX.ETR_TB_QUERY_RESULT (QR_ID,QR_KEY,QR_MSG_ID,QR_VALUE) values (286311,'JMS_BUSINESS_DOC_TYPE',286308,'EVIDENCE_SUBMISSION_REJECTION');
Insert into ETRUSTEX.ETR_TB_QUERY_RESULT (QR_ID,QR_KEY,QR_MSG_ID,QR_VALUE) values (286312,'JMS_USER_ID',286308,'euadmin5');
Insert into ETRUSTEX.ETR_TB_QUERY_RESULT (QR_ID,QR_KEY,QR_MSG_ID,QR_VALUE) values (286324,'JMS_TITLE',286322,'Submission of EPO Form A');
Insert into ETRUSTEX.ETR_TB_QUERY_RESULT (QR_ID,QR_KEY,QR_MSG_ID,QR_VALUE) values (286325,'JMS_BUSINESS_DOC_TYPE',286322,'EPO_Form_A');
Insert into ETRUSTEX.ETR_TB_QUERY_RESULT (QR_ID,QR_KEY,QR_MSG_ID,QR_VALUE) values (286326,'JMS_USER_ID',286322,'euadmin6');
Insert into ETRUSTEX.ETR_TB_QUERY_RESULT (QR_ID,QR_KEY,QR_MSG_ID,QR_VALUE) values (286334,'JMS_TITLE',286332,'Submission of EPO Form A');
Insert into ETRUSTEX.ETR_TB_QUERY_RESULT (QR_ID,QR_KEY,QR_MSG_ID,QR_VALUE) values (286335,'JMS_BUSINESS_DOC_TYPE',286332,'EVIDENCE_SUBMISSION_REJECTION');
Insert into ETRUSTEX.ETR_TB_QUERY_RESULT (QR_ID,QR_KEY,QR_MSG_ID,QR_VALUE) values (286336,'JMS_USER_ID',286332,'euadmin6');
Insert into ETRUSTEX.ETR_TB_QUERY_RESULT (QR_ID,QR_KEY,QR_MSG_ID,QR_VALUE) values (286348,'JMS_TITLE',286346,'Submission of EPO Form A');
Insert into ETRUSTEX.ETR_TB_QUERY_RESULT (QR_ID,QR_KEY,QR_MSG_ID,QR_VALUE) values (286349,'JMS_BUSINESS_DOC_TYPE',286346,'EPO_Form_A');
Insert into ETRUSTEX.ETR_TB_QUERY_RESULT (QR_ID,QR_KEY,QR_MSG_ID,QR_VALUE) values (286350,'JMS_USER_ID',286346,'euadmin7');
Insert into ETRUSTEX.ETR_TB_QUERY_RESULT (QR_ID,QR_KEY,QR_MSG_ID,QR_VALUE) values (286358,'JMS_TITLE',286356,'Submission of EPO Form A');
Insert into ETRUSTEX.ETR_TB_QUERY_RESULT (QR_ID,QR_KEY,QR_MSG_ID,QR_VALUE) values (286359,'JMS_BUSINESS_DOC_TYPE',286356,'EVIDENCE_SUBMISSION_REJECTION');
Insert into ETRUSTEX.ETR_TB_QUERY_RESULT (QR_ID,QR_KEY,QR_MSG_ID,QR_VALUE) values (286360,'JMS_USER_ID',286356,'euadmin7');
Insert into ETRUSTEX.ETR_TB_QUERY_RESULT (QR_ID,QR_KEY,QR_MSG_ID,QR_VALUE) values (102932,'JMS_BUSINESS_DOC_TYPE',102929,'EVIDENCE_SUBMISSION_REJECTION');
Insert into ETRUSTEX.ETR_TB_QUERY_RESULT (QR_ID,QR_KEY,QR_MSG_ID,QR_VALUE) values (102933,'JMS_USER_ID',102929,'admin');
Insert into ETRUSTEX.ETR_TB_QUERY_RESULT (QR_ID,QR_KEY,QR_MSG_ID,QR_VALUE) values (235936,'JMS_TITLE',235934,'dynform_epo_a');
Insert into ETRUSTEX.ETR_TB_QUERY_RESULT (QR_ID,QR_KEY,QR_MSG_ID,QR_VALUE) values (235937,'JMS_BUSINESS_DOC_TYPE',235934,'EPO_Form_A');
Insert into ETRUSTEX.ETR_TB_QUERY_RESULT (QR_ID,QR_KEY,QR_MSG_ID,QR_VALUE) values (235938,'JMS_USER_ID',235934,'admin');
Insert into ETRUSTEX.ETR_TB_QUERY_RESULT (QR_ID,QR_KEY,QR_MSG_ID,QR_VALUE) values (235974,'JMS_TITLE',235972,'dynform_sc_a');
Insert into ETRUSTEX.ETR_TB_QUERY_RESULT (QR_ID,QR_KEY,QR_MSG_ID,QR_VALUE) values (235975,'JMS_BUSINESS_DOC_TYPE',235972,'SmallClaim_Form_A');
Insert into ETRUSTEX.ETR_TB_QUERY_RESULT (QR_ID,QR_KEY,QR_MSG_ID,QR_VALUE) values (235976,'JMS_USER_ID',235972,'admin');
Insert into ETRUSTEX.ETR_TB_QUERY_RESULT (QR_ID,QR_KEY,QR_MSG_ID,QR_VALUE) values (236109,'JMS_TITLE',236107,'dynform_epo_a');
Insert into ETRUSTEX.ETR_TB_QUERY_RESULT (QR_ID,QR_KEY,QR_MSG_ID,QR_VALUE) values (236110,'JMS_BUSINESS_DOC_TYPE',236107,'EPO_Form_A');
Insert into ETRUSTEX.ETR_TB_QUERY_RESULT (QR_ID,QR_KEY,QR_MSG_ID,QR_VALUE) values (236111,'JMS_USER_ID',236107,'admin');
Insert into ETRUSTEX.ETR_TB_QUERY_RESULT (QR_ID,QR_KEY,QR_MSG_ID,QR_VALUE) values (236201,'JMS_TITLE',236199,'dynform_epo_a');
Insert into ETRUSTEX.ETR_TB_QUERY_RESULT (QR_ID,QR_KEY,QR_MSG_ID,QR_VALUE) values (236202,'JMS_BUSINESS_DOC_TYPE',236199,'EPO_Form_A');
Insert into ETRUSTEX.ETR_TB_QUERY_RESULT (QR_ID,QR_KEY,QR_MSG_ID,QR_VALUE) values (236203,'JMS_USER_ID',236199,'esadmin1');
Insert into ETRUSTEX.ETR_TB_QUERY_RESULT (QR_ID,QR_KEY,QR_MSG_ID,QR_VALUE) values (236283,'JMS_TITLE',236281,'dynform_sc_a');
Insert into ETRUSTEX.ETR_TB_QUERY_RESULT (QR_ID,QR_KEY,QR_MSG_ID,QR_VALUE) values (236284,'JMS_BUSINESS_DOC_TYPE',236281,'SmallClaim_Form_A');
Insert into ETRUSTEX.ETR_TB_QUERY_RESULT (QR_ID,QR_KEY,QR_MSG_ID,QR_VALUE) values (236285,'JMS_USER_ID',236281,'admin');
Insert into ETRUSTEX.ETR_TB_QUERY_RESULT (QR_ID,QR_KEY,QR_MSG_ID,QR_VALUE) values (236336,'JMS_TITLE',236334,'dynform_epo_a');
Insert into ETRUSTEX.ETR_TB_QUERY_RESULT (QR_ID,QR_KEY,QR_MSG_ID,QR_VALUE) values (236337,'JMS_BUSINESS_DOC_TYPE',236334,'EPO_Form_A');
Insert into ETRUSTEX.ETR_TB_QUERY_RESULT (QR_ID,QR_KEY,QR_MSG_ID,QR_VALUE) values (236338,'JMS_USER_ID',236334,'admin');
Insert into ETRUSTEX.ETR_TB_QUERY_RESULT (QR_ID,QR_KEY,QR_MSG_ID,QR_VALUE) values (236461,'JMS_TITLE',236459,'dynform_sc_a');
Insert into ETRUSTEX.ETR_TB_QUERY_RESULT (QR_ID,QR_KEY,QR_MSG_ID,QR_VALUE) values (236462,'JMS_BUSINESS_DOC_TYPE',236459,'SmallClaim_Form_A');
Insert into ETRUSTEX.ETR_TB_QUERY_RESULT (QR_ID,QR_KEY,QR_MSG_ID,QR_VALUE) values (236463,'JMS_USER_ID',236459,'admin');
Insert into ETRUSTEX.ETR_TB_QUERY_RESULT (QR_ID,QR_KEY,QR_MSG_ID,QR_VALUE) values (236612,'JMS_TITLE',236610,'dynform_epo_a');
Insert into ETRUSTEX.ETR_TB_QUERY_RESULT (QR_ID,QR_KEY,QR_MSG_ID,QR_VALUE) values (236613,'JMS_BUSINESS_DOC_TYPE',236610,'EPO_Form_A');
Insert into ETRUSTEX.ETR_TB_QUERY_RESULT (QR_ID,QR_KEY,QR_MSG_ID,QR_VALUE) values (236614,'JMS_USER_ID',236610,'bgadmin1');
Insert into ETRUSTEX.ETR_TB_QUERY_RESULT (QR_ID,QR_KEY,QR_MSG_ID,QR_VALUE) values (236628,'JMS_TITLE',236626,'dynform_epo_a');
Insert into ETRUSTEX.ETR_TB_QUERY_RESULT (QR_ID,QR_KEY,QR_MSG_ID,QR_VALUE) values (236629,'JMS_BUSINESS_DOC_TYPE',236626,'EPO_Form_A');
Insert into ETRUSTEX.ETR_TB_QUERY_RESULT (QR_ID,QR_KEY,QR_MSG_ID,QR_VALUE) values (236630,'JMS_USER_ID',236626,'bgadmin1');
Insert into ETRUSTEX.ETR_TB_QUERY_RESULT (QR_ID,QR_KEY,QR_MSG_ID,QR_VALUE) values (236650,'JMS_TITLE',236648,'dynform_sc_a');
Insert into ETRUSTEX.ETR_TB_QUERY_RESULT (QR_ID,QR_KEY,QR_MSG_ID,QR_VALUE) values (236651,'JMS_BUSINESS_DOC_TYPE',236648,'SmallClaim_Form_A');
Insert into ETRUSTEX.ETR_TB_QUERY_RESULT (QR_ID,QR_KEY,QR_MSG_ID,QR_VALUE) values (236652,'JMS_USER_ID',236648,'bgadmin1');
Insert into ETRUSTEX.ETR_TB_QUERY_RESULT (QR_ID,QR_KEY,QR_MSG_ID,QR_VALUE) values (238706,'JMS_TITLE',238704,'dynform_epo_a');
Insert into ETRUSTEX.ETR_TB_QUERY_RESULT (QR_ID,QR_KEY,QR_MSG_ID,QR_VALUE) values (238707,'JMS_BUSINESS_DOC_TYPE',238704,'EVIDENCE_SUBMISSION_REJECTION');
Insert into ETRUSTEX.ETR_TB_QUERY_RESULT (QR_ID,QR_KEY,QR_MSG_ID,QR_VALUE) values (238708,'JMS_USER_ID',238704,'sandrotest');
Insert into ETRUSTEX.ETR_TB_QUERY_RESULT (QR_ID,QR_KEY,QR_MSG_ID,QR_VALUE) values (238714,'JMS_TITLE',238712,'dynform_epo_a');
Insert into ETRUSTEX.ETR_TB_QUERY_RESULT (QR_ID,QR_KEY,QR_MSG_ID,QR_VALUE) values (238715,'JMS_BUSINESS_DOC_TYPE',238712,'EVIDENCE_RELAY_REMMD_FAILURE');
Insert into ETRUSTEX.ETR_TB_QUERY_RESULT (QR_ID,QR_KEY,QR_MSG_ID,QR_VALUE) values (238716,'JMS_USER_ID',238712,'bgadmin1');
Insert into ETRUSTEX.ETR_TB_QUERY_RESULT (QR_ID,QR_KEY,QR_MSG_ID,QR_VALUE) values (238738,'JMS_TITLE',238736,'dynform_epo_a');
Insert into ETRUSTEX.ETR_TB_QUERY_RESULT (QR_ID,QR_KEY,QR_MSG_ID,QR_VALUE) values (238739,'JMS_BUSINESS_DOC_TYPE',238736,'EVIDENCE_SUBMISSION_REJECTION');
Insert into ETRUSTEX.ETR_TB_QUERY_RESULT (QR_ID,QR_KEY,QR_MSG_ID,QR_VALUE) values (238740,'JMS_USER_ID',238736,'admin');
Insert into ETRUSTEX.ETR_TB_QUERY_RESULT (QR_ID,QR_KEY,QR_MSG_ID,QR_VALUE) values (238733,'JMS_TITLE',238728,'dynform_epo_a');
Insert into ETRUSTEX.ETR_TB_QUERY_RESULT (QR_ID,QR_KEY,QR_MSG_ID,QR_VALUE) values (238734,'JMS_BUSINESS_DOC_TYPE',238728,'EVIDENCE_SUBMISSION_REJECTION');
Insert into ETRUSTEX.ETR_TB_QUERY_RESULT (QR_ID,QR_KEY,QR_MSG_ID,QR_VALUE) values (238735,'JMS_USER_ID',238728,'sandrotest');
Insert into ETRUSTEX.ETR_TB_QUERY_RESULT (QR_ID,QR_KEY,QR_MSG_ID,QR_VALUE) values (238748,'JMS_TITLE',238746,'dynform_epo_a');
Insert into ETRUSTEX.ETR_TB_QUERY_RESULT (QR_ID,QR_KEY,QR_MSG_ID,QR_VALUE) values (238749,'JMS_BUSINESS_DOC_TYPE',238746,'EVIDENCE_SUBMISSION_REJECTION');
Insert into ETRUSTEX.ETR_TB_QUERY_RESULT (QR_ID,QR_KEY,QR_MSG_ID,QR_VALUE) values (238750,'JMS_USER_ID',238746,'sandrotest');
Insert into ETRUSTEX.ETR_TB_QUERY_RESULT (QR_ID,QR_KEY,QR_MSG_ID,QR_VALUE) values (238764,'JMS_TITLE',238762,'dynform_epo_a');
Insert into ETRUSTEX.ETR_TB_QUERY_RESULT (QR_ID,QR_KEY,QR_MSG_ID,QR_VALUE) values (238765,'JMS_BUSINESS_DOC_TYPE',238762,'EVIDENCE_SUBMISSION_REJECTION');
Insert into ETRUSTEX.ETR_TB_QUERY_RESULT (QR_ID,QR_KEY,QR_MSG_ID,QR_VALUE) values (238766,'JMS_USER_ID',238762,'sandrotest');
Insert into ETRUSTEX.ETR_TB_QUERY_RESULT (QR_ID,QR_KEY,QR_MSG_ID,QR_VALUE) values (238772,'JMS_TITLE',238770,'dynform_epo_a');
Insert into ETRUSTEX.ETR_TB_QUERY_RESULT (QR_ID,QR_KEY,QR_MSG_ID,QR_VALUE) values (238773,'JMS_BUSINESS_DOC_TYPE',238770,'EVIDENCE_SUBMISSION_REJECTION');
Insert into ETRUSTEX.ETR_TB_QUERY_RESULT (QR_ID,QR_KEY,QR_MSG_ID,QR_VALUE) values (238774,'JMS_USER_ID',238770,'sandrotest');
Insert into ETRUSTEX.ETR_TB_QUERY_RESULT (QR_ID,QR_KEY,QR_MSG_ID,QR_VALUE) values (240853,'JMS_TITLE',240851,'dynform_epo_a');
Insert into ETRUSTEX.ETR_TB_QUERY_RESULT (QR_ID,QR_KEY,QR_MSG_ID,QR_VALUE) values (240854,'JMS_BUSINESS_DOC_TYPE',240851,'EPO_Form_A');
Insert into ETRUSTEX.ETR_TB_QUERY_RESULT (QR_ID,QR_KEY,QR_MSG_ID,QR_VALUE) values (240855,'JMS_USER_ID',240851,'admin');
Insert into ETRUSTEX.ETR_TB_QUERY_RESULT (QR_ID,QR_KEY,QR_MSG_ID,QR_VALUE) values (242749,'JMS_TITLE',242747,'dynform_epo_a');
Insert into ETRUSTEX.ETR_TB_QUERY_RESULT (QR_ID,QR_KEY,QR_MSG_ID,QR_VALUE) values (242750,'JMS_BUSINESS_DOC_TYPE',242747,'EVIDENCE_SUBMISSION_REJECTION');
Insert into ETRUSTEX.ETR_TB_QUERY_RESULT (QR_ID,QR_KEY,QR_MSG_ID,QR_VALUE) values (242751,'JMS_USER_ID',242747,'admin');
Insert into ETRUSTEX.ETR_TB_QUERY_RESULT (QR_ID,QR_KEY,QR_MSG_ID,QR_VALUE) values (271602,'JMS_TITLE',271600,'dynform_epo_a');
Insert into ETRUSTEX.ETR_TB_QUERY_RESULT (QR_ID,QR_KEY,QR_MSG_ID,QR_VALUE) values (271603,'JMS_BUSINESS_DOC_TYPE',271600,'EPO_Form_A');
Insert into ETRUSTEX.ETR_TB_QUERY_RESULT (QR_ID,QR_KEY,QR_MSG_ID,QR_VALUE) values (271604,'JMS_USER_ID',271600,'admin');
Insert into ETRUSTEX.ETR_TB_QUERY_RESULT (QR_ID,QR_KEY,QR_MSG_ID,QR_VALUE) values (272163,'JMS_TITLE',272161,'dynform_epo_a');
Insert into ETRUSTEX.ETR_TB_QUERY_RESULT (QR_ID,QR_KEY,QR_MSG_ID,QR_VALUE) values (279102,'JMS_BUSINESS_DOC_TYPE',279077,'EPO_Form_A');
Insert into ETRUSTEX.ETR_TB_QUERY_RESULT (QR_ID,QR_KEY,QR_MSG_ID,QR_VALUE) values (279103,'JMS_USER_ID',279077,'admin');
Insert into ETRUSTEX.ETR_TB_QUERY_RESULT (QR_ID,QR_KEY,QR_MSG_ID,QR_VALUE) values (279474,'JMS_TITLE',279472,'Submission of EPO Form A DE');
Insert into ETRUSTEX.ETR_TB_QUERY_RESULT (QR_ID,QR_KEY,QR_MSG_ID,QR_VALUE) values (279475,'JMS_BUSINESS_DOC_TYPE',279472,'EPO_Form_A');
Insert into ETRUSTEX.ETR_TB_QUERY_RESULT (QR_ID,QR_KEY,QR_MSG_ID,QR_VALUE) values (279476,'JMS_USER_ID',279472,'admin');
Insert into ETRUSTEX.ETR_TB_QUERY_RESULT (QR_ID,QR_KEY,QR_MSG_ID,QR_VALUE) values (279839,'JMS_TITLE',279837,'Submission of EPO Form A DE');
Insert into ETRUSTEX.ETR_TB_QUERY_RESULT (QR_ID,QR_KEY,QR_MSG_ID,QR_VALUE) values (279840,'JMS_BUSINESS_DOC_TYPE',279837,'EVIDENCE_RELAY_REMMD_FAILURE');
Insert into ETRUSTEX.ETR_TB_QUERY_RESULT (QR_ID,QR_KEY,QR_MSG_ID,QR_VALUE) values (279841,'JMS_USER_ID',279837,'admin');
Insert into ETRUSTEX.ETR_TB_QUERY_RESULT (QR_ID,QR_KEY,QR_MSG_ID,QR_VALUE) values (283756,'JMS_BUSINESS_DOC_TYPE',283753,'EVIDENCE_SUBMISSION_REJECTION');
Insert into ETRUSTEX.ETR_TB_QUERY_RESULT (QR_ID,QR_KEY,QR_MSG_ID,QR_VALUE) values (272164,'JMS_BUSINESS_DOC_TYPE',272161,'EPO_Form_A');
Insert into ETRUSTEX.ETR_TB_QUERY_RESULT (QR_ID,QR_KEY,QR_MSG_ID,QR_VALUE) values (272165,'JMS_USER_ID',272161,'admin');
Insert into ETRUSTEX.ETR_TB_QUERY_RESULT (QR_ID,QR_KEY,QR_MSG_ID,QR_VALUE) values (272407,'JMS_TITLE',272405,'dynform_sc_a');
Insert into ETRUSTEX.ETR_TB_QUERY_RESULT (QR_ID,QR_KEY,QR_MSG_ID,QR_VALUE) values (272408,'JMS_BUSINESS_DOC_TYPE',272405,'EVIDENCE_SUBMISSION_REJECTION');
Insert into ETRUSTEX.ETR_TB_QUERY_RESULT (QR_ID,QR_KEY,QR_MSG_ID,QR_VALUE) values (272409,'JMS_USER_ID',272405,'admin');
Insert into ETRUSTEX.ETR_TB_QUERY_RESULT (QR_ID,QR_KEY,QR_MSG_ID,QR_VALUE) values (273193,'JMS_TITLE',273191,'Submission of EPO Form A');
Insert into ETRUSTEX.ETR_TB_QUERY_RESULT (QR_ID,QR_KEY,QR_MSG_ID,QR_VALUE) values (273194,'JMS_BUSINESS_DOC_TYPE',273191,'EVIDENCE_SUBMISSION_REJECTION');
Insert into ETRUSTEX.ETR_TB_QUERY_RESULT (QR_ID,QR_KEY,QR_MSG_ID,QR_VALUE) values (273195,'JMS_USER_ID',273191,'admin');
Insert into ETRUSTEX.ETR_TB_QUERY_RESULT (QR_ID,QR_KEY,QR_MSG_ID,QR_VALUE) values (275137,'JMS_TITLE',275135,'Submission of EPO Form A');
Insert into ETRUSTEX.ETR_TB_QUERY_RESULT (QR_ID,QR_KEY,QR_MSG_ID,QR_VALUE) values (275138,'JMS_BUSINESS_DOC_TYPE',275135,'EPO_Form_A');
Insert into ETRUSTEX.ETR_TB_QUERY_RESULT (QR_ID,QR_KEY,QR_MSG_ID,QR_VALUE) values (275139,'JMS_USER_ID',275135,'admin');
Insert into ETRUSTEX.ETR_TB_QUERY_RESULT (QR_ID,QR_KEY,QR_MSG_ID,QR_VALUE) values (283757,'JMS_USER_ID',283753,'admin');
Insert into ETRUSTEX.ETR_TB_QUERY_RESULT (QR_ID,QR_KEY,QR_MSG_ID,QR_VALUE) values (284115,'JMS_TITLE',284113,'Submission of EPO Form A');
Insert into ETRUSTEX.ETR_TB_QUERY_RESULT (QR_ID,QR_KEY,QR_MSG_ID,QR_VALUE) values (284116,'JMS_BUSINESS_DOC_TYPE',284113,'EPO_Form_A');
Insert into ETRUSTEX.ETR_TB_QUERY_RESULT (QR_ID,QR_KEY,QR_MSG_ID,QR_VALUE) values (284117,'JMS_USER_ID',284113,'admin');
Insert into ETRUSTEX.ETR_TB_QUERY_RESULT (QR_ID,QR_KEY,QR_MSG_ID,QR_VALUE) values (284142,'JMS_TITLE',284140,'Submission of EPO Form A');
Insert into ETRUSTEX.ETR_TB_QUERY_RESULT (QR_ID,QR_KEY,QR_MSG_ID,QR_VALUE) values (283481,'JMS_TITLE',283479,'Submission of EPO Form A DE 2');
Insert into ETRUSTEX.ETR_TB_QUERY_RESULT (QR_ID,QR_KEY,QR_MSG_ID,QR_VALUE) values (279093,'JMS_TITLE',279091,'Submission of EPO Form A2');
Insert into ETRUSTEX.ETR_TB_QUERY_RESULT (QR_ID,QR_KEY,QR_MSG_ID,QR_VALUE) values (102921,'JMS_TITLE',102919,'dynform_epo_a');
Insert into ETRUSTEX.ETR_TB_QUERY_RESULT (QR_ID,QR_KEY,QR_MSG_ID,QR_VALUE) values (102922,'JMS_BUSINESS_DOC_TYPE',102919,'EPO_Form_A');
Insert into ETRUSTEX.ETR_TB_QUERY_RESULT (QR_ID,QR_KEY,QR_MSG_ID,QR_VALUE) values (102923,'JMS_USER_ID',102919,'admin');
Insert into ETRUSTEX.ETR_TB_QUERY_RESULT (QR_ID,QR_KEY,QR_MSG_ID,QR_VALUE) values (102931,'JMS_TITLE',102929,'dynform_epo_a');
Insert into ETRUSTEX.ETR_TB_QUERY_RESULT (QR_ID,QR_KEY,QR_MSG_ID,QR_VALUE) values (279094,'JMS_BUSINESS_DOC_TYPE',279091,'EPO_Form_A');
Insert into ETRUSTEX.ETR_TB_QUERY_RESULT (QR_ID,QR_KEY,QR_MSG_ID,QR_VALUE) values (279095,'JMS_USER_ID',279091,'admin');
Insert into ETRUSTEX.ETR_TB_QUERY_RESULT (QR_ID,QR_KEY,QR_MSG_ID,QR_VALUE) values (279101,'JMS_TITLE',279077,'Submission of EPO Form A3');
Insert into ETRUSTEX.ETR_TB_QUERY_RESULT (QR_ID,QR_KEY,QR_MSG_ID,QR_VALUE) values (284143,'JMS_BUSINESS_DOC_TYPE',284140,'EPO_Form_A');
Insert into ETRUSTEX.ETR_TB_QUERY_RESULT (QR_ID,QR_KEY,QR_MSG_ID,QR_VALUE) values (284144,'JMS_USER_ID',284140,'euadmin2');
Insert into ETRUSTEX.ETR_TB_QUERY_RESULT (QR_ID,QR_KEY,QR_MSG_ID,QR_VALUE) values (284171,'JMS_TITLE',284169,'Submission of EPO Form A');
Insert into ETRUSTEX.ETR_TB_QUERY_RESULT (QR_ID,QR_KEY,QR_MSG_ID,QR_VALUE) values (283482,'JMS_BUSINESS_DOC_TYPE',283479,'EVIDENCE_RELAY_REMMD_ACCEPTANCE');
Insert into ETRUSTEX.ETR_TB_QUERY_RESULT (QR_ID,QR_KEY,QR_MSG_ID,QR_VALUE) values (283483,'JMS_USER_ID',283479,'TEST_RECEIVE_EVIDENCE_USER');
Insert into ETRUSTEX.ETR_TB_QUERY_RESULT (QR_ID,QR_KEY,QR_MSG_ID,QR_VALUE) values (283755,'JMS_TITLE',283753,'Submission of EPO Form A');
Insert into ETRUSTEX.ETR_TB_QUERY_RESULT (QR_ID,QR_KEY,QR_MSG_ID,QR_VALUE) values (284172,'JMS_BUSINESS_DOC_TYPE',284169,'EPO_Form_A');
Insert into ETRUSTEX.ETR_TB_QUERY_RESULT (QR_ID,QR_KEY,QR_MSG_ID,QR_VALUE) values (284173,'JMS_USER_ID',284169,'deadmin1');
Insert into ETRUSTEX.ETR_TB_QUERY_RESULT (QR_ID,QR_KEY,QR_MSG_ID,QR_VALUE) values (284283,'JMS_TITLE',284281,'Submission of EPO Form A');
Insert into ETRUSTEX.ETR_TB_QUERY_RESULT (QR_ID,QR_KEY,QR_MSG_ID,QR_VALUE) values (284284,'JMS_BUSINESS_DOC_TYPE',284281,'EVIDENCE_SUBMISSION_REJECTION');
Insert into ETRUSTEX.ETR_TB_QUERY_RESULT (QR_ID,QR_KEY,QR_MSG_ID,QR_VALUE) values (284285,'JMS_USER_ID',284281,'euadmin4');
Insert into ETRUSTEX.ETR_TB_QUERY_RESULT (QR_ID,QR_KEY,QR_MSG_ID,QR_VALUE) values (285092,'JMS_TITLE',285090,'Submission of EPO Form A');
Insert into ETRUSTEX.ETR_TB_QUERY_RESULT (QR_ID,QR_KEY,QR_MSG_ID,QR_VALUE) values (285093,'JMS_BUSINESS_DOC_TYPE',285090,'EVIDENCE_SUBMISSION_REJECTION');
Insert into ETRUSTEX.ETR_TB_QUERY_RESULT (QR_ID,QR_KEY,QR_MSG_ID,QR_VALUE) values (285094,'JMS_USER_ID',285090,'admin');
Insert into ETRUSTEX.ETR_TB_QUERY_RESULT (QR_ID,QR_KEY,QR_MSG_ID,QR_VALUE) values (285433,'JMS_TITLE',285431,'Submission of EPO Form A');
Insert into ETRUSTEX.ETR_TB_QUERY_RESULT (QR_ID,QR_KEY,QR_MSG_ID,QR_VALUE) values (285434,'JMS_BUSINESS_DOC_TYPE',285431,'EPO_Form_A');
Insert into ETRUSTEX.ETR_TB_QUERY_RESULT (QR_ID,QR_KEY,QR_MSG_ID,QR_VALUE) values (285435,'JMS_USER_ID',285431,'admin');
Insert into ETRUSTEX.ETR_TB_QUERY_RESULT (QR_ID,QR_KEY,QR_MSG_ID,QR_VALUE) values (285443,'JMS_TITLE',285441,'Submission of EPO Form A');
Insert into ETRUSTEX.ETR_TB_QUERY_RESULT (QR_ID,QR_KEY,QR_MSG_ID,QR_VALUE) values (285444,'JMS_BUSINESS_DOC_TYPE',285441,'EVIDENCE_SUBMISSION_REJECTION');
Insert into ETRUSTEX.ETR_TB_QUERY_RESULT (QR_ID,QR_KEY,QR_MSG_ID,QR_VALUE) values (285445,'JMS_USER_ID',285441,'admin');
Insert into ETRUSTEX.ETR_TB_QUERY_RESULT (QR_ID,QR_KEY,QR_MSG_ID,QR_VALUE) values (285481,'JMS_TITLE',285479,'Submission of EPO Form A');
Insert into ETRUSTEX.ETR_TB_QUERY_RESULT (QR_ID,QR_KEY,QR_MSG_ID,QR_VALUE) values (285482,'JMS_BUSINESS_DOC_TYPE',285479,'EPO_Form_A');
Insert into ETRUSTEX.ETR_TB_QUERY_RESULT (QR_ID,QR_KEY,QR_MSG_ID,QR_VALUE) values (285483,'JMS_USER_ID',285479,'admin');
Insert into ETRUSTEX.ETR_TB_QUERY_RESULT (QR_ID,QR_KEY,QR_MSG_ID,QR_VALUE) values (285491,'JMS_TITLE',285489,'Submission of EPO Form A');
Insert into ETRUSTEX.ETR_TB_QUERY_RESULT (QR_ID,QR_KEY,QR_MSG_ID,QR_VALUE) values (285492,'JMS_BUSINESS_DOC_TYPE',285489,'EVIDENCE_SUBMISSION_ACCEPTANCE');
Insert into ETRUSTEX.ETR_TB_QUERY_RESULT (QR_ID,QR_KEY,QR_MSG_ID,QR_VALUE) values (285493,'JMS_USER_ID',285489,'admin');
Insert into ETRUSTEX.ETR_TB_QUERY_RESULT (QR_ID,QR_KEY,QR_MSG_ID,QR_VALUE) values (285526,'JMS_TITLE',285524,'Greg Submission of EPO Form A 19/06/2014 12345679890 12345679890 12345679890 12345679890 12345679890 12345679890 12345679890 12345679890 12345679890 12345679890 12345679890');
Insert into ETRUSTEX.ETR_TB_QUERY_RESULT (QR_ID,QR_KEY,QR_MSG_ID,QR_VALUE) values (285527,'JMS_BUSINESS_DOC_TYPE',285524,'EVIDENCE_SUBMISSION_REJECTION');
Insert into ETRUSTEX.ETR_TB_QUERY_RESULT (QR_ID,QR_KEY,QR_MSG_ID,QR_VALUE) values (285528,'JMS_USER_ID',285524,'admin');
Insert into ETRUSTEX.ETR_TB_QUERY_RESULT (QR_ID,QR_KEY,QR_MSG_ID,QR_VALUE) values (285902,'JMS_TITLE',285900,'Submission of EPO Form A');
Insert into ETRUSTEX.ETR_TB_QUERY_RESULT (QR_ID,QR_KEY,QR_MSG_ID,QR_VALUE) values (285903,'JMS_BUSINESS_DOC_TYPE',285900,'EVIDENCE_SUBMISSION_REJECTION');
Insert into ETRUSTEX.ETR_TB_QUERY_RESULT (QR_ID,QR_KEY,QR_MSG_ID,QR_VALUE) values (285904,'JMS_USER_ID',285900,'eupublisher7');
Insert into ETRUSTEX.ETR_TB_QUERY_RESULT (QR_ID,QR_KEY,QR_MSG_ID,QR_VALUE) values (285979,'JMS_TITLE',285977,'Submission of EPO Form A');
Insert into ETRUSTEX.ETR_TB_QUERY_RESULT (QR_ID,QR_KEY,QR_MSG_ID,QR_VALUE) values (285980,'JMS_BUSINESS_DOC_TYPE',285977,'EPO_Form_A');
Insert into ETRUSTEX.ETR_TB_QUERY_RESULT (QR_ID,QR_KEY,QR_MSG_ID,QR_VALUE) values (285981,'JMS_USER_ID',285977,'admin');
Insert into ETRUSTEX.ETR_TB_QUERY_RESULT (QR_ID,QR_KEY,QR_MSG_ID,QR_VALUE) values (286622,'JMS_TITLE',286620,'Submission of EPO Form A DE 3');
Insert into ETRUSTEX.ETR_TB_QUERY_RESULT (QR_ID,QR_KEY,QR_MSG_ID,QR_VALUE) values (286623,'JMS_BUSINESS_DOC_TYPE',286620,'EPO_Form_A');
Insert into ETRUSTEX.ETR_TB_QUERY_RESULT (QR_ID,QR_KEY,QR_MSG_ID,QR_VALUE) values (286624,'JMS_USER_ID',286620,'admin');
Insert into ETRUSTEX.ETR_TB_QUERY_RESULT (QR_ID,QR_KEY,QR_MSG_ID,QR_VALUE) values (288348,'JMS_TITLE',288346,'Submission of EPO Form A');
Insert into ETRUSTEX.ETR_TB_QUERY_RESULT (QR_ID,QR_KEY,QR_MSG_ID,QR_VALUE) values (288349,'JMS_BUSINESS_DOC_TYPE',288346,'EPO_Form_A');
Insert into ETRUSTEX.ETR_TB_QUERY_RESULT (QR_ID,QR_KEY,QR_MSG_ID,QR_VALUE) values (288350,'JMS_USER_ID',288346,'admin');
Insert into ETRUSTEX.ETR_TB_QUERY_RESULT (QR_ID,QR_KEY,QR_MSG_ID,QR_VALUE) values (288358,'JMS_TITLE',288356,'Submission of EPO Form A');
Insert into ETRUSTEX.ETR_TB_QUERY_RESULT (QR_ID,QR_KEY,QR_MSG_ID,QR_VALUE) values (288359,'JMS_BUSINESS_DOC_TYPE',288356,'EVIDENCE_SUBMISSION_REJECTION');
Insert into ETRUSTEX.ETR_TB_QUERY_RESULT (QR_ID,QR_KEY,QR_MSG_ID,QR_VALUE) values (288360,'JMS_USER_ID',288356,'admin');
Insert into ETRUSTEX.ETR_TB_QUERY_RESULT (QR_ID,QR_KEY,QR_MSG_ID,QR_VALUE) values (391958,'JMS_TITLE',391941,'Submission of EPO Form A');
Insert into ETRUSTEX.ETR_TB_QUERY_RESULT (QR_ID,QR_KEY,QR_MSG_ID,QR_VALUE) values (391959,'JMS_BUSINESS_DOC_TYPE',391941,'EPO_Form_A');
Insert into ETRUSTEX.ETR_TB_QUERY_RESULT (QR_ID,QR_KEY,QR_MSG_ID,QR_VALUE) values (391960,'JMS_USER_ID',391941,'eupublisher8');
Insert into ETRUSTEX.ETR_TB_QUERY_RESULT (QR_ID,QR_KEY,QR_MSG_ID,QR_VALUE) values (392607,'JMS_TITLE',392605,'Submission of Small Claim Form A');
Insert into ETRUSTEX.ETR_TB_QUERY_RESULT (QR_ID,QR_KEY,QR_MSG_ID,QR_VALUE) values (392608,'JMS_BUSINESS_DOC_TYPE',392605,'SmallClaim_Form_A');
Insert into ETRUSTEX.ETR_TB_QUERY_RESULT (QR_ID,QR_KEY,QR_MSG_ID,QR_VALUE) values (392609,'JMS_USER_ID',392605,'admin');
Insert into ETRUSTEX.ETR_TB_QUERY_RESULT (QR_ID,QR_KEY,QR_MSG_ID,QR_VALUE) values (394405,'JMS_TITLE',394403,'Submission of EPO Form A');
Insert into ETRUSTEX.ETR_TB_QUERY_RESULT (QR_ID,QR_KEY,QR_MSG_ID,QR_VALUE) values (394406,'JMS_BUSINESS_DOC_TYPE',394403,'EPO_Form_A');
Insert into ETRUSTEX.ETR_TB_QUERY_RESULT (QR_ID,QR_KEY,QR_MSG_ID,QR_VALUE) values (394407,'JMS_USER_ID',394403,'depublisher1');
Insert into ETRUSTEX.ETR_TB_QUERY_RESULT (QR_ID,QR_KEY,QR_MSG_ID,QR_VALUE) values (394441,'JMS_TITLE',394439,'Submission of EPO Form A');
Insert into ETRUSTEX.ETR_TB_QUERY_RESULT (QR_ID,QR_KEY,QR_MSG_ID,QR_VALUE) values (394442,'JMS_BUSINESS_DOC_TYPE',394439,'EPO_Form_A');
Insert into ETRUSTEX.ETR_TB_QUERY_RESULT (QR_ID,QR_KEY,QR_MSG_ID,QR_VALUE) values (394443,'JMS_USER_ID',394439,'depublisher2');
Insert into ETRUSTEX.ETR_TB_QUERY_RESULT (QR_ID,QR_KEY,QR_MSG_ID,QR_VALUE) values (394451,'JMS_TITLE',394449,'Submission of EPO Form A');
Insert into ETRUSTEX.ETR_TB_QUERY_RESULT (QR_ID,QR_KEY,QR_MSG_ID,QR_VALUE) values (394452,'JMS_BUSINESS_DOC_TYPE',394449,'EVIDENCE_SUBMISSION_REJECTION');
Insert into ETRUSTEX.ETR_TB_QUERY_RESULT (QR_ID,QR_KEY,QR_MSG_ID,QR_VALUE) values (394453,'JMS_USER_ID',394449,'depublisher2');
Insert into ETRUSTEX.ETR_TB_QUERY_RESULT (QR_ID,QR_KEY,QR_MSG_ID,QR_VALUE) values (408066,'JMS_BUSINESS_DOC_TYPE',408063,'EVIDENCE_SUBMISSION_REJECTION');
Insert into ETRUSTEX.ETR_TB_QUERY_RESULT (QR_ID,QR_KEY,QR_MSG_ID,QR_VALUE) values (408067,'JMS_USER_ID',408063,'admin');
Insert into ETRUSTEX.ETR_TB_QUERY_RESULT (QR_ID,QR_KEY,QR_MSG_ID,QR_VALUE) values (408315,'JMS_TITLE',408313,'HolaGreg -Small Claim Form A 30072014');
Insert into ETRUSTEX.ETR_TB_QUERY_RESULT (QR_ID,QR_KEY,QR_MSG_ID,QR_VALUE) values (408316,'JMS_BUSINESS_DOC_TYPE',408313,'SmallClaim_Form_A');
Insert into ETRUSTEX.ETR_TB_QUERY_RESULT (QR_ID,QR_KEY,QR_MSG_ID,QR_VALUE) values (408317,'JMS_USER_ID',408313,'esadmin1');
Insert into ETRUSTEX.ETR_TB_QUERY_RESULT (QR_ID,QR_KEY,QR_MSG_ID,QR_VALUE) values (408325,'JMS_TITLE',408323,'HolaGreg -Small Claim Form A 30072014');
Insert into ETRUSTEX.ETR_TB_QUERY_RESULT (QR_ID,QR_KEY,QR_MSG_ID,QR_VALUE) values (408326,'JMS_BUSINESS_DOC_TYPE',408323,'EVIDENCE_SUBMISSION_REJECTION');
Insert into ETRUSTEX.ETR_TB_QUERY_RESULT (QR_ID,QR_KEY,QR_MSG_ID,QR_VALUE) values (408327,'JMS_USER_ID',408323,'esadmin1');
Insert into ETRUSTEX.ETR_TB_QUERY_RESULT (QR_ID,QR_KEY,QR_MSG_ID,QR_VALUE) values (408349,'JMS_TITLE',408347,'Hola Greg2-30072014-FINAL');
Insert into ETRUSTEX.ETR_TB_QUERY_RESULT (QR_ID,QR_KEY,QR_MSG_ID,QR_VALUE) values (408350,'JMS_BUSINESS_DOC_TYPE',408347,'EVIDENCE_SUBMISSION_REJECTION');
Insert into ETRUSTEX.ETR_TB_QUERY_RESULT (QR_ID,QR_KEY,QR_MSG_ID,QR_VALUE) values (408351,'JMS_USER_ID',408347,'esadmin1');
Insert into ETRUSTEX.ETR_TB_QUERY_RESULT (QR_ID,QR_KEY,QR_MSG_ID,QR_VALUE) values (447832,'JMS_TITLE',447830,'Resubmission of EPO Form A');
Insert into ETRUSTEX.ETR_TB_QUERY_RESULT (QR_ID,QR_KEY,QR_MSG_ID,QR_VALUE) values (447833,'JMS_BUSINESS_DOC_TYPE',447830,'EPO_Form_A');
Insert into ETRUSTEX.ETR_TB_QUERY_RESULT (QR_ID,QR_KEY,QR_MSG_ID,QR_VALUE) values (408055,'JMS_TITLE',408053,'Dionie-Submission');
Insert into ETRUSTEX.ETR_TB_QUERY_RESULT (QR_ID,QR_KEY,QR_MSG_ID,QR_VALUE) values (408056,'JMS_BUSINESS_DOC_TYPE',408053,'EPO_Form_A');
Insert into ETRUSTEX.ETR_TB_QUERY_RESULT (QR_ID,QR_KEY,QR_MSG_ID,QR_VALUE) values (408057,'JMS_USER_ID',408053,'admin');
Insert into ETRUSTEX.ETR_TB_QUERY_RESULT (QR_ID,QR_KEY,QR_MSG_ID,QR_VALUE) values (408065,'JMS_TITLE',408063,'Dionie-Submission');
Insert into ETRUSTEX.ETR_TB_QUERY_RESULT (QR_ID,QR_KEY,QR_MSG_ID,QR_VALUE) values (447834,'JMS_USER_ID',447830,'dumibog');
Insert into ETRUSTEX.ETR_TB_QUERY_RESULT (QR_ID,QR_KEY,QR_MSG_ID,QR_VALUE) values (447698,'JMS_TITLE',447696,'Another EPO Form A');
Insert into ETRUSTEX.ETR_TB_QUERY_RESULT (QR_ID,QR_KEY,QR_MSG_ID,QR_VALUE) values (447699,'JMS_BUSINESS_DOC_TYPE',447696,'EPO_Form_A');
Insert into ETRUSTEX.ETR_TB_QUERY_RESULT (QR_ID,QR_KEY,QR_MSG_ID,QR_VALUE) values (447700,'JMS_USER_ID',447696,'dumibog');
Insert into ETRUSTEX.ETR_TB_QUERY_RESULT (QR_ID,QR_KEY,QR_MSG_ID,QR_VALUE) values (447747,'JMS_TITLE',447745,'Submission of Small Claim Form A');
Insert into ETRUSTEX.ETR_TB_QUERY_RESULT (QR_ID,QR_KEY,QR_MSG_ID,QR_VALUE) values (447748,'JMS_BUSINESS_DOC_TYPE',447745,'SmallClaim_Form_A');
Insert into ETRUSTEX.ETR_TB_QUERY_RESULT (QR_ID,QR_KEY,QR_MSG_ID,QR_VALUE) values (447749,'JMS_USER_ID',447745,'dumibog');
Insert into ETRUSTEX.ETR_TB_QUERY_RESULT (QR_ID,QR_KEY,QR_MSG_ID,QR_VALUE) values (705740,'JMS_TITLE',705691,'lala');
Insert into ETRUSTEX.ETR_TB_QUERY_RESULT (QR_ID,QR_KEY,QR_MSG_ID,QR_VALUE) values (705741,'JMS_BUSINESS_DOC_TYPE',705691,'EPO_Form_A');
Insert into ETRUSTEX.ETR_TB_QUERY_RESULT (QR_ID,QR_KEY,QR_MSG_ID,QR_VALUE) values (705742,'JMS_USER_ID',705691,'admin');
Insert into ETRUSTEX.ETR_TB_QUERY_RESULT (QR_ID,QR_KEY,QR_MSG_ID,QR_VALUE) values (706042,'JMS_TITLE',706036,'lala 2');
Insert into ETRUSTEX.ETR_TB_QUERY_RESULT (QR_ID,QR_KEY,QR_MSG_ID,QR_VALUE) values (706043,'JMS_BUSINESS_DOC_TYPE',706036,'EPO_Form_A');
Insert into ETRUSTEX.ETR_TB_QUERY_RESULT (QR_ID,QR_KEY,QR_MSG_ID,QR_VALUE) values (706044,'JMS_USER_ID',706036,'admin');
Insert into ETRUSTEX.ETR_TB_QUERY_RESULT (QR_ID,QR_KEY,QR_MSG_ID,QR_VALUE) values (394560,'JMS_TITLE',394558,'Submission of EPO Form A');
Insert into ETRUSTEX.ETR_TB_QUERY_RESULT (QR_ID,QR_KEY,QR_MSG_ID,QR_VALUE) values (394561,'JMS_BUSINESS_DOC_TYPE',394558,'EPO_Form_A');
Insert into ETRUSTEX.ETR_TB_QUERY_RESULT (QR_ID,QR_KEY,QR_MSG_ID,QR_VALUE) values (394562,'JMS_USER_ID',394558,'deadmin1');
Insert into ETRUSTEX.ETR_TB_QUERY_RESULT (QR_ID,QR_KEY,QR_MSG_ID,QR_VALUE) values (394570,'JMS_TITLE',394568,'Submission of EPO Form A');
Insert into ETRUSTEX.ETR_TB_QUERY_RESULT (QR_ID,QR_KEY,QR_MSG_ID,QR_VALUE) values (394571,'JMS_BUSINESS_DOC_TYPE',394568,'EVIDENCE_SUBMISSION_REJECTION');
Insert into ETRUSTEX.ETR_TB_QUERY_RESULT (QR_ID,QR_KEY,QR_MSG_ID,QR_VALUE) values (394572,'JMS_USER_ID',394568,'deadmin1');
Insert into ETRUSTEX.ETR_TB_QUERY_RESULT (QR_ID,QR_KEY,QR_MSG_ID,QR_VALUE) values (408814,'JMS_BUSINESS_DOC_TYPE',408809,'EPO_Form_A');
Insert into ETRUSTEX.ETR_TB_QUERY_RESULT (QR_ID,QR_KEY,QR_MSG_ID,QR_VALUE) values (408815,'JMS_USER_ID',408809,'frapublisher2');
Insert into ETRUSTEX.ETR_TB_QUERY_RESULT (QR_ID,QR_KEY,QR_MSG_ID,QR_VALUE) values (408129,'JMS_TITLE',408127,'Submission of EPO Form A_ES');
Insert into ETRUSTEX.ETR_TB_QUERY_RESULT (QR_ID,QR_KEY,QR_MSG_ID,QR_VALUE) values (408130,'JMS_BUSINESS_DOC_TYPE',408127,'EPO_Form_A');
Insert into ETRUSTEX.ETR_TB_QUERY_RESULT (QR_ID,QR_KEY,QR_MSG_ID,QR_VALUE) values (408131,'JMS_USER_ID',408127,'esadmin1');
Insert into ETRUSTEX.ETR_TB_QUERY_RESULT (QR_ID,QR_KEY,QR_MSG_ID,QR_VALUE) values (408949,'JMS_TITLE',408947,'Submission of EPO Form A');
Insert into ETRUSTEX.ETR_TB_QUERY_RESULT (QR_ID,QR_KEY,QR_MSG_ID,QR_VALUE) values (408813,'JMS_TITLE',408809,'Submission of EPO Form A');
Insert into ETRUSTEX.ETR_TB_QUERY_RESULT (QR_ID,QR_KEY,QR_MSG_ID,QR_VALUE) values (408950,'JMS_BUSINESS_DOC_TYPE',408947,'EVIDENCE_SUBMISSION_REJECTION');
Insert into ETRUSTEX.ETR_TB_QUERY_RESULT (QR_ID,QR_KEY,QR_MSG_ID,QR_VALUE) values (408951,'JMS_USER_ID',408947,'ptadmin1');
Insert into ETRUSTEX.ETR_TB_QUERY_RESULT (QR_ID,QR_KEY,QR_MSG_ID,QR_VALUE) values (436997,'JMS_TITLE',436971,'Submission of EPO Form A');
Insert into ETRUSTEX.ETR_TB_QUERY_RESULT (QR_ID,QR_KEY,QR_MSG_ID,QR_VALUE) values (436998,'JMS_BUSINESS_DOC_TYPE',436971,'EVIDENCE_SUBMISSION_ACCEPTANCE');
Insert into ETRUSTEX.ETR_TB_QUERY_RESULT (QR_ID,QR_KEY,QR_MSG_ID,QR_VALUE) values (410428,'JMS_TITLE',410426,'TEST Submission of Small Claim Form A');
Insert into ETRUSTEX.ETR_TB_QUERY_RESULT (QR_ID,QR_KEY,QR_MSG_ID,QR_VALUE) values (436999,'JMS_USER_ID',436971,'dumibog');
Insert into ETRUSTEX.ETR_TB_QUERY_RESULT (QR_ID,QR_KEY,QR_MSG_ID,QR_VALUE) values (410429,'JMS_BUSINESS_DOC_TYPE',410426,'EVIDENCE_SUBMISSION_REJECTION');
Insert into ETRUSTEX.ETR_TB_QUERY_RESULT (QR_ID,QR_KEY,QR_MSG_ID,QR_VALUE) values (410430,'JMS_USER_ID',410426,'nadminte');
Insert into ETRUSTEX.ETR_TB_QUERY_RESULT (QR_ID,QR_KEY,QR_MSG_ID,QR_VALUE) values (437077,'JMS_TITLE',437020,'Submission of EPO Form A');
Insert into ETRUSTEX.ETR_TB_QUERY_RESULT (QR_ID,QR_KEY,QR_MSG_ID,QR_VALUE) values (437078,'JMS_BUSINESS_DOC_TYPE',437020,'EVIDENCE_DELIVERY');
Insert into ETRUSTEX.ETR_TB_QUERY_RESULT (QR_ID,QR_KEY,QR_MSG_ID,QR_VALUE) values (437079,'JMS_USER_ID',437020,'dumibog');
Insert into ETRUSTEX.ETR_TB_QUERY_RESULT (QR_ID,QR_KEY,QR_MSG_ID,QR_VALUE) values (405563,'JMS_TITLE',405561,'Submission of EPO Form A');
Insert into ETRUSTEX.ETR_TB_QUERY_RESULT (QR_ID,QR_KEY,QR_MSG_ID,QR_VALUE) values (405564,'JMS_BUSINESS_DOC_TYPE',405561,'EPO_Form_A');
Insert into ETRUSTEX.ETR_TB_QUERY_RESULT (QR_ID,QR_KEY,QR_MSG_ID,QR_VALUE) values (405565,'JMS_USER_ID',405561,'admin');
Insert into ETRUSTEX.ETR_TB_QUERY_RESULT (QR_ID,QR_KEY,QR_MSG_ID,QR_VALUE) values (407482,'JMS_TITLE',407480,'Submission of Small Claim Form A');
Insert into ETRUSTEX.ETR_TB_QUERY_RESULT (QR_ID,QR_KEY,QR_MSG_ID,QR_VALUE) values (407483,'JMS_BUSINESS_DOC_TYPE',407480,'SmallClaim_Form_A');
Insert into ETRUSTEX.ETR_TB_QUERY_RESULT (QR_ID,QR_KEY,QR_MSG_ID,QR_VALUE) values (408339,'JMS_TITLE',408337,'Hola Greg2-30072014-FINAL');
Insert into ETRUSTEX.ETR_TB_QUERY_RESULT (QR_ID,QR_KEY,QR_MSG_ID,QR_VALUE) values (407484,'JMS_USER_ID',407480,'admin');
Insert into ETRUSTEX.ETR_TB_QUERY_RESULT (QR_ID,QR_KEY,QR_MSG_ID,QR_VALUE) values (408340,'JMS_BUSINESS_DOC_TYPE',408337,'SmallClaim_Form_A');
Insert into ETRUSTEX.ETR_TB_QUERY_RESULT (QR_ID,QR_KEY,QR_MSG_ID,QR_VALUE) values (408539,'JMS_BUSINESS_DOC_TYPE',408536,'EPO_Form_A');
Insert into ETRUSTEX.ETR_TB_QUERY_RESULT (QR_ID,QR_KEY,QR_MSG_ID,QR_VALUE) values (408341,'JMS_USER_ID',408337,'esadmin1');
Insert into ETRUSTEX.ETR_TB_QUERY_RESULT (QR_ID,QR_KEY,QR_MSG_ID,QR_VALUE) values (408540,'JMS_USER_ID',408536,'admin');
Insert into ETRUSTEX.ETR_TB_QUERY_RESULT (QR_ID,QR_KEY,QR_MSG_ID,QR_VALUE) values (408548,'JMS_TITLE',408546,'Submission of EPO Form A');
Insert into ETRUSTEX.ETR_TB_QUERY_RESULT (QR_ID,QR_KEY,QR_MSG_ID,QR_VALUE) values (408538,'JMS_TITLE',408536,'Submission of EPO Form A');
Insert into ETRUSTEX.ETR_TB_QUERY_RESULT (QR_ID,QR_KEY,QR_MSG_ID,QR_VALUE) values (408549,'JMS_BUSINESS_DOC_TYPE',408546,'EVIDENCE_SUBMISSION_REJECTION');
Insert into ETRUSTEX.ETR_TB_QUERY_RESULT (QR_ID,QR_KEY,QR_MSG_ID,QR_VALUE) values (408550,'JMS_USER_ID',408546,'admin');
Insert into ETRUSTEX.ETR_TB_QUERY_RESULT (QR_ID,QR_KEY,QR_MSG_ID,QR_VALUE) values (436961,'JMS_TITLE',436959,'Submission of EPO Form A');
Insert into ETRUSTEX.ETR_TB_QUERY_RESULT (QR_ID,QR_KEY,QR_MSG_ID,QR_VALUE) values (436962,'JMS_BUSINESS_DOC_TYPE',436959,'EPO_Form_A');
Insert into ETRUSTEX.ETR_TB_QUERY_RESULT (QR_ID,QR_KEY,QR_MSG_ID,QR_VALUE) values (410418,'JMS_TITLE',410416,'TEST Submission of Small Claim Form A');
Insert into ETRUSTEX.ETR_TB_QUERY_RESULT (QR_ID,QR_KEY,QR_MSG_ID,QR_VALUE) values (410419,'JMS_BUSINESS_DOC_TYPE',410416,'SmallClaim_Form_A');
Insert into ETRUSTEX.ETR_TB_QUERY_RESULT (QR_ID,QR_KEY,QR_MSG_ID,QR_VALUE) values (410420,'JMS_USER_ID',410416,'nadminte');
Insert into ETRUSTEX.ETR_TB_QUERY_RESULT (QR_ID,QR_KEY,QR_MSG_ID,QR_VALUE) values (436963,'JMS_USER_ID',436959,'dumibog');
Insert into ETRUSTEX.ETR_TB_QUERY_RESULT (QR_ID,QR_KEY,QR_MSG_ID,QR_VALUE) values (408676,'JMS_TITLE',408674,'Submission of EPO Form A');
Insert into ETRUSTEX.ETR_TB_QUERY_RESULT (QR_ID,QR_KEY,QR_MSG_ID,QR_VALUE) values (408677,'JMS_BUSINESS_DOC_TYPE',408674,'EPO_Form_A');
Insert into ETRUSTEX.ETR_TB_QUERY_RESULT (QR_ID,QR_KEY,QR_MSG_ID,QR_VALUE) values (408678,'JMS_USER_ID',408674,'admin');
Insert into ETRUSTEX.ETR_TB_QUERY_RESULT (QR_ID,QR_KEY,QR_MSG_ID,QR_VALUE) values (541960,'JMS_TITLE',541905,'Submission of EPO Form A (version fixed by Vassilios)');
Insert into ETRUSTEX.ETR_TB_QUERY_RESULT (QR_ID,QR_KEY,QR_MSG_ID,QR_VALUE) values (541961,'JMS_BUSINESS_DOC_TYPE',541905,'EPO_Form_A');
Insert into ETRUSTEX.ETR_TB_QUERY_RESULT (QR_ID,QR_KEY,QR_MSG_ID,QR_VALUE) values (541962,'JMS_USER_ID',541905,'dumibog');
Insert into ETRUSTEX.ETR_TB_QUERY_RESULT (QR_ID,QR_KEY,QR_MSG_ID,QR_VALUE) values (405649,'JMS_BUSINESS_DOC_TYPE',405643,'EVIDENCE_SUBMISSION_REJECTION');
Insert into ETRUSTEX.ETR_TB_QUERY_RESULT (QR_ID,QR_KEY,QR_MSG_ID,QR_VALUE) values (405650,'JMS_USER_ID',405643,'admin');
Insert into ETRUSTEX.ETR_TB_QUERY_RESULT (QR_ID,QR_KEY,QR_MSG_ID,QR_VALUE) values (405716,'JMS_TITLE',405714,'Submission of Small Claim Form A');
Insert into ETRUSTEX.ETR_TB_QUERY_RESULT (QR_ID,QR_KEY,QR_MSG_ID,QR_VALUE) values (405635,'JMS_TITLE',405633,'test 3');
Insert into ETRUSTEX.ETR_TB_QUERY_RESULT (QR_ID,QR_KEY,QR_MSG_ID,QR_VALUE) values (405636,'JMS_BUSINESS_DOC_TYPE',405633,'SmallClaim_Form_A');
Insert into ETRUSTEX.ETR_TB_QUERY_RESULT (QR_ID,QR_KEY,QR_MSG_ID,QR_VALUE) values (405637,'JMS_USER_ID',405633,'admin');
Insert into ETRUSTEX.ETR_TB_QUERY_RESULT (QR_ID,QR_KEY,QR_MSG_ID,QR_VALUE) values (405648,'JMS_TITLE',405643,'test 3');
Insert into ETRUSTEX.ETR_TB_QUERY_RESULT (QR_ID,QR_KEY,QR_MSG_ID,QR_VALUE) values (405717,'JMS_BUSINESS_DOC_TYPE',405714,'SmallClaim_Form_A');
Insert into ETRUSTEX.ETR_TB_QUERY_RESULT (QR_ID,QR_KEY,QR_MSG_ID,QR_VALUE) values (405718,'JMS_USER_ID',405714,'beadmin1');
Insert into ETRUSTEX.ETR_TB_QUERY_RESULT (QR_ID,QR_KEY,QR_MSG_ID,QR_VALUE) values (407066,'JMS_BUSINESS_DOC_TYPE',407063,'SmallClaim_Form_A');
Insert into ETRUSTEX.ETR_TB_QUERY_RESULT (QR_ID,QR_KEY,QR_MSG_ID,QR_VALUE) values (407067,'JMS_USER_ID',407063,'esadmin1');
Insert into ETRUSTEX.ETR_TB_QUERY_RESULT (QR_ID,QR_KEY,QR_MSG_ID,QR_VALUE) values (407075,'JMS_TITLE',407073,'Submission of Small Claim Form A');
Insert into ETRUSTEX.ETR_TB_QUERY_RESULT (QR_ID,QR_KEY,QR_MSG_ID,QR_VALUE) values (408870,'JMS_BUSINESS_DOC_TYPE',408867,'EPO_Form_A');
Insert into ETRUSTEX.ETR_TB_QUERY_RESULT (QR_ID,QR_KEY,QR_MSG_ID,QR_VALUE) values (408871,'JMS_USER_ID',408867,'ptpublisher1');
Insert into ETRUSTEX.ETR_TB_QUERY_RESULT (QR_ID,QR_KEY,QR_MSG_ID,QR_VALUE) values (408855,'JMS_TITLE',408853,'Submission of EPO Form A');
Insert into ETRUSTEX.ETR_TB_QUERY_RESULT (QR_ID,QR_KEY,QR_MSG_ID,QR_VALUE) values (407065,'JMS_TITLE',407063,'Submission of Small Claim Form A');
Insert into ETRUSTEX.ETR_TB_QUERY_RESULT (QR_ID,QR_KEY,QR_MSG_ID,QR_VALUE) values (407076,'JMS_BUSINESS_DOC_TYPE',407073,'EVIDENCE_SUBMISSION_REJECTION');
Insert into ETRUSTEX.ETR_TB_QUERY_RESULT (QR_ID,QR_KEY,QR_MSG_ID,QR_VALUE) values (407077,'JMS_USER_ID',407073,'esadmin1');
Insert into ETRUSTEX.ETR_TB_QUERY_RESULT (QR_ID,QR_KEY,QR_MSG_ID,QR_VALUE) values (408909,'JMS_TITLE',408907,'Submission of EPO Form A');
Insert into ETRUSTEX.ETR_TB_QUERY_RESULT (QR_ID,QR_KEY,QR_MSG_ID,QR_VALUE) values (408910,'JMS_BUSINESS_DOC_TYPE',408907,'EVIDENCE_SUBMISSION_REJECTION');
Insert into ETRUSTEX.ETR_TB_QUERY_RESULT (QR_ID,QR_KEY,QR_MSG_ID,QR_VALUE) values (408911,'JMS_USER_ID',408907,'ptpublisher1');
Insert into ETRUSTEX.ETR_TB_QUERY_RESULT (QR_ID,QR_KEY,QR_MSG_ID,QR_VALUE) values (408923,'JMS_TITLE',408921,'Submission of EPO Form A');
Insert into ETRUSTEX.ETR_TB_QUERY_RESULT (QR_ID,QR_KEY,QR_MSG_ID,QR_VALUE) values (408856,'JMS_BUSINESS_DOC_TYPE',408853,'EVIDENCE_SUBMISSION_REJECTION');
Insert into ETRUSTEX.ETR_TB_QUERY_RESULT (QR_ID,QR_KEY,QR_MSG_ID,QR_VALUE) values (408857,'JMS_USER_ID',408853,'frapublisher2');
Insert into ETRUSTEX.ETR_TB_QUERY_RESULT (QR_ID,QR_KEY,QR_MSG_ID,QR_VALUE) values (408869,'JMS_TITLE',408867,'Submission of EPO Form A');
Insert into ETRUSTEX.ETR_TB_QUERY_RESULT (QR_ID,QR_KEY,QR_MSG_ID,QR_VALUE) values (408924,'JMS_BUSINESS_DOC_TYPE',408921,'EPO_Form_A');
Insert into ETRUSTEX.ETR_TB_QUERY_RESULT (QR_ID,QR_KEY,QR_MSG_ID,QR_VALUE) values (408925,'JMS_USER_ID',408921,'ptadmin1');
Insert into ETRUSTEX.ETR_TB_QUERY_RESULT (QR_ID,QR_KEY,QR_MSG_ID,QR_VALUE) values (408957,'JMS_TITLE',408955,'Submission of EPO Form A');
Insert into ETRUSTEX.ETR_TB_QUERY_RESULT (QR_ID,QR_KEY,QR_MSG_ID,QR_VALUE) values (408958,'JMS_BUSINESS_DOC_TYPE',408955,'EVIDENCE_SUBMISSION_REJECTION');
Insert into ETRUSTEX.ETR_TB_QUERY_RESULT (QR_ID,QR_KEY,QR_MSG_ID,QR_VALUE) values (408959,'JMS_USER_ID',408955,'ptadmin1');
Insert into ETRUSTEX.ETR_TB_QUERY_RESULT (QR_ID,QR_KEY,QR_MSG_ID,QR_VALUE) values (452860,'JMS_TITLE',452858,'Submission of EPO Form A');
Insert into ETRUSTEX.ETR_TB_QUERY_RESULT (QR_ID,QR_KEY,QR_MSG_ID,QR_VALUE) values (452861,'JMS_BUSINESS_DOC_TYPE',452858,'EPO_Form_A');
Insert into ETRUSTEX.ETR_TB_QUERY_RESULT (QR_ID,QR_KEY,QR_MSG_ID,QR_VALUE) values (452862,'JMS_USER_ID',452858,'admin');
Insert into ETRUSTEX.ETR_TB_QUERY_RESULT (QR_ID,QR_KEY,QR_MSG_ID,QR_VALUE) values (403770,'JMS_BUSINESS_DOC_TYPE',403767,'EVIDENCE_SUBMISSION_REJECTION');
Insert into ETRUSTEX.ETR_TB_QUERY_RESULT (QR_ID,QR_KEY,QR_MSG_ID,QR_VALUE) values (403771,'JMS_USER_ID',403767,'fraadmin1');
Insert into ETRUSTEX.ETR_TB_QUERY_RESULT (QR_ID,QR_KEY,QR_MSG_ID,QR_VALUE) values (405489,'JMS_TITLE',405487,'Submission of Small Claim Form A');
Insert into ETRUSTEX.ETR_TB_QUERY_RESULT (QR_ID,QR_KEY,QR_MSG_ID,QR_VALUE) values (403759,'JMS_TITLE',403757,'Submission of EPO Form A');
Insert into ETRUSTEX.ETR_TB_QUERY_RESULT (QR_ID,QR_KEY,QR_MSG_ID,QR_VALUE) values (403760,'JMS_BUSINESS_DOC_TYPE',403757,'EPO_Form_A');
Insert into ETRUSTEX.ETR_TB_QUERY_RESULT (QR_ID,QR_KEY,QR_MSG_ID,QR_VALUE) values (403761,'JMS_USER_ID',403757,'fraadmin1');
Insert into ETRUSTEX.ETR_TB_QUERY_RESULT (QR_ID,QR_KEY,QR_MSG_ID,QR_VALUE) values (403769,'JMS_TITLE',403767,'Submission of EPO Form A');
Insert into ETRUSTEX.ETR_TB_QUERY_RESULT (QR_ID,QR_KEY,QR_MSG_ID,QR_VALUE) values (405490,'JMS_BUSINESS_DOC_TYPE',405487,'SmallClaim_Form_A');
Insert into ETRUSTEX.ETR_TB_QUERY_RESULT (QR_ID,QR_KEY,QR_MSG_ID,QR_VALUE) values (405491,'JMS_USER_ID',405487,'esadmin1');
Insert into ETRUSTEX.ETR_TB_QUERY_RESULT (QR_ID,QR_KEY,QR_MSG_ID,QR_VALUE) values (405499,'JMS_TITLE',405497,'Submission of Small Claim Form A');
Insert into ETRUSTEX.ETR_TB_QUERY_RESULT (QR_ID,QR_KEY,QR_MSG_ID,QR_VALUE) values (405500,'JMS_BUSINESS_DOC_TYPE',405497,'EVIDENCE_SUBMISSION_REJECTION');
Insert into ETRUSTEX.ETR_TB_QUERY_RESULT (QR_ID,QR_KEY,QR_MSG_ID,QR_VALUE) values (405501,'JMS_USER_ID',405497,'esadmin1');
Insert into ETRUSTEX.ETR_TB_QUERY_RESULT (QR_ID,QR_KEY,QR_MSG_ID,QR_VALUE) values (405523,'JMS_TITLE',405521,'Submission of Small Claim Form A');
Insert into ETRUSTEX.ETR_TB_QUERY_RESULT (QR_ID,QR_KEY,QR_MSG_ID,QR_VALUE) values (405524,'JMS_BUSINESS_DOC_TYPE',405521,'SmallClaim_Form_A');
Insert into ETRUSTEX.ETR_TB_QUERY_RESULT (QR_ID,QR_KEY,QR_MSG_ID,QR_VALUE) values (405525,'JMS_USER_ID',405521,'esadmin1');
Insert into ETRUSTEX.ETR_TB_QUERY_RESULT (QR_ID,QR_KEY,QR_MSG_ID,QR_VALUE) values (405533,'JMS_TITLE',405531,'Submission of Small Claim Form A');
Insert into ETRUSTEX.ETR_TB_QUERY_RESULT (QR_ID,QR_KEY,QR_MSG_ID,QR_VALUE) values (405534,'JMS_BUSINESS_DOC_TYPE',405531,'EVIDENCE_SUBMISSION_REJECTION');
Insert into ETRUSTEX.ETR_TB_QUERY_RESULT (QR_ID,QR_KEY,QR_MSG_ID,QR_VALUE) values (405535,'JMS_USER_ID',405531,'esadmin1');
Insert into ETRUSTEX.ETR_TB_QUERY_RESULT (QR_ID,QR_KEY,QR_MSG_ID,QR_VALUE) values (405587,'JMS_TITLE',405585,'test 1');
Insert into ETRUSTEX.ETR_TB_QUERY_RESULT (QR_ID,QR_KEY,QR_MSG_ID,QR_VALUE) values (405588,'JMS_BUSINESS_DOC_TYPE',405585,'SmallClaim_Form_A');
Insert into ETRUSTEX.ETR_TB_QUERY_RESULT (QR_ID,QR_KEY,QR_MSG_ID,QR_VALUE) values (405589,'JMS_USER_ID',405585,'admin');
Insert into ETRUSTEX.ETR_TB_QUERY_RESULT (QR_ID,QR_KEY,QR_MSG_ID,QR_VALUE) values (405692,'JMS_TITLE',405690,'Submission of Small Claim Form A');
Insert into ETRUSTEX.ETR_TB_QUERY_RESULT (QR_ID,QR_KEY,QR_MSG_ID,QR_VALUE) values (405693,'JMS_BUSINESS_DOC_TYPE',405690,'SmallClaim_Form_A');
Insert into ETRUSTEX.ETR_TB_QUERY_RESULT (QR_ID,QR_KEY,QR_MSG_ID,QR_VALUE) values (405694,'JMS_USER_ID',405690,'beadmin1');
Insert into ETRUSTEX.ETR_TB_QUERY_RESULT (QR_ID,QR_KEY,QR_MSG_ID,QR_VALUE) values (406950,'JMS_BUSINESS_DOC_TYPE',406947,'EPO_Form_A');
Insert into ETRUSTEX.ETR_TB_QUERY_RESULT (QR_ID,QR_KEY,QR_MSG_ID,QR_VALUE) values (406951,'JMS_USER_ID',406947,'grpublisher1');
Insert into ETRUSTEX.ETR_TB_QUERY_RESULT (QR_ID,QR_KEY,QR_MSG_ID,QR_VALUE) values (406959,'JMS_TITLE',406957,'Submission of EPO Form A');
Insert into ETRUSTEX.ETR_TB_QUERY_RESULT (QR_ID,QR_KEY,QR_MSG_ID,QR_VALUE) values (408140,'JMS_BUSINESS_DOC_TYPE',408137,'EVIDENCE_SUBMISSION_REJECTION');
Insert into ETRUSTEX.ETR_TB_QUERY_RESULT (QR_ID,QR_KEY,QR_MSG_ID,QR_VALUE) values (408141,'JMS_USER_ID',408137,'esadmin1');
Insert into ETRUSTEX.ETR_TB_QUERY_RESULT (QR_ID,QR_KEY,QR_MSG_ID,QR_VALUE) values (406949,'JMS_TITLE',406947,'Submission of EPO Form A');
Insert into ETRUSTEX.ETR_TB_QUERY_RESULT (QR_ID,QR_KEY,QR_MSG_ID,QR_VALUE) values (406960,'JMS_BUSINESS_DOC_TYPE',406957,'EVIDENCE_SUBMISSION_REJECTION');
Insert into ETRUSTEX.ETR_TB_QUERY_RESULT (QR_ID,QR_KEY,QR_MSG_ID,QR_VALUE) values (406961,'JMS_USER_ID',406957,'grpublisher1');
Insert into ETRUSTEX.ETR_TB_QUERY_RESULT (QR_ID,QR_KEY,QR_MSG_ID,QR_VALUE) values (408139,'JMS_TITLE',408137,'Submission of EPO Form A_ES');
Insert into ETRUSTEX.ETR_TB_QUERY_RESULT (QR_ID,QR_KEY,QR_MSG_ID,QR_VALUE) values (394532,'JMS_TITLE',394530,'retry and success Manos');
Insert into ETRUSTEX.ETR_TB_QUERY_RESULT (QR_ID,QR_KEY,QR_MSG_ID,QR_VALUE) values (394533,'JMS_BUSINESS_DOC_TYPE',394530,'EVIDENCE_SUBMISSION_REJECTION');
Insert into ETRUSTEX.ETR_TB_QUERY_RESULT (QR_ID,QR_KEY,QR_MSG_ID,QR_VALUE) values (394534,'JMS_USER_ID',394530,'deadmin1');
Insert into ETRUSTEX.ETR_TB_QUERY_RESULT (QR_ID,QR_KEY,QR_MSG_ID,QR_VALUE) values (405612,'JMS_BUSINESS_DOC_TYPE',405609,'SmallClaim_Form_A');
Insert into ETRUSTEX.ETR_TB_QUERY_RESULT (QR_ID,QR_KEY,QR_MSG_ID,QR_VALUE) values (405613,'JMS_USER_ID',405609,'admin');
Insert into ETRUSTEX.ETR_TB_QUERY_RESULT (QR_ID,QR_KEY,QR_MSG_ID,QR_VALUE) values (405621,'JMS_TITLE',405619,'test 2');
Insert into ETRUSTEX.ETR_TB_QUERY_RESULT (QR_ID,QR_KEY,QR_MSG_ID,QR_VALUE) values (405027,'JMS_TITLE',405025,'test 2');
Insert into ETRUSTEX.ETR_TB_QUERY_RESULT (QR_ID,QR_KEY,QR_MSG_ID,QR_VALUE) values (405028,'JMS_BUSINESS_DOC_TYPE',405025,'EVIDENCE_SUBMISSION_ACCEPTANCE');
Insert into ETRUSTEX.ETR_TB_QUERY_RESULT (QR_ID,QR_KEY,QR_MSG_ID,QR_VALUE) values (405029,'JMS_USER_ID',405025,'admin');
Insert into ETRUSTEX.ETR_TB_QUERY_RESULT (QR_ID,QR_KEY,QR_MSG_ID,QR_VALUE) values (405611,'JMS_TITLE',405609,'test 2');
Insert into ETRUSTEX.ETR_TB_QUERY_RESULT (QR_ID,QR_KEY,QR_MSG_ID,QR_VALUE) values (405622,'JMS_BUSINESS_DOC_TYPE',405619,'EVIDENCE_SUBMISSION_REJECTION');
Insert into ETRUSTEX.ETR_TB_QUERY_RESULT (QR_ID,QR_KEY,QR_MSG_ID,QR_VALUE) values (405623,'JMS_USER_ID',405619,'admin');
Insert into ETRUSTEX.ETR_TB_QUERY_RESULT (QR_ID,QR_KEY,QR_MSG_ID,QR_VALUE) values (405702,'JMS_TITLE',405700,'Submission of Small Claim Form A');
Insert into ETRUSTEX.ETR_TB_QUERY_RESULT (QR_ID,QR_KEY,QR_MSG_ID,QR_VALUE) values (405703,'JMS_BUSINESS_DOC_TYPE',405700,'EVIDENCE_SUBMISSION_REJECTION');
Insert into ETRUSTEX.ETR_TB_QUERY_RESULT (QR_ID,QR_KEY,QR_MSG_ID,QR_VALUE) values (405704,'JMS_USER_ID',405700,'beadmin1');
Insert into ETRUSTEX.ETR_TB_QUERY_RESULT (QR_ID,QR_KEY,QR_MSG_ID,QR_VALUE) values (407384,'JMS_TITLE',407382,'Submission of Small Claim Form A (for greece in Spanish) - 3');
Insert into ETRUSTEX.ETR_TB_QUERY_RESULT (QR_ID,QR_KEY,QR_MSG_ID,QR_VALUE) values (407385,'JMS_BUSINESS_DOC_TYPE',407382,'SmallClaim_Form_A');
Insert into ETRUSTEX.ETR_TB_QUERY_RESULT (QR_ID,QR_KEY,QR_MSG_ID,QR_VALUE) values (407386,'JMS_USER_ID',407382,'euadmin5');
Insert into ETRUSTEX.ETR_TB_QUERY_RESULT (QR_ID,QR_KEY,QR_MSG_ID,QR_VALUE) values (407580,'JMS_BUSINESS_DOC_TYPE',407577,'EPO_Form_A');
Insert into ETRUSTEX.ETR_TB_QUERY_RESULT (QR_ID,QR_KEY,QR_MSG_ID,QR_VALUE) values (407581,'JMS_USER_ID',407577,'esadmin1');
Insert into ETRUSTEX.ETR_TB_QUERY_RESULT (QR_ID,QR_KEY,QR_MSG_ID,QR_VALUE) values (407492,'JMS_TITLE',407490,'Submission of Small Claim Form A');
Insert into ETRUSTEX.ETR_TB_QUERY_RESULT (QR_ID,QR_KEY,QR_MSG_ID,QR_VALUE) values (407493,'JMS_BUSINESS_DOC_TYPE',407490,'EVIDENCE_SUBMISSION_REJECTION');
Insert into ETRUSTEX.ETR_TB_QUERY_RESULT (QR_ID,QR_KEY,QR_MSG_ID,QR_VALUE) values (407494,'JMS_USER_ID',407490,'admin');
Insert into ETRUSTEX.ETR_TB_QUERY_RESULT (QR_ID,QR_KEY,QR_MSG_ID,QR_VALUE) values (407579,'JMS_TITLE',407577,'Submission of EPO Form A_GREG');
Insert into ETRUSTEX.ETR_TB_QUERY_RESULT (QR_ID,QR_KEY,QR_MSG_ID,QR_VALUE) values (408694,'JMS_TITLE',408692,'Submission of EPO Form A');
Insert into ETRUSTEX.ETR_TB_QUERY_RESULT (QR_ID,QR_KEY,QR_MSG_ID,QR_VALUE) values (408695,'JMS_BUSINESS_DOC_TYPE',408692,'EVIDENCE_SUBMISSION_REJECTION');
Insert into ETRUSTEX.ETR_TB_QUERY_RESULT (QR_ID,QR_KEY,QR_MSG_ID,QR_VALUE) values (408696,'JMS_USER_ID',408692,'admin');
Insert into ETRUSTEX.ETR_TB_QUERY_RESULT (QR_ID,QR_KEY,QR_MSG_ID,QR_VALUE) values (447864,'JMS_TITLE',447862,'?Submission of EPO Form A');
Insert into ETRUSTEX.ETR_TB_QUERY_RESULT (QR_ID,QR_KEY,QR_MSG_ID,QR_VALUE) values (447865,'JMS_BUSINESS_DOC_TYPE',447862,'EPO_Form_A');
Insert into ETRUSTEX.ETR_TB_QUERY_RESULT (QR_ID,QR_KEY,QR_MSG_ID,QR_VALUE) values (447866,'JMS_USER_ID',447862,'dumibog');
Insert into ETRUSTEX.ETR_TB_QUERY_RESULT (QR_ID,QR_KEY,QR_MSG_ID,QR_VALUE) values (437070,'JMS_TITLE',437008,'Submission of EPO Form A');
Insert into ETRUSTEX.ETR_TB_QUERY_RESULT (QR_ID,QR_KEY,QR_MSG_ID,QR_VALUE) values (437071,'JMS_BUSINESS_DOC_TYPE',437008,'EVIDENCE_RELAY_REMMD_ACCEPTANCE');
Insert into ETRUSTEX.ETR_TB_QUERY_RESULT (QR_ID,QR_KEY,QR_MSG_ID,QR_VALUE) values (437072,'JMS_USER_ID',437008,'dumibog');
Insert into ETRUSTEX.ETR_TB_QUERY_RESULT (QR_ID,QR_KEY,QR_MSG_ID,QR_VALUE) values (394489,'JMS_TITLE',394487,'Submission of EPO Form A');
Insert into ETRUSTEX.ETR_TB_QUERY_RESULT (QR_ID,QR_KEY,QR_MSG_ID,QR_VALUE) values (394490,'JMS_BUSINESS_DOC_TYPE',394487,'EPO_Form_A');
Insert into ETRUSTEX.ETR_TB_QUERY_RESULT (QR_ID,QR_KEY,QR_MSG_ID,QR_VALUE) values (394491,'JMS_USER_ID',394487,'deadmin2');
Insert into ETRUSTEX.ETR_TB_QUERY_RESULT (QR_ID,QR_KEY,QR_MSG_ID,QR_VALUE) values (394499,'JMS_TITLE',394497,'Submission of EPO Form A');
Insert into ETRUSTEX.ETR_TB_QUERY_RESULT (QR_ID,QR_KEY,QR_MSG_ID,QR_VALUE) values (394500,'JMS_BUSINESS_DOC_TYPE',394497,'EVIDENCE_SUBMISSION_REJECTION');
Insert into ETRUSTEX.ETR_TB_QUERY_RESULT (QR_ID,QR_KEY,QR_MSG_ID,QR_VALUE) values (394501,'JMS_USER_ID',394497,'deadmin2');
Insert into ETRUSTEX.ETR_TB_QUERY_RESULT (QR_ID,QR_KEY,QR_MSG_ID,QR_VALUE) values (394522,'JMS_TITLE',394520,'retry and success Manos');
Insert into ETRUSTEX.ETR_TB_QUERY_RESULT (QR_ID,QR_KEY,QR_MSG_ID,QR_VALUE) values (394523,'JMS_BUSINESS_DOC_TYPE',394520,'EPO_Form_A');
Insert into ETRUSTEX.ETR_TB_QUERY_RESULT (QR_ID,QR_KEY,QR_MSG_ID,QR_VALUE) values (394524,'JMS_USER_ID',394520,'deadmin1');
Insert into ETRUSTEX.ETR_TB_QUERY_RESULT (QR_ID,QR_KEY,QR_MSG_ID,QR_VALUE) values (394843,'JMS_TITLE',394841,'test');
Insert into ETRUSTEX.ETR_TB_QUERY_RESULT (QR_ID,QR_KEY,QR_MSG_ID,QR_VALUE) values (394844,'JMS_BUSINESS_DOC_TYPE',394841,'EPO_Form_A');
Insert into ETRUSTEX.ETR_TB_QUERY_RESULT (QR_ID,QR_KEY,QR_MSG_ID,QR_VALUE) values (394845,'JMS_USER_ID',394841,'deadmin2');
Insert into ETRUSTEX.ETR_TB_QUERY_RESULT (QR_ID,QR_KEY,QR_MSG_ID,QR_VALUE) values (394850,'JMS_TITLE',394848,'test retry success');
Insert into ETRUSTEX.ETR_TB_QUERY_RESULT (QR_ID,QR_KEY,QR_MSG_ID,QR_VALUE) values (394851,'JMS_BUSINESS_DOC_TYPE',394848,'EPO_Form_A');
Insert into ETRUSTEX.ETR_TB_QUERY_RESULT (QR_ID,QR_KEY,QR_MSG_ID,QR_VALUE) values (394852,'JMS_USER_ID',394848,'atpublisher1');
Insert into ETRUSTEX.ETR_TB_QUERY_RESULT (QR_ID,QR_KEY,QR_MSG_ID,QR_VALUE) values (394860,'JMS_TITLE',394858,'test retry');
Insert into ETRUSTEX.ETR_TB_QUERY_RESULT (QR_ID,QR_KEY,QR_MSG_ID,QR_VALUE) values (394861,'JMS_BUSINESS_DOC_TYPE',394858,'EVIDENCE_SUBMISSION_REJECTION');
Insert into ETRUSTEX.ETR_TB_QUERY_RESULT (QR_ID,QR_KEY,QR_MSG_ID,QR_VALUE) values (394862,'JMS_USER_ID',394858,'eupublisher3');
Insert into ETRUSTEX.ETR_TB_QUERY_RESULT (QR_ID,QR_KEY,QR_MSG_ID,QR_VALUE) values (394879,'JMS_TITLE',394866,'test');
Insert into ETRUSTEX.ETR_TB_QUERY_RESULT (QR_ID,QR_KEY,QR_MSG_ID,QR_VALUE) values (394880,'JMS_BUSINESS_DOC_TYPE',394866,'EVIDENCE_SUBMISSION_REJECTION');
Insert into ETRUSTEX.ETR_TB_QUERY_RESULT (QR_ID,QR_KEY,QR_MSG_ID,QR_VALUE) values (394881,'JMS_USER_ID',394866,'deadmin2');
Insert into ETRUSTEX.ETR_TB_QUERY_RESULT (QR_ID,QR_KEY,QR_MSG_ID,QR_VALUE) values (394882,'JMS_TITLE',394874,'test retry success');
Insert into ETRUSTEX.ETR_TB_QUERY_RESULT (QR_ID,QR_KEY,QR_MSG_ID,QR_VALUE) values (394883,'JMS_BUSINESS_DOC_TYPE',394874,'EVIDENCE_SUBMISSION_REJECTION');
Insert into ETRUSTEX.ETR_TB_QUERY_RESULT (QR_ID,QR_KEY,QR_MSG_ID,QR_VALUE) values (394884,'JMS_USER_ID',394874,'atpublisher1');
Insert into ETRUSTEX.ETR_TB_QUERY_RESULT (QR_ID,QR_KEY,QR_MSG_ID,QR_VALUE) values (404465,'JMS_TITLE',404463,'Submission of EPO Form A');
Insert into ETRUSTEX.ETR_TB_QUERY_RESULT (QR_ID,QR_KEY,QR_MSG_ID,QR_VALUE) values (404466,'JMS_BUSINESS_DOC_TYPE',404463,'EPO_Form_A');
Insert into ETRUSTEX.ETR_TB_QUERY_RESULT (QR_ID,QR_KEY,QR_MSG_ID,QR_VALUE) values (404467,'JMS_USER_ID',404463,'admin');
Insert into ETRUSTEX.ETR_TB_QUERY_RESULT (QR_ID,QR_KEY,QR_MSG_ID,QR_VALUE) values (404478,'JMS_TITLE',404476,'Submission of EPO Form A');
Insert into ETRUSTEX.ETR_TB_QUERY_RESULT (QR_ID,QR_KEY,QR_MSG_ID,QR_VALUE) values (404479,'JMS_BUSINESS_DOC_TYPE',404476,'EVIDENCE_SUBMISSION_REJECTION');
Insert into ETRUSTEX.ETR_TB_QUERY_RESULT (QR_ID,QR_KEY,QR_MSG_ID,QR_VALUE) values (404480,'JMS_USER_ID',404476,'admin');
Insert into ETRUSTEX.ETR_TB_QUERY_RESULT (QR_ID,QR_KEY,QR_MSG_ID,QR_VALUE) values (405017,'JMS_TITLE',405015,'test 2');
Insert into ETRUSTEX.ETR_TB_QUERY_RESULT (QR_ID,QR_KEY,QR_MSG_ID,QR_VALUE) values (405018,'JMS_BUSINESS_DOC_TYPE',405015,'EPO_Form_A');
Insert into ETRUSTEX.ETR_TB_QUERY_RESULT (QR_ID,QR_KEY,QR_MSG_ID,QR_VALUE) values (405019,'JMS_USER_ID',405015,'admin');
Insert into ETRUSTEX.ETR_TB_QUERY_RESULT (QR_ID,QR_KEY,QR_MSG_ID,QR_VALUE) values (405573,'JMS_TITLE',405571,'Submission of EPO Form A');
Insert into ETRUSTEX.ETR_TB_QUERY_RESULT (QR_ID,QR_KEY,QR_MSG_ID,QR_VALUE) values (405574,'JMS_BUSINESS_DOC_TYPE',405571,'EVIDENCE_SUBMISSION_REJECTION');
Insert into ETRUSTEX.ETR_TB_QUERY_RESULT (QR_ID,QR_KEY,QR_MSG_ID,QR_VALUE) values (405575,'JMS_USER_ID',405571,'admin');
Insert into ETRUSTEX.ETR_TB_QUERY_RESULT (QR_ID,QR_KEY,QR_MSG_ID,QR_VALUE) values (405597,'JMS_TITLE',405595,'test 1');
Insert into ETRUSTEX.ETR_TB_QUERY_RESULT (QR_ID,QR_KEY,QR_MSG_ID,QR_VALUE) values (405598,'JMS_BUSINESS_DOC_TYPE',405595,'EVIDENCE_SUBMISSION_REJECTION');
Insert into ETRUSTEX.ETR_TB_QUERY_RESULT (QR_ID,QR_KEY,QR_MSG_ID,QR_VALUE) values (405599,'JMS_USER_ID',405595,'admin');
Insert into ETRUSTEX.ETR_TB_QUERY_RESULT (QR_ID,QR_KEY,QR_MSG_ID,QR_VALUE) values (405729,'JMS_TITLE',405724,'Submission of Small Claim Form A');
Insert into ETRUSTEX.ETR_TB_QUERY_RESULT (QR_ID,QR_KEY,QR_MSG_ID,QR_VALUE) values (405730,'JMS_BUSINESS_DOC_TYPE',405724,'EVIDENCE_SUBMISSION_REJECTION');
Insert into ETRUSTEX.ETR_TB_QUERY_RESULT (QR_ID,QR_KEY,QR_MSG_ID,QR_VALUE) values (405731,'JMS_USER_ID',405724,'beadmin1');
Insert into ETRUSTEX.ETR_TB_QUERY_RESULT (QR_ID,QR_KEY,QR_MSG_ID,QR_VALUE) values (407371,'JMS_BUSINESS_DOC_TYPE',407368,'EVIDENCE_SUBMISSION_REJECTION');
Insert into ETRUSTEX.ETR_TB_QUERY_RESULT (QR_ID,QR_KEY,QR_MSG_ID,QR_VALUE) values (407372,'JMS_USER_ID',407368,'euadmin5');
Insert into ETRUSTEX.ETR_TB_QUERY_RESULT (QR_ID,QR_KEY,QR_MSG_ID,QR_VALUE) values (407360,'JMS_TITLE',407358,'Submission of Small Claim Form A for Greece(2)');
Insert into ETRUSTEX.ETR_TB_QUERY_RESULT (QR_ID,QR_KEY,QR_MSG_ID,QR_VALUE) values (407394,'JMS_TITLE',407392,'Submission of Small Claim Form A (for greece in Spanish) - 3');
Insert into ETRUSTEX.ETR_TB_QUERY_RESULT (QR_ID,QR_KEY,QR_MSG_ID,QR_VALUE) values (407361,'JMS_BUSINESS_DOC_TYPE',407358,'SmallClaim_Form_A');
Insert into ETRUSTEX.ETR_TB_QUERY_RESULT (QR_ID,QR_KEY,QR_MSG_ID,QR_VALUE) values (407362,'JMS_USER_ID',407358,'euadmin5');
Insert into ETRUSTEX.ETR_TB_QUERY_RESULT (QR_ID,QR_KEY,QR_MSG_ID,QR_VALUE) values (407370,'JMS_TITLE',407368,'Submission of Small Claim Form A for Greece(2)');
Insert into ETRUSTEX.ETR_TB_QUERY_RESULT (QR_ID,QR_KEY,QR_MSG_ID,QR_VALUE) values (407395,'JMS_BUSINESS_DOC_TYPE',407392,'EVIDENCE_SUBMISSION_REJECTION');
Insert into ETRUSTEX.ETR_TB_QUERY_RESULT (QR_ID,QR_KEY,QR_MSG_ID,QR_VALUE) values (407396,'JMS_USER_ID',407392,'euadmin5');
Insert into ETRUSTEX.ETR_TB_QUERY_RESULT (QR_ID,QR_KEY,QR_MSG_ID,QR_VALUE) values (410048,'JMS_TITLE',410046,'Greg-EPOA-UK');
Insert into ETRUSTEX.ETR_TB_QUERY_RESULT (QR_ID,QR_KEY,QR_MSG_ID,QR_VALUE) values (410049,'JMS_BUSINESS_DOC_TYPE',410046,'EVIDENCE_SUBMISSION_REJECTION');
Insert into ETRUSTEX.ETR_TB_QUERY_RESULT (QR_ID,QR_KEY,QR_MSG_ID,QR_VALUE) values (407589,'JMS_TITLE',407587,'Submission of EPO Form A_GREG');
Insert into ETRUSTEX.ETR_TB_QUERY_RESULT (QR_ID,QR_KEY,QR_MSG_ID,QR_VALUE) values (410050,'JMS_USER_ID',410046,'admin');
Insert into ETRUSTEX.ETR_TB_QUERY_RESULT (QR_ID,QR_KEY,QR_MSG_ID,QR_VALUE) values (444431,'JMS_TITLE',444429,'case 01561969: DG JUST vs DG HOME');
Insert into ETRUSTEX.ETR_TB_QUERY_RESULT (QR_ID,QR_KEY,QR_MSG_ID,QR_VALUE) values (444432,'JMS_BUSINESS_DOC_TYPE',444429,'EPO_Form_A');
Insert into ETRUSTEX.ETR_TB_QUERY_RESULT (QR_ID,QR_KEY,QR_MSG_ID,QR_VALUE) values (444433,'JMS_USER_ID',444429,'dumibog');
Insert into ETRUSTEX.ETR_TB_QUERY_RESULT (QR_ID,QR_KEY,QR_MSG_ID,QR_VALUE) values (407590,'JMS_BUSINESS_DOC_TYPE',407587,'EVIDENCE_SUBMISSION_REJECTION');
Insert into ETRUSTEX.ETR_TB_QUERY_RESULT (QR_ID,QR_KEY,QR_MSG_ID,QR_VALUE) values (407591,'JMS_USER_ID',407587,'esadmin1');
Insert into ETRUSTEX.ETR_TB_QUERY_RESULT (QR_ID,QR_KEY,QR_MSG_ID,QR_VALUE) values (426630,'JMS_TITLE',426628,'Greg 13/8/2013 of Small Claim Form A_ES');
Insert into ETRUSTEX.ETR_TB_QUERY_RESULT (QR_ID,QR_KEY,QR_MSG_ID,QR_VALUE) values (426631,'JMS_BUSINESS_DOC_TYPE',426628,'SmallClaim_Form_A');
Insert into ETRUSTEX.ETR_TB_QUERY_RESULT (QR_ID,QR_KEY,QR_MSG_ID,QR_VALUE) values (426632,'JMS_USER_ID',426628,'esadmin1');
Insert into ETRUSTEX.ETR_TB_QUERY_RESULT (QR_ID,QR_KEY,QR_MSG_ID,QR_VALUE) values (426666,'JMS_TITLE',426640,'Greg 13/8/2013 of Small Claim Form A_ES');
Insert into ETRUSTEX.ETR_TB_QUERY_RESULT (QR_ID,QR_KEY,QR_MSG_ID,QR_VALUE) values (426667,'JMS_BUSINESS_DOC_TYPE',426640,'EVIDENCE_SUBMISSION_REJECTION');
Insert into ETRUSTEX.ETR_TB_QUERY_RESULT (QR_ID,QR_KEY,QR_MSG_ID,QR_VALUE) values (426668,'JMS_USER_ID',426640,'esadmin1');
Insert into ETRUSTEX.ETR_TB_QUERY_RESULT (QR_ID,QR_KEY,QR_MSG_ID,QR_VALUE) values (706224,'JMS_TITLE',706059,'lala 2');
Insert into ETRUSTEX.ETR_TB_QUERY_RESULT (QR_ID,QR_KEY,QR_MSG_ID,QR_VALUE) values (706225,'JMS_BUSINESS_DOC_TYPE',706059,'EVIDENCE_SUBMISSION_REJECTION');
Insert into ETRUSTEX.ETR_TB_QUERY_RESULT (QR_ID,QR_KEY,QR_MSG_ID,QR_VALUE) values (706226,'JMS_USER_ID',706059,'admin');
Insert into ETRUSTEX.ETR_TB_QUERY_RESULT (QR_ID,QR_KEY,QR_MSG_ID,QR_VALUE) values (705942,'JMS_TITLE',705760,'lala');
Insert into ETRUSTEX.ETR_TB_QUERY_RESULT (QR_ID,QR_KEY,QR_MSG_ID,QR_VALUE) values (705943,'JMS_BUSINESS_DOC_TYPE',705760,'EVIDENCE_SUBMISSION_REJECTION');
Insert into ETRUSTEX.ETR_TB_QUERY_RESULT (QR_ID,QR_KEY,QR_MSG_ID,QR_VALUE) values (705944,'JMS_USER_ID',705760,'admin');
Insert into ETRUSTEX.ETR_TB_QUERY_RESULT (QR_ID,QR_KEY,QR_MSG_ID,QR_VALUE) values (444720,'JMS_TITLE',444718,'Test submission to Germany (with one attachment)');
Insert into ETRUSTEX.ETR_TB_QUERY_RESULT (QR_ID,QR_KEY,QR_MSG_ID,QR_VALUE) values (444721,'JMS_BUSINESS_DOC_TYPE',444718,'EPO_Form_A');
Insert into ETRUSTEX.ETR_TB_QUERY_RESULT (QR_ID,QR_KEY,QR_MSG_ID,QR_VALUE) values (444722,'JMS_USER_ID',444718,'dumibog');
Insert into ETRUSTEX.ETR_TB_QUERY_RESULT (QR_ID,QR_KEY,QR_MSG_ID,QR_VALUE) values (394836,'JMS_TITLE',394834,'test retry');
Insert into ETRUSTEX.ETR_TB_QUERY_RESULT (QR_ID,QR_KEY,QR_MSG_ID,QR_VALUE) values (394837,'JMS_BUSINESS_DOC_TYPE',394834,'EPO_Form_A');
Insert into ETRUSTEX.ETR_TB_QUERY_RESULT (QR_ID,QR_KEY,QR_MSG_ID,QR_VALUE) values (394838,'JMS_USER_ID',394834,'eupublisher3');
Insert into ETRUSTEX.ETR_TB_QUERY_RESULT (QR_ID,QR_KEY,QR_MSG_ID,QR_VALUE) values (407347,'JMS_BUSINESS_DOC_TYPE',407344,'EVIDENCE_SUBMISSION_REJECTION');
Insert into ETRUSTEX.ETR_TB_QUERY_RESULT (QR_ID,QR_KEY,QR_MSG_ID,QR_VALUE) values (407348,'JMS_USER_ID',407344,'euadmin5');
Insert into ETRUSTEX.ETR_TB_QUERY_RESULT (QR_ID,QR_KEY,QR_MSG_ID,QR_VALUE) values (407336,'JMS_TITLE',407334,'Submission of Small Claim Form A');
Insert into ETRUSTEX.ETR_TB_QUERY_RESULT (QR_ID,QR_KEY,QR_MSG_ID,QR_VALUE) values (407337,'JMS_BUSINESS_DOC_TYPE',407334,'SmallClaim_Form_A');
Insert into ETRUSTEX.ETR_TB_QUERY_RESULT (QR_ID,QR_KEY,QR_MSG_ID,QR_VALUE) values (407338,'JMS_USER_ID',407334,'euadmin5');
Insert into ETRUSTEX.ETR_TB_QUERY_RESULT (QR_ID,QR_KEY,QR_MSG_ID,QR_VALUE) values (407346,'JMS_TITLE',407344,'Submission of Small Claim Form A');
Insert into ETRUSTEX.ETR_TB_QUERY_RESULT (QR_ID,QR_KEY,QR_MSG_ID,QR_VALUE) values (408823,'JMS_TITLE',408821,'Submission of EPO Form A');
Insert into ETRUSTEX.ETR_TB_QUERY_RESULT (QR_ID,QR_KEY,QR_MSG_ID,QR_VALUE) values (408824,'JMS_BUSINESS_DOC_TYPE',408821,'EVIDENCE_SUBMISSION_REJECTION');
Insert into ETRUSTEX.ETR_TB_QUERY_RESULT (QR_ID,QR_KEY,QR_MSG_ID,QR_VALUE) values (408825,'JMS_USER_ID',408821,'frapublisher2');
Insert into ETRUSTEX.ETR_TB_QUERY_RESULT (QR_ID,QR_KEY,QR_MSG_ID,QR_VALUE) values (409867,'JMS_TITLE',409865,'01-08-2014 Small Claim Form A-Greg');
Insert into ETRUSTEX.ETR_TB_QUERY_RESULT (QR_ID,QR_KEY,QR_MSG_ID,QR_VALUE) values (409868,'JMS_BUSINESS_DOC_TYPE',409865,'SmallClaim_Form_A');
Insert into ETRUSTEX.ETR_TB_QUERY_RESULT (QR_ID,QR_KEY,QR_MSG_ID,QR_VALUE) values (409869,'JMS_USER_ID',409865,'ieadmin1');
Insert into ETRUSTEX.ETR_TB_QUERY_RESULT (QR_ID,QR_KEY,QR_MSG_ID,QR_VALUE) values (408845,'JMS_TITLE',408843,'Submission of EPO Form A');
Insert into ETRUSTEX.ETR_TB_QUERY_RESULT (QR_ID,QR_KEY,QR_MSG_ID,QR_VALUE) values (408846,'JMS_BUSINESS_DOC_TYPE',408843,'EPO_Form_A');
Insert into ETRUSTEX.ETR_TB_QUERY_RESULT (QR_ID,QR_KEY,QR_MSG_ID,QR_VALUE) values (408847,'JMS_USER_ID',408843,'frapublisher2');
Insert into ETRUSTEX.ETR_TB_QUERY_RESULT (QR_ID,QR_KEY,QR_MSG_ID,QR_VALUE) values (408879,'JMS_TITLE',408877,'Submission of EPO Form A');
Insert into ETRUSTEX.ETR_TB_QUERY_RESULT (QR_ID,QR_KEY,QR_MSG_ID,QR_VALUE) values (408880,'JMS_BUSINESS_DOC_TYPE',408877,'EVIDENCE_SUBMISSION_REJECTION');
Insert into ETRUSTEX.ETR_TB_QUERY_RESULT (QR_ID,QR_KEY,QR_MSG_ID,QR_VALUE) values (408881,'JMS_USER_ID',408877,'ptpublisher1');
Insert into ETRUSTEX.ETR_TB_QUERY_RESULT (QR_ID,QR_KEY,QR_MSG_ID,QR_VALUE) values (408893,'JMS_TITLE',408891,'Submission of EPO Form A');
Insert into ETRUSTEX.ETR_TB_QUERY_RESULT (QR_ID,QR_KEY,QR_MSG_ID,QR_VALUE) values (408894,'JMS_BUSINESS_DOC_TYPE',408891,'EPO_Form_A');
Insert into ETRUSTEX.ETR_TB_QUERY_RESULT (QR_ID,QR_KEY,QR_MSG_ID,QR_VALUE) values (408895,'JMS_USER_ID',408891,'ptpublisher1');
Insert into ETRUSTEX.ETR_TB_QUERY_RESULT (QR_ID,QR_KEY,QR_MSG_ID,QR_VALUE) values (408939,'JMS_TITLE',408937,'Submission of EPO Form A');
Insert into ETRUSTEX.ETR_TB_QUERY_RESULT (QR_ID,QR_KEY,QR_MSG_ID,QR_VALUE) values (408940,'JMS_BUSINESS_DOC_TYPE',408937,'EPO_Form_A');
Insert into ETRUSTEX.ETR_TB_QUERY_RESULT (QR_ID,QR_KEY,QR_MSG_ID,QR_VALUE) values (408941,'JMS_USER_ID',408937,'ptadmin1');
Insert into ETRUSTEX.ETR_TB_QUERY_RESULT (QR_ID,QR_KEY,QR_MSG_ID,QR_VALUE) values (409877,'JMS_TITLE',409875,'01-08-2014 Small Claim Form A-Greg');
Insert into ETRUSTEX.ETR_TB_QUERY_RESULT (QR_ID,QR_KEY,QR_MSG_ID,QR_VALUE) values (409878,'JMS_BUSINESS_DOC_TYPE',409875,'EVIDENCE_SUBMISSION_REJECTION');
Insert into ETRUSTEX.ETR_TB_QUERY_RESULT (QR_ID,QR_KEY,QR_MSG_ID,QR_VALUE) values (409879,'JMS_USER_ID',409875,'ieadmin1');
Insert into ETRUSTEX.ETR_TB_QUERY_RESULT (QR_ID,QR_KEY,QR_MSG_ID,QR_VALUE) values (409945,'JMS_TITLE',409943,'Submission of EPO Form A');
Insert into ETRUSTEX.ETR_TB_QUERY_RESULT (QR_ID,QR_KEY,QR_MSG_ID,QR_VALUE) values (409946,'JMS_BUSINESS_DOC_TYPE',409943,'EPO_Form_A');
Insert into ETRUSTEX.ETR_TB_QUERY_RESULT (QR_ID,QR_KEY,QR_MSG_ID,QR_VALUE) values (409947,'JMS_USER_ID',409943,'admin');
Insert into ETRUSTEX.ETR_TB_QUERY_RESULT (QR_ID,QR_KEY,QR_MSG_ID,QR_VALUE) values (409955,'JMS_TITLE',409953,'Submission of EPO Form A');
Insert into ETRUSTEX.ETR_TB_QUERY_RESULT (QR_ID,QR_KEY,QR_MSG_ID,QR_VALUE) values (409956,'JMS_BUSINESS_DOC_TYPE',409953,'EVIDENCE_SUBMISSION_REJECTION');
Insert into ETRUSTEX.ETR_TB_QUERY_RESULT (QR_ID,QR_KEY,QR_MSG_ID,QR_VALUE) values (409957,'JMS_USER_ID',409953,'admin');
Insert into ETRUSTEX.ETR_TB_QUERY_RESULT (QR_ID,QR_KEY,QR_MSG_ID,QR_VALUE) values (410038,'JMS_TITLE',410036,'Greg-EPOA-UK');
Insert into ETRUSTEX.ETR_TB_QUERY_RESULT (QR_ID,QR_KEY,QR_MSG_ID,QR_VALUE) values (410039,'JMS_BUSINESS_DOC_TYPE',410036,'EPO_Form_A');
Insert into ETRUSTEX.ETR_TB_QUERY_RESULT (QR_ID,QR_KEY,QR_MSG_ID,QR_VALUE) values (410040,'JMS_USER_ID',410036,'admin');
--REM INSERTING into ETRUSTEX.ETR_TB_ROLE

Insert into ETRUSTEX.ETR_TB_ROLE (ROL_ID,CRE_DT,CRE_ID,MOD_DT,MOD_ID,ROL_CODE,ROL_NAME,ROL_IS_BIDIRECTIONAL,ROL_IS_TECHNICAL) values (7,str_to_date('07-FEB-14 00.00.00','%d-%b-%y %H.%i.%s'),'derveol',str_to_date('07-FEB-14 00.00.00','%d-%b-%y %H.%i.%s'),'derveol','CA','ContractingAuthority',0,0);
Insert into ETRUSTEX.ETR_TB_ROLE (ROL_ID,CRE_DT,CRE_ID,MOD_DT,MOD_ID,ROL_CODE,ROL_NAME,ROL_IS_BIDIRECTIONAL,ROL_IS_TECHNICAL) values (8,str_to_date('07-FEB-14 00.00.00','%d-%b-%y %H.%i.%s'),'derveol',str_to_date('07-FEB-14 00.00.00','%d-%b-%y %H.%i.%s'),'derveol','EO','EconomicOperator',0,0);
Insert into ETRUSTEX.ETR_TB_ROLE (ROL_ID,CRE_DT,CRE_ID,MOD_DT,MOD_ID,ROL_CODE,ROL_NAME,ROL_IS_BIDIRECTIONAL,ROL_IS_TECHNICAL) values (441285,str_to_date('20-AUG-14 14.56.55','%d-%b-%y %H.%i.%s'),'daniemn',str_to_date('21-AUG-14 14.52.24','%d-%b-%y %H.%i.%s'),'daniemn','xxx','xxxyyy',null,null);
Insert into ETRUSTEX.ETR_TB_ROLE (ROL_ID,CRE_DT,CRE_ID,MOD_DT,MOD_ID,ROL_CODE,ROL_NAME,ROL_IS_BIDIRECTIONAL,ROL_IS_TECHNICAL) values (543133,str_to_date('28-AUG-14 15.21.38','%d-%b-%y %H.%i.%s'),'daniemn',str_to_date('29-AUG-14 14.26.19','%d-%b-%y %H.%i.%s'),'daniemn','bidir','bidir',1,0);
Insert into ETRUSTEX.ETR_TB_ROLE (ROL_ID,CRE_DT,CRE_ID,MOD_DT,MOD_ID,ROL_CODE,ROL_NAME,ROL_IS_BIDIRECTIONAL,ROL_IS_TECHNICAL) values (1,str_to_date('24-OCT-13 10.43.01','%d-%b-%y %H.%i.%s'),'orazisa',str_to_date('24-OCT-13 10.43.01','%d-%b-%y %H.%i.%s'),'orazisa','SUP','Supplier',0,0);
Insert into ETRUSTEX.ETR_TB_ROLE (ROL_ID,CRE_DT,CRE_ID,MOD_DT,MOD_ID,ROL_CODE,ROL_NAME,ROL_IS_BIDIRECTIONAL,ROL_IS_TECHNICAL) values (2,str_to_date('24-OCT-13 10.43.01','%d-%b-%y %H.%i.%s'),'orazisa',str_to_date('24-OCT-13 10.43.01','%d-%b-%y %H.%i.%s'),'orazisa','CUST','Customer',0,0);
Insert into ETRUSTEX.ETR_TB_ROLE (ROL_ID,CRE_DT,CRE_ID,MOD_DT,MOD_ID,ROL_CODE,ROL_NAME,ROL_IS_BIDIRECTIONAL,ROL_IS_TECHNICAL) values (3,str_to_date('24-OCT-13 10.43.01','%d-%b-%y %H.%i.%s'),'orazisa',str_to_date('24-OCT-13 10.43.01','%d-%b-%y %H.%i.%s'),'orazisa','SYS','System',0,0);
Insert into ETRUSTEX.ETR_TB_ROLE (ROL_ID,CRE_DT,CRE_ID,MOD_DT,MOD_ID,ROL_CODE,ROL_NAME,ROL_IS_BIDIRECTIONAL,ROL_IS_TECHNICAL) values (4,str_to_date('24-OCT-13 10.43.01','%d-%b-%y %H.%i.%s'),'orazisa',str_to_date('20-AUG-14 14.41.18','%d-%b-%y %H.%i.%s'),'daniemn','ANY','Any',0,0);
Insert into ETRUSTEX.ETR_TB_ROLE (ROL_ID,CRE_DT,CRE_ID,MOD_DT,MOD_ID,ROL_CODE,ROL_NAME,ROL_IS_BIDIRECTIONAL,ROL_IS_TECHNICAL) values (5,str_to_date('24-OCT-13 10.43.01','%d-%b-%y %H.%i.%s'),'orazisa',str_to_date('24-OCT-13 10.43.01','%d-%b-%y %H.%i.%s'),'orazisa','ISS','Issuer',0,0);
Insert into ETRUSTEX.ETR_TB_ROLE (ROL_ID,CRE_DT,CRE_ID,MOD_DT,MOD_ID,ROL_CODE,ROL_NAME,ROL_IS_BIDIRECTIONAL,ROL_IS_TECHNICAL) values (6,str_to_date('24-OCT-13 10.43.01','%d-%b-%y %H.%i.%s'),'orazisa',str_to_date('24-OCT-13 10.43.01','%d-%b-%y %H.%i.%s'),'orazisa','BUNE','BundleExchanger',0,0);
--REM INSERTING into ETRUSTEX.ETR_TB_SERVICE_ENDPOINT

Insert into ETRUSTEX.ETR_TB_SERVICE_ENDPOINT (ID,NAME) values (1,'etrustExSubmitSoapEndpoint');
Insert into ETRUSTEX.ETR_TB_SERVICE_ENDPOINT (ID,NAME) values (2,'etrustExWrapperSoapEndpoint');
Insert into ETRUSTEX.ETR_TB_SERVICE_ENDPOINT (ID,NAME) values (3,'etrustExReadSoapEndpoint');
--REM INSERTING into ETRUSTEX.ETR_TB_SERVICE_EP_TRANSACTION

--REM INSERTING into ETRUSTEX.ETR_TB_SLA_POLICY

--REM INSERTING into ETRUSTEX.ETR_TB_TRANSACTION

Insert into ETRUSTEX.ETR_TB_TRANSACTION (TRA_ID,CRE_DT,CRE_ID,MOD_DT,MOD_ID,TRA_NAME,TRA_NAMESPACE,TRA_REQ_LOCAL_NAME,TRA_RES_LOCAL_NAME,TRA_VERSION,TRA_CIA_ID,TRA_DOC_ID,TRA_REC_ROL_ID,TRA_SEN_ROL_ID) values (17,str_to_date('28-JAN-14 08.11.05','%d-%b-%y %H.%i.%s'),'derveol',str_to_date('28-JAN-14 08.11.05','%d-%b-%y %H.%i.%s'),'derveol','SubmitStatusRequest','ec:services:wsdl:StatusRequest-0.2','SubmitStatusRequestRequest','SubmitStatusRequestResponse','0.2',null,15,4,4);
Insert into ETRUSTEX.ETR_TB_TRANSACTION (TRA_ID,CRE_DT,CRE_ID,MOD_DT,MOD_ID,TRA_NAME,TRA_NAMESPACE,TRA_REQ_LOCAL_NAME,TRA_RES_LOCAL_NAME,TRA_VERSION,TRA_CIA_ID,TRA_DOC_ID,TRA_REC_ROL_ID,TRA_SEN_ROL_ID) values (19,str_to_date('28-JAN-14 12.24.40','%d-%b-%y %H.%i.%s'),'almahfa',str_to_date('28-JAN-14 12.24.40','%d-%b-%y %H.%i.%s'),'almahfa','SubmitTenderReceiptRequest','ec:services:wsdl:TenderReceipt-2','SubmitTenderReceiptRequest','SubmitTenderReceiptResponse','2.0',null,17,8,7);
Insert into ETRUSTEX.ETR_TB_TRANSACTION (TRA_ID,CRE_DT,CRE_ID,MOD_DT,MOD_ID,TRA_NAME,TRA_NAMESPACE,TRA_REQ_LOCAL_NAME,TRA_RES_LOCAL_NAME,TRA_VERSION,TRA_CIA_ID,TRA_DOC_ID,TRA_REC_ROL_ID,TRA_SEN_ROL_ID) values (20,str_to_date('24-OCT-13 10.52.57','%d-%b-%y %H.%i.%s'),'imreand',str_to_date('24-OCT-13 10.52.57','%d-%b-%y %H.%i.%s'),'imreand','SubmitCallForTenders','ec:services:wsdl:CallForTenders-2','SubmitCallForTendersRequest','SubmitCallForTendersResponse','2.0',null,18,4,7);
Insert into ETRUSTEX.ETR_TB_TRANSACTION (TRA_ID,CRE_DT,CRE_ID,MOD_DT,MOD_ID,TRA_NAME,TRA_NAMESPACE,TRA_REQ_LOCAL_NAME,TRA_RES_LOCAL_NAME,TRA_VERSION,TRA_CIA_ID,TRA_DOC_ID,TRA_REC_ROL_ID,TRA_SEN_ROL_ID) values (24,str_to_date('31-JAN-14 08.11.05','%d-%b-%y %H.%i.%s'),'derveol',str_to_date('31-JAN-14 08.11.05','%d-%b-%y %H.%i.%s'),'derveol','CreateParty','ec:services:wsdl:CreateParty-2','CreatePartyRequest','CreatePartyResponse','2.0',null,21,4,4);
Insert into ETRUSTEX.ETR_TB_TRANSACTION (TRA_ID,CRE_DT,CRE_ID,MOD_DT,MOD_ID,TRA_NAME,TRA_NAMESPACE,TRA_REQ_LOCAL_NAME,TRA_RES_LOCAL_NAME,TRA_VERSION,TRA_CIA_ID,TRA_DOC_ID,TRA_REC_ROL_ID,TRA_SEN_ROL_ID) values (25,str_to_date('31-JAN-14 08.11.05','%d-%b-%y %H.%i.%s'),'derveol',str_to_date('31-JAN-14 08.11.05','%d-%b-%y %H.%i.%s'),'derveol','CreateInterchangeAgreement','ec:services:wsdl:CreateInterchangeAgreement-2','CreateInterchangeAgreementRequest','CreateInterchangeAgreementResponse','2.0',null,22,4,4);
Insert into ETRUSTEX.ETR_TB_TRANSACTION (TRA_ID,CRE_DT,CRE_ID,MOD_DT,MOD_ID,TRA_NAME,TRA_NAMESPACE,TRA_REQ_LOCAL_NAME,TRA_RES_LOCAL_NAME,TRA_VERSION,TRA_CIA_ID,TRA_DOC_ID,TRA_REC_ROL_ID,TRA_SEN_ROL_ID) values (23,str_to_date('03-FEB-14 16.36.10','%d-%b-%y %H.%i.%s'),'almahfa',str_to_date('03-FEB-14 16.36.10','%d-%b-%y %H.%i.%s'),'almahfa','SubmitInvitationToTenderRequest','ec:services:wsdl:InvitationToTender-2','SubmitInvitationToTenderRequest','SubmitInvitationToTenderResponse','2.0',null,16,7,7);
Insert into ETRUSTEX.ETR_TB_TRANSACTION (TRA_ID,CRE_DT,CRE_ID,MOD_DT,MOD_ID,TRA_NAME,TRA_NAMESPACE,TRA_REQ_LOCAL_NAME,TRA_RES_LOCAL_NAME,TRA_VERSION,TRA_CIA_ID,TRA_DOC_ID,TRA_REC_ROL_ID,TRA_SEN_ROL_ID) values (18,str_to_date('17-FEB-14 16.49.41','%d-%b-%y %H.%i.%s'),'almahfa',str_to_date('17-FEB-14 16.49.41','%d-%b-%y %H.%i.%s'),'almahfa','SubmitAttachedDocument','ec:services:wsdl:AttachedDocument-0.1','SubmitAttachedDocumentRequest','SubmitAttachedDocumentResponse','0.1',null,9,4,4);
Insert into ETRUSTEX.ETR_TB_TRANSACTION (TRA_ID,CRE_DT,CRE_ID,MOD_DT,MOD_ID,TRA_NAME,TRA_NAMESPACE,TRA_REQ_LOCAL_NAME,TRA_RES_LOCAL_NAME,TRA_VERSION,TRA_CIA_ID,TRA_DOC_ID,TRA_REC_ROL_ID,TRA_SEN_ROL_ID) values (29,str_to_date('08-APR-14 14.36.45','%d-%b-%y %H.%i.%s'),'almahfa',str_to_date('08-APR-14 14.36.45','%d-%b-%y %H.%i.%s'),'almahfa','SubmitAttachedDocumentSup','ec:services:wsdl:AttachedDocumentSup-0.1','SubmitAttachedDocumentRequest','SubmitAttachedDocumentResponse','0.1',null,9,4,4);
Insert into ETRUSTEX.ETR_TB_TRANSACTION (TRA_ID,CRE_DT,CRE_ID,MOD_DT,MOD_ID,TRA_NAME,TRA_NAMESPACE,TRA_REQ_LOCAL_NAME,TRA_RES_LOCAL_NAME,TRA_VERSION,TRA_CIA_ID,TRA_DOC_ID,TRA_REC_ROL_ID,TRA_SEN_ROL_ID) values (30,str_to_date('10-APR-14 09.58.24','%d-%b-%y %H.%i.%s'),'almahfa',str_to_date('10-APR-14 09.58.24','%d-%b-%y %H.%i.%s'),'almahfa','SubmitQueryRequest','ec:services:wsdl:QueryRequest-0.1','SubmitQueryRequestRequest','SubmitQueryRequestResponse','0.1',null,27,4,4);
Insert into ETRUSTEX.ETR_TB_TRANSACTION (TRA_ID,CRE_DT,CRE_ID,MOD_DT,MOD_ID,TRA_NAME,TRA_NAMESPACE,TRA_REQ_LOCAL_NAME,TRA_RES_LOCAL_NAME,TRA_VERSION,TRA_CIA_ID,TRA_DOC_ID,TRA_REC_ROL_ID,TRA_SEN_ROL_ID) values (21,str_to_date('31-JAN-14 08.11.05','%d-%b-%y %H.%i.%s'),'derveol',str_to_date('31-JAN-14 08.11.05','%d-%b-%y %H.%i.%s'),'derveol','SubmitRetrieveRequest','ec:services:wsdl:RetrieveRequest-0.1','SubmitRetrieveRequestRequest','SubmitRetrieveRequestResponse','0.1',null,19,4,4);
Insert into ETRUSTEX.ETR_TB_TRANSACTION (TRA_ID,CRE_DT,CRE_ID,MOD_DT,MOD_ID,TRA_NAME,TRA_NAMESPACE,TRA_REQ_LOCAL_NAME,TRA_RES_LOCAL_NAME,TRA_VERSION,TRA_CIA_ID,TRA_DOC_ID,TRA_REC_ROL_ID,TRA_SEN_ROL_ID) values (26,str_to_date('20-FEB-14 08.11.05','%d-%b-%y %H.%i.%s'),'derveol',str_to_date('20-FEB-14 08.11.05','%d-%b-%y %H.%i.%s'),'derveol','SubmitQueryRequest','ec:services:wsdl:QueryRequest-0.2','SubmitQueryRequestRequest','SubmitQueryRequestResponse','0.2',null,24,4,4);
Insert into ETRUSTEX.ETR_TB_TRANSACTION (TRA_ID,CRE_DT,CRE_ID,MOD_DT,MOD_ID,TRA_NAME,TRA_NAMESPACE,TRA_REQ_LOCAL_NAME,TRA_RES_LOCAL_NAME,TRA_VERSION,TRA_CIA_ID,TRA_DOC_ID,TRA_REC_ROL_ID,TRA_SEN_ROL_ID) values (27,str_to_date('20-FEB-14 08.11.05','%d-%b-%y %H.%i.%s'),'derveol',str_to_date('20-FEB-14 08.11.05','%d-%b-%y %H.%i.%s'),'derveol','SubmitViewRequest','ec:services:wsdl:ViewRequest-0.2','SubmitViewRequestRequest','SubmitViewRequestResponse','0.2',null,25,4,4);
Insert into ETRUSTEX.ETR_TB_TRANSACTION (TRA_ID,CRE_DT,CRE_ID,MOD_DT,MOD_ID,TRA_NAME,TRA_NAMESPACE,TRA_REQ_LOCAL_NAME,TRA_RES_LOCAL_NAME,TRA_VERSION,TRA_CIA_ID,TRA_DOC_ID,TRA_REC_ROL_ID,TRA_SEN_ROL_ID) values (15,str_to_date('24-OCT-13 10.54.39','%d-%b-%y %H.%i.%s'),'orazisa',str_to_date('24-OCT-13 10.54.39','%d-%b-%y %H.%i.%s'),'orazisa','SubmitDocumentBundleJustice','ec:services:wsdl:DocumentBundleJustice-2','SubmitDocumentBundleRequest','SubmitDocumentBundleResponse','2.0',null,13,4,4);
Insert into ETRUSTEX.ETR_TB_TRANSACTION (TRA_ID,CRE_DT,CRE_ID,MOD_DT,MOD_ID,TRA_NAME,TRA_NAMESPACE,TRA_REQ_LOCAL_NAME,TRA_RES_LOCAL_NAME,TRA_VERSION,TRA_CIA_ID,TRA_DOC_ID,TRA_REC_ROL_ID,TRA_SEN_ROL_ID) values (16,str_to_date('24-OCT-13 10.54.39','%d-%b-%y %H.%i.%s'),'orazisa',str_to_date('24-OCT-13 10.54.39','%d-%b-%y %H.%i.%s'),'orazisa','SubmitQueryRequestJustice','ec:services:wsdl:QueryRequestJustice-2','SubmitQueryRequestRequest','SubmitQueryRequestResponse','2.0',null,14,4,4);
Insert into ETRUSTEX.ETR_TB_TRANSACTION (TRA_ID,CRE_DT,CRE_ID,MOD_DT,MOD_ID,TRA_NAME,TRA_NAMESPACE,TRA_REQ_LOCAL_NAME,TRA_RES_LOCAL_NAME,TRA_VERSION,TRA_CIA_ID,TRA_DOC_ID,TRA_REC_ROL_ID,TRA_SEN_ROL_ID) values (22,str_to_date('24-OCT-13 10.54.39','%d-%b-%y %H.%i.%s'),'imreand',str_to_date('24-OCT-13 10.54.39','%d-%b-%y %H.%i.%s'),'imreand','SubmitTendererQualificationResponse','ec:services:wsdl:TendererQualificationResponse-2','SubmitTendererQualificationResponseRequest','SubmitTendererQualificationResponseResponse','2.0',null,20,8,7);
Insert into ETRUSTEX.ETR_TB_TRANSACTION (TRA_ID,CRE_DT,CRE_ID,MOD_DT,MOD_ID,TRA_NAME,TRA_NAMESPACE,TRA_REQ_LOCAL_NAME,TRA_RES_LOCAL_NAME,TRA_VERSION,TRA_CIA_ID,TRA_DOC_ID,TRA_REC_ROL_ID,TRA_SEN_ROL_ID) values (1,str_to_date('24-OCT-13 10.52.57','%d-%b-%y %H.%i.%s'),'orazisa',str_to_date('24-OCT-13 10.52.57','%d-%b-%y %H.%i.%s'),'orazisa','SubmitInvoice','ec:services:wsdl:Invoice-0.1','SubmitInvoiceRequest','SubmitInvoiceResponse','0.1',null,1,2,1);
Insert into ETRUSTEX.ETR_TB_TRANSACTION (TRA_ID,CRE_DT,CRE_ID,MOD_DT,MOD_ID,TRA_NAME,TRA_NAMESPACE,TRA_REQ_LOCAL_NAME,TRA_RES_LOCAL_NAME,TRA_VERSION,TRA_CIA_ID,TRA_DOC_ID,TRA_REC_ROL_ID,TRA_SEN_ROL_ID) values (2,str_to_date('24-OCT-13 10.54.39','%d-%b-%y %H.%i.%s'),'orazisa',str_to_date('24-OCT-13 10.54.39','%d-%b-%y %H.%i.%s'),'orazisa','SubmitCreditNote','ec:services:wsdl:CreditNote-0.1','SubmitCreditNoteRequest','SubmitCreditNoteResponse','0.1',null,2,2,1);
Insert into ETRUSTEX.ETR_TB_TRANSACTION (TRA_ID,CRE_DT,CRE_ID,MOD_DT,MOD_ID,TRA_NAME,TRA_NAMESPACE,TRA_REQ_LOCAL_NAME,TRA_RES_LOCAL_NAME,TRA_VERSION,TRA_CIA_ID,TRA_DOC_ID,TRA_REC_ROL_ID,TRA_SEN_ROL_ID) values (3,str_to_date('24-OCT-13 10.54.39','%d-%b-%y %H.%i.%s'),'orazisa',str_to_date('24-OCT-13 10.54.39','%d-%b-%y %H.%i.%s'),'orazisa','SubmitApplicationResponse','ec:services:wsdl:ApplicationResponse-2','SubmitApplicationResponseRequest','SubmitApplicationResponseResponse','2.0',null,3,4,4);
Insert into ETRUSTEX.ETR_TB_TRANSACTION (TRA_ID,CRE_DT,CRE_ID,MOD_DT,MOD_ID,TRA_NAME,TRA_NAMESPACE,TRA_REQ_LOCAL_NAME,TRA_RES_LOCAL_NAME,TRA_VERSION,TRA_CIA_ID,TRA_DOC_ID,TRA_REC_ROL_ID,TRA_SEN_ROL_ID) values (4,str_to_date('24-OCT-13 10.54.39','%d-%b-%y %H.%i.%s'),'orazisa',str_to_date('24-OCT-13 10.54.39','%d-%b-%y %H.%i.%s'),'orazisa','SubmitInboxRequest','ec:services:wsdl:InboxRequest-2','SubmitInboxRequestRequest','SubmitInboxRequestResponse','2.0',null,4,4,4);
Insert into ETRUSTEX.ETR_TB_TRANSACTION (TRA_ID,CRE_DT,CRE_ID,MOD_DT,MOD_ID,TRA_NAME,TRA_NAMESPACE,TRA_REQ_LOCAL_NAME,TRA_RES_LOCAL_NAME,TRA_VERSION,TRA_CIA_ID,TRA_DOC_ID,TRA_REC_ROL_ID,TRA_SEN_ROL_ID) values (5,str_to_date('24-OCT-13 10.54.39','%d-%b-%y %H.%i.%s'),'orazisa',str_to_date('24-OCT-13 10.54.39','%d-%b-%y %H.%i.%s'),'orazisa','StoreDocumentWrapper','ec:services:wsdl:DocumentWrapper-2','StoreDocumentWrapperRequest','StoreDocumentWrapperResponse','2.0',2,5,4,4);
Insert into ETRUSTEX.ETR_TB_TRANSACTION (TRA_ID,CRE_DT,CRE_ID,MOD_DT,MOD_ID,TRA_NAME,TRA_NAMESPACE,TRA_REQ_LOCAL_NAME,TRA_RES_LOCAL_NAME,TRA_VERSION,TRA_CIA_ID,TRA_DOC_ID,TRA_REC_ROL_ID,TRA_SEN_ROL_ID) values (8,str_to_date('24-OCT-13 10.54.39','%d-%b-%y %H.%i.%s'),'orazisa',str_to_date('24-OCT-13 10.54.39','%d-%b-%y %H.%i.%s'),'orazisa','SubmitDocumentBundle','ec:services:wsdl:DocumentBundle-2','SubmitDocumentBundleRequest','SubmitDocumentBundleResponse','2.0',null,7,6,6);
Insert into ETRUSTEX.ETR_TB_TRANSACTION (TRA_ID,CRE_DT,CRE_ID,MOD_DT,MOD_ID,TRA_NAME,TRA_NAMESPACE,TRA_REQ_LOCAL_NAME,TRA_RES_LOCAL_NAME,TRA_VERSION,TRA_CIA_ID,TRA_DOC_ID,TRA_REC_ROL_ID,TRA_SEN_ROL_ID) values (9,str_to_date('24-OCT-13 10.54.39','%d-%b-%y %H.%i.%s'),'orazisa',str_to_date('24-OCT-13 10.54.39','%d-%b-%y %H.%i.%s'),'orazisa','SubmitRetrieveRequest','ec:services:wsdl:RetrieveRequest-2','SubmitRetrieveRequestRequest','SubmitRetrieveRequestResponse','2.0',null,8,4,4);
Insert into ETRUSTEX.ETR_TB_TRANSACTION (TRA_ID,CRE_DT,CRE_ID,MOD_DT,MOD_ID,TRA_NAME,TRA_NAMESPACE,TRA_REQ_LOCAL_NAME,TRA_RES_LOCAL_NAME,TRA_VERSION,TRA_CIA_ID,TRA_DOC_ID,TRA_REC_ROL_ID,TRA_SEN_ROL_ID) values (10,str_to_date('24-OCT-13 10.54.39','%d-%b-%y %H.%i.%s'),'orazisa',str_to_date('24-OCT-13 10.54.39','%d-%b-%y %H.%i.%s'),'orazisa','SubmitAttachedDocument','ec:services:wsdl:AttachedDocument-2','SubmitAttachedDocumentRequest','SubmitAttachedDocumentResponse','2.0',null,9,4,4);
Insert into ETRUSTEX.ETR_TB_TRANSACTION (TRA_ID,CRE_DT,CRE_ID,MOD_DT,MOD_ID,TRA_NAME,TRA_NAMESPACE,TRA_REQ_LOCAL_NAME,TRA_RES_LOCAL_NAME,TRA_VERSION,TRA_CIA_ID,TRA_DOC_ID,TRA_REC_ROL_ID,TRA_SEN_ROL_ID) values (11,str_to_date('24-OCT-13 10.54.39','%d-%b-%y %H.%i.%s'),'orazisa',str_to_date('24-OCT-13 10.54.39','%d-%b-%y %H.%i.%s'),'orazisa','SubmitStatusRequest','ec:services:wsdl:StatusRequest-2','SubmitStatusRequestRequest','SubmitStatusRequestResponse','2.0',null,10,4,4);
Insert into ETRUSTEX.ETR_TB_TRANSACTION (TRA_ID,CRE_DT,CRE_ID,MOD_DT,MOD_ID,TRA_NAME,TRA_NAMESPACE,TRA_REQ_LOCAL_NAME,TRA_RES_LOCAL_NAME,TRA_VERSION,TRA_CIA_ID,TRA_DOC_ID,TRA_REC_ROL_ID,TRA_SEN_ROL_ID) values (12,str_to_date('24-OCT-13 10.54.39','%d-%b-%y %H.%i.%s'),'orazisa',str_to_date('24-OCT-13 10.54.39','%d-%b-%y %H.%i.%s'),'orazisa','SubmitQueryRequest','ec:services:wsdl:QueryRequest-2','SubmitQueryRequestRequest','SubmitQueryRequestResponse','2.0',null,11,4,4);
Insert into ETRUSTEX.ETR_TB_TRANSACTION (TRA_ID,CRE_DT,CRE_ID,MOD_DT,MOD_ID,TRA_NAME,TRA_NAMESPACE,TRA_REQ_LOCAL_NAME,TRA_RES_LOCAL_NAME,TRA_VERSION,TRA_CIA_ID,TRA_DOC_ID,TRA_REC_ROL_ID,TRA_SEN_ROL_ID) values (13,str_to_date('24-OCT-13 10.54.39','%d-%b-%y %H.%i.%s'),'orazisa',str_to_date('24-OCT-13 10.54.39','%d-%b-%y %H.%i.%s'),'orazisa','SubmitDocumentBundle','ec:services:wsdl:DocumentBundle-2.1','SubmitDocumentBundleRequest','SubmitDocumentBundleResponse','2.1',null,7,6,6);
Insert into ETRUSTEX.ETR_TB_TRANSACTION (TRA_ID,CRE_DT,CRE_ID,MOD_DT,MOD_ID,TRA_NAME,TRA_NAMESPACE,TRA_REQ_LOCAL_NAME,TRA_RES_LOCAL_NAME,TRA_VERSION,TRA_CIA_ID,TRA_DOC_ID,TRA_REC_ROL_ID,TRA_SEN_ROL_ID) values (14,str_to_date('24-OCT-13 10.54.39','%d-%b-%y %H.%i.%s'),null,str_to_date('24-OCT-13 10.54.39','%d-%b-%y %H.%i.%s'),null,'SubmitRetrieveInterchangeAgreements','ec:services:wsdl:RetrieveInterchangeAgreementsRequest-2','SubmitRetrieveInterchangeAgreementsRequestRequest','SubmitRetrieveInterchangeAgreementsRequestResponse','2.0',null,12,4,4);
Insert into ETRUSTEX.ETR_TB_TRANSACTION (TRA_ID,CRE_DT,CRE_ID,MOD_DT,MOD_ID,TRA_NAME,TRA_NAMESPACE,TRA_REQ_LOCAL_NAME,TRA_RES_LOCAL_NAME,TRA_VERSION,TRA_CIA_ID,TRA_DOC_ID,TRA_REC_ROL_ID,TRA_SEN_ROL_ID) values (6,str_to_date('24-OCT-13 10.56.09','%d-%b-%y %H.%i.%s'),'orazisa',str_to_date('24-OCT-13 10.56.09','%d-%b-%y %H.%i.%s'),'orazisa','DeleteDocumentWrapperRequest','ec:services:wsdl:DocumentWrapper-2','DeleteDocumentWrapperRequestRequest','DeleteDocumentWrapperRequestResponse','2.0',null,6,4,4);
Insert into ETRUSTEX.ETR_TB_TRANSACTION (TRA_ID,CRE_DT,CRE_ID,MOD_DT,MOD_ID,TRA_NAME,TRA_NAMESPACE,TRA_REQ_LOCAL_NAME,TRA_RES_LOCAL_NAME,TRA_VERSION,TRA_CIA_ID,TRA_DOC_ID,TRA_REC_ROL_ID,TRA_SEN_ROL_ID) values (7,str_to_date('24-OCT-13 10.56.09','%d-%b-%y %H.%i.%s'),'orazisa',str_to_date('24-OCT-13 10.56.09','%d-%b-%y %H.%i.%s'),'orazisa','RetrieveDocumentWrapperRequest','ec:services:wsdl:DocumentWrapper-2','RetrieveDocumentWrapperRequestRequest','RetrieveDocumentWrapperRequestResponse','2.0',null,6,4,4);
--REM INSERTING into ETRUSTEX.ETR_TB_XML_STORE

Insert into ETRUSTEX.ETR_TB_XML_STORE (XS_ID,XS_KEY) values (67,'BasicTypes.xsd');
Insert into ETRUSTEX.ETR_TB_XML_STORE (XS_ID,XS_KEY) values (56,'BusinessScope.xsd');
Insert into ETRUSTEX.ETR_TB_XML_STORE (XS_ID,XS_KEY) values (45,'CCTS_CCT_SchemaModule-2.0.xsd');
Insert into ETRUSTEX.ETR_TB_XML_STORE (XS_ID,XS_KEY) values (65,'DocumentIdentification.xsd');
Insert into ETRUSTEX.ETR_TB_XML_STORE (XS_ID,XS_KEY) values (39,'EC-CommonAggregateComponents-0.1.xsd');
Insert into ETRUSTEX.ETR_TB_XML_STORE (XS_ID,XS_KEY) values (38,'EC-CommonAggregateComponents-1.0.xsd');
Insert into ETRUSTEX.ETR_TB_XML_STORE (XS_ID,XS_KEY) values (37,'EC-CommonAggregateComponents-2.0.xsd');
Insert into ETRUSTEX.ETR_TB_XML_STORE (XS_ID,XS_KEY) values (42,'EC-CommonBasicComponents-0.1.xsd');
Insert into ETRUSTEX.ETR_TB_XML_STORE (XS_ID,XS_KEY) values (41,'EC-CommonBasicComponents-1.0.xsd');
Insert into ETRUSTEX.ETR_TB_XML_STORE (XS_ID,XS_KEY) values (40,'EC-ExtensionComponents-0.1.xsd');
Insert into ETRUSTEX.ETR_TB_XML_STORE (XS_ID,XS_KEY) values (60,'EDIOrder.xsd');
Insert into ETRUSTEX.ETR_TB_XML_STORE (XS_ID,XS_KEY) values (58,'EDIOrderProxy.xsd');
Insert into ETRUSTEX.ETR_TB_XML_STORE (XS_ID,XS_KEY) values (66,'Manifest.xsd');
Insert into ETRUSTEX.ETR_TB_XML_STORE (XS_ID,XS_KEY) values (63,'Order.xsd');
Insert into ETRUSTEX.ETR_TB_XML_STORE (XS_ID,XS_KEY) values (59,'OrderProxy.xsd');
Insert into ETRUSTEX.ETR_TB_XML_STORE (XS_ID,XS_KEY) values (64,'OrderResponse.xsd');
Insert into ETRUSTEX.ETR_TB_XML_STORE (XS_ID,XS_KEY) values (61,'OrderResponseProxy.xsd');
Insert into ETRUSTEX.ETR_TB_XML_STORE (XS_ID,XS_KEY) values (62,'Partner.xsd');
Insert into ETRUSTEX.ETR_TB_XML_STORE (XS_ID,XS_KEY) values (57,'StandardBusinessDocumentHeader.xsd');
Insert into ETRUSTEX.ETR_TB_XML_STORE (XS_ID,XS_KEY) values (68,'UBL-CommonAggregateComponents-2.0.xsd');
Insert into ETRUSTEX.ETR_TB_XML_STORE (XS_ID,XS_KEY) values (43,'UBL-CommonBasicComponents-2.0.xsd');
Insert into ETRUSTEX.ETR_TB_XML_STORE (XS_ID,XS_KEY) values (46,'UBL-CommonExtensionComponents-2.0.xsd');
Insert into ETRUSTEX.ETR_TB_XML_STORE (XS_ID,XS_KEY) values (50,'UBL-CommonSignatureComponents-2.0.xsd');
Insert into ETRUSTEX.ETR_TB_XML_STORE (XS_ID,XS_KEY) values (44,'UBL-CoreComponentParameters-2.0.xsd');
Insert into ETRUSTEX.ETR_TB_XML_STORE (XS_ID,XS_KEY) values (69,'UBL-ExtensionContentDatatype-2.0.xsd');
Insert into ETRUSTEX.ETR_TB_XML_STORE (XS_ID,XS_KEY) values (49,'UBL-QualifiedDatatypes-2.0.xsd');
Insert into ETRUSTEX.ETR_TB_XML_STORE (XS_ID,XS_KEY) values (53,'UBL-SignatureAggregateComponents-2.0.xsd');
Insert into ETRUSTEX.ETR_TB_XML_STORE (XS_ID,XS_KEY) values (54,'UBL-SignatureBasicComponents-2.0.xsd');
Insert into ETRUSTEX.ETR_TB_XML_STORE (XS_ID,XS_KEY) values (51,'UBL-XAdESv132-2.0.xsd');
Insert into ETRUSTEX.ETR_TB_XML_STORE (XS_ID,XS_KEY) values (52,'UBL-XAdESv141-2.0.xsd');
Insert into ETRUSTEX.ETR_TB_XML_STORE (XS_ID,XS_KEY) values (47,'UBL-xmldsig-core-schema-2.0.xsd');
Insert into ETRUSTEX.ETR_TB_XML_STORE (XS_ID,XS_KEY) values (55,'UnqualifiedDataTypeSchemaModule-2.0.xsd');
Insert into ETRUSTEX.ETR_TB_XML_STORE (XS_ID,XS_KEY) values (48,'xmlmime.xsd');

COMMIT;

SET foreign_key_checks = 1;