-- //////////////////////////////////////////////////////
-- Insert Reference Data (Static data used to configure 
-- the platform) into the tables below in the following order:
-- *CPA_TB_BUSINESS_DOMAIN
-- *ETR_TB_CERTIFICATE
-- *ETR_TB_ROLE
-- *ETR_TB_CIA_LEVEL
-- *ETR_TB_STATE_MACHINE
-- *ETR_TB_DOCUMENT
-- *ETR_TB_PROFILE
-- *ETR_TB_PROFILE_BUSINESS_DOMAIN
-- *ETR_TB_XML_STORE
-- *ETR_TB_TRANSACTION
-- *ETR_TB_PROFILE_TRANSACTION
-- *ETR_TB_METADATA
-- *ETR_TB_MSG_RESPONSE_CODE
-- //////////////////////////////////////////////////////

USE etrustex;

START TRANSACTION;

SET autocommit=0;

insert into `CPA_TB_BUSINESS_DOMAIN`(`CBD_ID`,`CRE_DT`,`CRE_ID`,`MOD_DT`,`MOD_ID`,`CBD_NAME`) values (1,null,null,null,null,'eProcurement');
insert into `CPA_TB_BUSINESS_DOMAIN`(`CBD_ID`,`CRE_DT`,`CRE_ID`,`MOD_DT`,`MOD_ID`,`CBD_NAME`) values (3,null,null,null,null,'Generic');
insert into `CPA_TB_BUSINESS_DOMAIN`(`CBD_ID`,`CRE_DT`,`CRE_ID`,`MOD_DT`,`MOD_ID`,`CBD_NAME`) values (4,null,null,null,null,'DGJustice');

-- ********USER ROLE********
Insert into `CPA_TB_USER_ROLE` (`RDL_ID`, `RDL_CODE`, `RDL_DESC`, `CRE_DT`, `CRE_ID`, `MOD_DT`, `MOD_ID`) values (1,'ADM','General Administrator',null,null,null,null);
Insert into `CPA_TB_USER_ROLE` (`RDL_ID`, `RDL_CODE`, `RDL_DESC`, `CRE_DT`, `CRE_ID`, `MOD_DT`, `MOD_ID`) values (2,'CBO','Central Business Owner',null,null,null,null);
Insert into `CPA_TB_USER_ROLE` (`RDL_ID`, `RDL_CODE`, `RDL_DESC`, `CRE_DT`, `CRE_ID`, `MOD_DT`, `MOD_ID`) values (3,'LBO','Local Business Owner',null,null,null,null);
Insert into `CPA_TB_USER_ROLE` (`RDL_ID`, `RDL_CODE`, `RDL_DESC`, `CRE_DT`, `CRE_ID`, `MOD_DT`, `MOD_ID`) values (4,'SUP','Support',null,null,null,null);

insert into `ETR_TB_CIA_LEVEL` (`CIA_ID`,`CIA_AVAILABILITY_LVL`,`CIA_CONFIDENTIALITY_LVL`,`CIA_INTEGRITY_LVL`,`CRE_DT`,`CRE_ID`,`MOD_DT`,`MOD_ID`) values (1,0,1,2,null,null,null,null);
insert into `ETR_TB_CIA_LEVEL` (`CIA_ID`,`CIA_AVAILABILITY_LVL`,`CIA_CONFIDENTIALITY_LVL`,`CIA_INTEGRITY_LVL`,`CRE_DT`,`CRE_ID`,`MOD_DT`,`MOD_ID`) values (2,0,0,0,null,null,null,null);
insert into `ETR_TB_CIA_LEVEL` (`CIA_ID`,`CIA_AVAILABILITY_LVL`,`CIA_CONFIDENTIALITY_LVL`,`CIA_INTEGRITY_LVL`,`CRE_DT`,`CRE_ID`,`MOD_DT`,`MOD_ID`) values (3,1,1,1,null,null,null,null);
insert into `ETR_TB_CIA_LEVEL` (`CIA_ID`,`CIA_AVAILABILITY_LVL`,`CIA_CONFIDENTIALITY_LVL`,`CIA_INTEGRITY_LVL`,`CRE_DT`,`CRE_ID`,`MOD_DT`,`MOD_ID`) values (4,2,2,2,null,null,null,null);
insert into `ETR_TB_CIA_LEVEL` (`CIA_ID`,`CIA_AVAILABILITY_LVL`,`CIA_CONFIDENTIALITY_LVL`,`CIA_INTEGRITY_LVL`,`CRE_DT`,`CRE_ID`,`MOD_DT`,`MOD_ID`) values (5,1,1,1,null,null,null,null);
insert into `ETR_TB_CIA_LEVEL` (`CIA_ID`,`CIA_AVAILABILITY_LVL`,`CIA_CONFIDENTIALITY_LVL`,`CIA_INTEGRITY_LVL`,`CRE_DT`,`CRE_ID`,`MOD_DT`,`MOD_ID`) values (6,0,2,1,null,null,null,null);
insert into `ETR_TB_CIA_LEVEL` (`CIA_ID`,`CIA_AVAILABILITY_LVL`,`CIA_CONFIDENTIALITY_LVL`,`CIA_INTEGRITY_LVL`,`CRE_DT`,`CRE_ID`,`MOD_DT`,`MOD_ID`) values (7,0,2,0,null,null,null,null);
insert into `ETR_TB_CIA_LEVEL` (`CIA_ID`,`CIA_AVAILABILITY_LVL`,`CIA_CONFIDENTIALITY_LVL`,`CIA_INTEGRITY_LVL`,`CRE_DT`,`CRE_ID`,`MOD_DT`,`MOD_ID`) values (8,0,0,1,null,null,null,null);


Insert into `ETR_TB_XML_STORE` (`XS_ID`, `XS_KEY`, `XS_VALUE`) values (70,'AllowanceChargeReasonCode.xml', LOAD_FILE('C:/open_etrustex/XML_store/70_AllowanceChargeReasonCode.xml'));
Insert into `ETR_TB_XML_STORE` (`XS_ID`, `XS_KEY`, `XS_VALUE`) values (71,'AttachmentTypeCode.xml', LOAD_FILE('C:/open_etrustex/XML_store/71_AttachmentTypeCode.xml'));
Insert into `ETR_TB_XML_STORE` (`XS_ID`, `XS_KEY`, `XS_VALUE`) values (72,'AwardCriterionSpecification.xml', LOAD_FILE('C:/open_etrustex/XML_store/72_AwardCriterionSpecification.xml'));
Insert into `ETR_TB_XML_STORE` (`XS_ID`, `XS_KEY`, `XS_VALUE`) values (73,'CountryIdentificationCode.xml', LOAD_FILE('C:/open_etrustex/XML_store/73_CountryIdentificationCode.xml'));
Insert into `ETR_TB_XML_STORE` (`XS_ID`, `XS_KEY`, `XS_VALUE`) values (74,'DocumentTypeCode.xml', LOAD_FILE('C:/open_etrustex/XML_store/74_DocumentTypeCode.xml'));
Insert into `ETR_TB_XML_STORE` (`XS_ID`, `XS_KEY`, `XS_VALUE`) values (75,'English.xml', LOAD_FILE('C:/open_etrustex/XML_store/75_English.xml'));
Insert into `ETR_TB_XML_STORE` (`XS_ID`, `XS_KEY`, `XS_VALUE`) values (76,'erDocumentTypeCode.xml', LOAD_FILE('C:/open_etrustex/XML_store/76_erDocumentTypeCode.xml'));
Insert into `ETR_TB_XML_STORE` (`XS_ID`, `XS_KEY`, `XS_VALUE`) values (77,'ErrorCode.xml', LOAD_FILE('C:/open_etrustex/XML_store/77_ErrorCode.xml'));
Insert into `ETR_TB_XML_STORE` (`XS_ID`, `XS_KEY`, `XS_VALUE`) values (78,'ModeCode.xml', LOAD_FILE('C:/open_etrustex/XML_store/78_ModeCode.xml'));
Insert into `ETR_TB_XML_STORE` (`XS_ID`, `XS_KEY`, `XS_VALUE`) values (79,'NoLef.xml', LOAD_FILE('C:/open_etrustex/XML_store/79_NoLef.xml'));
Insert into `ETR_TB_XML_STORE` (`XS_ID`, `XS_KEY`, `XS_VALUE`) values (80,'NoWarnings.xml', LOAD_FILE('C:/open_etrustex/XML_store/80_NoWarnings.xml'));
Insert into `ETR_TB_XML_STORE` (`XS_ID`, `XS_KEY`, `XS_VALUE`) values (81,'PartyIdentificationSchemeID.xml', LOAD_FILE('C:/open_etrustex/XML_store/81_PartyIdentificationSchemeID.xml'));
Insert into `ETR_TB_XML_STORE` (`XS_ID`, `XS_KEY`, `XS_VALUE`) values (82,'PaymentMeansCode.xml', LOAD_FILE('C:/open_etrustex/XML_store/82_PaymentMeansCode.xml'));
Insert into `ETR_TB_XML_STORE` (`XS_ID`, `XS_KEY`, `XS_VALUE`) values (83,'ProcedureType.xml', LOAD_FILE('C:/open_etrustex/XML_store/83_ProcedureType.xml'));
Insert into `ETR_TB_XML_STORE` (`XS_ID`, `XS_KEY`, `XS_VALUE`) values (84,'ProfileLevel.xml', LOAD_FILE('C:/open_etrustex/XML_store/84_ProfileLevel.xml'));
Insert into `ETR_TB_XML_STORE` (`XS_ID`, `XS_KEY`, `XS_VALUE`) values (85,'ProfileValueCode.xml', LOAD_FILE('C:/open_etrustex/XML_store/85_ProfileValueCode.xml'));
Insert into `ETR_TB_XML_STORE` (`XS_ID`, `XS_KEY`, `XS_VALUE`) values (86,'RequestForQuotationPropertyCode.xml', LOAD_FILE('C:/open_etrustex/XML_store/86_RequestForQuotationPropertyCode.xml'));
Insert into `ETR_TB_XML_STORE` (`XS_ID`, `XS_KEY`, `XS_VALUE`) values (87,'RequestForQuotationTypeCode.xml', LOAD_FILE('C:/open_etrustex/XML_store/87_RequestForQuotationTypeCode.xml'));
Insert into `ETR_TB_XML_STORE` (`XS_ID`, `XS_KEY`, `XS_VALUE`) values (88,'ResponseCode.xml', LOAD_FILE('C:/open_etrustex/XML_store/88_ResponseCode.xml'));
Insert into `ETR_TB_XML_STORE` (`XS_ID`, `XS_KEY`, `XS_VALUE`) values (89,'SummaryDescriptionCode.xml', LOAD_FILE('C:/open_etrustex/XML_store/89_SummaryDescriptionCode.xml'));
Insert into `ETR_TB_XML_STORE` (`XS_ID`, `XS_KEY`, `XS_VALUE`) values (90,'TaxCategoryID.xml', LOAD_FILE('C:/open_etrustex/XML_store/90_TaxCategoryID.xml'));
Insert into `ETR_TB_XML_STORE` (`XS_ID`, `XS_KEY`, `XS_VALUE`) values (91,'TaxExemptionReasonCode.xml', LOAD_FILE('C:/open_etrustex/XML_store/91_TaxExemptionReasonCode.xml'));
Insert into `ETR_TB_XML_STORE` (`XS_ID`, `XS_KEY`, `XS_VALUE`) values (92,'TenderSubmissionTypeCode.xml', LOAD_FILE('C:/open_etrustex/XML_store/92_TenderSubmissionTypeCode.xml'));
Insert into `ETR_TB_XML_STORE` (`XS_ID`, `XS_KEY`, `XS_VALUE`) values (93,'UnitOfMeasureCode.xml', LOAD_FILE('C:/open_etrustex/XML_store/93_UnitOfMeasureCode.xml'));
Insert into `ETR_TB_XML_STORE` (`XS_ID`, `XS_KEY`, `XS_VALUE`) values (94,'ActivityLevel.xml', LOAD_FILE('C:/open_etrustex/XML_store/94_ActivityLevel.xml'));
Insert into `ETR_TB_XML_STORE` (`XS_ID`, `XS_KEY`, `XS_VALUE`) values (95,'ActivityValueCode.xml', LOAD_FILE('C:/open_etrustex/XML_store/95_ActivityValueCode.xml'));
Insert into `ETR_TB_XML_STORE` (`XS_ID`, `XS_KEY`, `XS_VALUE`) values (96,'ProjectTypeCode.xml', LOAD_FILE('C:/open_etrustex/XML_store/96_ProjectTypeCode.xml'));



Insert into `ETR_TB_MSG_RESPONSE_CODE` (`RSC_ID`,`RSC_CD`,`RSC_VAL`,`RSC_STS_CD`,`RSC_DOC_ID`,`RSC_ICA_ID`,`RSC_PRO_ID`,`RSC_TRA_ID`) values (1,'SUBMITTED','8','8',null,null,null,null);
Insert into `ETR_TB_MSG_RESPONSE_CODE` (`RSC_ID`,`RSC_CD`,`RSC_VAL`,`RSC_STS_CD`,`RSC_DOC_ID`,`RSC_ICA_ID`,`RSC_PRO_ID`,`RSC_TRA_ID`) values (2,'RECEIVED','1','1',null,null,null,null);
Insert into `ETR_TB_MSG_RESPONSE_CODE` (`RSC_ID`,`RSC_CD`,`RSC_VAL`,`RSC_STS_CD`,`RSC_DOC_ID`,`RSC_ICA_ID`,`RSC_PRO_ID`,`RSC_TRA_ID`) values (3,'COMPLETED','2','5',null,null,null,null);
Insert into `ETR_TB_MSG_RESPONSE_CODE` (`RSC_ID`,`RSC_CD`,`RSC_VAL`,`RSC_STS_CD`,`RSC_DOC_ID`,`RSC_ICA_ID`,`RSC_PRO_ID`,`RSC_TRA_ID`) values (4,'CANCELLED','3','4',null,null,null,null);
Insert into `ETR_TB_MSG_RESPONSE_CODE` (`RSC_ID`,`RSC_CD`,`RSC_VAL`,`RSC_STS_CD`,`RSC_DOC_ID`,`RSC_ICA_ID`,`RSC_PRO_ID`,`RSC_TRA_ID`) values (5,'ERROR','9','9',null,null,null,null);
Insert into `ETR_TB_MSG_RESPONSE_CODE` (`RSC_ID`,`RSC_CD`,`RSC_VAL`,`RSC_STS_CD`,`RSC_DOC_ID`,`RSC_ICA_ID`,`RSC_PRO_ID`,`RSC_TRA_ID`) values (6,'READ','7','6',null,null,null,null);
Insert into `ETR_TB_MSG_RESPONSE_CODE` (`RSC_ID`,`RSC_CD`,`RSC_VAL`,`RSC_STS_CD`,`RSC_DOC_ID`,`RSC_ICA_ID`,`RSC_PRO_ID`,`RSC_TRA_ID`) values (7,'APPROVED','2','2',null,null,null,null);
Insert into `ETR_TB_MSG_RESPONSE_CODE` (`RSC_ID`,`RSC_CD`,`RSC_VAL`,`RSC_STS_CD`,`RSC_DOC_ID`,`RSC_ICA_ID`,`RSC_PRO_ID`,`RSC_TRA_ID`) values (8,'REJECTED','3','3',null,null,null,null);
Insert into `ETR_TB_MSG_RESPONSE_CODE` (`RSC_ID`,`RSC_CD`,`RSC_VAL`,`RSC_STS_CD`,`RSC_DOC_ID`,`RSC_ICA_ID`,`RSC_PRO_ID`,`RSC_TRA_ID`) values (9,'PROCESSED','2','2',null,null,null,null);
Insert into `ETR_TB_MSG_RESPONSE_CODE` (`RSC_ID`,`RSC_CD`,`RSC_VAL`,`RSC_STS_CD`,`RSC_DOC_ID`,`RSC_ICA_ID`,`RSC_PRO_ID`,`RSC_TRA_ID`) values (10,'FAILED','4','4',null,null,null,null);
Insert into `ETR_TB_MSG_RESPONSE_CODE` (`RSC_ID`,`RSC_CD`,`RSC_VAL`,`RSC_STS_CD`,`RSC_DOC_ID`,`RSC_ICA_ID`,`RSC_PRO_ID`,`RSC_TRA_ID`) values (11,'ACCEPTED','2','5',null,null,null,null);
Insert into `ETR_TB_MSG_RESPONSE_CODE` (`RSC_ID`,`RSC_CD`,`RSC_VAL`,`RSC_STS_CD`,`RSC_DOC_ID`,`RSC_ICA_ID`,`RSC_PRO_ID`,`RSC_TRA_ID`) values (26,'error.documenttypecode_check','The DocumentTypeCode of the message cannot be empty',null,null,null,null,null);
Insert into `ETR_TB_MSG_RESPONSE_CODE` (`RSC_ID`,`RSC_CD`,`RSC_VAL`,`RSC_STS_CD`,`RSC_DOC_ID`,`RSC_ICA_ID`,`RSC_PRO_ID`,`RSC_TRA_ID`) values (27,'error.id_check','The ID of the message cannot be empty',null,null,null,null,null);
Insert into `ETR_TB_MSG_RESPONSE_CODE` (`RSC_ID`,`RSC_CD`,`RSC_VAL`,`RSC_STS_CD`,`RSC_DOC_ID`,`RSC_ICA_ID`,`RSC_PRO_ID`,`RSC_TRA_ID`) values (28,'error.id_invalid_char','The ID of the message contains an invalid character',null,null,null,null,null);
Insert into `ETR_TB_MSG_RESPONSE_CODE` (`RSC_ID`,`RSC_CD`,`RSC_VAL`,`RSC_STS_CD`,`RSC_DOC_ID`,`RSC_ICA_ID`,`RSC_PRO_ID`,`RSC_TRA_ID`) values (29,'error.id_length_check','The ID of the message cannot be larger than 250 characters',null,null,null,null,null);
Insert into `ETR_TB_MSG_RESPONSE_CODE` (`RSC_ID`,`RSC_CD`,`RSC_VAL`,`RSC_STS_CD`,`RSC_DOC_ID`,`RSC_ICA_ID`,`RSC_PRO_ID`,`RSC_TRA_ID`) values (30,'error.invalid_codetable_value_documenttypecode','Value supplied is unacceptable for an element controlled by codelist DocumentTypeCode',null,null,null,null,null);
Insert into `ETR_TB_MSG_RESPONSE_CODE` (`RSC_ID`,`RSC_CD`,`RSC_VAL`,`RSC_STS_CD`,`RSC_DOC_ID`,`RSC_ICA_ID`,`RSC_PRO_ID`,`RSC_TRA_ID`) values (31,'error.invalid_codetable_value_parentdocumenttypecode','Value supplied is unacceptable for an element controlled by codelist ParentDocumentTypeCode',null,null,null,null,null);
Insert into `ETR_TB_MSG_RESPONSE_CODE` (`RSC_ID`,`RSC_CD`,`RSC_VAL`,`RSC_STS_CD`,`RSC_DOC_ID`,`RSC_ICA_ID`,`RSC_PRO_ID`,`RSC_TRA_ID`) values (32,'error.invalid_date_range','Period startdate is later than enddate',null,null,null,null,null);
Insert into `ETR_TB_MSG_RESPONSE_CODE` (`RSC_ID`,`RSC_CD`,`RSC_VAL`,`RSC_STS_CD`,`RSC_DOC_ID`,`RSC_ICA_ID`,`RSC_PRO_ID`,`RSC_TRA_ID`) values (33,'error.issuedate_future','The element IssueDate should not contain a date from the future',null,null,null,null,null);
Insert into `ETR_TB_MSG_RESPONSE_CODE` (`RSC_ID`,`RSC_CD`,`RSC_VAL`,`RSC_STS_CD`,`RSC_DOC_ID`,`RSC_ICA_ID`,`RSC_PRO_ID`,`RSC_TRA_ID`) values (34,'error.issuedate_old','The IssueDate of the message is older than 12 months',null,null,null,null,null);
Insert into `ETR_TB_MSG_RESPONSE_CODE` (`RSC_ID`,`RSC_CD`,`RSC_VAL`,`RSC_STS_CD`,`RSC_DOC_ID`,`RSC_ICA_ID`,`RSC_PRO_ID`,`RSC_TRA_ID`) values (35,'error.large_date_range','The difference between startdate and enddate is larger than one year',null,null,null,null,null);
Insert into `ETR_TB_MSG_RESPONSE_CODE` (`RSC_ID`,`RSC_CD`,`RSC_VAL`,`RSC_STS_CD`,`RSC_DOC_ID`,`RSC_ICA_ID`,`RSC_PRO_ID`,`RSC_TRA_ID`) values (36,'error.parent_document_documenttypecode_check','The ParentDocumentTypeCode must exist',null,null,null,null,null);
Insert into `ETR_TB_MSG_RESPONSE_CODE` (`RSC_ID`,`RSC_CD`,`RSC_VAL`,`RSC_STS_CD`,`RSC_DOC_ID`,`RSC_ICA_ID`,`RSC_PRO_ID`,`RSC_TRA_ID`) values (37,'error.parent_document_documenttypecode_check_application_response','An ApplicationResponse must not refer to an ApplicationResponse in the DocumentTypeCode element ',null,null,null,null,null);
Insert into `ETR_TB_MSG_RESPONSE_CODE` (`RSC_ID`,`RSC_CD`,`RSC_VAL`,`RSC_STS_CD`,`RSC_DOC_ID`,`RSC_ICA_ID`,`RSC_PRO_ID`,`RSC_TRA_ID`) values (38,'error.parent_document_id_check','The ParentDocumentID cannot be empty',null,null,null,null,null);
Insert into `ETR_TB_MSG_RESPONSE_CODE` (`RSC_ID`,`RSC_CD`,`RSC_VAL`,`RSC_STS_CD`,`RSC_DOC_ID`,`RSC_ICA_ID`,`RSC_PRO_ID`,`RSC_TRA_ID`) values (39,'error.parent_document_id_invalid_char','The ParentDocumentID contains an invalid character',null,null,null,null,null);
Insert into `ETR_TB_MSG_RESPONSE_CODE` (`RSC_ID`,`RSC_CD`,`RSC_VAL`,`RSC_STS_CD`,`RSC_DOC_ID`,`RSC_ICA_ID`,`RSC_PRO_ID`,`RSC_TRA_ID`) values (40,'error.parent_document_id_length_check','The ParentDocumentID cannot be larger than 250 characters',null,null,null,null,null);
Insert into `ETR_TB_MSG_RESPONSE_CODE` (`RSC_ID`,`RSC_CD`,`RSC_VAL`,`RSC_STS_CD`,`RSC_DOC_ID`,`RSC_ICA_ID`,`RSC_PRO_ID`,`RSC_TRA_ID`) values (41,'error.period_check_enddate','Element Period misses child element EndDate',null,null,null,null,null);
Insert into `ETR_TB_MSG_RESPONSE_CODE` (`RSC_ID`,`RSC_CD`,`RSC_VAL`,`RSC_STS_CD`,`RSC_DOC_ID`,`RSC_ICA_ID`,`RSC_PRO_ID`,`RSC_TRA_ID`) values (42,'error.period_check_startdate','Element Period misses child element StartDate',null,null,null,null,null);
Insert into `ETR_TB_MSG_RESPONSE_CODE` (`RSC_ID`,`RSC_CD`,`RSC_VAL`,`RSC_STS_CD`,`RSC_DOC_ID`,`RSC_ICA_ID`,`RSC_PRO_ID`,`RSC_TRA_ID`) values (43,'error.receiverpartyid_check','The Sender Party Endpoint ID and the Receiver Party Endpoint ID must be present in the message payload.',null,null,null,null,null);
Insert into `ETR_TB_MSG_RESPONSE_CODE` (`RSC_ID`,`RSC_CD`,`RSC_VAL`,`RSC_STS_CD`,`RSC_DOC_ID`,`RSC_ICA_ID`,`RSC_PRO_ID`,`RSC_TRA_ID`) values (44,'error.senderpartyid_check','The Sender Party Endpoint ID and the Receiver Party Endpoint ID must be present in the message payload.',null,null,null,null,null);
Insert into `ETR_TB_MSG_RESPONSE_CODE` (`RSC_ID`,`RSC_CD`,`RSC_VAL`,`RSC_STS_CD`,`RSC_DOC_ID`,`RSC_ICA_ID`,`RSC_PRO_ID`,`RSC_TRA_ID`) values (45,'error.accepted_indicator_check_ack','There AcceptedIndicator must be true in an Order Acknowledgement',null,null,null,null,null);
Insert into `ETR_TB_MSG_RESPONSE_CODE` (`RSC_ID`,`RSC_CD`,`RSC_VAL`,`RSC_STS_CD`,`RSC_DOC_ID`,`RSC_ICA_ID`,`RSC_PRO_ID`,`RSC_TRA_ID`) values (46,'error.accepted_indicator_check_false','There must be a RejectionNote element when AcceptedIndicator equals false',null,null,null,null,null);
Insert into `ETR_TB_MSG_RESPONSE_CODE` (`RSC_ID`,`RSC_CD`,`RSC_VAL`,`RSC_STS_CD`,`RSC_DOC_ID`,`RSC_ICA_ID`,`RSC_PRO_ID`,`RSC_TRA_ID`) values (47,'error.accepted_indicator_check_true','RejectionNote element should be excluded when AcceptedIndicator equals true',null,null,null,null,null);
Insert into `ETR_TB_MSG_RESPONSE_CODE` (`RSC_ID`,`RSC_CD`,`RSC_VAL`,`RSC_STS_CD`,`RSC_DOC_ID`,`RSC_ICA_ID`,`RSC_PRO_ID`,`RSC_TRA_ID`) values (48,'error.accountingcustomerparty_endpointid_check','EnpointID in AccountingCustomerParty/Party must be present and cannot be empty',null,null,null,null,null);
Insert into `ETR_TB_MSG_RESPONSE_CODE` (`RSC_ID`,`RSC_CD`,`RSC_VAL`,`RSC_STS_CD`,`RSC_DOC_ID`,`RSC_ICA_ID`,`RSC_PRO_ID`,`RSC_TRA_ID`) values (49,'error.accountingcustomerparty_name_check','Name in AccountingCustomerParty/Party/PartyName must be present and cannot be empty',null,null,null,null,null);
Insert into `ETR_TB_MSG_RESPONSE_CODE` (`RSC_ID`,`RSC_CD`,`RSC_VAL`,`RSC_STS_CD`,`RSC_DOC_ID`,`RSC_ICA_ID`,`RSC_PRO_ID`,`RSC_TRA_ID`) values (50,'error.accountingsupplierparty_endpointid_check','EnpointID in AccountingSupplierParty/Party must be present and cannot be empty',null,null,null,null,null);
Insert into `ETR_TB_MSG_RESPONSE_CODE` (`RSC_ID`,`RSC_CD`,`RSC_VAL`,`RSC_STS_CD`,`RSC_DOC_ID`,`RSC_ICA_ID`,`RSC_PRO_ID`,`RSC_TRA_ID`) values (51,'error.accountingsupplierparty_name_check','Name in AccountingSupplierParty/Party/PartyName must be present and cannot be empty',null,null,null,null,null);
Insert into `ETR_TB_MSG_RESPONSE_CODE` (`RSC_ID`,`RSC_CD`,`RSC_VAL`,`RSC_STS_CD`,`RSC_DOC_ID`,`RSC_ICA_ID`,`RSC_PRO_ID`,`RSC_TRA_ID`) values (52,'error.additional_document_reference_check','Element AdditionalDocumentReference should include one of following child elements: DocumentType or DocumentTypeCode',null,null,null,null,null);
Insert into `ETR_TB_MSG_RESPONSE_CODE` (`RSC_ID`,`RSC_CD`,`RSC_VAL`,`RSC_STS_CD`,`RSC_DOC_ID`,`RSC_ICA_ID`,`RSC_PRO_ID`,`RSC_TRA_ID`) values (53,'error.additional_document_reference_id_check','When CallForTenders/AdditionalDocumentReference/DocumentType exists and is not empty the corresponding CallForTenders/AdditionalDocumentReference/ID cannot be empty',null,null,null,null,null);
Insert into `ETR_TB_MSG_RESPONSE_CODE` (`RSC_ID`,`RSC_CD`,`RSC_VAL`,`RSC_STS_CD`,`RSC_DOC_ID`,`RSC_ICA_ID`,`RSC_PRO_ID`,`RSC_TRA_ID`) values (54,'error.additional_document_reference_notificationplatform_check','Exactly one AdditionalDocumentReference with DocumentType "URL::notification platform" must exist',null,null,null,null,null);
Insert into `ETR_TB_MSG_RESPONSE_CODE` (`RSC_ID`,`RSC_CD`,`RSC_VAL`,`RSC_STS_CD`,`RSC_DOC_ID`,`RSC_ICA_ID`,`RSC_PRO_ID`,`RSC_TRA_ID`) values (55,'error.additional_document_reference_notificationplatform_id_check','The ID of the AdditionalDocumentReference with DocumentType "URL::notification platform" cannot be empty',null,null,null,null,null);
Insert into `ETR_TB_MSG_RESPONSE_CODE` (`RSC_ID`,`RSC_CD`,`RSC_VAL`,`RSC_STS_CD`,`RSC_DOC_ID`,`RSC_ICA_ID`,`RSC_PRO_ID`,`RSC_TRA_ID`) values (56,'error.additional_document_reference_submissionplatform_check','Exactly one AdditionalDocumentReference with DocumentType "URL::submission platform" must exist',null,null,null,null,null);
Insert into `ETR_TB_MSG_RESPONSE_CODE` (`RSC_ID`,`RSC_CD`,`RSC_VAL`,`RSC_STS_CD`,`RSC_DOC_ID`,`RSC_ICA_ID`,`RSC_PRO_ID`,`RSC_TRA_ID`) values (57,'error.additional_document_reference_submissionplatform_id_check','The ID of the AdditionalDocumentReference with DocumentType "URL::submission platform" cannot be empty',null,null,null,null,null);
Insert into `ETR_TB_MSG_RESPONSE_CODE` (`RSC_ID`,`RSC_CD`,`RSC_VAL`,`RSC_STS_CD`,`RSC_DOC_ID`,`RSC_ICA_ID`,`RSC_PRO_ID`,`RSC_TRA_ID`) values (58,'error.address_check_cityname','Element PostalAddress misses child element CityName',null,null,null,null,null);
Insert into `ETR_TB_MSG_RESPONSE_CODE` (`RSC_ID`,`RSC_CD`,`RSC_VAL`,`RSC_STS_CD`,`RSC_DOC_ID`,`RSC_ICA_ID`,`RSC_PRO_ID`,`RSC_TRA_ID`) values (59,'error.address_check_country','Element PostalAddress misses child element Country',null,null,null,null,null);
Insert into `ETR_TB_MSG_RESPONSE_CODE` (`RSC_ID`,`RSC_CD`,`RSC_VAL`,`RSC_STS_CD`,`RSC_DOC_ID`,`RSC_ICA_ID`,`RSC_PRO_ID`,`RSC_TRA_ID`) values (60,'error.address_check_postalzone','Element PostalAddress misses child element PostalZone',null,null,null,null,null);
Insert into `ETR_TB_MSG_RESPONSE_CODE` (`RSC_ID`,`RSC_CD`,`RSC_VAL`,`RSC_STS_CD`,`RSC_DOC_ID`,`RSC_ICA_ID`,`RSC_PRO_ID`,`RSC_TRA_ID`) values (61,'error.address_check_streetname','Element PostalAddress misses child element StreetName',null,null,null,null,null);
Insert into `ETR_TB_MSG_RESPONSE_CODE` (`RSC_ID`,`RSC_CD`,`RSC_VAL`,`RSC_STS_CD`,`RSC_DOC_ID`,`RSC_ICA_ID`,`RSC_PRO_ID`,`RSC_TRA_ID`) values (62,'error.admissioncode_false_check','When Tenderer Qualification Response.CustomizationID = "urn:www.cenbii.eu:transaction:BiiTrns042:ver1.0:ec:icd2", for each existing Qualification Resolution,  the admission code  MUST be equal with "false"',null,null,null,null,null);
Insert into `ETR_TB_MSG_RESPONSE_CODE` (`RSC_ID`,`RSC_CD`,`RSC_VAL`,`RSC_STS_CD`,`RSC_DOC_ID`,`RSC_ICA_ID`,`RSC_PRO_ID`,`RSC_TRA_ID`) values (63,'error.admissioncode_true_check','When Tenderer Qualification Response.CustomizationID = "urn:www.cenbii.eu:transaction:BiiTrns043:ver1.0:ec:icd2", for each existing Qualification Resolution,  the admission code  MUST be equal with "true"',null,null,null,null,null);
Insert into `ETR_TB_MSG_RESPONSE_CODE` (`RSC_ID`,`RSC_CD`,`RSC_VAL`,`RSC_STS_CD`,`RSC_DOC_ID`,`RSC_ICA_ID`,`RSC_PRO_ID`,`RSC_TRA_ID`) values (64,'error.allowance_charge_check','The amount of an AllowanceCharge should not be negative',null,null,null,null,null);
Insert into `ETR_TB_MSG_RESPONSE_CODE` (`RSC_ID`,`RSC_CD`,`RSC_VAL`,`RSC_STS_CD`,`RSC_DOC_ID`,`RSC_ICA_ID`,`RSC_PRO_ID`,`RSC_TRA_ID`) values (65,'error.allowance_charge_hard_check','Amount in AllowanceCharge must not be negative',null,null,null,null,null);
Insert into `ETR_TB_MSG_RESPONSE_CODE` (`RSC_ID`,`RSC_CD`,`RSC_VAL`,`RSC_STS_CD`,`RSC_DOC_ID`,`RSC_ICA_ID`,`RSC_PRO_ID`,`RSC_TRA_ID`) values (66,'error.chargetotalamount_check','The Charge Total Amount must be equal to the total of all charges at document level',null,null,null,null,null);
Insert into `ETR_TB_MSG_RESPONSE_CODE` (`RSC_ID`,`RSC_CD`,`RSC_VAL`,`RSC_STS_CD`,`RSC_DOC_ID`,`RSC_ICA_ID`,`RSC_PRO_ID`,`RSC_TRA_ID`) values (67,'error.commodityclassification_check','Both ItemClassificationCode and ItemClassificationCode/@listID must be present and not empty in CommodityClassification',null,null,null,null,null);
Insert into `ETR_TB_MSG_RESPONSE_CODE` (`RSC_ID`,`RSC_CD`,`RSC_VAL`,`RSC_STS_CD`,`RSC_DOC_ID`,`RSC_ICA_ID`,`RSC_PRO_ID`,`RSC_TRA_ID`) values (68,'error.contract_check','Exactly one Contract class should be present',null,null,null,null,null);
Insert into `ETR_TB_MSG_RESPONSE_CODE` (`RSC_ID`,`RSC_CD`,`RSC_VAL`,`RSC_STS_CD`,`RSC_DOC_ID`,`RSC_ICA_ID`,`RSC_PRO_ID`,`RSC_TRA_ID`) values (69,'error.contract_document_reference_check','Element ContractDocumentReference should include one of following child elements: DocumentType or DocumentTypeCode',null,null,null,null,null);
Insert into `ETR_TB_MSG_RESPONSE_CODE` (`RSC_ID`,`RSC_CD`,`RSC_VAL`,`RSC_STS_CD`,`RSC_DOC_ID`,`RSC_ICA_ID`,`RSC_PRO_ID`,`RSC_TRA_ID`) values (70,'error.contract_id_check','The ID of the contract should not be empty',null,null,null,null,null);
Insert into `ETR_TB_MSG_RESPONSE_CODE` (`RSC_ID`,`RSC_CD`,`RSC_VAL`,`RSC_STS_CD`,`RSC_DOC_ID`,`RSC_ICA_ID`,`RSC_PRO_ID`,`RSC_TRA_ID`) values (71,'error.contract_id_hard_check','The ID of the contract must not be empty',null,null,null,null,null);
Insert into `ETR_TB_MSG_RESPONSE_CODE` (`RSC_ID`,`RSC_CD`,`RSC_VAL`,`RSC_STS_CD`,`RSC_DOC_ID`,`RSC_ICA_ID`,`RSC_PRO_ID`,`RSC_TRA_ID`) values (72,'error.contract_reference_id_check','The ID of the contract should not be empty',null,null,null,null,null);
Insert into `ETR_TB_MSG_RESPONSE_CODE` (`RSC_ID`,`RSC_CD`,`RSC_VAL`,`RSC_STS_CD`,`RSC_DOC_ID`,`RSC_ICA_ID`,`RSC_PRO_ID`,`RSC_TRA_ID`) values (73,'error.contractdocumentreference_check','ContractDocumentReference should be present and not empty',null,null,null,null,null);
Insert into `ETR_TB_MSG_RESPONSE_CODE` (`RSC_ID`,`RSC_CD`,`RSC_VAL`,`RSC_STS_CD`,`RSC_DOC_ID`,`RSC_ICA_ID`,`RSC_PRO_ID`,`RSC_TRA_ID`) values (74,'error.contractingparty_check_identificationcode','IdentificationCode in ContractingParty/Party/PartyLegalEntity/RegistrationAddress/Country must be present and not empty',null,null,null,null,null);
Insert into `ETR_TB_MSG_RESPONSE_CODE` (`RSC_ID`,`RSC_CD`,`RSC_VAL`,`RSC_STS_CD`,`RSC_DOC_ID`,`RSC_ICA_ID`,`RSC_PRO_ID`,`RSC_TRA_ID`) values (75,'error.contractingparty_endpointid_check','The ContractingParty EndPointID of the message must be present and not empty',null,null,null,null,null);
Insert into `ETR_TB_MSG_RESPONSE_CODE` (`RSC_ID`,`RSC_CD`,`RSC_VAL`,`RSC_STS_CD`,`RSC_DOC_ID`,`RSC_ICA_ID`,`RSC_PRO_ID`,`RSC_TRA_ID`) values (76,'error.contractingparty_endpointid_invalid_char','The ContractingParty EndPointID of the message contains an invalid character',null,null,null,null,null);
Insert into `ETR_TB_MSG_RESPONSE_CODE` (`RSC_ID`,`RSC_CD`,`RSC_VAL`,`RSC_STS_CD`,`RSC_DOC_ID`,`RSC_ICA_ID`,`RSC_PRO_ID`,`RSC_TRA_ID`) values (77,'error.contractingparty_endpointid_length_check','The ContractingParty EndPointID of the message cannot be larger than 250 characters',null,null,null,null,null);
Insert into `ETR_TB_MSG_RESPONSE_CODE` (`RSC_ID`,`RSC_CD`,`RSC_VAL`,`RSC_STS_CD`,`RSC_DOC_ID`,`RSC_ICA_ID`,`RSC_PRO_ID`,`RSC_TRA_ID`) values (78,'error.contractingparty_name_identificationcode','Name in ContractingParty/Party/PartyName must be present and not empty',null,null,null,null,null);
Insert into `ETR_TB_MSG_RESPONSE_CODE` (`RSC_ID`,`RSC_CD`,`RSC_VAL`,`RSC_STS_CD`,`RSC_DOC_ID`,`RSC_ICA_ID`,`RSC_PRO_ID`,`RSC_TRA_ID`) values (79,'error.copyindicator_check','Element CopyIndicator is not allowed in this document',null,null,null,null,null);
Insert into `ETR_TB_MSG_RESPONSE_CODE` (`RSC_ID`,`RSC_CD`,`RSC_VAL`,`RSC_STS_CD`,`RSC_DOC_ID`,`RSC_ICA_ID`,`RSC_PRO_ID`,`RSC_TRA_ID`) values (80,'error.creditnotedocumentreference_documenttypecode_check','Reminder/ReminderLine/BillingReference/CreditNoteDocumentReference/DocumentTypeCode must be a valid code',null,null,null,null,null);
Insert into `ETR_TB_MSG_RESPONSE_CODE` (`RSC_ID`,`RSC_CD`,`RSC_VAL`,`RSC_STS_CD`,`RSC_DOC_ID`,`RSC_ICA_ID`,`RSC_PRO_ID`,`RSC_TRA_ID`) values (81,'error.creditnotelinelineextensionamount_check','The total line amount plus charges minus discounts exclusive of taxes must be equal to the LineExtensionAmount at line level',null,null,null,null,null);
Insert into `ETR_TB_MSG_RESPONSE_CODE` (`RSC_ID`,`RSC_CD`,`RSC_VAL`,`RSC_STS_CD`,`RSC_DOC_ID`,`RSC_ICA_ID`,`RSC_PRO_ID`,`RSC_TRA_ID`) values (82,'error.currency_id_check','All attributes currencyID throughout the message must be equal to the element DocumentCurrencyCode',null,null,null,null,null);
Insert into `ETR_TB_MSG_RESPONSE_CODE` (`RSC_ID`,`RSC_CD`,`RSC_VAL`,`RSC_STS_CD`,`RSC_DOC_ID`,`RSC_ICA_ID`,`RSC_PRO_ID`,`RSC_TRA_ID`) values (83,'error.currency_id_creditnotelinelineextensionamount','CurrencyID in CreditNoteLine/LineExtensionAmount differs from DocumentCurrencyCode',null,null,null,null,null);
Insert into `ETR_TB_MSG_RESPONSE_CODE` (`RSC_ID`,`RSC_CD`,`RSC_VAL`,`RSC_STS_CD`,`RSC_DOC_ID`,`RSC_ICA_ID`,`RSC_PRO_ID`,`RSC_TRA_ID`) values (84,'error.currency_id_invoicelinelineextensionamount','CurrencyID in InvoiceLine/LineExtensionAmount differs from DocumentCurrencyCode',null,null,null,null,null);
Insert into `ETR_TB_MSG_RESPONSE_CODE` (`RSC_ID`,`RSC_CD`,`RSC_VAL`,`RSC_STS_CD`,`RSC_DOC_ID`,`RSC_ICA_ID`,`RSC_PRO_ID`,`RSC_TRA_ID`) values (85,'error.currency_id_legalmonetarytotallineextensionamount','CurrencyID in LegalMonetaryTotal/LineExtensionAmount differs from DocumentCurrencyCode',null,null,null,null,null);
Insert into `ETR_TB_MSG_RESPONSE_CODE` (`RSC_ID`,`RSC_CD`,`RSC_VAL`,`RSC_STS_CD`,`RSC_DOC_ID`,`RSC_ICA_ID`,`RSC_PRO_ID`,`RSC_TRA_ID`) values (86,'error.currency_id_orderlinelineextensionamount','CurrencyID in OrderLine/LineItem/LineExtensionAmount differs from DocumentCurrencyCode',null,null,null,null,null);
Insert into `ETR_TB_MSG_RESPONSE_CODE` (`RSC_ID`,`RSC_CD`,`RSC_VAL`,`RSC_STS_CD`,`RSC_DOC_ID`,`RSC_ICA_ID`,`RSC_PRO_ID`,`RSC_TRA_ID`) values (87,'error.currency_id_payableamount','CurrencyID in LegalMonetaryTotal/PayableAmount differs from DocumentCurrencyCode',null,null,null,null,null);
Insert into `ETR_TB_MSG_RESPONSE_CODE` (`RSC_ID`,`RSC_CD`,`RSC_VAL`,`RSC_STS_CD`,`RSC_DOC_ID`,`RSC_ICA_ID`,`RSC_PRO_ID`,`RSC_TRA_ID`) values (88,'error.currency_id_priceamount','CurrencyID in PriceAmount differs from PricingCurrencyCode',null,null,null,null,null);
Insert into `ETR_TB_MSG_RESPONSE_CODE` (`RSC_ID`,`RSC_CD`,`RSC_VAL`,`RSC_STS_CD`,`RSC_DOC_ID`,`RSC_ICA_ID`,`RSC_PRO_ID`,`RSC_TRA_ID`) values (89,'error.currency_id_taxamount','CurrencyID in TaxAmount differs from TaxCurrencyCode',null,null,null,null,null);
Insert into `ETR_TB_MSG_RESPONSE_CODE` (`RSC_ID`,`RSC_CD`,`RSC_VAL`,`RSC_STS_CD`,`RSC_DOC_ID`,`RSC_ICA_ID`,`RSC_PRO_ID`,`RSC_TRA_ID`) values (90,'error.customizationid_check','The CustomizationID of the message must be present and not empty',null,null,null,null,null);
Insert into `ETR_TB_MSG_RESPONSE_CODE` (`RSC_ID`,`RSC_CD`,`RSC_VAL`,`RSC_STS_CD`,`RSC_DOC_ID`,`RSC_ICA_ID`,`RSC_PRO_ID`,`RSC_TRA_ID`) values (91,'error.delivery_check','No more than one Delivery class should be present',null,null,null,null,null);
Insert into `ETR_TB_MSG_RESPONSE_CODE` (`RSC_ID`,`RSC_CD`,`RSC_VAL`,`RSC_STS_CD`,`RSC_DOC_ID`,`RSC_ICA_ID`,`RSC_PRO_ID`,`RSC_TRA_ID`) values (92,'error.delivery_date_check','Element Delivery should not contain child element ActualDeliveryDate in this document',null,null,null,null,null);
Insert into `ETR_TB_MSG_RESPONSE_CODE` (`RSC_ID`,`RSC_CD`,`RSC_VAL`,`RSC_STS_CD`,`RSC_DOC_ID`,`RSC_ICA_ID`,`RSC_PRO_ID`,`RSC_TRA_ID`) values (93,'error.document_receiverparty_id_check','The EndpointID withing the element DocumentReceiverParty must be present and not empty',null,null,null,null,null);
Insert into `ETR_TB_MSG_RESPONSE_CODE` (`RSC_ID`,`RSC_CD`,`RSC_VAL`,`RSC_STS_CD`,`RSC_DOC_ID`,`RSC_ICA_ID`,`RSC_PRO_ID`,`RSC_TRA_ID`) values (94,'error.document_receiverparty_occurence_check','The Query Request must have less than 1000 occurrences of the element DocumentReceiverParty',null,null,null,null,null);
Insert into `ETR_TB_MSG_RESPONSE_CODE` (`RSC_ID`,`RSC_CD`,`RSC_VAL`,`RSC_STS_CD`,`RSC_DOC_ID`,`RSC_ICA_ID`,`RSC_PRO_ID`,`RSC_TRA_ID`) values (95,'error.document_reference_check','Element DocumentReference should include one of following child elements: DocumentType or DocumentTypeCode',null,null,null,null,null);
Insert into `ETR_TB_MSG_RESPONSE_CODE` (`RSC_ID`,`RSC_CD`,`RSC_VAL`,`RSC_STS_CD`,`RSC_DOC_ID`,`RSC_ICA_ID`,`RSC_PRO_ID`,`RSC_TRA_ID`) values (96,'error.document_senderparty_id_check','The EndpointID withing the element DocumentSenderParty must be present and not empty',null,null,null,null,null);
Insert into `ETR_TB_MSG_RESPONSE_CODE` (`RSC_ID`,`RSC_CD`,`RSC_VAL`,`RSC_STS_CD`,`RSC_DOC_ID`,`RSC_ICA_ID`,`RSC_PRO_ID`,`RSC_TRA_ID`) values (97,'error.document_senderparty_occurence_check','The Query Request must have less than 1000 occurrences of the element DocumentSenderParty',null,null,null,null,null);
Insert into `ETR_TB_MSG_RESPONSE_CODE` (`RSC_ID`,`RSC_CD`,`RSC_VAL`,`RSC_STS_CD`,`RSC_DOC_ID`,`RSC_ICA_ID`,`RSC_PRO_ID`,`RSC_TRA_ID`) values (98,'error.estimateddeliveryperiod_end_date_check','EndDate must be present in EstimatedDeliveryPeriod',null,null,null,null,null);
Insert into `ETR_TB_MSG_RESPONSE_CODE` (`RSC_ID`,`RSC_CD`,`RSC_VAL`,`RSC_STS_CD`,`RSC_DOC_ID`,`RSC_ICA_ID`,`RSC_PRO_ID`,`RSC_TRA_ID`) values (99,'error.estimateddeliveryperiod_invalid_date_range','StartDate must be smaller or equal to EndDate in EstimatedDeliveryPeriod',null,null,null,null,null);
Insert into `ETR_TB_MSG_RESPONSE_CODE` (`RSC_ID`,`RSC_CD`,`RSC_VAL`,`RSC_STS_CD`,`RSC_DOC_ID`,`RSC_ICA_ID`,`RSC_PRO_ID`,`RSC_TRA_ID`) values (100,'error.estimateddeliveryperiod_start_date_check','StartDate must be present in EstimatedDeliveryPeriod',null,null,null,null,null);
Insert into `ETR_TB_MSG_RESPONSE_CODE` (`RSC_ID`,`RSC_CD`,`RSC_VAL`,`RSC_STS_CD`,`RSC_DOC_ID`,`RSC_ICA_ID`,`RSC_PRO_ID`,`RSC_TRA_ID`) values (101,'error.financialevaluationcriteria_description_check','Description in TenderingTerms/TendererQualificationRequest/FinancialEvaluationCriteria must be present and not empty',null,null,null,null,null);
Insert into `ETR_TB_MSG_RESPONSE_CODE` (`RSC_ID`,`RSC_CD`,`RSC_VAL`,`RSC_STS_CD`,`RSC_DOC_ID`,`RSC_ICA_ID`,`RSC_PRO_ID`,`RSC_TRA_ID`) values (102,'error.id_check','The ID of the message cannot be empty',null,null,null,null,null);
Insert into `ETR_TB_MSG_RESPONSE_CODE` (`RSC_ID`,`RSC_CD`,`RSC_VAL`,`RSC_STS_CD`,`RSC_DOC_ID`,`RSC_ICA_ID`,`RSC_PRO_ID`,`RSC_TRA_ID`) values (103,'error.id_invalid_char','The ID of the message contains an invalid character',null,null,null,null,null);
Insert into `ETR_TB_MSG_RESPONSE_CODE` (`RSC_ID`,`RSC_CD`,`RSC_VAL`,`RSC_STS_CD`,`RSC_DOC_ID`,`RSC_ICA_ID`,`RSC_PRO_ID`,`RSC_TRA_ID`) values (104,'error.id_length_check','The ID of the message cannot be larger than 250 characters',null,null,null,null,null);
Insert into `ETR_TB_MSG_RESPONSE_CODE` (`RSC_ID`,`RSC_CD`,`RSC_VAL`,`RSC_STS_CD`,`RSC_DOC_ID`,`RSC_ICA_ID`,`RSC_PRO_ID`,`RSC_TRA_ID`) values (105,'error.invalid_codetable_value_accounttypecode','Value supplied is unacceptable for an element controlled by codelist AccountTypeCode',null,null,null,null,null);
Insert into `ETR_TB_MSG_RESPONSE_CODE` (`RSC_ID`,`RSC_CD`,`RSC_VAL`,`RSC_STS_CD`,`RSC_DOC_ID`,`RSC_ICA_ID`,`RSC_PRO_ID`,`RSC_TRA_ID`) values (106,'error.invalid_codetable_value_actioncode','Value supplied is unacceptable for an element controlled by codelist ActionCode',null,null,null,null,null);
Insert into `ETR_TB_MSG_RESPONSE_CODE` (`RSC_ID`,`RSC_CD`,`RSC_VAL`,`RSC_STS_CD`,`RSC_DOC_ID`,`RSC_ICA_ID`,`RSC_PRO_ID`,`RSC_TRA_ID`) values (107,'error.invalid_codetable_value_addressformatcode','Value supplied is unacceptable for an element controlled by codelist AddressFormatCode',null,null,null,null,null);
Insert into `ETR_TB_MSG_RESPONSE_CODE` (`RSC_ID`,`RSC_CD`,`RSC_VAL`,`RSC_STS_CD`,`RSC_DOC_ID`,`RSC_ICA_ID`,`RSC_PRO_ID`,`RSC_TRA_ID`) values (108,'error.invalid_codetable_value_allowancechargereasoncode','Value supplied is unacceptable for an element controlled by codelist AllowanceChargeReasonCode',null,null,null,null,null);
Insert into `ETR_TB_MSG_RESPONSE_CODE` (`RSC_ID`,`RSC_CD`,`RSC_VAL`,`RSC_STS_CD`,`RSC_DOC_ID`,`RSC_ICA_ID`,`RSC_PRO_ID`,`RSC_TRA_ID`) values (109,'error.invalid_codetable_value_awardcriterionspecification','Value supplied is unacceptable for an element controlled by codelist AwardCriterionSpecification',null,null,null,null,null);
Insert into `ETR_TB_MSG_RESPONSE_CODE` (`RSC_ID`,`RSC_CD`,`RSC_VAL`,`RSC_STS_CD`,`RSC_DOC_ID`,`RSC_ICA_ID`,`RSC_PRO_ID`,`RSC_TRA_ID`) values (110,'error.invalid_codetable_value_binaryobjectmimecode','Value supplied is unacceptable for an element controlled by codelist BinaryObjectMimeCode',null,null,null,null,null);
Insert into `ETR_TB_MSG_RESPONSE_CODE` (`RSC_ID`,`RSC_CD`,`RSC_VAL`,`RSC_STS_CD`,`RSC_DOC_ID`,`RSC_ICA_ID`,`RSC_PRO_ID`,`RSC_TRA_ID`) values (111,'error.invalid_codetable_value_cataloguelifecyclestatuscode','Value supplied is unacceptable for an element controlled by codelist CatalogueLifeCycleStatusCode',null,null,null,null,null);
Insert into `ETR_TB_MSG_RESPONSE_CODE` (`RSC_ID`,`RSC_CD`,`RSC_VAL`,`RSC_STS_CD`,`RSC_DOC_ID`,`RSC_ICA_ID`,`RSC_PRO_ID`,`RSC_TRA_ID`) values (112,'error.invalid_codetable_value_commoditycode','Value supplied is unacceptable for an element controlled by codelist CommodityCode',null,null,null,null,null);
Insert into `ETR_TB_MSG_RESPONSE_CODE` (`RSC_ID`,`RSC_CD`,`RSC_VAL`,`RSC_STS_CD`,`RSC_DOC_ID`,`RSC_ICA_ID`,`RSC_PRO_ID`,`RSC_TRA_ID`) values (113,'error.invalid_codetable_value_contracttype','Value supplied is unacceptable for an element controlled by codelist ContractType',null,null,null,null,null);
Insert into `ETR_TB_MSG_RESPONSE_CODE` (`RSC_ID`,`RSC_CD`,`RSC_VAL`,`RSC_STS_CD`,`RSC_DOC_ID`,`RSC_ICA_ID`,`RSC_PRO_ID`,`RSC_TRA_ID`) values (114,'error.invalid_codetable_value_countryidentificationcode','Value supplied is unacceptable for an element controlled by codelist CountryIdentificationCode',null,null,null,null,null);
Insert into `ETR_TB_MSG_RESPONSE_CODE` (`RSC_ID`,`RSC_CD`,`RSC_VAL`,`RSC_STS_CD`,`RSC_DOC_ID`,`RSC_ICA_ID`,`RSC_PRO_ID`,`RSC_TRA_ID`) values (115,'error.invalid_codetable_value_currencycode','Value supplied is unacceptable for an element controlled by codelist CurrencyCode',null,null,null,null,null);
Insert into `ETR_TB_MSG_RESPONSE_CODE` (`RSC_ID`,`RSC_CD`,`RSC_VAL`,`RSC_STS_CD`,`RSC_DOC_ID`,`RSC_ICA_ID`,`RSC_PRO_ID`,`RSC_TRA_ID`) values (116,'error.invalid_codetable_value_deliverytermsid','Value supplied is unacceptable for an element controlled by codelist DeliveryTermsID',null,null,null,null,null);
Insert into `ETR_TB_MSG_RESPONSE_CODE` (`RSC_ID`,`RSC_CD`,`RSC_VAL`,`RSC_STS_CD`,`RSC_DOC_ID`,`RSC_ICA_ID`,`RSC_PRO_ID`,`RSC_TRA_ID`) values (117,'error.invalid_codetable_value_despatchadvicetypecode','Value supplied is unacceptable for an element controlled by codelist DespatchAdviceTypeCode',null,null,null,null,null);
Insert into `ETR_TB_MSG_RESPONSE_CODE` (`RSC_ID`,`RSC_CD`,`RSC_VAL`,`RSC_STS_CD`,`RSC_DOC_ID`,`RSC_ICA_ID`,`RSC_PRO_ID`,`RSC_TRA_ID`) values (118,'error.invalid_codetable_value_dimensionattributeid','Value supplied is unacceptable for an element controlled by codelist DimensionAttributeID',null,null,null,null,null);
Insert into `ETR_TB_MSG_RESPONSE_CODE` (`RSC_ID`,`RSC_CD`,`RSC_VAL`,`RSC_STS_CD`,`RSC_DOC_ID`,`RSC_ICA_ID`,`RSC_PRO_ID`,`RSC_TRA_ID`) values (119,'error.invalid_codetable_value_discrepancyresponsecode','Value supplied is unacceptable for an element controlled by codelist DiscrepancyResponseCode',null,null,null,null,null);
Insert into `ETR_TB_MSG_RESPONSE_CODE` (`RSC_ID`,`RSC_CD`,`RSC_VAL`,`RSC_STS_CD`,`RSC_DOC_ID`,`RSC_ICA_ID`,`RSC_PRO_ID`,`RSC_TRA_ID`) values (120,'error.invalid_codetable_value_documentstatuscode','Value supplied is unacceptable for an element controlled by codelist DocumentStatusCode',null,null,null,null,null);
Insert into `ETR_TB_MSG_RESPONSE_CODE` (`RSC_ID`,`RSC_CD`,`RSC_VAL`,`RSC_STS_CD`,`RSC_DOC_ID`,`RSC_ICA_ID`,`RSC_PRO_ID`,`RSC_TRA_ID`) values (121,'error.invalid_codetable_value_documenttypecode','Value supplied is unacceptable for an element controlled by codelist DocumentTypeCode',null,null,null,null,null);
Insert into `ETR_TB_MSG_RESPONSE_CODE` (`RSC_ID`,`RSC_CD`,`RSC_VAL`,`RSC_STS_CD`,`RSC_DOC_ID`,`RSC_ICA_ID`,`RSC_PRO_ID`,`RSC_TRA_ID`) values (122,'error.invalid_codetable_value_invoicetypecode','Value supplied is unacceptable for an element controlled by codelist InvoiceTypeCode',null,null,null,null,null);
Insert into `ETR_TB_MSG_RESPONSE_CODE` (`RSC_ID`,`RSC_CD`,`RSC_VAL`,`RSC_STS_CD`,`RSC_DOC_ID`,`RSC_ICA_ID`,`RSC_PRO_ID`,`RSC_TRA_ID`) values (123,'error.invalid_codetable_value_itemrelationshiptypecode','Value supplied is unacceptable for an element controlled by codelist ItemRelationshipTypeCode',null,null,null,null,null);
Insert into `ETR_TB_MSG_RESPONSE_CODE` (`RSC_ID`,`RSC_CD`,`RSC_VAL`,`RSC_STS_CD`,`RSC_DOC_ID`,`RSC_ICA_ID`,`RSC_PRO_ID`,`RSC_TRA_ID`) values (124,'error.invalid_codetable_value_languagecode','Value supplied is unacceptable for an element controlled by codelist LanguageCode',null,null,null,null,null);
Insert into `ETR_TB_MSG_RESPONSE_CODE` (`RSC_ID`,`RSC_CD`,`RSC_VAL`,`RSC_STS_CD`,`RSC_DOC_ID`,`RSC_ICA_ID`,`RSC_PRO_ID`,`RSC_TRA_ID`) values (125,'error.invalid_codetable_value_languagecodeeu','Value supplied is unacceptable for an element controlled by codelist LanguageCodeEU',null,null,null,null,null);
Insert into `ETR_TB_MSG_RESPONSE_CODE` (`RSC_ID`,`RSC_CD`,`RSC_VAL`,`RSC_STS_CD`,`RSC_DOC_ID`,`RSC_ICA_ID`,`RSC_PRO_ID`,`RSC_TRA_ID`) values (126,'error.invalid_codetable_value_lifecyclestatuscode','Value supplied is unacceptable for an element controlled by codelist LifeCycleStatusCode',null,null,null,null,null);
Insert into `ETR_TB_MSG_RESPONSE_CODE` (`RSC_ID`,`RSC_CD`,`RSC_VAL`,`RSC_STS_CD`,`RSC_DOC_ID`,`RSC_ICA_ID`,`RSC_PRO_ID`,`RSC_TRA_ID`) values (127,'error.invalid_codetable_value_linestatuscode','Value supplied is unacceptable for an element controlled by codelist LineStatusCode',null,null,null,null,null);
Insert into `ETR_TB_MSG_RESPONSE_CODE` (`RSC_ID`,`RSC_CD`,`RSC_VAL`,`RSC_STS_CD`,`RSC_DOC_ID`,`RSC_ICA_ID`,`RSC_PRO_ID`,`RSC_TRA_ID`) values (128,'error.invalid_codetable_value_operatorcode','Value supplied is unacceptable for an element controlled by codelist OperatorCode',null,null,null,null,null);
Insert into `ETR_TB_MSG_RESPONSE_CODE` (`RSC_ID`,`RSC_CD`,`RSC_VAL`,`RSC_STS_CD`,`RSC_DOC_ID`,`RSC_ICA_ID`,`RSC_PRO_ID`,`RSC_TRA_ID`) values (129,'error.invalid_codetable_value_parentdocumenttypecode','Value supplied is unacceptable for an element controlled by codelist ParentDocumentTypeCode',null,null,null,null,null);
Insert into `ETR_TB_MSG_RESPONSE_CODE` (`RSC_ID`,`RSC_CD`,`RSC_VAL`,`RSC_STS_CD`,`RSC_DOC_ID`,`RSC_ICA_ID`,`RSC_PRO_ID`,`RSC_TRA_ID`) values (130,'error.invalid_codetable_value_paymentchannelcode','Value supplied is unacceptable for an element controlled by codelist PaymentChannelCode',null,null,null,null,null);
Insert into `ETR_TB_MSG_RESPONSE_CODE` (`RSC_ID`,`RSC_CD`,`RSC_VAL`,`RSC_STS_CD`,`RSC_DOC_ID`,`RSC_ICA_ID`,`RSC_PRO_ID`,`RSC_TRA_ID`) values (131,'error.invalid_codetable_value_paymentmeanscode','Value supplied is unacceptable for an element controlled by codelist PaymentMeansCode',null,null,null,null,null);
Insert into `ETR_TB_MSG_RESPONSE_CODE` (`RSC_ID`,`RSC_CD`,`RSC_VAL`,`RSC_STS_CD`,`RSC_DOC_ID`,`RSC_ICA_ID`,`RSC_PRO_ID`,`RSC_TRA_ID`) values (132,'error.invalid_codetable_value_proceduretype','Value supplied is unacceptable for an element controlled by codelist ProcedureType',null,null,null,null,null);
Insert into `ETR_TB_MSG_RESPONSE_CODE` (`RSC_ID`,`RSC_CD`,`RSC_VAL`,`RSC_STS_CD`,`RSC_DOC_ID`,`RSC_ICA_ID`,`RSC_PRO_ID`,`RSC_TRA_ID`) values (133,'error.invalid_codetable_value_projecttype','Value supplied is unacceptable for an element controlled by codelist ProjectType',null,null,null,null,null);
Insert into `ETR_TB_MSG_RESPONSE_CODE` (`RSC_ID`,`RSC_CD`,`RSC_VAL`,`RSC_STS_CD`,`RSC_DOC_ID`,`RSC_ICA_ID`,`RSC_PRO_ID`,`RSC_TRA_ID`) values (134,'error.invalid_codetable_value_remindertypecode','Value supplied is unacceptable for an element controlled by codelist ReminderTypeCode',null,null,null,null,null);
Insert into `ETR_TB_MSG_RESPONSE_CODE` (`RSC_ID`,`RSC_CD`,`RSC_VAL`,`RSC_STS_CD`,`RSC_DOC_ID`,`RSC_ICA_ID`,`RSC_PRO_ID`,`RSC_TRA_ID`) values (135,'error.invalid_codetable_value_taxcategoryid','Value supplied is unacceptable for an element controlled by codelist TaxCategoryID',null,null,null,null,null);
Insert into `ETR_TB_MSG_RESPONSE_CODE` (`RSC_ID`,`RSC_CD`,`RSC_VAL`,`RSC_STS_CD`,`RSC_DOC_ID`,`RSC_ICA_ID`,`RSC_PRO_ID`,`RSC_TRA_ID`) values (136,'error.invalid_codetable_value_taxexemptionreasoncode','Value supplied is unacceptable for an element controlled by codelist TaxExemptionReasonCode',null,null,null,null,null);
Insert into `ETR_TB_MSG_RESPONSE_CODE` (`RSC_ID`,`RSC_CD`,`RSC_VAL`,`RSC_STS_CD`,`RSC_DOC_ID`,`RSC_ICA_ID`,`RSC_PRO_ID`,`RSC_TRA_ID`) values (137,'error.invalid_codetable_value_taxschemeid','Value supplied is unacceptable for an element controlled by codelist TaxSchemeID',null,null,null,null,null);
Insert into `ETR_TB_MSG_RESPONSE_CODE` (`RSC_ID`,`RSC_CD`,`RSC_VAL`,`RSC_STS_CD`,`RSC_DOC_ID`,`RSC_ICA_ID`,`RSC_PRO_ID`,`RSC_TRA_ID`) values (138,'error.invalid_codetable_value_taxtypecode','Value supplied is unacceptable for an element controlled by codelist TaxTypeCode',null,null,null,null,null);
Insert into `ETR_TB_MSG_RESPONSE_CODE` (`RSC_ID`,`RSC_CD`,`RSC_VAL`,`RSC_STS_CD`,`RSC_DOC_ID`,`RSC_ICA_ID`,`RSC_PRO_ID`,`RSC_TRA_ID`) values (139,'error.invalid_codetable_value_tendersubmissiontypecode','Value supplied is unacceptable for an element controlled by codelist TenderSubmissionTypeCode',null,null,null,null,null);
Insert into `ETR_TB_MSG_RESPONSE_CODE` (`RSC_ID`,`RSC_CD`,`RSC_VAL`,`RSC_STS_CD`,`RSC_DOC_ID`,`RSC_ICA_ID`,`RSC_PRO_ID`,`RSC_TRA_ID`) values (140,'error.invalid_codetable_value_unitofmeasurecode','Value supplied is unacceptable for an element controlled by codelist UnitOfMeasureCode',null,null,null,null,null);
Insert into `ETR_TB_MSG_RESPONSE_CODE` (`RSC_ID`,`RSC_CD`,`RSC_VAL`,`RSC_STS_CD`,`RSC_DOC_ID`,`RSC_ICA_ID`,`RSC_PRO_ID`,`RSC_TRA_ID`) values (141,'error.invalid_date_range','Period startdate is later than enddate',null,null,null,null,null);
Insert into `ETR_TB_MSG_RESPONSE_CODE` (`RSC_ID`,`RSC_CD`,`RSC_VAL`,`RSC_STS_CD`,`RSC_DOC_ID`,`RSC_ICA_ID`,`RSC_PRO_ID`,`RSC_TRA_ID`) values (142,'error.invoicedocumentreference_check','Invoice document reference missing',null,null,null,null,null);
Insert into `ETR_TB_MSG_RESPONSE_CODE` (`RSC_ID`,`RSC_CD`,`RSC_VAL`,`RSC_STS_CD`,`RSC_DOC_ID`,`RSC_ICA_ID`,`RSC_PRO_ID`,`RSC_TRA_ID`) values (143,'error.invoicedocumentreference_documenttypecode_check','Reminder/ReminderLine/BillingReference/InvoiceDocumentReference/DocumentTypeCode must be a valid code',null,null,null,null,null);
Insert into `ETR_TB_MSG_RESPONSE_CODE` (`RSC_ID`,`RSC_CD`,`RSC_VAL`,`RSC_STS_CD`,`RSC_DOC_ID`,`RSC_ICA_ID`,`RSC_PRO_ID`,`RSC_TRA_ID`) values (144,'error.invoicelinelineextensionamount_check','The total line amount plus charges minus discounts exclusive of taxes must be equal to the LineExtensionAmount at line level',null,null,null,null,null);
Insert into `ETR_TB_MSG_RESPONSE_CODE` (`RSC_ID`,`RSC_CD`,`RSC_VAL`,`RSC_STS_CD`,`RSC_DOC_ID`,`RSC_ICA_ID`,`RSC_PRO_ID`,`RSC_TRA_ID`) values (145,'error.issuedate_future','The element IssueDate should not contain a date from the future',null,null,null,null,null);
Insert into `ETR_TB_MSG_RESPONSE_CODE` (`RSC_ID`,`RSC_CD`,`RSC_VAL`,`RSC_STS_CD`,`RSC_DOC_ID`,`RSC_ICA_ID`,`RSC_PRO_ID`,`RSC_TRA_ID`) values (146,'error.issuetime_check','The IssueTime must be present',null,null,null,null,null);
Insert into `ETR_TB_MSG_RESPONSE_CODE` (`RSC_ID`,`RSC_CD`,`RSC_VAL`,`RSC_STS_CD`,`RSC_DOC_ID`,`RSC_ICA_ID`,`RSC_PRO_ID`,`RSC_TRA_ID`) values (147,'error.item_check_classifiedtaxcategory','Element Item misses child element ClassifiedTaxCategory',null,null,null,null,null);
Insert into `ETR_TB_MSG_RESPONSE_CODE` (`RSC_ID`,`RSC_CD`,`RSC_VAL`,`RSC_STS_CD`,`RSC_DOC_ID`,`RSC_ICA_ID`,`RSC_PRO_ID`,`RSC_TRA_ID`) values (148,'error.item_check_name_or_description','An item should contain a Name or a Description which is not empty',null,null,null,null,null);
Insert into `ETR_TB_MSG_RESPONSE_CODE` (`RSC_ID`,`RSC_CD`,`RSC_VAL`,`RSC_STS_CD`,`RSC_DOC_ID`,`RSC_ICA_ID`,`RSC_PRO_ID`,`RSC_TRA_ID`) values (149,'error.item_check_sellersitemidentification','SellersItemIdentification should be present for an Item',null,null,null,null,null);
Insert into `ETR_TB_MSG_RESPONSE_CODE` (`RSC_ID`,`RSC_CD`,`RSC_VAL`,`RSC_STS_CD`,`RSC_DOC_ID`,`RSC_ICA_ID`,`RSC_PRO_ID`,`RSC_TRA_ID`) values (150,'error.item_check_sellersitemidentification_catalogue','SellersItemIdentification must be present for an Item in the Catalogue document',null,null,null,null,null);
Insert into `ETR_TB_MSG_RESPONSE_CODE` (`RSC_ID`,`RSC_CD`,`RSC_VAL`,`RSC_STS_CD`,`RSC_DOC_ID`,`RSC_ICA_ID`,`RSC_PRO_ID`,`RSC_TRA_ID`) values (151,'error.itemclassificationcodecriterion_check','When ItemClassificationCodeCriterion is provided then the attribute listID must be present and not empty',null,null,null,null,null);
Insert into `ETR_TB_MSG_RESPONSE_CODE` (`RSC_ID`,`RSC_CD`,`RSC_VAL`,`RSC_STS_CD`,`RSC_DOC_ID`,`RSC_ICA_ID`,`RSC_PRO_ID`,`RSC_TRA_ID`) values (152,'error.large_date_range','The difference between startdate and enddate is larger than one year',null,null,null,null,null);
Insert into `ETR_TB_MSG_RESPONSE_CODE` (`RSC_ID`,`RSC_CD`,`RSC_VAL`,`RSC_STS_CD`,`RSC_DOC_ID`,`RSC_ICA_ID`,`RSC_PRO_ID`,`RSC_TRA_ID`) values (153,'error.lineextensionamount_check','The LineExtensionAmount at document level must be equal to the sum of all LineExtensionAmounts at line level',null,null,null,null,null);
Insert into `ETR_TB_MSG_RESPONSE_CODE` (`RSC_ID`,`RSC_CD`,`RSC_VAL`,`RSC_STS_CD`,`RSC_DOC_ID`,`RSC_ICA_ID`,`RSC_PRO_ID`,`RSC_TRA_ID`) values (154,'error.lineitem_check_totaltaxamount','Element LineItem misses child element TotalTaxAmount',null,null,null,null,null);
Insert into `ETR_TB_MSG_RESPONSE_CODE` (`RSC_ID`,`RSC_CD`,`RSC_VAL`,`RSC_STS_CD`,`RSC_DOC_ID`,`RSC_ICA_ID`,`RSC_PRO_ID`,`RSC_TRA_ID`) values (155,'error.lineitemid_check','LineItem ID should not be empty',null,null,null,null,null);
Insert into `ETR_TB_MSG_RESPONSE_CODE` (`RSC_ID`,`RSC_CD`,`RSC_VAL`,`RSC_STS_CD`,`RSC_DOC_ID`,`RSC_ICA_ID`,`RSC_PRO_ID`,`RSC_TRA_ID`) values (156,'error.lineitemlineextensionamount_check','The total line amount plus charges minus discounts exclusive of taxes must be equal to the LineExtensionAmount at line level',null,null,null,null,null);
Insert into `ETR_TB_MSG_RESPONSE_CODE` (`RSC_ID`,`RSC_CD`,`RSC_VAL`,`RSC_STS_CD`,`RSC_DOC_ID`,`RSC_ICA_ID`,`RSC_PRO_ID`,`RSC_TRA_ID`) values (157,'error.lineitemlineextensionamount_negative_check','LineExtensionAmount in LineItem must not be negative',null,null,null,null,null);
Insert into `ETR_TB_MSG_RESPONSE_CODE` (`RSC_ID`,`RSC_CD`,`RSC_VAL`,`RSC_STS_CD`,`RSC_DOC_ID`,`RSC_ICA_ID`,`RSC_PRO_ID`,`RSC_TRA_ID`) values (158,'error.lineitemquantity_check','Quantity in LineItem must not be negative',null,null,null,null,null);
Insert into `ETR_TB_MSG_RESPONSE_CODE` (`RSC_ID`,`RSC_CD`,`RSC_VAL`,`RSC_STS_CD`,`RSC_DOC_ID`,`RSC_ICA_ID`,`RSC_PRO_ID`,`RSC_TRA_ID`) values (159,'error.linevalidityperiod_check','The LineValidityPeriod should fall within the range of the ValidityPeriod defined at document level',null,null,null,null,null);
Insert into `ETR_TB_MSG_RESPONSE_CODE` (`RSC_ID`,`RSC_CD`,`RSC_VAL`,`RSC_STS_CD`,`RSC_DOC_ID`,`RSC_ICA_ID`,`RSC_PRO_ID`,`RSC_TRA_ID`) values (160,'error.note_check','The Note of the message must be present and not empty',null,null,null,null,null);
Insert into `ETR_TB_MSG_RESPONSE_CODE` (`RSC_ID`,`RSC_CD`,`RSC_VAL`,`RSC_STS_CD`,`RSC_DOC_ID`,`RSC_ICA_ID`,`RSC_PRO_ID`,`RSC_TRA_ID`) values (161,'error.order_document_reference_check','Element OrderDocumentReference should include one of following child elements: DocumentType or DocumentTypeCode',null,null,null,null,null);
Insert into `ETR_TB_MSG_RESPONSE_CODE` (`RSC_ID`,`RSC_CD`,`RSC_VAL`,`RSC_STS_CD`,`RSC_DOC_ID`,`RSC_ICA_ID`,`RSC_PRO_ID`,`RSC_TRA_ID`) values (162,'error.order_reference_check','No more than one OrderReference class should be present',null,null,null,null,null);
Insert into `ETR_TB_MSG_RESPONSE_CODE` (`RSC_ID`,`RSC_CD`,`RSC_VAL`,`RSC_STS_CD`,`RSC_DOC_ID`,`RSC_ICA_ID`,`RSC_PRO_ID`,`RSC_TRA_ID`) values (163,'error.orderableunitfactorrate_check','The OrderableUnitFactorRate should be larger than 0',null,null,null,null,null);
Insert into `ETR_TB_MSG_RESPONSE_CODE` (`RSC_ID`,`RSC_CD`,`RSC_VAL`,`RSC_STS_CD`,`RSC_DOC_ID`,`RSC_ICA_ID`,`RSC_PRO_ID`,`RSC_TRA_ID`) values (164,'error.orderdocumentreference_check','OrderReference should be present and not empty',null,null,null,null,null);
Insert into `ETR_TB_MSG_RESPONSE_CODE` (`RSC_ID`,`RSC_CD`,`RSC_VAL`,`RSC_STS_CD`,`RSC_DOC_ID`,`RSC_ICA_ID`,`RSC_PRO_ID`,`RSC_TRA_ID`) values (165,'error.orderreference_single_check','Exactly one OrderReference class must be present',null,null,null,null,null);
Insert into `ETR_TB_MSG_RESPONSE_CODE` (`RSC_ID`,`RSC_CD`,`RSC_VAL`,`RSC_STS_CD`,`RSC_DOC_ID`,`RSC_ICA_ID`,`RSC_PRO_ID`,`RSC_TRA_ID`) values (166,'error.originalitemlocationquantity_check_maximumquantity','The amount of a MaximumQuantity should not be negative',null,null,null,null,null);
Insert into `ETR_TB_MSG_RESPONSE_CODE` (`RSC_ID`,`RSC_CD`,`RSC_VAL`,`RSC_STS_CD`,`RSC_DOC_ID`,`RSC_ICA_ID`,`RSC_PRO_ID`,`RSC_TRA_ID`) values (167,'error.originalitemlocationquantity_check_minimumquantity','The amount of a MinimumQuantity should not be negative',null,null,null,null,null);
Insert into `ETR_TB_MSG_RESPONSE_CODE` (`RSC_ID`,`RSC_CD`,`RSC_VAL`,`RSC_STS_CD`,`RSC_DOC_ID`,`RSC_ICA_ID`,`RSC_PRO_ID`,`RSC_TRA_ID`) values (168,'error.originator_document_reference_check','Element OriginatorDocumentReference should include one of following child elements: DocumentType or DocumentTypeCode',null,null,null,null,null);
Insert into `ETR_TB_MSG_RESPONSE_CODE` (`RSC_ID`,`RSC_CD`,`RSC_VAL`,`RSC_STS_CD`,`RSC_DOC_ID`,`RSC_ICA_ID`,`RSC_PRO_ID`,`RSC_TRA_ID`) values (169,'error.originator_document_reference_id_check','OriginatorDocumentReference ID must be present and not empty',null,null,null,null,null);
Insert into `ETR_TB_MSG_RESPONSE_CODE` (`RSC_ID`,`RSC_CD`,`RSC_VAL`,`RSC_STS_CD`,`RSC_DOC_ID`,`RSC_ICA_ID`,`RSC_PRO_ID`,`RSC_TRA_ID`) values (170,'error.parent_document_id_length_check','The ParentDocumentID cannot be larger than 250 characters',null,null,null,null,null);
Insert into `ETR_TB_MSG_RESPONSE_CODE` (`RSC_ID`,`RSC_CD`,`RSC_VAL`,`RSC_STS_CD`,`RSC_DOC_ID`,`RSC_ICA_ID`,`RSC_PRO_ID`,`RSC_TRA_ID`) values (171,'error.parent_document_type_code_check_attached_document','An AttachedDocument must not refer to an AttachedDocument in the ParentDocumentTypeCode element',null,null,null,null,null);
Insert into `ETR_TB_MSG_RESPONSE_CODE` (`RSC_ID`,`RSC_CD`,`RSC_VAL`,`RSC_STS_CD`,`RSC_DOC_ID`,`RSC_ICA_ID`,`RSC_PRO_ID`,`RSC_TRA_ID`) values (172,'error.participationrequestreceptionperiod_enddate_check','When CallForTenders/ProfileExecutionID equals "Q" or "Q2T (step 1)" then EndDate in TenderingProcess/ParticipationRequestReceptionPeriod must be present and not empty',null,null,null,null,null);
Insert into `ETR_TB_MSG_RESPONSE_CODE` (`RSC_ID`,`RSC_CD`,`RSC_VAL`,`RSC_STS_CD`,`RSC_DOC_ID`,`RSC_ICA_ID`,`RSC_PRO_ID`,`RSC_TRA_ID`) values (173,'error.participationrequestreceptionperiod_endtime_check','When CallForTenders/ProfileExecutionID equals "Q" or "Q2T (step 1)" then EndTime in TenderingProcess/ParticipationRequestReceptionPeriod must be present and not empty',null,null,null,null,null);
Insert into `ETR_TB_MSG_RESPONSE_CODE` (`RSC_ID`,`RSC_CD`,`RSC_VAL`,`RSC_STS_CD`,`RSC_DOC_ID`,`RSC_ICA_ID`,`RSC_PRO_ID`,`RSC_TRA_ID`) values (174,'error.party_check_partytaxscheme','Element Party misses child element PartyTaxScheme',null,null,null,null,null);
Insert into `ETR_TB_MSG_RESPONSE_CODE` (`RSC_ID`,`RSC_CD`,`RSC_VAL`,`RSC_STS_CD`,`RSC_DOC_ID`,`RSC_ICA_ID`,`RSC_PRO_ID`,`RSC_TRA_ID`) values (175,'error.party_check_postaladdress','Element Party misses child element PostalAddress',null,null,null,null,null);
Insert into `ETR_TB_MSG_RESPONSE_CODE` (`RSC_ID`,`RSC_CD`,`RSC_VAL`,`RSC_STS_CD`,`RSC_DOC_ID`,`RSC_ICA_ID`,`RSC_PRO_ID`,`RSC_TRA_ID`) values (176,'error.party_tax_scheme_check_companyid','Element PartyTaxScheme misses child element CompanyID',null,null,null,null,null);
Insert into `ETR_TB_MSG_RESPONSE_CODE` (`RSC_ID`,`RSC_CD`,`RSC_VAL`,`RSC_STS_CD`,`RSC_DOC_ID`,`RSC_ICA_ID`,`RSC_PRO_ID`,`RSC_TRA_ID`) values (177,'error.payableamount_check','The Payable Amount must be equal to the tax inclusive amount minus the pre-paid amount',null,null,null,null,null);
Insert into `ETR_TB_MSG_RESPONSE_CODE` (`RSC_ID`,`RSC_CD`,`RSC_VAL`,`RSC_STS_CD`,`RSC_DOC_ID`,`RSC_ICA_ID`,`RSC_PRO_ID`,`RSC_TRA_ID`) values (178,'error.payeeparty_name_check','Name in PayeeParty/Party/PartyName must be present and cannot be empty',null,null,null,null,null);
Insert into `ETR_TB_MSG_RESPONSE_CODE` (`RSC_ID`,`RSC_CD`,`RSC_VAL`,`RSC_STS_CD`,`RSC_DOC_ID`,`RSC_ICA_ID`,`RSC_PRO_ID`,`RSC_TRA_ID`) values (179,'error.payeeparty_partyidentification_id_check','ID in PayeeParty/PartyIdentification must be present and cannot be empty',null,null,null,null,null);
Insert into `ETR_TB_MSG_RESPONSE_CODE` (`RSC_ID`,`RSC_CD`,`RSC_VAL`,`RSC_STS_CD`,`RSC_DOC_ID`,`RSC_ICA_ID`,`RSC_PRO_ID`,`RSC_TRA_ID`) values (180,'error.paymentterms_amount_check','Amount in PaymentTerms must not be negative',null,null,null,null,null);
Insert into `ETR_TB_MSG_RESPONSE_CODE` (`RSC_ID`,`RSC_CD`,`RSC_VAL`,`RSC_STS_CD`,`RSC_DOC_ID`,`RSC_ICA_ID`,`RSC_PRO_ID`,`RSC_TRA_ID`) values (181,'error.period_check_enddate','Element Period misses child element EndDate',null,null,null,null,null);
Insert into `ETR_TB_MSG_RESPONSE_CODE` (`RSC_ID`,`RSC_CD`,`RSC_VAL`,`RSC_STS_CD`,`RSC_DOC_ID`,`RSC_ICA_ID`,`RSC_PRO_ID`,`RSC_TRA_ID`) values (182,'error.period_check_startdate','Element Period misses child element StartDate',null,null,null,null,null);
Insert into `ETR_TB_MSG_RESPONSE_CODE` (`RSC_ID`,`RSC_CD`,`RSC_VAL`,`RSC_STS_CD`,`RSC_DOC_ID`,`RSC_ICA_ID`,`RSC_PRO_ID`,`RSC_TRA_ID`) values (183,'error.prepaidamount_check','The Prepaid Amount must be equal to the total of all Prepaid Payments at document level',null,null,null,null,null);
Insert into `ETR_TB_MSG_RESPONSE_CODE` (`RSC_ID`,`RSC_CD`,`RSC_VAL`,`RSC_STS_CD`,`RSC_DOC_ID`,`RSC_ICA_ID`,`RSC_PRO_ID`,`RSC_TRA_ID`) values (184,'error.priceamount_check','Element PriceAmount should not contain a negative value',null,null,null,null,null);
Insert into `ETR_TB_MSG_RESPONSE_CODE` (`RSC_ID`,`RSC_CD`,`RSC_VAL`,`RSC_STS_CD`,`RSC_DOC_ID`,`RSC_ICA_ID`,`RSC_PRO_ID`,`RSC_TRA_ID`) values (185,'error.priceamount_hard_check','PriceAmount must not be negative',null,null,null,null,null);
Insert into `ETR_TB_MSG_RESPONSE_CODE` (`RSC_ID`,`RSC_CD`,`RSC_VAL`,`RSC_STS_CD`,`RSC_DOC_ID`,`RSC_ICA_ID`,`RSC_PRO_ID`,`RSC_TRA_ID`) values (186,'error.procurementproject_description_check','Description in ProcurementProject must be present and not empty',null,null,null,null,null);
Insert into `ETR_TB_MSG_RESPONSE_CODE` (`RSC_ID`,`RSC_CD`,`RSC_VAL`,`RSC_STS_CD`,`RSC_DOC_ID`,`RSC_ICA_ID`,`RSC_PRO_ID`,`RSC_TRA_ID`) values (187,'error.procurementproject_procurementtypecode_check','ProcurementTypeCode in ProcurementProject must be present and not empty',null,null,null,null,null);
Insert into `ETR_TB_MSG_RESPONSE_CODE` (`RSC_ID`,`RSC_CD`,`RSC_VAL`,`RSC_STS_CD`,`RSC_DOC_ID`,`RSC_ICA_ID`,`RSC_PRO_ID`,`RSC_TRA_ID`) values (188,'error.profileexecutionid_check','The ProfileExecutionID must exists and should have one of the values "T" or "QT" or "Q2T" or "Q"',null,null,null,null,null);
Insert into `ETR_TB_MSG_RESPONSE_CODE` (`RSC_ID`,`RSC_CD`,`RSC_VAL`,`RSC_STS_CD`,`RSC_DOC_ID`,`RSC_ICA_ID`,`RSC_PRO_ID`,`RSC_TRA_ID`) values (189,'error.profileexecutionid_check','The ProfileExecutionID must exists and should have one of the values "T" or "QT" or "Q2T" or "Q"',null,null,null,null,null);
Insert into `ETR_TB_MSG_RESPONSE_CODE` (`RSC_ID`,`RSC_CD`,`RSC_VAL`,`RSC_STS_CD`,`RSC_DOC_ID`,`RSC_ICA_ID`,`RSC_PRO_ID`,`RSC_TRA_ID`) values (190,'error.profileid_check','The ProfileID of the message must be present and not empty',null,null,null,null,null);
Insert into `ETR_TB_MSG_RESPONSE_CODE` (`RSC_ID`,`RSC_CD`,`RSC_VAL`,`RSC_STS_CD`,`RSC_DOC_ID`,`RSC_ICA_ID`,`RSC_PRO_ID`,`RSC_TRA_ID`) values (191,'error.qualificationresolution_exclusionreason_check','For each Qualification Resolution, the exclusion reason is mandatory in case the response is negative, describing a reason for the exclusion from the tendering process.',null,null,null,null,null);
Insert into `ETR_TB_MSG_RESPONSE_CODE` (`RSC_ID`,`RSC_CD`,`RSC_VAL`,`RSC_STS_CD`,`RSC_DOC_ID`,`RSC_ICA_ID`,`RSC_PRO_ID`,`RSC_TRA_ID`) values (192,'error.quantity_negativity_check','A Quantity should not be negative',null,null,null,null,null);
Insert into `ETR_TB_MSG_RESPONSE_CODE` (`RSC_ID`,`RSC_CD`,`RSC_VAL`,`RSC_STS_CD`,`RSC_DOC_ID`,`RSC_ICA_ID`,`RSC_PRO_ID`,`RSC_TRA_ID`) values (193,'error.quantity_range_check','The MaximumQuantity should be greater or equal to the MinimumQuantity within the same parent element',null,null,null,null,null);
Insert into `ETR_TB_MSG_RESPONSE_CODE` (`RSC_ID`,`RSC_CD`,`RSC_VAL`,`RSC_STS_CD`,`RSC_DOC_ID`,`RSC_ICA_ID`,`RSC_PRO_ID`,`RSC_TRA_ID`) values (194,'error.quantity_unitcode_check','Quantities must have a unitCode attribute',null,null,null,null,null);
Insert into `ETR_TB_MSG_RESPONSE_CODE` (`RSC_ID`,`RSC_CD`,`RSC_VAL`,`RSC_STS_CD`,`RSC_DOC_ID`,`RSC_ICA_ID`,`RSC_PRO_ID`,`RSC_TRA_ID`) values (195,'error.receiverparty_endpointid_check','The EndpointID withing the element ReceiverParty must be present and not empty',null,null,null,null,null);
Insert into `ETR_TB_MSG_RESPONSE_CODE` (`RSC_ID`,`RSC_CD`,`RSC_VAL`,`RSC_STS_CD`,`RSC_DOC_ID`,`RSC_ICA_ID`,`RSC_PRO_ID`,`RSC_TRA_ID`) values (196,'error.receiverparty_partyidentification_check','The PartyIdentification inside ReceiverParty must be present and not empty',null,null,null,null,null);
Insert into `ETR_TB_MSG_RESPONSE_CODE` (`RSC_ID`,`RSC_CD`,`RSC_VAL`,`RSC_STS_CD`,`RSC_DOC_ID`,`RSC_ICA_ID`,`RSC_PRO_ID`,`RSC_TRA_ID`) values (197,'error.referencedcontract_check_id','ReferencedContract ID should be present and not empty',null,null,null,null,null);
Insert into `ETR_TB_MSG_RESPONSE_CODE` (`RSC_ID`,`RSC_CD`,`RSC_VAL`,`RSC_STS_CD`,`RSC_DOC_ID`,`RSC_ICA_ID`,`RSC_PRO_ID`,`RSC_TRA_ID`) values (198,'error.referencedcontract_check_number_error','A ReferencedContract class must be present',null,null,null,null,null);
Insert into `ETR_TB_MSG_RESPONSE_CODE` (`RSC_ID`,`RSC_CD`,`RSC_VAL`,`RSC_STS_CD`,`RSC_DOC_ID`,`RSC_ICA_ID`,`RSC_PRO_ID`,`RSC_TRA_ID`) values (199,'error.referencedcontract_check_number_warning','Not more than one ReferencedContract class should be present',null,null,null,null,null);
Insert into `ETR_TB_MSG_RESPONSE_CODE` (`RSC_ID`,`RSC_CD`,`RSC_VAL`,`RSC_STS_CD`,`RSC_DOC_ID`,`RSC_ICA_ID`,`RSC_PRO_ID`,`RSC_TRA_ID`) values (200,'error.relateditemcriterion_check','The attribute ItemRelationshipType is mandatory in the element RelatedItemCriterion',null,null,null,null,null);
Insert into `ETR_TB_MSG_RESPONSE_CODE` (`RSC_ID`,`RSC_CD`,`RSC_VAL`,`RSC_STS_CD`,`RSC_DOC_ID`,`RSC_ICA_ID`,`RSC_PRO_ID`,`RSC_TRA_ID`) values (201,'error.reminder_line_billingreference_id_check','If  there is more than one Reminder/ReminderLine/BillingReference reference then the Reminder/ReminderLine/BillingReference/InvoiceDocumentReference/ID must be the same in all the references',null,null,null,null,null);
Insert into `ETR_TB_MSG_RESPONSE_CODE` (`RSC_ID`,`RSC_CD`,`RSC_VAL`,`RSC_STS_CD`,`RSC_DOC_ID`,`RSC_ICA_ID`,`RSC_PRO_ID`,`RSC_TRA_ID`) values (202,'error.reminder_line_check','No more than one ReminderLine must be present',null,null,null,null,null);
Insert into `ETR_TB_MSG_RESPONSE_CODE` (`RSC_ID`,`RSC_CD`,`RSC_VAL`,`RSC_STS_CD`,`RSC_DOC_ID`,`RSC_ICA_ID`,`RSC_PRO_ID`,`RSC_TRA_ID`) values (203,'error.reminder_line_creditnotedocumentreference_id_check','ID in CreditNoteDocumentReference must be present and cannot be empty',null,null,null,null,null);
Insert into `ETR_TB_MSG_RESPONSE_CODE` (`RSC_ID`,`RSC_CD`,`RSC_VAL`,`RSC_STS_CD`,`RSC_DOC_ID`,`RSC_ICA_ID`,`RSC_PRO_ID`,`RSC_TRA_ID`) values (204,'error.reminder_line_id_check','ID in ReminderLine must be present and cannot be empty',null,null,null,null,null);
Insert into `ETR_TB_MSG_RESPONSE_CODE` (`RSC_ID`,`RSC_CD`,`RSC_VAL`,`RSC_STS_CD`,`RSC_DOC_ID`,`RSC_ICA_ID`,`RSC_PRO_ID`,`RSC_TRA_ID`) values (205,'error.reminder_line_invoicedocumentreference_id_check','ID in ReminderLine/BillingReference/InvoiceDocumentReference must be present and cannot be empty',null,null,null,null,null);
Insert into `ETR_TB_MSG_RESPONSE_CODE` (`RSC_ID`,`RSC_CD`,`RSC_VAL`,`RSC_STS_CD`,`RSC_DOC_ID`,`RSC_ICA_ID`,`RSC_PRO_ID`,`RSC_TRA_ID`) values (206,'error.reminder_period_check','No more than one ReminderPeriod must be present',null,null,null,null,null);
Insert into `ETR_TB_MSG_RESPONSE_CODE` (`RSC_ID`,`RSC_CD`,`RSC_VAL`,`RSC_STS_CD`,`RSC_DOC_ID`,`RSC_ICA_ID`,`RSC_PRO_ID`,`RSC_TRA_ID`) values (207,'error.requesteddeliveryperiod_end_date_check','EndDate must be present in RequestedDeliveryPeriod',null,null,null,null,null);
Insert into `ETR_TB_MSG_RESPONSE_CODE` (`RSC_ID`,`RSC_CD`,`RSC_VAL`,`RSC_STS_CD`,`RSC_DOC_ID`,`RSC_ICA_ID`,`RSC_PRO_ID`,`RSC_TRA_ID`) values (208,'error.requesteddeliveryperiod_invalid_date_range','StartDate must be smaller or equal to EndDate in RequestedDeliveryPeriod',null,null,null,null,null);
Insert into `ETR_TB_MSG_RESPONSE_CODE` (`RSC_ID`,`RSC_CD`,`RSC_VAL`,`RSC_STS_CD`,`RSC_DOC_ID`,`RSC_ICA_ID`,`RSC_PRO_ID`,`RSC_TRA_ID`) values (209,'error.requesteddeliveryperiod_start_date_check','StartDate must be present in RequestedDeliveryPeriod',null,null,null,null,null);
Insert into `ETR_TB_MSG_RESPONSE_CODE` (`RSC_ID`,`RSC_CD`,`RSC_VAL`,`RSC_STS_CD`,`RSC_DOC_ID`,`RSC_ICA_ID`,`RSC_PRO_ID`,`RSC_TRA_ID`) values (210,'error.resolutiondocumentreference_443_check','There can be maximum one instance of TendererQualificationResponse/ResolutionDocumentReference/ID with DocumentTypeCode "443"',null,null,null,null,null);
Insert into `ETR_TB_MSG_RESPONSE_CODE` (`RSC_ID`,`RSC_CD`,`RSC_VAL`,`RSC_STS_CD`,`RSC_DOC_ID`,`RSC_ICA_ID`,`RSC_PRO_ID`,`RSC_TRA_ID`) values (211,'error.resolutiondocumentreference_bdl_check','There can be maximum one instance of TendererQualificationResponse/ResolutionDocumentReference/ID with DocumentTypeCode "BDL"',null,null,null,null,null);
Insert into `ETR_TB_MSG_RESPONSE_CODE` (`RSC_ID`,`RSC_CD`,`RSC_VAL`,`RSC_STS_CD`,`RSC_DOC_ID`,`RSC_ICA_ID`,`RSC_PRO_ID`,`RSC_TRA_ID`) values (212,'error.resolutiondocumentreference_check','At least one TendererQualificationResponse/ResolutionDocumentReference element must be present',null,null,null,null,null);
Insert into `ETR_TB_MSG_RESPONSE_CODE` (`RSC_ID`,`RSC_CD`,`RSC_VAL`,`RSC_STS_CD`,`RSC_DOC_ID`,`RSC_ICA_ID`,`RSC_PRO_ID`,`RSC_TRA_ID`) values (213,'error.resolutiondocumentreference_doctypecode_check','The Qualification Bundle reference  in element TendererQualificationResponse/ResolutionDocumentReference/ID MUST exists and the corresponding DocumentTypeCode must be "BDL" or "443"',null,null,null,null,null);
Insert into `ETR_TB_MSG_RESPONSE_CODE` (`RSC_ID`,`RSC_CD`,`RSC_VAL`,`RSC_STS_CD`,`RSC_DOC_ID`,`RSC_ICA_ID`,`RSC_PRO_ID`,`RSC_TRA_ID`) values (214,'error.salesorderid_check','SalesOrderID should be present and not empty',null,null,null,null,null);
Insert into `ETR_TB_MSG_RESPONSE_CODE` (`RSC_ID`,`RSC_CD`,`RSC_VAL`,`RSC_STS_CD`,`RSC_DOC_ID`,`RSC_ICA_ID`,`RSC_PRO_ID`,`RSC_TRA_ID`) values (215,'error.search_parameter_check','At least one optional search parameter must be present',null,null,null,null,null);
Insert into `ETR_TB_MSG_RESPONSE_CODE` (`RSC_ID`,`RSC_CD`,`RSC_VAL`,`RSC_STS_CD`,`RSC_DOC_ID`,`RSC_ICA_ID`,`RSC_PRO_ID`,`RSC_TRA_ID`) values (216,'error.sellersitemidentificationid_check','The SellersItemIdentification ID of the message cannot be empty',null,null,null,null,null);
Insert into `ETR_TB_MSG_RESPONSE_CODE` (`RSC_ID`,`RSC_CD`,`RSC_VAL`,`RSC_STS_CD`,`RSC_DOC_ID`,`RSC_ICA_ID`,`RSC_PRO_ID`,`RSC_TRA_ID`) values (217,'error.sellersitemidentificationid_invalid_char','The SellersItemIdentification ID of the message contains an invalid character',null,null,null,null,null);
Insert into `ETR_TB_MSG_RESPONSE_CODE` (`RSC_ID`,`RSC_CD`,`RSC_VAL`,`RSC_STS_CD`,`RSC_DOC_ID`,`RSC_ICA_ID`,`RSC_PRO_ID`,`RSC_TRA_ID`) values (218,'error.sellersitemidentificationid_length_check','The SellersItemIdentification ID of the message cannot be larger than 250 characters',null,null,null,null,null);
Insert into `ETR_TB_MSG_RESPONSE_CODE` (`RSC_ID`,`RSC_CD`,`RSC_VAL`,`RSC_STS_CD`,`RSC_DOC_ID`,`RSC_ICA_ID`,`RSC_PRO_ID`,`RSC_TRA_ID`) values (219,'error.senderparty_endpointid_check','The EndpointID withing the element SenderParty must be present and not empty',null,null,null,null,null);
Insert into `ETR_TB_MSG_RESPONSE_CODE` (`RSC_ID`,`RSC_CD`,`RSC_VAL`,`RSC_STS_CD`,`RSC_DOC_ID`,`RSC_ICA_ID`,`RSC_PRO_ID`,`RSC_TRA_ID`) values (220,'error.senderparty_partyidentification_check','The PartyIdentification inside SenderParty must be present and not empty',null,null,null,null,null);
Insert into `ETR_TB_MSG_RESPONSE_CODE` (`RSC_ID`,`RSC_CD`,`RSC_VAL`,`RSC_STS_CD`,`RSC_DOC_ID`,`RSC_ICA_ID`,`RSC_PRO_ID`,`RSC_TRA_ID`) values (221,'error.senderparty_partyname_check','The PartyName inside SenderParty must be present and not empty',null,null,null,null,null);
Insert into `ETR_TB_MSG_RESPONSE_CODE` (`RSC_ID`,`RSC_CD`,`RSC_VAL`,`RSC_STS_CD`,`RSC_DOC_ID`,`RSC_ICA_ID`,`RSC_PRO_ID`,`RSC_TRA_ID`) values (222,'error.shortlistedparty_check','At least one instance of EconomicOperatorShorlist/ShortlistedParty must be present',null,null,null,null,null);
Insert into `ETR_TB_MSG_RESPONSE_CODE` (`RSC_ID`,`RSC_CD`,`RSC_VAL`,`RSC_STS_CD`,`RSC_DOC_ID`,`RSC_ICA_ID`,`RSC_PRO_ID`,`RSC_TRA_ID`) values (223,'error.shortlistedparty_forwardedparty_endpointid_check','The EndpointID for each EconomicOperatorShortlist/ShortlistedParty/ForwardedParty must be present and not empty',null,null,null,null,null);
Insert into `ETR_TB_MSG_RESPONSE_CODE` (`RSC_ID`,`RSC_CD`,`RSC_VAL`,`RSC_STS_CD`,`RSC_DOC_ID`,`RSC_ICA_ID`,`RSC_PRO_ID`,`RSC_TRA_ID`) values (224,'error.shortlistedparty_preselectedparty_endpointid_check','The EndpointID for each EconomicOperatorShortlist/ShortlistedParty/PreselectedParty must be present and not empty',null,null,null,null,null);
Insert into `ETR_TB_MSG_RESPONSE_CODE` (`RSC_ID`,`RSC_CD`,`RSC_VAL`,`RSC_STS_CD`,`RSC_DOC_ID`,`RSC_ICA_ID`,`RSC_PRO_ID`,`RSC_TRA_ID`) values (225,'error.specifictendererrequirement_description_check','Description in TenderingTerms/TendererQualificationRequest/SpecificTendererRequirement must be present and not empty',null,null,null,null,null);
Insert into `ETR_TB_MSG_RESPONSE_CODE` (`RSC_ID`,`RSC_CD`,`RSC_VAL`,`RSC_STS_CD`,`RSC_DOC_ID`,`RSC_ICA_ID`,`RSC_PRO_ID`,`RSC_TRA_ID`) values (226,'error.standarditemidentification_check_schemeid','Attribute schemeID should be provided for a StandardItemIdentification/ID element',null,null,null,null,null);
Insert into `ETR_TB_MSG_RESPONSE_CODE` (`RSC_ID`,`RSC_CD`,`RSC_VAL`,`RSC_STS_CD`,`RSC_DOC_ID`,`RSC_ICA_ID`,`RSC_PRO_ID`,`RSC_TRA_ID`) values (227,'error.tax_category_check_id_percent','For each tax subcategory except in Reverse Charge VAT the category ID and the applicable tax percentage should be provided',null,null,null,null,null);
Insert into `ETR_TB_MSG_RESPONSE_CODE` (`RSC_ID`,`RSC_CD`,`RSC_VAL`,`RSC_STS_CD`,`RSC_DOC_ID`,`RSC_ICA_ID`,`RSC_PRO_ID`,`RSC_TRA_ID`) values (228,'error.tax_category_check_percentperunitamount','Element (Classified)TaxCategory should include one of following child elements: Percent or PerUnitAmount',null,null,null,null,null);
Insert into `ETR_TB_MSG_RESPONSE_CODE` (`RSC_ID`,`RSC_CD`,`RSC_VAL`,`RSC_STS_CD`,`RSC_DOC_ID`,`RSC_ICA_ID`,`RSC_PRO_ID`,`RSC_TRA_ID`) values (229,'error.taxexchangerate_check','DocumentCurrencyCode differs from TaxCurrencyCode, but there is no TaxExchangeRate defined',null,null,null,null,null);
Insert into `ETR_TB_MSG_RESPONSE_CODE` (`RSC_ID`,`RSC_CD`,`RSC_VAL`,`RSC_STS_CD`,`RSC_DOC_ID`,`RSC_ICA_ID`,`RSC_PRO_ID`,`RSC_TRA_ID`) values (230,'error.taxexclusiveamount_check','The Tax Exclusive Amount must be equal to the total line amount plus charges minus discounts exclusive of taxes',null,null,null,null,null);
Insert into `ETR_TB_MSG_RESPONSE_CODE` (`RSC_ID`,`RSC_CD`,`RSC_VAL`,`RSC_STS_CD`,`RSC_DOC_ID`,`RSC_ICA_ID`,`RSC_PRO_ID`,`RSC_TRA_ID`) values (231,'error.taxexclusiveamount_presence_check','The document should specify the total amount without taxes',null,null,null,null,null);
Insert into `ETR_TB_MSG_RESPONSE_CODE` (`RSC_ID`,`RSC_CD`,`RSC_VAL`,`RSC_STS_CD`,`RSC_DOC_ID`,`RSC_ICA_ID`,`RSC_PRO_ID`,`RSC_TRA_ID`) values (232,'error.taxinclusiveamount_check','The Tax Inclusive Amount must be equal to Tax Exclusive Amount plus sum of the total tax amounts',null,null,null,null,null);
Insert into `ETR_TB_MSG_RESPONSE_CODE` (`RSC_ID`,`RSC_CD`,`RSC_VAL`,`RSC_STS_CD`,`RSC_DOC_ID`,`RSC_ICA_ID`,`RSC_PRO_ID`,`RSC_TRA_ID`) values (233,'error.taxinclusiveamount_negative_check','The Tax inclusive amount should not be negative',null,null,null,null,null);
Insert into `ETR_TB_MSG_RESPONSE_CODE` (`RSC_ID`,`RSC_CD`,`RSC_VAL`,`RSC_STS_CD`,`RSC_DOC_ID`,`RSC_ICA_ID`,`RSC_PRO_ID`,`RSC_TRA_ID`) values (234,'error.taxinclusiveamount_presence_check','The document should specify the total amount with taxes included',null,null,null,null,null);
Insert into `ETR_TB_MSG_RESPONSE_CODE` (`RSC_ID`,`RSC_CD`,`RSC_VAL`,`RSC_STS_CD`,`RSC_DOC_ID`,`RSC_ICA_ID`,`RSC_PRO_ID`,`RSC_TRA_ID`) values (235,'error.taxschemeid_check','Within one TaxTotal the TaxScheme ID of all TaxSubtotals must be the same',null,null,null,null,null);
Insert into `ETR_TB_MSG_RESPONSE_CODE` (`RSC_ID`,`RSC_CD`,`RSC_VAL`,`RSC_STS_CD`,`RSC_DOC_ID`,`RSC_ICA_ID`,`RSC_PRO_ID`,`RSC_TRA_ID`) values (236,'error.taxtotal_check_number','Maximum 1 Tax Total should be present at document level',null,null,null,null,null);
Insert into `ETR_TB_MSG_RESPONSE_CODE` (`RSC_ID`,`RSC_CD`,`RSC_VAL`,`RSC_STS_CD`,`RSC_DOC_ID`,`RSC_ICA_ID`,`RSC_PRO_ID`,`RSC_TRA_ID`) values (237,'error.taxtotal_check_taxsubtotal','Element TaxTotal misses child element TaxSubtotal',null,null,null,null,null);
Insert into `ETR_TB_MSG_RESPONSE_CODE` (`RSC_ID`,`RSC_CD`,`RSC_VAL`,`RSC_STS_CD`,`RSC_DOC_ID`,`RSC_ICA_ID`,`RSC_PRO_ID`,`RSC_TRA_ID`) values (238,'error.taxtotal_taxamount_check','TaxAmount in TaxTotal must not be negative',null,null,null,null,null);
Insert into `ETR_TB_MSG_RESPONSE_CODE` (`RSC_ID`,`RSC_CD`,`RSC_VAL`,`RSC_STS_CD`,`RSC_DOC_ID`,`RSC_ICA_ID`,`RSC_PRO_ID`,`RSC_TRA_ID`) values (239,'error.taxtotals_check','The Tax Total must be equal to the sum of its Tax Subtotals',null,null,null,null,null);
Insert into `ETR_TB_MSG_RESPONSE_CODE` (`RSC_ID`,`RSC_CD`,`RSC_VAL`,`RSC_STS_CD`,`RSC_DOC_ID`,`RSC_ICA_ID`,`RSC_PRO_ID`,`RSC_TRA_ID`) values (240,'error.technicalevaluationcriteria_description_check','Description in TenderingTerms/TendererQualificationRequest/TechnicalEvaluationCriteria must be present and not empty',null,null,null,null,null);
Insert into `ETR_TB_MSG_RESPONSE_CODE` (`RSC_ID`,`RSC_CD`,`RSC_VAL`,`RSC_STS_CD`,`RSC_DOC_ID`,`RSC_ICA_ID`,`RSC_PRO_ID`,`RSC_TRA_ID`) values (241,'error.tenderdocumentreference_documenttypecode_bundle_check','One and only one TenderDocumentReference should refer to a document type code of value BUNDLE',null,null,null,null,null);
Insert into `ETR_TB_MSG_RESPONSE_CODE` (`RSC_ID`,`RSC_CD`,`RSC_VAL`,`RSC_STS_CD`,`RSC_DOC_ID`,`RSC_ICA_ID`,`RSC_PRO_ID`,`RSC_TRA_ID`) values (243,'error.tenderdocumentreference_documenttypecode_check','The TenderDocumentReference must contain a document type code',null,null,null,null,null);
Insert into `ETR_TB_MSG_RESPONSE_CODE` (`RSC_ID`,`RSC_CD`,`RSC_VAL`,`RSC_STS_CD`,`RSC_DOC_ID`,`RSC_ICA_ID`,`RSC_PRO_ID`,`RSC_TRA_ID`) values (244,'error.tenderdocumentreference_id_check','The TenderDocumentReference must contain an identifier',null,null,null,null,null);
Insert into `ETR_TB_MSG_RESPONSE_CODE` (`RSC_ID`,`RSC_CD`,`RSC_VAL`,`RSC_STS_CD`,`RSC_DOC_ID`,`RSC_ICA_ID`,`RSC_PRO_ID`,`RSC_TRA_ID`) values (245,'error.tenderingprocess_contractingsystemcode_check','ContractingSystemCode in TenderingProcess must be present and not empty',null,null,null,null,null);
Insert into `ETR_TB_MSG_RESPONSE_CODE` (`RSC_ID`,`RSC_CD`,`RSC_VAL`,`RSC_STS_CD`,`RSC_DOC_ID`,`RSC_ICA_ID`,`RSC_PRO_ID`,`RSC_TRA_ID`) values (246,'error.tenderingprocess_description_check','Description in TenderingProcess must be present and not empty',null,null,null,null,null);
Insert into `ETR_TB_MSG_RESPONSE_CODE` (`RSC_ID`,`RSC_CD`,`RSC_VAL`,`RSC_STS_CD`,`RSC_DOC_ID`,`RSC_ICA_ID`,`RSC_PRO_ID`,`RSC_TRA_ID`) values (247,'error.tenderingprocess_opentenderevent_occurrencedate_check','OpenTenderEvent/OccurrenceDate in TenderingProcess must be present and not empty',null,null,null,null,null);
Insert into `ETR_TB_MSG_RESPONSE_CODE` (`RSC_ID`,`RSC_CD`,`RSC_VAL`,`RSC_STS_CD`,`RSC_DOC_ID`,`RSC_ICA_ID`,`RSC_PRO_ID`,`RSC_TRA_ID`) values (248,'error.tenderingprocess_opentenderevent_occurrencetime_check','OpenTenderEvent/OccurrenceTime in TenderingProcess must be present and not empty',null,null,null,null,null);
Insert into `ETR_TB_MSG_RESPONSE_CODE` (`RSC_ID`,`RSC_CD`,`RSC_VAL`,`RSC_STS_CD`,`RSC_DOC_ID`,`RSC_ICA_ID`,`RSC_PRO_ID`,`RSC_TRA_ID`) values (249,'error.tenderingprocess_partpresentationcode_check','PartPresentationCode in TenderingProcess must be present and not empty',null,null,null,null,null);
Insert into `ETR_TB_MSG_RESPONSE_CODE` (`RSC_ID`,`RSC_CD`,`RSC_VAL`,`RSC_STS_CD`,`RSC_DOC_ID`,`RSC_ICA_ID`,`RSC_PRO_ID`,`RSC_TRA_ID`) values (250,'error.tenderingprocess_procedurecode_check','ProcedureCode in TenderingProcess must be present and not empty',null,null,null,null,null);
Insert into `ETR_TB_MSG_RESPONSE_CODE` (`RSC_ID`,`RSC_CD`,`RSC_VAL`,`RSC_STS_CD`,`RSC_DOC_ID`,`RSC_ICA_ID`,`RSC_PRO_ID`,`RSC_TRA_ID`) values (251,'error.tenderingprocess_procurementprojectlot_not_present','When CallForTenders/TenderingProcess/PartPresentationCode is equal to 9 then ProcurementProjectLot node should not exist',null,null,null,null,null);
Insert into `ETR_TB_MSG_RESPONSE_CODE` (`RSC_ID`,`RSC_CD`,`RSC_VAL`,`RSC_STS_CD`,`RSC_DOC_ID`,`RSC_ICA_ID`,`RSC_PRO_ID`,`RSC_TRA_ID`) values (252,'error.tenderingprocess_procurementprojectlot_present_check','When CallForTenders/TenderingProcess/PartPresentationCode is equal to 1,2 or 3 then at least one ProcurementProjectLot node should exist',null,null,null,null,null);
Insert into `ETR_TB_MSG_RESPONSE_CODE` (`RSC_ID`,`RSC_CD`,`RSC_VAL`,`RSC_STS_CD`,`RSC_DOC_ID`,`RSC_ICA_ID`,`RSC_PRO_ID`,`RSC_TRA_ID`) values (253,'error.tenderingterms_awardingmethodtypecode_check','AwardingMethodTypeCode in TenderingTerms must be present and not empty',null,null,null,null,null);
Insert into `ETR_TB_MSG_RESPONSE_CODE` (`RSC_ID`,`RSC_CD`,`RSC_VAL`,`RSC_STS_CD`,`RSC_DOC_ID`,`RSC_ICA_ID`,`RSC_PRO_ID`,`RSC_TRA_ID`) values (254,'error.tenderingterms_language_localecode_check','LocaleCode in TenderingTerms/Language must be present and not empty',null,null,null,null,null);
Insert into `ETR_TB_MSG_RESPONSE_CODE` (`RSC_ID`,`RSC_CD`,`RSC_VAL`,`RSC_STS_CD`,`RSC_DOC_ID`,`RSC_ICA_ID`,`RSC_PRO_ID`,`RSC_TRA_ID`) values (255,'error.tendersubmissiondeadlineperiod_enddate_check','When CallForTenders/ProfileExecutionID equals "QT", "T" or "Q2T (step 2)" then EndDate in TenderingProcess/TenderSubmissionDeadlinePeriod must be present and not empty',null,null,null,null,null);
Insert into `ETR_TB_MSG_RESPONSE_CODE` (`RSC_ID`,`RSC_CD`,`RSC_VAL`,`RSC_STS_CD`,`RSC_DOC_ID`,`RSC_ICA_ID`,`RSC_PRO_ID`,`RSC_TRA_ID`) values (256,'error.tendersubmissiondeadlineperiod_endtime_check','When CallForTenders/ProfileExecutionID equals "QT", "T" or "Q2T (step 2)" then EndTime in TenderingProcess/TenderSubmissionDeadlinePeriod must be present and not empty',null,null,null,null,null);
Insert into `ETR_TB_MSG_RESPONSE_CODE` (`RSC_ID`,`RSC_CD`,`RSC_VAL`,`RSC_STS_CD`,`RSC_DOC_ID`,`RSC_ICA_ID`,`RSC_PRO_ID`,`RSC_TRA_ID`) values (257,'error.tendersubmissiondeadlineperiod_participationrequestreceptionperiod_check','When CallForTenders/ProfileExecutionID equals "Q2T" then either TenderingProcess/TenderSubmissionDeadlinePeriod or TenderingProcess/ParticipationRequestReceptionPeriod should exist',null,null,null,null,null);
Insert into `ETR_TB_MSG_RESPONSE_CODE` (`RSC_ID`,`RSC_CD`,`RSC_VAL`,`RSC_STS_CD`,`RSC_DOC_ID`,`RSC_ICA_ID`,`RSC_PRO_ID`,`RSC_TRA_ID`) values (258,'error.total_amount_check','The total amount of the invoice cannot be negative',null,null,null,null,null);
Insert into `ETR_TB_MSG_RESPONSE_CODE` (`RSC_ID`,`RSC_CD`,`RSC_VAL`,`RSC_STS_CD`,`RSC_DOC_ID`,`RSC_ICA_ID`,`RSC_PRO_ID`,`RSC_TRA_ID`) values (259,'error.totaltaxamount_check','TotalTaxAmount should not be negative',null,null,null,null,null);
Insert into `ETR_TB_MSG_RESPONSE_CODE` (`RSC_ID`,`RSC_CD`,`RSC_VAL`,`RSC_STS_CD`,`RSC_DOC_ID`,`RSC_ICA_ID`,`RSC_PRO_ID`,`RSC_TRA_ID`) values (260,'error.ublversionid_check','The UBLVersionID of the message must be present and not empty',null,null,null,null,null);
Insert into `ETR_TB_MSG_RESPONSE_CODE` (`RSC_ID`,`RSC_CD`,`RSC_VAL`,`RSC_STS_CD`,`RSC_DOC_ID`,`RSC_ICA_ID`,`RSC_PRO_ID`,`RSC_TRA_ID`) values (261,'error.uuid_check','The UUID of the message must be present and not empty',null,null,null,null,null);
Insert into `ETR_TB_MSG_RESPONSE_CODE` (`RSC_ID`,`RSC_CD`,`RSC_VAL`,`RSC_STS_CD`,`RSC_DOC_ID`,`RSC_ICA_ID`,`RSC_PRO_ID`,`RSC_TRA_ID`) values (262,'error.uuid_id_length_check','The combination UUID::ID of the message cannot be larger than 250 characters',null,null,null,null,null);
Insert into `ETR_TB_MSG_RESPONSE_CODE` (`RSC_ID`,`RSC_CD`,`RSC_VAL`,`RSC_STS_CD`,`RSC_DOC_ID`,`RSC_ICA_ID`,`RSC_PRO_ID`,`RSC_TRA_ID`) values (263,'error.uuid_invalid_char','The UUID of the message contains an invalid character',null,null,null,null,null);
Insert into `ETR_TB_MSG_RESPONSE_CODE` (`RSC_ID`,`RSC_CD`,`RSC_VAL`,`RSC_STS_CD`,`RSC_DOC_ID`,`RSC_ICA_ID`,`RSC_PRO_ID`,`RSC_TRA_ID`) values (264,'error.validity_period_check','No more than one ValidityPeriod class should be present',null,null,null,null,null);
Insert into `ETR_TB_MSG_RESPONSE_CODE` (`RSC_ID`,`RSC_CD`,`RSC_VAL`,`RSC_STS_CD`,`RSC_DOC_ID`,`RSC_ICA_ID`,`RSC_PRO_ID`,`RSC_TRA_ID`) values (265,'error.vattotalamount_check','If the VAT total amount exists in the document then the sum of taxable amount in sub categories should equal the sum of document tax exclusive amount',null,null,null,null,null);
Insert into `ETR_TB_MSG_RESPONSE_CODE` (`RSC_ID`,`RSC_CD`,`RSC_VAL`,`RSC_STS_CD`,`RSC_DOC_ID`,`RSC_ICA_ID`,`RSC_PRO_ID`,`RSC_TRA_ID`) values (266,'error.versionid_check','The VersionID of the message must be present and cannot be empty',null,null,null,null,null);
Insert into `ETR_TB_MSG_RESPONSE_CODE` (`RSC_ID`,`RSC_CD`,`RSC_VAL`,`RSC_STS_CD`,`RSC_DOC_ID`,`RSC_ICA_ID`,`RSC_PRO_ID`,`RSC_TRA_ID`) values (267,'error.versionid_invalid_char','The VersionID of the message contains an invalid character',null,null,null,null,null);
Insert into `ETR_TB_MSG_RESPONSE_CODE` (`RSC_ID`,`RSC_CD`,`RSC_VAL`,`RSC_STS_CD`,`RSC_DOC_ID`,`RSC_ICA_ID`,`RSC_PRO_ID`,`RSC_TRA_ID`) values (268,'error.versionid_length_check','The VersionID of the message cannot be larger than 5 characters',null,null,null,null,null);
Insert into `ETR_TB_MSG_RESPONSE_CODE` (`RSC_ID`,`RSC_CD`,`RSC_VAL`,`RSC_STS_CD`,`RSC_DOC_ID`,`RSC_ICA_ID`,`RSC_PRO_ID`,`RSC_TRA_ID`) values (269,'error.allowancecharge_check_baseamount','BaseAmount should be present when MultiplierFactorNumeric is used in an AllowanceCharge',null,null,null,null,null);
Insert into `ETR_TB_MSG_RESPONSE_CODE` (`RSC_ID`,`RSC_CD`,`RSC_VAL`,`RSC_STS_CD`,`RSC_DOC_ID`,`RSC_ICA_ID`,`RSC_PRO_ID`,`RSC_TRA_ID`) values (270,'error.allowancecharge_check_multiplierfactornumeric','The MultiplierFactorNumeric in an AllowanceCharge should not be negative',null,null,null,null,null);
Insert into `ETR_TB_MSG_RESPONSE_CODE` (`RSC_ID`,`RSC_CD`,`RSC_VAL`,`RSC_STS_CD`,`RSC_DOC_ID`,`RSC_ICA_ID`,`RSC_PRO_ID`,`RSC_TRA_ID`) values (271,'error.allowancecharge_check_sequencenumeric','The SequenceNumeric in an AllowanceCharge should not be negative',null,null,null,null,null);
Insert into `ETR_TB_MSG_RESPONSE_CODE` (`RSC_ID`,`RSC_CD`,`RSC_VAL`,`RSC_STS_CD`,`RSC_DOC_ID`,`RSC_ICA_ID`,`RSC_PRO_ID`,`RSC_TRA_ID`) values (272,'error.allowancecharge_check_vat','If the VAT total amount in a document exists then an Allowances Charges amount on document level should have Tax category for VAT',null,null,null,null,null);
Insert into `ETR_TB_MSG_RESPONSE_CODE` (`RSC_ID`,`RSC_CD`,`RSC_VAL`,`RSC_STS_CD`,`RSC_DOC_ID`,`RSC_ICA_ID`,`RSC_PRO_ID`,`RSC_TRA_ID`) values (273,'error.allowancetotalamount_check','The Allowance Total Amount must be equal to the total of all allowances at document level',null,null,null,null,null);
Insert into `ETR_TB_MSG_RESPONSE_CODE` (`RSC_ID`,`RSC_CD`,`RSC_VAL`,`RSC_STS_CD`,`RSC_DOC_ID`,`RSC_ICA_ID`,`RSC_PRO_ID`,`RSC_TRA_ID`) values (274,'error.approvaldate_occurrencedate_check','When CallForTenders/ProfileExecutionID = "Q" the CallForTenders/TenderingProcess/OpenTenderEvent/OccurrenceDate must be equal to the CallForTenders/ApprovalDate',null,null,null,null,null);
Insert into `ETR_TB_MSG_RESPONSE_CODE` (`RSC_ID`,`RSC_CD`,`RSC_VAL`,`RSC_STS_CD`,`RSC_DOC_ID`,`RSC_ICA_ID`,`RSC_PRO_ID`,`RSC_TRA_ID`) values (275,'error.attachment_check','Element Attachment should not be present in this document',null,null,null,null,null);
Insert into `ETR_TB_MSG_RESPONSE_CODE` (`RSC_ID`,`RSC_CD`,`RSC_VAL`,`RSC_STS_CD`,`RSC_DOC_ID`,`RSC_ICA_ID`,`RSC_PRO_ID`,`RSC_TRA_ID`) values (276,'error.attachment_content_check','Element Attachment is mandatory, but should not have any content in this document',null,null,null,null,null);
Insert into `ETR_TB_MSG_RESPONSE_CODE` (`RSC_ID`,`RSC_CD`,`RSC_VAL`,`RSC_STS_CD`,`RSC_DOC_ID`,`RSC_ICA_ID`,`RSC_PRO_ID`,`RSC_TRA_ID`) values (277,'error.cdr_id_length_check','The combination ID::CallForTendersDocumentReference/ID of the message cannot be larger than 250 characters',null,null,null,null,null);
Insert into `ETR_TB_MSG_RESPONSE_CODE` (`RSC_ID`,`RSC_CD`,`RSC_VAL`,`RSC_STS_CD`,`RSC_DOC_ID`,`RSC_ICA_ID`,`RSC_PRO_ID`,`RSC_TRA_ID`) values (278,'error.cdr_invalid_char','The CallForTendersDocumentReference/ID of the message contains an invalid character',null,null,null,null,null);
Insert into `ETR_TB_MSG_RESPONSE_CODE` (`RSC_ID`,`RSC_CD`,`RSC_VAL`,`RSC_STS_CD`,`RSC_DOC_ID`,`RSC_ICA_ID`,`RSC_PRO_ID`,`RSC_TRA_ID`) values (279,'error.paginationrange_check_from','Element PaginationRange misses child element From',null,null,null,null,null);
Insert into `ETR_TB_MSG_RESPONSE_CODE` (`RSC_ID`,`RSC_CD`,`RSC_VAL`,`RSC_STS_CD`,`RSC_DOC_ID`,`RSC_ICA_ID`,`RSC_PRO_ID`,`RSC_TRA_ID`) values (280,'error.paginationrange_check_to','Element PaginationRange misses child element To',null,null,null,null,null);
Insert into `ETR_TB_MSG_RESPONSE_CODE` (`RSC_ID`,`RSC_CD`,`RSC_VAL`,`RSC_STS_CD`,`RSC_DOC_ID`,`RSC_ICA_ID`,`RSC_PRO_ID`,`RSC_TRA_ID`) values (281,'error.paginationrange_invalid_range','PaginationRange From is larger than To',null,null,null,null,null);
Insert into `ETR_TB_MSG_RESPONSE_CODE` (`RSC_ID`,`RSC_CD`,`RSC_VAL`,`RSC_STS_CD`,`RSC_DOC_ID`,`RSC_ICA_ID`,`RSC_PRO_ID`,`RSC_TRA_ID`) values (282,'error.paginationrange_large_range','The difference between PaginationRange.To and PaginationRange.From cannot be larger than 1000',null,null,null,null,null);
Insert into `ETR_TB_MSG_RESPONSE_CODE` (`RSC_ID`,`RSC_CD`,`RSC_VAL`,`RSC_STS_CD`,`RSC_DOC_ID`,`RSC_ICA_ID`,`RSC_PRO_ID`,`RSC_TRA_ID`) values (283,'error.userid_check','The UserID cannot be empty',null,null,null,null,null);
Insert into `ETR_TB_MSG_RESPONSE_CODE` (`RSC_ID`,`RSC_CD`,`RSC_VAL`,`RSC_STS_CD`,`RSC_DOC_ID`,`RSC_ICA_ID`,`RSC_PRO_ID`,`RSC_TRA_ID`) values (284,'error.invalid_codetable_value_sortfieldtypecode','Value supplied is unacceptable for an element controlled by codelist SortFieldTypeCode',null,null,null,null,null);
Insert into `ETR_TB_MSG_RESPONSE_CODE` (`RSC_ID`,`RSC_CD`,`RSC_VAL`,`RSC_STS_CD`,`RSC_DOC_ID`,`RSC_ICA_ID`,`RSC_PRO_ID`,`RSC_TRA_ID`) values (285,'error.chargetotalamount_check','The Charge Total Amount must be equal to the total of all charges at document level',null,null,null,null,null);
Insert into `ETR_TB_MSG_RESPONSE_CODE` (`RSC_ID`,`RSC_CD`,`RSC_VAL`,`RSC_STS_CD`,`RSC_DOC_ID`,`RSC_ICA_ID`,`RSC_PRO_ID`,`RSC_TRA_ID`) values (286,'error.commodityclassification_check','Both ItemClassificationCode and ItemClassificationCode/@listID must be present and not empty in CommodityClassification',null,null,null,null,null);
Insert into `ETR_TB_MSG_RESPONSE_CODE` (`RSC_ID`,`RSC_CD`,`RSC_VAL`,`RSC_STS_CD`,`RSC_DOC_ID`,`RSC_ICA_ID`,`RSC_PRO_ID`,`RSC_TRA_ID`) values (287,'error.contract_check','Exactly one Contract class should be present',null,null,null,null,null);
Insert into `ETR_TB_MSG_RESPONSE_CODE` (`RSC_ID`,`RSC_CD`,`RSC_VAL`,`RSC_STS_CD`,`RSC_DOC_ID`,`RSC_ICA_ID`,`RSC_PRO_ID`,`RSC_TRA_ID`) values (288,'error.documenttypecode_invalid','The DocumentTypeCode of the message contains an invalid value',null,null,null,null,null);
Insert into `ETR_TB_MSG_RESPONSE_CODE` (`RSC_ID`,`RSC_CD`,`RSC_VAL`,`RSC_STS_CD`,`RSC_DOC_ID`,`RSC_ICA_ID`,`RSC_PRO_ID`,`RSC_TRA_ID`) values (70822837,'error.additional_documenttypecode_reference_id_check','When CallForTenders/AdditionalDocumentReference/DocumentTypeCode exists and it''s not empty the corresponding CallForTenders/AdditionalDocumentReference/ID cannot be empty',null,null,null,null,null);
Insert into `ETR_TB_MSG_RESPONSE_CODE` (`RSC_ID`,`RSC_CD`,`RSC_VAL`,`RSC_STS_CD`,`RSC_DOC_ID`,`RSC_ICA_ID`,`RSC_PRO_ID`,`RSC_TRA_ID`) values (70822868,'error.contractingparty_typecode_check','The ContractingParty ContractingPartyTypeCode of the message must be present and not empty',null,null,null,null,null);
Insert into `ETR_TB_MSG_RESPONSE_CODE` (`RSC_ID`,`RSC_CD`,`RSC_VAL`,`RSC_STS_CD`,`RSC_DOC_ID`,`RSC_ICA_ID`,`RSC_PRO_ID`,`RSC_TRA_ID`) values (70822902,'error.consignment_id_check','A despatch advice shall identify the nature of delivery at line level',null,null,null,null,null);
Insert into `ETR_TB_MSG_RESPONSE_CODE` (`RSC_ID`,`RSC_CD`,`RSC_VAL`,`RSC_STS_CD`,`RSC_DOC_ID`,`RSC_ICA_ID`,`RSC_PRO_ID`,`RSC_TRA_ID`) values (70822903,'error.usability_period_check_startdate','If Consignment ID is 4=Services, DespatchLine shall have a DespatchAdvice/DespatchLine/Item/AdditionalItemProperty/UsabilityPeriod/StartDate shall exist and have a value',null,null,null,null,null);
Insert into `ETR_TB_MSG_RESPONSE_CODE` (`RSC_ID`,`RSC_CD`,`RSC_VAL`,`RSC_STS_CD`,`RSC_DOC_ID`,`RSC_ICA_ID`,`RSC_PRO_ID`,`RSC_TRA_ID`) values (70822904,'error.usability_period_check_enddate','If Consignment ID is 4=Services, DespatchLine shall have a DespatchAdvice/DespatchLine/Item/AdditionalItemProperty/UsabilityPeriod/EndDate shall exist and have a value',null,null,null,null,null);
Insert into `ETR_TB_MSG_RESPONSE_CODE` (`RSC_ID`,`RSC_CD`,`RSC_VAL`,`RSC_STS_CD`,`RSC_DOC_ID`,`RSC_ICA_ID`,`RSC_PRO_ID`,`RSC_TRA_ID`) values (70822905,'error.item_property_check_name','If Consignment ID is 4=Services, DespatchLine shall have a DespatchAdvice/DespatchLine/Item/AdditionalItemProperty/Name = "Type"',null,null,null,null,null);
Insert into `ETR_TB_MSG_RESPONSE_CODE` (`RSC_ID`,`RSC_CD`,`RSC_VAL`,`RSC_STS_CD`,`RSC_DOC_ID`,`RSC_ICA_ID`,`RSC_PRO_ID`,`RSC_TRA_ID`) values (70822906,'error.item_property_check_value','If Consignment ID is 4=Services, DespatchLine shall have a DespatchAdvice/DespatchLine/Item/AdditionalItemProperty/Value = "QTY" or "AMT"',null,null,null,null,null);
Insert into `ETR_TB_MSG_RESPONSE_CODE` (`RSC_ID`,`RSC_CD`,`RSC_VAL`,`RSC_STS_CD`,`RSC_DOC_ID`,`RSC_ICA_ID`,`RSC_PRO_ID`,`RSC_TRA_ID`) values (70822907,'error.document_reference_check_attachment_type','If Consignment ID is 4=Services, DespatchLine shall have at least one DocumentReference with DocumentTypeCode = 916',null,null,null,null,null);
Insert into `ETR_TB_MSG_RESPONSE_CODE` (`RSC_ID`,`RSC_CD`,`RSC_VAL`,`RSC_STS_CD`,`RSC_DOC_ID`,`RSC_ICA_ID`,`RSC_PRO_ID`,`RSC_TRA_ID`) values (70822910,'error.invalid_codetable_value_activitytypecode','Value supplied is unacceptable for an element controlled by codelist ActivityTypeCode',null,null,null,null,null);
Insert into `ETR_TB_MSG_RESPONSE_CODE` (`RSC_ID`,`RSC_CD`,`RSC_VAL`,`RSC_STS_CD`,`RSC_DOC_ID`,`RSC_ICA_ID`,`RSC_PRO_ID`,`RSC_TRA_ID`) values (70822917,'error.invalid_codetable_value_contractingbodytype','Value supplied is unacceptable for an element controlled by codelist ContractingBodyType',null,null,null,null,null);
Insert into `ETR_TB_MSG_RESPONSE_CODE` (`RSC_ID`,`RSC_CD`,`RSC_VAL`,`RSC_STS_CD`,`RSC_DOC_ID`,`RSC_ICA_ID`,`RSC_PRO_ID`,`RSC_TRA_ID`) values (70822923,'error.invalid_codetable_value_despatchadviceprojecttypecode','Value supplied is unacceptable for an element controlled by codelist DespatchAdviceProjectTypeCode',null,null,null,null,null);
Insert into `ETR_TB_MSG_RESPONSE_CODE` (`RSC_ID`,`RSC_CD`,`RSC_VAL`,`RSC_STS_CD`,`RSC_DOC_ID`,`RSC_ICA_ID`,`RSC_PRO_ID`,`RSC_TRA_ID`) values (70822989,'error.taxscheme_id_check','Element TaxScheme misses child element ID',null,null,null,null,null);
Insert into `ETR_TB_MSG_RESPONSE_CODE` (`RSC_ID`,`RSC_CD`,`RSC_VAL`,`RSC_STS_CD`,`RSC_DOC_ID`,`RSC_ICA_ID`,`RSC_PRO_ID`,`RSC_TRA_ID`) values (70823065,'error.tenderingprocess_procedurecode_profileexecutionid_q2t_check','When CallForTenders/TenderingProcess/ProcedureCode is equal to 2, 3, 4, 6, C, G, B, CallForTenders/ProfileExecutionID must be equal to ''Q2T''',null,null,null,null,null);
Insert into `ETR_TB_MSG_RESPONSE_CODE` (`RSC_ID`,`RSC_CD`,`RSC_VAL`,`RSC_STS_CD`,`RSC_DOC_ID`,`RSC_ICA_ID`,`RSC_PRO_ID`,`RSC_TRA_ID`) values (70823066,'error.tenderingprocess_procedurecode_profileexecutionid_qt_check','When CallForTenders/TenderingProcess/ProcedureCode is equal to 1 or 7, CallForTenders/ProfileExecutionID must be equal to ''QT''',null,null,null,null,null);
Insert into `ETR_TB_MSG_RESPONSE_CODE` (`RSC_ID`,`RSC_CD`,`RSC_VAL`,`RSC_STS_CD`,`RSC_DOC_ID`,`RSC_ICA_ID`,`RSC_PRO_ID`,`RSC_TRA_ID`) values (70823069,'error.tenderingprocess_procurementprojectlot_id_check','When CallForTenders/TenderingProcess/PartPresentationCode is equal to 1,2 or 3, ProcurementProjectLot/ID must exist and must not be empty',null,null,null,null,null);
Insert into `ETR_TB_MSG_RESPONSE_CODE` (`RSC_ID`,`RSC_CD`,`RSC_VAL`,`RSC_STS_CD`,`RSC_DOC_ID`,`RSC_ICA_ID`,`RSC_PRO_ID`,`RSC_TRA_ID`) values (70823071,'error.tenderingprocess_procurementprojectlot_name_check','When CallForTenders/TenderingProcess/PartPresentationCode is equal to 1,2 or 3, ProcurementProjectLot/ProcurementProject/Name must exist and must not be empty',null,null,null,null,null);
Insert into `ETR_TB_MSG_RESPONSE_CODE` (`RSC_ID`,`RSC_CD`,`RSC_VAL`,`RSC_STS_CD`,`RSC_DOC_ID`,`RSC_ICA_ID`,`RSC_PRO_ID`,`RSC_TRA_ID`) values (70823072,'error.tenderingterms_awardingmethodtypecode_lot_additional_check','When CFT has lots(CallForTenders/TenderingProcess/PartPresentationCode=1,2 or 3), CallForTenders/cac:TenderingTerms/cbc:AwardingMethodTypeCode may NOT exist',null,null,null,null,null);
Insert into `ETR_TB_MSG_RESPONSE_CODE` (`RSC_ID`,`RSC_CD`,`RSC_VAL`,`RSC_STS_CD`,`RSC_DOC_ID`,`RSC_ICA_ID`,`RSC_PRO_ID`,`RSC_TRA_ID`) values (70823073,'error.tenderingterms_awardingmethodtypecode_lot_check','When CFT has lots(CallForTenders/TenderingProcess/PartPresentationCode=1,2 or 3), for each ProcurementProjectLot, TenderingTerms/AwardingMethodTypeCode must be present and not empty',null,null,null,null,null);
Insert into `ETR_TB_MSG_RESPONSE_CODE` (`RSC_ID`,`RSC_CD`,`RSC_VAL`,`RSC_STS_CD`,`RSC_DOC_ID`,`RSC_ICA_ID`,`RSC_PRO_ID`,`RSC_TRA_ID`) values (70823074,'error.tenderingterms_awardingmethodtypecode_nolot_check','When CFT has no lots, AwardingMethodTypeCode in TenderingTerms must be present and not empty',null,null,null,null,null);
Insert into `ETR_TB_MSG_RESPONSE_CODE` (`RSC_ID`,`RSC_CD`,`RSC_VAL`,`RSC_STS_CD`,`RSC_DOC_ID`,`RSC_ICA_ID`,`RSC_PRO_ID`,`RSC_TRA_ID`) values (70823077,'error.tenderingterms_tenderrecipientparty_endpointid_check','TenderingTerms/TenderRecipientParty/EndpointID must be present and not empty',null,null,null,null,null);
Insert into `ETR_TB_MSG_RESPONSE_CODE` (`RSC_ID`,`RSC_CD`,`RSC_VAL`,`RSC_STS_CD`,`RSC_DOC_ID`,`RSC_ICA_ID`,`RSC_PRO_ID`,`RSC_TRA_ID`) values (70823078,'error.tenderingterms_tenderrecipientparty_endpointid_length_check','TenderingTerms/TenderRecipientParty/EndpointID cannot be longer than 250 characters',null,null,null,null,null);
Insert into `ETR_TB_MSG_RESPONSE_CODE` (`RSC_ID`,`RSC_CD`,`RSC_VAL`,`RSC_STS_CD`,`RSC_DOC_ID`,`RSC_ICA_ID`,`RSC_PRO_ID`,`RSC_TRA_ID`) values (70823079,'error.tenderingterms_tenderrecipientparty_endpointid_content_check','TenderingTerms/TenderRecipientParty/EndpointID contains an invalid character',null,null,null,null,null);
Insert into `ETR_TB_MSG_RESPONSE_CODE` (`RSC_ID`,`RSC_CD`,`RSC_VAL`,`RSC_STS_CD`,`RSC_DOC_ID`,`RSC_ICA_ID`,`RSC_PRO_ID`,`RSC_TRA_ID`) values (70823080,'error.tenderingterms_documentproviderparty_endpointid_check','TenderingTerms/DocumentProviderParty/EndpointID must be present and not empty',null,null,null,null,null);
Insert into `ETR_TB_MSG_RESPONSE_CODE` (`RSC_ID`,`RSC_CD`,`RSC_VAL`,`RSC_STS_CD`,`RSC_DOC_ID`,`RSC_ICA_ID`,`RSC_PRO_ID`,`RSC_TRA_ID`) values (70823081,'error.tenderingterms_documentproviderparty_endpointid_length_check','TenderingTerms/DocumentProviderParty/EndpointID cannot be longer than 250 characters',null,null,null,null,null);
Insert into `ETR_TB_MSG_RESPONSE_CODE` (`RSC_ID`,`RSC_CD`,`RSC_VAL`,`RSC_STS_CD`,`RSC_DOC_ID`,`RSC_ICA_ID`,`RSC_PRO_ID`,`RSC_TRA_ID`) values (70823082,'error.tenderingterms_documentproviderparty_endpointid_content_check','TenderingTerms/DocumentProviderParty/EndpointID contains an invalid character',null,null,null,null,null);
Insert into `ETR_TB_MSG_RESPONSE_CODE` (`RSC_ID`,`RSC_CD`,`RSC_VAL`,`RSC_STS_CD`,`RSC_DOC_ID`,`RSC_ICA_ID`,`RSC_PRO_ID`,`RSC_TRA_ID`) values (70823097,'error.invalid_codetable_value_tenderer_requirement_type_code','Value supplied is unacceptable for an element controlled by codelist SpecificTendererRequirementCode',null,null,null,null,null);
Insert into `ETR_TB_MSG_RESPONSE_CODE` (`RSC_ID`,`RSC_CD`,`RSC_VAL`,`RSC_STS_CD`,`RSC_DOC_ID`,`RSC_ICA_ID`,`RSC_PRO_ID`,`RSC_TRA_ID`) values (70823098,'error.specifictendererrequirement_tenderer_requirement_type_code_check','The TendererRequirementTypeCode in TenderingTerms/TendererQualificationRequest/SpecificTendererRequirement must be present and not empty',null,null,null,null,null);




insert into `ETR_TB_PROFILE`(`PRO_ID`,`CRE_DT`,`CRE_ID`,`MOD_DT`,`MOD_ID`,`PRO_NAME`,`PRO_NAMESPACE`,`PRO_CIA_ID`) values (1,null,null,null,null,'Invoice Only','BII-Profile-04-InvoiceOnly',null);
insert into `ETR_TB_PROFILE`(`PRO_ID`,`CRE_DT`,`CRE_ID`,`MOD_DT`,`MOD_ID`,`PRO_NAME`,`PRO_NAMESPACE`,`PRO_CIA_ID`) values (2,null,null,null,null,'Billing','BII-Profile-05-Billing',null);
insert into `ETR_TB_PROFILE`(`PRO_ID`,`CRE_DT`,`CRE_ID`,`MOD_DT`,`MOD_ID`,`PRO_NAME`,`PRO_NAMESPACE`,`PRO_CIA_ID`) values (3,null,null,null,null,'Bundle','Profile-Bundle',2);
insert into `ETR_TB_PROFILE`(`PRO_ID`,`CRE_DT`,`CRE_ID`,`MOD_DT`,`MOD_ID`,`PRO_NAME`,`PRO_NAMESPACE`,`PRO_CIA_ID`) values (4,'2014-01-28 08:16:31','derveol','2014-01-28 08:16:31','derveol','PreAward','Profile Pre Awarding',2);
insert into `ETR_TB_PROFILE`(`PRO_ID`,`CRE_DT`,`CRE_ID`,`MOD_DT`,`MOD_ID`,`PRO_NAME`,`PRO_NAMESPACE`,`PRO_CIA_ID`) values (5,'2014-01-28 08:16:31','derveol','2014-01-28 08:16:31','derveol','PreAwardInternal','Profile Pre Awarding for Contracting Authoriteis',2);
insert into `ETR_TB_PROFILE`(`PRO_ID`,`CRE_DT`,`CRE_ID`,`MOD_DT`,`MOD_ID`,`PRO_NAME`,`PRO_NAMESPACE`,`PRO_CIA_ID`) values (6,null,'almahfa',null,'almahfa','old Ordering - don''t use!','BII-Profile-Ordering',null);
insert into `ETR_TB_PROFILE`(`PRO_ID`,`CRE_DT`,`CRE_ID`,`MOD_DT`,`MOD_ID`,`PRO_NAME`,`PRO_NAMESPACE`,`PRO_CIA_ID`) values (7,'2014-01-28 08:16:31','derveol',null,null,'PDA','PDA services',2);
insert into `ETR_TB_PROFILE`(`PRO_ID`,`CRE_DT`,`CRE_ID`,`MOD_DT`,`MOD_ID`,`PRO_NAME`,`PRO_NAMESPACE`,`PRO_CIA_ID`) values (8,'2014-01-28 08:16:31','derveol','2014-01-28 08:16:31','derveol','eInvoicing','eProcurement-Invoicing',2);
insert into `ETR_TB_PROFILE`(`PRO_ID`,`CRE_DT`,`CRE_ID`,`MOD_DT`,`MOD_ID`,`PRO_NAME`,`PRO_NAMESPACE`,`PRO_CIA_ID`) values (9,'2014-01-28 08:16:31','derveol','2014-01-28 08:16:31','derveol','eOrdering','eProcurement-Ordering',2);
insert into `ETR_TB_PROFILE`(`PRO_ID`,`CRE_DT`,`CRE_ID`,`MOD_DT`,`MOD_ID`,`PRO_NAME`,`PRO_NAMESPACE`,`PRO_CIA_ID`) values (10,'2014-01-28 08:16:31','derveol','2014-01-28 08:16:31','derveol','eCatalogue','eProcurement-Catalogue',2);
insert into `ETR_TB_PROFILE`(`PRO_ID`,`CRE_DT`,`CRE_ID`,`MOD_DT`,`MOD_ID`,`PRO_NAME`,`PRO_NAMESPACE`,`PRO_CIA_ID`) values (11,'2014-01-28 08:16:31','derveol','2014-01-28 08:16:31','derveol','eRequest','eProcurement-Sourcing',2);
insert into `ETR_TB_PROFILE`(`PRO_ID`,`CRE_DT`,`CRE_ID`,`MOD_DT`,`MOD_ID`,`PRO_NAME`,`PRO_NAMESPACE`,`PRO_CIA_ID`) values (12,'2014-01-28 08:16:31','derveol','2014-01-28 08:16:31','derveol','Toolbox','Toolbox',2);
insert into `ETR_TB_PROFILE`(`PRO_ID`,`CRE_DT`,`CRE_ID`,`MOD_DT`,`MOD_ID`,`PRO_NAME`,`PRO_NAMESPACE`,`PRO_CIA_ID`) values (13,'2014-01-28 08:16:31','derveol','2014-01-28 08:16:31','derveol','eFulfilment','eProcurement-Fulfilment',2);
insert into `ETR_TB_PROFILE`(`PRO_ID`,`CRE_DT`,`CRE_ID`,`MOD_DT`,`MOD_ID`,`PRO_NAME`,`PRO_NAMESPACE`,`PRO_CIA_ID`) values (15,'2014-01-28 08:16:31','chiricr','2014-01-28 08:16:31','chiricr','Admin','Admin',2);


insert into `ETR_TB_PROFILE_BUSINESS_DOMAIN` (`PBD_PRO_ID`,`PBD_BD_ID`) values (1,1);
insert into `ETR_TB_PROFILE_BUSINESS_DOMAIN` (`PBD_PRO_ID`,`PBD_BD_ID`) values (2,1);
insert into `ETR_TB_PROFILE_BUSINESS_DOMAIN` (`PBD_PRO_ID`,`PBD_BD_ID`) values (3,1);
insert into `ETR_TB_PROFILE_BUSINESS_DOMAIN` (`PBD_PRO_ID`,`PBD_BD_ID`) values (3,3);
insert into `ETR_TB_PROFILE_BUSINESS_DOMAIN` (`PBD_PRO_ID`,`PBD_BD_ID`) values (3,4);
insert into `ETR_TB_PROFILE_BUSINESS_DOMAIN` (`PBD_PRO_ID`,`PBD_BD_ID`) values (4,1);
insert into `ETR_TB_PROFILE_BUSINESS_DOMAIN` (`PBD_PRO_ID`,`PBD_BD_ID`) values (5,1);
insert into `ETR_TB_PROFILE_BUSINESS_DOMAIN` (`PBD_PRO_ID`,`PBD_BD_ID`) values (6,1);
insert into `ETR_TB_PROFILE_BUSINESS_DOMAIN` (`PBD_PRO_ID`,`PBD_BD_ID`) values (7,1);
insert into `ETR_TB_PROFILE_BUSINESS_DOMAIN` (`PBD_PRO_ID`,`PBD_BD_ID`) values (8,1);
insert into `ETR_TB_PROFILE_BUSINESS_DOMAIN` (`PBD_PRO_ID`,`PBD_BD_ID`) values (9,1);
insert into `ETR_TB_PROFILE_BUSINESS_DOMAIN` (`PBD_PRO_ID`,`PBD_BD_ID`) values (10,1);
insert into `ETR_TB_PROFILE_BUSINESS_DOMAIN` (`PBD_PRO_ID`,`PBD_BD_ID`) values (11,1);
insert into `ETR_TB_PROFILE_BUSINESS_DOMAIN` (`PBD_PRO_ID`,`PBD_BD_ID`) values (12,1);
insert into `ETR_TB_PROFILE_BUSINESS_DOMAIN` (`PBD_PRO_ID`,`PBD_BD_ID`) values (13,1);
insert into `ETR_TB_PROFILE_BUSINESS_DOMAIN` (`PBD_PRO_ID`,`PBD_BD_ID`) values (15,1);
insert into `ETR_TB_PROFILE_BUSINESS_DOMAIN` (`PBD_PRO_ID`,`PBD_BD_ID`) values (15,3);
insert into `ETR_TB_PROFILE_BUSINESS_DOMAIN` (`PBD_PRO_ID`,`PBD_BD_ID`) values (15,4);


insert into `ETR_TB_ROLE` (`ROL_ID`,`ROL_CODE`,`ROL_NAME`,`CRE_DT`,`CRE_ID`,`MOD_DT`,`MOD_ID`,`ROL_IS_BIDIRECTIONAL`,`ROL_IS_TECHNICAL`) values (1,'SUP','Supplier','2013-10-24 10:43:01','orazisa','2013-10-24 10:43:01','orazisa',0,0);
insert into `ETR_TB_ROLE` (`ROL_ID`,`ROL_CODE`,`ROL_NAME`,`CRE_DT`,`CRE_ID`,`MOD_DT`,`MOD_ID`,`ROL_IS_BIDIRECTIONAL`,`ROL_IS_TECHNICAL`) values (2,'CUST','Customer','2013-10-24 10:43:01','orazisa','2013-10-24 10:43:01','orazisa',0,0);
insert into `ETR_TB_ROLE` (`ROL_ID`,`ROL_CODE`,`ROL_NAME`,`CRE_DT`,`CRE_ID`,`MOD_DT`,`MOD_ID`,`ROL_IS_BIDIRECTIONAL`,`ROL_IS_TECHNICAL`) values (3,'SYS','System','2013-10-24 10:43:01','orazisa','2013-10-24 10:43:01','orazisa',0,0);
insert into `ETR_TB_ROLE` (`ROL_ID`,`ROL_CODE`,`ROL_NAME`,`CRE_DT`,`CRE_ID`,`MOD_DT`,`MOD_ID`,`ROL_IS_BIDIRECTIONAL`,`ROL_IS_TECHNICAL`) values (4,'ANY','Any','2013-10-24 10:43:01','orazisa','2013-10-24 10:43:01','orazisa',1,0);
insert into `ETR_TB_ROLE` (`ROL_ID`,`ROL_CODE`,`ROL_NAME`,`CRE_DT`,`CRE_ID`,`MOD_DT`,`MOD_ID`,`ROL_IS_BIDIRECTIONAL`,`ROL_IS_TECHNICAL`) values (5,'ISS','Issuer','2013-10-24 10:43:01','orazisa','2013-10-24 10:43:01','orazisa',0,0);
insert into `ETR_TB_ROLE` (`ROL_ID`,`ROL_CODE`,`ROL_NAME`,`CRE_DT`,`CRE_ID`,`MOD_DT`,`MOD_ID`,`ROL_IS_BIDIRECTIONAL`,`ROL_IS_TECHNICAL`) values (6,'BUNE','BundleExchanger','2013-10-24 10:43:01','orazisa','2013-10-24 10:43:01','orazisa',1,0);
insert into `ETR_TB_ROLE` (`ROL_ID`,`ROL_CODE`,`ROL_NAME`,`CRE_DT`,`CRE_ID`,`MOD_DT`,`MOD_ID`,`ROL_IS_BIDIRECTIONAL`,`ROL_IS_TECHNICAL`) values (7,'CA','ContractingAuthority','2013-10-24 10:43:01','derveol','2013-10-24 10:43:01','derveol',1,0);
insert into `ETR_TB_ROLE` (`ROL_ID`,`ROL_CODE`,`ROL_NAME`,`CRE_DT`,`CRE_ID`,`MOD_DT`,`MOD_ID`,`ROL_IS_BIDIRECTIONAL`,`ROL_IS_TECHNICAL`) values (8,'EO','EconomicOperator','2013-10-24 10:43:01','derveol','2013-10-24 10:43:01','derveol',0,0);
insert into `ETR_TB_ROLE` (`ROL_ID`,`ROL_CODE`,`ROL_NAME`,`CRE_DT`,`CRE_ID`,`MOD_DT`,`MOD_ID`,`ROL_IS_BIDIRECTIONAL`,`ROL_IS_TECHNICAL`) values (9,'PDA','PDAUser','2013-10-24 10:43:01','derveol',null,null,1,0);
insert into `ETR_TB_ROLE` (`ROL_ID`,`ROL_CODE`,`ROL_NAME`,`CRE_DT`,`CRE_ID`,`MOD_DT`,`MOD_ID`,`ROL_IS_BIDIRECTIONAL`,`ROL_IS_TECHNICAL`) values (11,'CP','ConfigurationPublisher','2013-10-24 10:43:01','almahfa','2013-10-24 10:43:01','almahfa',0,0);
insert into `ETR_TB_ROLE` (`ROL_ID`,`ROL_CODE`,`ROL_NAME`,`CRE_DT`,`CRE_ID`,`MOD_DT`,`MOD_ID`,`ROL_IS_BIDIRECTIONAL`,`ROL_IS_TECHNICAL`) values (12,'CS','ConfigurationSubscriber','2013-10-24 10:43:01','almahfa','2013-10-24 10:43:01','almahfa',0,0);
insert into `ETR_TB_ROLE` (`ROL_ID`,`ROL_CODE`,`ROL_NAME`,`CRE_DT`,`CRE_ID`,`MOD_DT`,`MOD_ID`,`ROL_IS_BIDIRECTIONAL`,`ROL_IS_TECHNICAL`) values (13,'TRUSTED','Trusted','2013-10-24 10:43:01','chiricr','2013-10-24 10:43:01','chiricr',0,0);



insert into `ETR_TB_STATE_MACHINE`(`SM_ID`,`SM_DEFINITION`) values (1,'<scxml version="1.0" initialstate="RECEIVED" xmlns="http://www.w3.org/2005/07/scxml"> 	<state id="RECEIVED"> 		<transition event="7" target="READ" />		<transition event="4" target="FAILED" /> 	</state> 	<state id="READ" final="true" />	<state id="FAILED" final="true" /> </scxml>');
insert into `ETR_TB_STATE_MACHINE`(`SM_ID`,`SM_DEFINITION`) values (2,'<scxml version="1.0" initialstate="RECEIVED" xmlns="http://www.w3.org/2005/07/scxml"> 	<state id="RECEIVED"> 		<transition event="1" target="PROCESSED" />		<transition event="2" target="REJECTED" /> 	</state> 	<state id="PROCESSED" final="true" />	<state id="REJECTED" final="true" /> </scxml>');
insert into `ETR_TB_STATE_MACHINE`(`SM_ID`,`SM_DEFINITION`) values (3,'<scxml version="1.0" initialstate="RECEIVED" xmlns="http://www.w3.org/2005/07/scxml"> 	<state id="RECEIVED"> 		<transition event="1" target="APPROVED" />		<transition event="2" target="REJECTED" /> 	</state> 	<state id="APPROVED" final="true" />	<state id="REJECTED" final="true" /> </scxml>');
insert into `ETR_TB_STATE_MACHINE`(`SM_ID`,`SM_DEFINITION`) values (4,'<scxml version="1.0" initialstate="RECEIVED" xmlns="http://www.w3.org/2005/07/scxml"> 	<state id="RECEIVED"> 		<transition event="1" target="PROCESSED" />		<transition event="2" target="REJECTED" />		<transition event="7" target="REJECTED" /> 	</state> 	<state id="APPROVED" final="true" />	<state id="REJECTED" final="true" /> </scxml>');
insert into `ETR_TB_STATE_MACHINE`(`SM_ID`,`SM_DEFINITION`) values (5,'<scxml version="1.0" initialstate="RECEIVED" xmlns="http://www.w3.org/2005/07/scxml"> 	<state id="RECEIVED"> 		<transition event="1" target="PROCESSED" />		<transition event="2" target="REJECTED" />		<transition event="7" target="CANCELLED" /> 	</state> 	<state id="PROCESSED" final="true" />	<state id="REJECTED" final="true" />	<state id="CANCELLED" final="true" /> </scxml>');
insert into `ETR_TB_STATE_MACHINE`(`SM_ID`,`SM_DEFINITION`) values (6,'<scxml version="1.0" initialstate="RECEIVED" xmlns="http://www.w3.org/2005/07/scxml"> 	<state id="RECEIVED"> 		<transition event="ACCEPT" target="ACCEPTED" />		<transition event="REJECT" target="REJECTED" /> 	</state>	<state id="ACCEPTED"> 		<transition event="PROCESS" target="PROCESSED" />		<transition event="REJECT" target="REJECTED" /> 	</state>	<state id="PROCESSED">		<transition event="REJECT" target="REJECTED" /> 	</state>	<state id="REJECTED" final="true" /> </scxml>');
insert into `ETR_TB_STATE_MACHINE`(`SM_ID`,`SM_DEFINITION`) values (7,'<scxml version="1.0" initialstate="RECEIVED" xmlns="http://www.w3.org/2005/07/scxml"> 	<state id="RECEIVED"> 		<transition event="7" target="ARCHIVED" />		<transition event="4" target="FAILED" /> 	</state> 	<state id="ARCHIVED" final="true" />	<state id="FAILED" final="true" /> </scxml>');


Insert into `ETR_TB_DOCUMENT` (`DOC_ID`,`DOC_LOCAL_NAME`,`DOC_NAME`,`DOC_NAMESPACE`,`DOC_VERSION`,`DOC_TYPE_CD`,`DOC_SM_ID`) values (1,'Invoice','Invoice','urn:oasis:names:specification:ubl:schema:xsd:Invoice-2','2.0','380',2);
Insert into `ETR_TB_DOCUMENT` (`DOC_ID`,`DOC_LOCAL_NAME`,`DOC_NAME`,`DOC_NAMESPACE`,`DOC_VERSION`,`DOC_TYPE_CD`,`DOC_SM_ID`) values (2,'CreditNote','CreditNote','urn:oasis:names:specification:ubl:schema:xsd:CreditNote-2','2.0','81',2);
Insert into `ETR_TB_DOCUMENT` (`DOC_ID`,`DOC_LOCAL_NAME`,`DOC_NAME`,`DOC_NAMESPACE`,`DOC_VERSION`,`DOC_TYPE_CD`,`DOC_SM_ID`) values (3,'ApplicationResponse','ApplicationResponse','urn:oasis:names:specification:ubl:schema:xsd:ApplicationResponse-2','2.0','301',null);
Insert into `ETR_TB_DOCUMENT` (`DOC_ID`,`DOC_LOCAL_NAME`,`DOC_NAME`,`DOC_NAMESPACE`,`DOC_VERSION`,`DOC_TYPE_CD`,`DOC_SM_ID`) values (4,'InboxRequest','InboxRequest','ec:schema:xsd:InboxRequest-2','2','21',null);
Insert into `ETR_TB_DOCUMENT` (`DOC_ID`,`DOC_LOCAL_NAME`,`DOC_NAME`,`DOC_NAMESPACE`,`DOC_VERSION`,`DOC_TYPE_CD`,`DOC_SM_ID`) values (5,'DocumentWrapper','DocumentWrapper','ec:schema:xsd:DocumentWrapper-1','1','DWR',null);
Insert into `ETR_TB_DOCUMENT` (`DOC_ID`,`DOC_LOCAL_NAME`,`DOC_NAME`,`DOC_NAMESPACE`,`DOC_VERSION`,`DOC_TYPE_CD`,`DOC_SM_ID`) values (6,'DocumentWrapperRequest','DocumentWrapperRequest','ec:schema:xsd:DocumentWrapperRequest-1','1','DWR',null);
Insert into `ETR_TB_DOCUMENT` (`DOC_ID`,`DOC_LOCAL_NAME`,`DOC_NAME`,`DOC_NAMESPACE`,`DOC_VERSION`,`DOC_TYPE_CD`,`DOC_SM_ID`) values (7,'DocumentBundle','DocumentBundle','ec:schema:xsd:DocumentBundle-1','1','BDL',1);
Insert into `ETR_TB_DOCUMENT` (`DOC_ID`,`DOC_LOCAL_NAME`,`DOC_NAME`,`DOC_NAMESPACE`,`DOC_VERSION`,`DOC_TYPE_CD`,`DOC_SM_ID`) values (8,'RetrieveRequest','RetrieveRequest','ec:schema:xsd:RetrieveRequest-2','2.0','21',null);
Insert into `ETR_TB_DOCUMENT` (`DOC_ID`,`DOC_LOCAL_NAME`,`DOC_NAME`,`DOC_NAMESPACE`,`DOC_VERSION`,`DOC_TYPE_CD`,`DOC_SM_ID`) values (9,'AttachedDocument','AttachedDocument','urn:oasis:names:specification:ubl:schema:xsd:AttachedDocument-2','2.0','916',2);
Insert into `ETR_TB_DOCUMENT` (`DOC_ID`,`DOC_LOCAL_NAME`,`DOC_NAME`,`DOC_NAMESPACE`,`DOC_VERSION`,`DOC_TYPE_CD`,`DOC_SM_ID`) values (10,'StatusRequest','StatusRequest','ec:schema:xsd:StatusRequest-2','2.0','21',null);
Insert into `ETR_TB_DOCUMENT` (`DOC_ID`,`DOC_LOCAL_NAME`,`DOC_NAME`,`DOC_NAMESPACE`,`DOC_VERSION`,`DOC_TYPE_CD`,`DOC_SM_ID`) values (11,'QueryRequest','QueryRequest','ec:schema:xsd:QueryRequest-2','2.0','21',null);
Insert into `ETR_TB_DOCUMENT` (`DOC_ID`,`DOC_LOCAL_NAME`,`DOC_NAME`,`DOC_NAMESPACE`,`DOC_VERSION`,`DOC_TYPE_CD`,`DOC_SM_ID`) values (12,'RetrieveInterchangeAgreementsRequest','RetrieveInterchangeAgreementsRequest','ec:schema:xsd:RetrieveInterchangeAgreementsRequest-2','2.0','21',null);
Insert into `ETR_TB_DOCUMENT` (`DOC_ID`,`DOC_LOCAL_NAME`,`DOC_NAME`,`DOC_NAMESPACE`,`DOC_VERSION`,`DOC_TYPE_CD`,`DOC_SM_ID`) values (13,'DocumentBundle','DocumentBundle','ec:schema:xsd:DocumentBundleJustice-1','1','JUS',1);
Insert into `ETR_TB_DOCUMENT` (`DOC_ID`,`DOC_LOCAL_NAME`,`DOC_NAME`,`DOC_NAMESPACE`,`DOC_VERSION`,`DOC_TYPE_CD`,`DOC_SM_ID`) values (14,'QueryRequest','QueryRequest','ec:schema:xsd:QueryRequestJustice-2','2.0','21',null);
Insert into `ETR_TB_DOCUMENT` (`DOC_ID`,`DOC_LOCAL_NAME`,`DOC_NAME`,`DOC_NAMESPACE`,`DOC_VERSION`,`DOC_TYPE_CD`,`DOC_SM_ID`) values (15,'StatusRequest','StatusRequest','ec:schema:xsd:StatusRequest-0.1','0.1','21',null);
Insert into `ETR_TB_DOCUMENT` (`DOC_ID`,`DOC_LOCAL_NAME`,`DOC_NAME`,`DOC_NAMESPACE`,`DOC_VERSION`,`DOC_TYPE_CD`,`DOC_SM_ID`) values (16,'Shortlist','Shortlist','ec:schema:xsd:Shortlist-0.1','0.1','ITT',3);
Insert into `ETR_TB_DOCUMENT` (`DOC_ID`,`DOC_LOCAL_NAME`,`DOC_NAME`,`DOC_NAMESPACE`,`DOC_VERSION`,`DOC_TYPE_CD`,`DOC_SM_ID`) values (17,'TenderReceipt','TenderReceipt','urn:oasis:names:specification:ubl:schema:xsd:TenderReceipt-2','2.1','ATR',null);
Insert into `ETR_TB_DOCUMENT` (`DOC_ID`,`DOC_LOCAL_NAME`,`DOC_NAME`,`DOC_NAMESPACE`,`DOC_VERSION`,`DOC_TYPE_CD`,`DOC_SM_ID`) values (18,'CallForTenders','CallForTenders','urn:oasis:names:specification:ubl:schema:xsd:CallForTenders-2','2.0','443',3);
Insert into `ETR_TB_DOCUMENT` (`DOC_ID`,`DOC_LOCAL_NAME`,`DOC_NAME`,`DOC_NAMESPACE`,`DOC_VERSION`,`DOC_TYPE_CD`,`DOC_SM_ID`) values (19,'RetrieveRequest','RetrieveRequest','ec:schema:xsd:RetrieveRequest-0.1','0.1','21',null);
Insert into `ETR_TB_DOCUMENT` (`DOC_ID`,`DOC_LOCAL_NAME`,`DOC_NAME`,`DOC_NAMESPACE`,`DOC_VERSION`,`DOC_TYPE_CD`,`DOC_SM_ID`) values (20,'TendererQualificationResponse','TendererQualificationResponse','urn:oasis:names:specification:ubl:schema:xsd:TendererQualificationResponse-2','2.1','TQR',null);
Insert into `ETR_TB_DOCUMENT` (`DOC_ID`,`DOC_LOCAL_NAME`,`DOC_NAME`,`DOC_NAMESPACE`,`DOC_VERSION`,`DOC_TYPE_CD`,`DOC_SM_ID`) values (21,'CreateParty','CreateParty','ec:schema:xsd:CreateParty-2','2.0','21',null);
Insert into `ETR_TB_DOCUMENT` (`DOC_ID`,`DOC_LOCAL_NAME`,`DOC_NAME`,`DOC_NAMESPACE`,`DOC_VERSION`,`DOC_TYPE_CD`,`DOC_SM_ID`) values (22,'CreateInterchangeAgreement','CreateInterchangeAgreement','ec:schema:xsd:CreateInterchangeAgreement-2','2.0','21',null);
Insert into `ETR_TB_DOCUMENT` (`DOC_ID`,`DOC_LOCAL_NAME`,`DOC_NAME`,`DOC_NAMESPACE`,`DOC_VERSION`,`DOC_TYPE_CD`,`DOC_SM_ID`) values (23,'InboxRequest','InboxRequest','ec:schema:xsd:InboxRequest-0.1','0.1','21',null);
Insert into `ETR_TB_DOCUMENT` (`DOC_ID`,`DOC_LOCAL_NAME`,`DOC_NAME`,`DOC_NAMESPACE`,`DOC_VERSION`,`DOC_TYPE_CD`,`DOC_SM_ID`) values (24,'QueryRequest','QueryRequest','ec:schema:xsd:QueryRequest-0.2','0.2','21',null);
Insert into `ETR_TB_DOCUMENT` (`DOC_ID`,`DOC_LOCAL_NAME`,`DOC_NAME`,`DOC_NAMESPACE`,`DOC_VERSION`,`DOC_TYPE_CD`,`DOC_SM_ID`) values (25,'ViewRequest','ViewRequest','ec:schema:xsd:ViewRequest-0.1','0.1','21',null);
Insert into `ETR_TB_DOCUMENT` (`DOC_ID`,`DOC_LOCAL_NAME`,`DOC_NAME`,`DOC_NAMESPACE`,`DOC_VERSION`,`DOC_TYPE_CD`,`DOC_SM_ID`) values (27,'QueryRequest','QueryRequest','ec:schema:xsd:QueryRequest-0.1','0.1','21',null);
Insert into `ETR_TB_DOCUMENT` (`DOC_ID`,`DOC_LOCAL_NAME`,`DOC_NAME`,`DOC_NAMESPACE`,`DOC_VERSION`,`DOC_TYPE_CD`,`DOC_SM_ID`) values (28,'Order','Order','urn:oasis:names:specification:ubl:schema:xsd:Order-2','2.0','220',6);
Insert into `ETR_TB_DOCUMENT` (`DOC_ID`,`DOC_LOCAL_NAME`,`DOC_NAME`,`DOC_NAMESPACE`,`DOC_VERSION`,`DOC_TYPE_CD`,`DOC_SM_ID`) values (29,'Catalogue','Catalogue','urn:oasis:names:specification:ubl:schema:xsd:Catalogue-2','2.0','9',3);
Insert into `ETR_TB_DOCUMENT` (`DOC_ID`,`DOC_LOCAL_NAME`,`DOC_NAME`,`DOC_NAMESPACE`,`DOC_VERSION`,`DOC_TYPE_CD`,`DOC_SM_ID`) values (30,'ViewRequest','ViewRequest','ec:schema:xsd:ViewRequest-2','2.0','21',null);
Insert into `ETR_TB_DOCUMENT` (`DOC_ID`,`DOC_LOCAL_NAME`,`DOC_NAME`,`DOC_NAMESPACE`,`DOC_VERSION`,`DOC_TYPE_CD`,`DOC_SM_ID`) values (50,'Willingness','Willingness','ec:schema:xsd:Willingness-0.1','0.1','ADT1',3);
Insert into `ETR_TB_DOCUMENT` (`DOC_ID`,`DOC_LOCAL_NAME`,`DOC_NAME`,`DOC_NAMESPACE`,`DOC_VERSION`,`DOC_TYPE_CD`,`DOC_SM_ID`) values (51,'Acknowledgement','Acknowledgement','ec:schema:xsd:Acknowledgement-0.1','0.1','312',3);
Insert into `ETR_TB_DOCUMENT` (`DOC_ID`,`DOC_LOCAL_NAME`,`DOC_NAME`,`DOC_NAMESPACE`,`DOC_VERSION`,`DOC_TYPE_CD`,`DOC_SM_ID`) values (52,'Proposal','Proposal','ec:schema:xsd:Proposal-0.1','0.1','ADT3',3);
Insert into `ETR_TB_DOCUMENT` (`DOC_ID`,`DOC_LOCAL_NAME`,`DOC_NAME`,`DOC_NAMESPACE`,`DOC_VERSION`,`DOC_TYPE_CD`,`DOC_SM_ID`) values (53,'Quotation','Quotation','ec:schema:xsd:Quotation-0.1','0.1','310',3);
Insert into `ETR_TB_DOCUMENT` (`DOC_ID`,`DOC_LOCAL_NAME`,`DOC_NAME`,`DOC_NAMESPACE`,`DOC_VERSION`,`DOC_TYPE_CD`,`DOC_SM_ID`) values (54,'QuotationRequest','QuotationRequest','ec:schema:xsd:QuotationRequest-0.1','0.1','ADT4',3);
Insert into `ETR_TB_DOCUMENT` (`DOC_ID`,`DOC_LOCAL_NAME`,`DOC_NAME`,`DOC_NAMESPACE`,`DOC_VERSION`,`DOC_TYPE_CD`,`DOC_SM_ID`) values (55,'RequestForQuotation','RequestForQuotation','ec:schema:xsd:RequestForQuotation-0.1','0.1','311',5);
Insert into `ETR_TB_DOCUMENT` (`DOC_ID`,`DOC_LOCAL_NAME`,`DOC_NAME`,`DOC_NAMESPACE`,`DOC_VERSION`,`DOC_TYPE_CD`,`DOC_SM_ID`) values (56,'Reminder','Reminder','urn:oasis:names:specification:ubl:schema:xsd:Reminder-2','2.0','71',3);
Insert into `ETR_TB_DOCUMENT` (`DOC_ID`,`DOC_LOCAL_NAME`,`DOC_NAME`,`DOC_NAMESPACE`,`DOC_VERSION`,`DOC_TYPE_CD`,`DOC_SM_ID`) values (57,'OrderResponseSimple','OrderResponseSimple','urn:oasis:names:specification:ubl:schema:xsd:OrderResponseSimple-2','2.0','231',null);
Insert into `ETR_TB_DOCUMENT` (`DOC_ID`,`DOC_LOCAL_NAME`,`DOC_NAME`,`DOC_NAMESPACE`,`DOC_VERSION`,`DOC_TYPE_CD`,`DOC_SM_ID`) values (59,'OrderChange','OrderChange','urn:oasis:names:specification:ubl:schema:xsd:OrderChange-2','2.0','230',null);
Insert into `ETR_TB_DOCUMENT` (`DOC_ID`,`DOC_LOCAL_NAME`,`DOC_NAME`,`DOC_NAMESPACE`,`DOC_VERSION`,`DOC_TYPE_CD`,`DOC_SM_ID`) values (60,'OrderCancellation','OrderCancellation','urn:oasis:names:specification:ubl:schema:xsd:OrderCancellation-2','2.0','406',null);
Insert into `ETR_TB_DOCUMENT` (`DOC_ID`,`DOC_LOCAL_NAME`,`DOC_NAME`,`DOC_NAMESPACE`,`DOC_VERSION`,`DOC_TYPE_CD`,`DOC_SM_ID`) values (61,'AdhocS2C','AdhocS2C','ec:schema:xsd:AdhocS2C-0.1','0.1','ADT5',3);
Insert into `ETR_TB_DOCUMENT` (`DOC_ID`,`DOC_LOCAL_NAME`,`DOC_NAME`,`DOC_NAMESPACE`,`DOC_VERSION`,`DOC_TYPE_CD`,`DOC_SM_ID`) values (62,'ProposalRequest','ProposalRequest','ec:schema:xsd:ProposalRequest-0.1','0.1','ADT2',3);
Insert into `ETR_TB_DOCUMENT` (`DOC_ID`,`DOC_LOCAL_NAME`,`DOC_NAME`,`DOC_NAMESPACE`,`DOC_VERSION`,`DOC_TYPE_CD`,`DOC_SM_ID`) values (63,'DownloadOrganizationUsersRequest','DownloadOrganizationUsersRequest','ec:schema:xsd:DownloadOrganizationUsersRequest-0.1','0.1','DOU1',3);
Insert into `ETR_TB_DOCUMENT` (`DOC_ID`,`DOC_LOCAL_NAME`,`DOC_NAME`,`DOC_NAMESPACE`,`DOC_VERSION`,`DOC_TYPE_CD`,`DOC_SM_ID`) values (64,'DownloadOrganizationUsersResponse','DownloadOrganizationUsersResponse','ec:schema:xsd:DownloadOrganizationUsersResponse-0.1','0.1','DOU2',3);
Insert into `ETR_TB_DOCUMENT` (`DOC_ID`,`DOC_LOCAL_NAME`,`DOC_NAME`,`DOC_NAMESPACE`,`DOC_VERSION`,`DOC_TYPE_CD`,`DOC_SM_ID`) values (65,'DownloadTrackingFilesRequest','DownloadTrackingFilesRequest','ec:schema:xsd:DownloadTrackingFilesRequest-0.1','0.1','DTF1',3);
Insert into `ETR_TB_DOCUMENT` (`DOC_ID`,`DOC_LOCAL_NAME`,`DOC_NAME`,`DOC_NAMESPACE`,`DOC_VERSION`,`DOC_TYPE_CD`,`DOC_SM_ID`) values (66,'DownloadTrackingFilesResponse','DownloadTrackingFilesResponse','ec:schema:xsd:DownloadTrackingFilesResponse-0.1','0.1','DTF2',3);
Insert into `ETR_TB_DOCUMENT` (`DOC_ID`,`DOC_LOCAL_NAME`,`DOC_NAME`,`DOC_NAMESPACE`,`DOC_VERSION`,`DOC_TYPE_CD`,`DOC_SM_ID`) values (67,'UpdateTrackingFilesStepRequest','UpdateTrackingFilesStepRequest','ec:schema:xsd:UpdateTrackingFilesStepRequest-0.1','0.1','STF1',3);
Insert into `ETR_TB_DOCUMENT` (`DOC_ID`,`DOC_LOCAL_NAME`,`DOC_NAME`,`DOC_NAMESPACE`,`DOC_VERSION`,`DOC_TYPE_CD`,`DOC_SM_ID`) values (68,'UpdateTrackingFilesStepResponse','UpdateTrackingFilesStepResponse','ec:schema:xsd:UpdateTrackingFilesStepResponse-0.1','0.1','STF2',3);
Insert into `ETR_TB_DOCUMENT` (`DOC_ID`,`DOC_LOCAL_NAME`,`DOC_NAME`,`DOC_NAMESPACE`,`DOC_VERSION`,`DOC_TYPE_CD`,`DOC_SM_ID`) values (69,'UploadTrackingFilesRequest','UploadTrackingFilesRequest','ec:schema:xsd:UploadTrackingFilesRequest-0.1','0.1','UTF1',3);
Insert into `ETR_TB_DOCUMENT` (`DOC_ID`,`DOC_LOCAL_NAME`,`DOC_NAME`,`DOC_NAMESPACE`,`DOC_VERSION`,`DOC_TYPE_CD`,`DOC_SM_ID`) values (70,'UploadTrackingFilesResponse','UploadTrackingFilesResponse','ec:schema:xsd:UploadTrackingFilesResponse-0.1','0.1','UTF2',3);
Insert into `ETR_TB_DOCUMENT` (`DOC_ID`,`DOC_LOCAL_NAME`,`DOC_NAME`,`DOC_NAMESPACE`,`DOC_VERSION`,`DOC_TYPE_CD`,`DOC_SM_ID`) values (71,'DespatchAdvice','DespatchAdvice','urn:oasis:names:specification:ubl:schema:xsd:DespatchAdvice-2','2.0','351',3);
Insert into `ETR_TB_DOCUMENT` (`DOC_ID`,`DOC_LOCAL_NAME`,`DOC_NAME`,`DOC_NAMESPACE`,`DOC_VERSION`,`DOC_TYPE_CD`,`DOC_SM_ID`) values (72,'ReceiptAdvice','ReceiptAdvice','urn:oasis:names:specification:ubl:schema:xsd:ReceiptAdvice-2','2.0','632',3);
Insert into `ETR_TB_DOCUMENT` (`DOC_ID`,`DOC_LOCAL_NAME`,`DOC_NAME`,`DOC_NAMESPACE`,`DOC_VERSION`,`DOC_TYPE_CD`,`DOC_SM_ID`) values (73,'AdhocC2S','AdhocC2S','ec:schema:xsd:AdhocC2S-0.1','0.1','ADT6',3);
Insert into `ETR_TB_DOCUMENT` (`DOC_ID`,`DOC_LOCAL_NAME`,`DOC_NAME`,`DOC_NAMESPACE`,`DOC_VERSION`,`DOC_TYPE_CD`,`DOC_SM_ID`) values (75,'EventNotification','EventNotification','ec:schema:xsd:EventNotification-1','1.0','EVN',null);
Insert into `ETR_TB_DOCUMENT` (`DOC_ID`,`DOC_LOCAL_NAME`,`DOC_NAME`,`DOC_NAMESPACE`,`DOC_VERSION`,`DOC_TYPE_CD`,`DOC_SM_ID`) values (76,'EvidencesRequest','EvidencesRequest','ec:schema:xsd:EvidencesRequest-0.1','0.1','RFE',3);
Insert into `ETR_TB_DOCUMENT` (`DOC_ID`,`DOC_LOCAL_NAME`,`DOC_NAME`,`DOC_NAMESPACE`,`DOC_VERSION`,`DOC_TYPE_CD`,`DOC_SM_ID`) values (77,'BasicQualification','Evidences','ec:schema:xsd:BasicQualification-0.1','0.1','EVI',3);
Insert into `ETR_TB_DOCUMENT` (`DOC_ID`,`DOC_LOCAL_NAME`,`DOC_NAME`,`DOC_NAMESPACE`,`DOC_VERSION`,`DOC_TYPE_CD`,`DOC_SM_ID`) values (78,'TenderingAnswers','TenderClarification','ec:schema:xsd:TenderingAnswers-0.1','0.1','TCL',3);
Insert into `ETR_TB_DOCUMENT` (`DOC_ID`,`DOC_LOCAL_NAME`,`DOC_NAME`,`DOC_NAMESPACE`,`DOC_VERSION`,`DOC_TYPE_CD`,`DOC_SM_ID`) values (79,'TenderingQuestions','TenderClarificationRequest','ec:schema:xsd:TenderingQuestions-0.1','0.1','RTC',3);
Insert into `ETR_TB_DOCUMENT` (`DOC_ID`,`DOC_LOCAL_NAME`,`DOC_NAME`,`DOC_NAMESPACE`,`DOC_VERSION`,`DOC_TYPE_CD`,`DOC_SM_ID`) values (82,'AwardingNotification','AwardingNotificationRequest','ec:schema:xsd:AwardingNotification-0.1','0.1','AWA',3);
Insert into `ETR_TB_DOCUMENT` (`DOC_ID`,`DOC_LOCAL_NAME`,`DOC_NAME`,`DOC_NAMESPACE`,`DOC_VERSION`,`DOC_TYPE_CD`,`DOC_SM_ID`) values (83,'Contract','ContractRequest','ec:schema:xsd:Contract-0.1','0.1','DRC',3);
Insert into `ETR_TB_DOCUMENT` (`DOC_ID`,`DOC_LOCAL_NAME`,`DOC_NAME`,`DOC_NAMESPACE`,`DOC_VERSION`,`DOC_TYPE_CD`,`DOC_SM_ID`) values (101,'ArchiveDocumentRequest','ArchiveDocumentRequest','ec:schema:xsd:ArchiveDocumentRequest-1','1.0','ARQ',7);
Insert into `ETR_TB_DOCUMENT` (`DOC_ID`,`DOC_LOCAL_NAME`,`DOC_NAME`,`DOC_NAMESPACE`,`DOC_VERSION`,`DOC_TYPE_CD`,`DOC_SM_ID`) values (102,'ArchiveDocumentResponse','ArchiveDocumentResponse','ec:schema:xsd:ArchiveDocumentResponse-1','1.0','ARS',null);
Insert into `ETR_TB_DOCUMENT` (`DOC_ID`,`DOC_LOCAL_NAME`,`DOC_NAME`,`DOC_NAMESPACE`,`DOC_VERSION`,`DOC_TYPE_CD`,`DOC_SM_ID`) values (103,'DeleteDocument','DeleteDocument','ec:schema:xsd:DeleteDocument-1','1.0','DEL',null);
Insert into `ETR_TB_DOCUMENT` (`DOC_ID`,`DOC_LOCAL_NAME`,`DOC_NAME`,`DOC_NAMESPACE`,`DOC_VERSION`,`DOC_TYPE_CD`,`DOC_SM_ID`) values (104,'PDAInformationRequest','PDAInformationRequest','ec:schema:xsd:PDAInformationRequest-0.1','0.1','PIR1',3);
Insert into `ETR_TB_DOCUMENT` (`DOC_ID`,`DOC_LOCAL_NAME`,`DOC_NAME`,`DOC_NAMESPACE`,`DOC_VERSION`,`DOC_TYPE_CD`,`DOC_SM_ID`) values (105,'PDAInformationResponse','PDAInformationResponse','ec:schema:xsd:PDAInformationResponse-0.1','0.1','PIR2',3);
Insert into `ETR_TB_DOCUMENT` (`DOC_ID`,`CRE_DT`,`CRE_ID`,`MOD_DT`,`MOD_ID`,`DOC_TYPE_CD`,`DOC_LOCAL_NAME`,`DOC_NAME`,`DOC_NAMESPACE`,`DOC_VERSION`,`DOC_SM_ID`) values (117,null,'almahfa',null,'almahfa','380','Invoice','Invoice','urn:oasis:names:specification:ubl:schema:xsd:Invoice-2','2.1',2);
Insert into `ETR_TB_DOCUMENT` (`DOC_ID`,`CRE_DT`,`CRE_ID`,`MOD_DT`,`MOD_ID`,`DOC_TYPE_CD`,`DOC_LOCAL_NAME`,`DOC_NAME`,`DOC_NAMESPACE`,`DOC_VERSION`,`DOC_SM_ID`) values (118,null,'almahfa',null,'almahfa','81','CreditNote','CreditNote','urn:oasis:names:specification:ubl:schema:xsd:CreditNote-2','2.1',2);
Insert into `ETR_TB_DOCUMENT` (`DOC_ID`,`CRE_DT`,`CRE_ID`,`MOD_DT`,`MOD_ID`,`DOC_TYPE_CD`,`DOC_LOCAL_NAME`,`DOC_NAME`,`DOC_NAMESPACE`,`DOC_VERSION`,`DOC_SM_ID`) values (119,null,'almahfa',null,'almahfa','443','CallForTenders','CallForTenders','urn:oasis:names:specification:ubl:schema:xsd:CallForTenders-2','2.1',3);
Insert into `ETR_TB_DOCUMENT` (`DOC_ID`,`CRE_DT`,`CRE_ID`,`MOD_DT`,`MOD_ID`,`DOC_TYPE_CD`,`DOC_LOCAL_NAME`,`DOC_NAME`,`DOC_NAMESPACE`,`DOC_VERSION`,`DOC_SM_ID`) values (120,null,'almahfa',null,'almahfa','ATR','TenderReceipt','TenderReceipt','urn:oasis:names:specification:ubl:schema:xsd:TenderReceipt-2','2.1',null);
Insert into `ETR_TB_DOCUMENT` (`DOC_ID`,`CRE_DT`,`CRE_ID`,`MOD_DT`,`MOD_ID`,`DOC_TYPE_CD`,`DOC_LOCAL_NAME`,`DOC_NAME`,`DOC_NAMESPACE`,`DOC_VERSION`,`DOC_SM_ID`) values (121,null,'almahfa',null,'almahfa','TQR','TendererQualificationResponse','TendererQualificationResponse','urn:oasis:names:specification:ubl:schema:xsd:TendererQualificationResponse-2','2.1',null);




Insert into `ETR_TB_TRANSACTION` (`TRA_ID`,`TRA_NAME`,`TRA_REQ_LOCAL_NAME`,`TRA_NAMESPACE`,`TRA_RES_LOCAL_NAME`,`TRA_VERSION`,`TRA_CIA_ID`,`TRA_DOC_ID`,`TRA_REC_ROL_ID`,`TRA_SEN_ROL_ID`,`TRA_TYPE_CD`) values (1,'SubmitInvoice_INACTIVE','SubmitInvoiceRequest_INACTIVE','ec:services:wsdl:Invoice-0.1_INACTIVE','SubmitInvoiceResponse','0.1',null,1,2,1,null);
Insert into `ETR_TB_TRANSACTION` (`TRA_ID`,`TRA_NAME`,`TRA_REQ_LOCAL_NAME`,`TRA_NAMESPACE`,`TRA_RES_LOCAL_NAME`,`TRA_VERSION`,`TRA_CIA_ID`,`TRA_DOC_ID`,`TRA_REC_ROL_ID`,`TRA_SEN_ROL_ID`,`TRA_TYPE_CD`) values (2,'SubmitCreditNote_INACTIVE','SubmitCreditNoteRequest_INACTIVE','ec:services:wsdl:CreditNote-0.1_INACTIVE','SubmitCreditNoteResponse','0.1',null,2,2,1,null);
Insert into `ETR_TB_TRANSACTION` (`TRA_ID`,`TRA_NAME`,`TRA_REQ_LOCAL_NAME`,`TRA_NAMESPACE`,`TRA_RES_LOCAL_NAME`,`TRA_VERSION`,`TRA_CIA_ID`,`TRA_DOC_ID`,`TRA_REC_ROL_ID`,`TRA_SEN_ROL_ID`,`TRA_TYPE_CD`) values (3,'SubmitApplicationResponse','SubmitApplicationResponseRequest','ec:services:wsdl:ApplicationResponse-2','SubmitApplicationResponseResponse','2.0',null,3,4,4,null);
Insert into `ETR_TB_TRANSACTION` (`TRA_ID`,`TRA_NAME`,`TRA_REQ_LOCAL_NAME`,`TRA_NAMESPACE`,`TRA_RES_LOCAL_NAME`,`TRA_VERSION`,`TRA_CIA_ID`,`TRA_DOC_ID`,`TRA_REC_ROL_ID`,`TRA_SEN_ROL_ID`,`TRA_TYPE_CD`) values (4,'SubmitInboxRequest','SubmitInboxRequestRequest','ec:services:wsdl:InboxRequest-2','SubmitInboxRequestResponse','2.0',null,4,4,4,null);
Insert into `ETR_TB_TRANSACTION` (`TRA_ID`,`TRA_NAME`,`TRA_REQ_LOCAL_NAME`,`TRA_NAMESPACE`,`TRA_RES_LOCAL_NAME`,`TRA_VERSION`,`TRA_CIA_ID`,`TRA_DOC_ID`,`TRA_REC_ROL_ID`,`TRA_SEN_ROL_ID`,`TRA_TYPE_CD`) values (5,'StoreDocumentWrapper','StoreDocumentWrapperRequest','ec:services:wsdl:DocumentWrapper-2','StoreDocumentWrapperResponse','2.0',null,5,4,4,null);
Insert into `ETR_TB_TRANSACTION` (`TRA_ID`,`TRA_NAME`,`TRA_REQ_LOCAL_NAME`,`TRA_NAMESPACE`,`TRA_RES_LOCAL_NAME`,`TRA_VERSION`,`TRA_CIA_ID`,`TRA_DOC_ID`,`TRA_REC_ROL_ID`,`TRA_SEN_ROL_ID`,`TRA_TYPE_CD`) values (6,'DeleteDocumentWrapperRequest','DeleteDocumentWrapperRequestRequest','ec:services:wsdl:DocumentWrapper-2','DeleteDocumentWrapperRequestResponse','2.0',null,6,4,4,null);
Insert into `ETR_TB_TRANSACTION` (`TRA_ID`,`TRA_NAME`,`TRA_REQ_LOCAL_NAME`,`TRA_NAMESPACE`,`TRA_RES_LOCAL_NAME`,`TRA_VERSION`,`TRA_CIA_ID`,`TRA_DOC_ID`,`TRA_REC_ROL_ID`,`TRA_SEN_ROL_ID`,`TRA_TYPE_CD`) values (7,'RetrieveDocumentWrapperRequest','RetrieveDocumentWrapperRequestRequest','ec:services:wsdl:DocumentWrapper-2','RetrieveDocumentWrapperRequestResponse','2.0',null,6,4,4,null);
Insert into `ETR_TB_TRANSACTION` (`TRA_ID`,`TRA_NAME`,`TRA_REQ_LOCAL_NAME`,`TRA_NAMESPACE`,`TRA_RES_LOCAL_NAME`,`TRA_VERSION`,`TRA_CIA_ID`,`TRA_DOC_ID`,`TRA_REC_ROL_ID`,`TRA_SEN_ROL_ID`,`TRA_TYPE_CD`) values (8,'SubmitDocumentBundle','SubmitDocumentBundleRequest','ec:services:wsdl:DocumentBundle-2','SubmitDocumentBundleResponse','2.0',null,7,6,6,null);
Insert into `ETR_TB_TRANSACTION` (`TRA_ID`,`TRA_NAME`,`TRA_REQ_LOCAL_NAME`,`TRA_NAMESPACE`,`TRA_RES_LOCAL_NAME`,`TRA_VERSION`,`TRA_CIA_ID`,`TRA_DOC_ID`,`TRA_REC_ROL_ID`,`TRA_SEN_ROL_ID`,`TRA_TYPE_CD`) values (9,'SubmitRetrieveRequest','SubmitRetrieveRequestRequest','ec:services:wsdl:RetrieveRequest-2','SubmitRetrieveRequestResponse','2.0',null,8,4,4,null);
Insert into `ETR_TB_TRANSACTION` (`TRA_ID`,`TRA_NAME`,`TRA_REQ_LOCAL_NAME`,`TRA_NAMESPACE`,`TRA_RES_LOCAL_NAME`,`TRA_VERSION`,`TRA_CIA_ID`,`TRA_DOC_ID`,`TRA_REC_ROL_ID`,`TRA_SEN_ROL_ID`,`TRA_TYPE_CD`) values (10,'SubmitAttachedDocument','SubmitAttachedDocumentRequest','ec:services:wsdl:AttachedDocument-2','SubmitAttachedDocumentResponse','2.0',null,9,4,4,null);
Insert into `ETR_TB_TRANSACTION` (`TRA_ID`,`TRA_NAME`,`TRA_REQ_LOCAL_NAME`,`TRA_NAMESPACE`,`TRA_RES_LOCAL_NAME`,`TRA_VERSION`,`TRA_CIA_ID`,`TRA_DOC_ID`,`TRA_REC_ROL_ID`,`TRA_SEN_ROL_ID`,`TRA_TYPE_CD`) values (11,'SubmitStatusRequest','SubmitStatusRequestRequest','ec:services:wsdl:StatusRequest-2','SubmitStatusRequestResponse','2.0',null,10,4,4,null);
Insert into `ETR_TB_TRANSACTION` (`TRA_ID`,`TRA_NAME`,`TRA_REQ_LOCAL_NAME`,`TRA_NAMESPACE`,`TRA_RES_LOCAL_NAME`,`TRA_VERSION`,`TRA_CIA_ID`,`TRA_DOC_ID`,`TRA_REC_ROL_ID`,`TRA_SEN_ROL_ID`,`TRA_TYPE_CD`) values (12,'SubmitQueryRequest','SubmitQueryRequestRequest','ec:services:wsdl:QueryRequest-2','SubmitQueryRequestResponse','2.0',null,11,4,4,null);
Insert into `ETR_TB_TRANSACTION` (`TRA_ID`,`TRA_NAME`,`TRA_REQ_LOCAL_NAME`,`TRA_NAMESPACE`,`TRA_RES_LOCAL_NAME`,`TRA_VERSION`,`TRA_CIA_ID`,`TRA_DOC_ID`,`TRA_REC_ROL_ID`,`TRA_SEN_ROL_ID`,`TRA_TYPE_CD`) values (13,'SubmitDocumentBundle','SubmitDocumentBundleRequest','ec:services:wsdl:DocumentBundle-2.1','SubmitDocumentBundleResponse','2.1',null,7,6,6,null);
Insert into `ETR_TB_TRANSACTION` (`TRA_ID`,`TRA_NAME`,`TRA_REQ_LOCAL_NAME`,`TRA_NAMESPACE`,`TRA_RES_LOCAL_NAME`,`TRA_VERSION`,`TRA_CIA_ID`,`TRA_DOC_ID`,`TRA_REC_ROL_ID`,`TRA_SEN_ROL_ID`,`TRA_TYPE_CD`) values (14,'SubmitRetrieveInterchangeAgreements','SubmitRetrieveInterchangeAgreementsRequestRequest','ec:services:wsdl:RetrieveInterchangeAgreementsRequest-2','SubmitRetrieveInterchangeAgreementsRequestResponse','2.0',null,12,4,4,null);
Insert into `ETR_TB_TRANSACTION` (`TRA_ID`,`TRA_NAME`,`TRA_REQ_LOCAL_NAME`,`TRA_NAMESPACE`,`TRA_RES_LOCAL_NAME`,`TRA_VERSION`,`TRA_CIA_ID`,`TRA_DOC_ID`,`TRA_REC_ROL_ID`,`TRA_SEN_ROL_ID`,`TRA_TYPE_CD`) values (15,'SubmitDocumentBundleJustice','SubmitDocumentBundleRequest','ec:services:wsdl:DocumentBundleJustice-2','SubmitDocumentBundleResponse','2.0',null,13,4,4,null);
Insert into `ETR_TB_TRANSACTION` (`TRA_ID`,`TRA_NAME`,`TRA_REQ_LOCAL_NAME`,`TRA_NAMESPACE`,`TRA_RES_LOCAL_NAME`,`TRA_VERSION`,`TRA_CIA_ID`,`TRA_DOC_ID`,`TRA_REC_ROL_ID`,`TRA_SEN_ROL_ID`,`TRA_TYPE_CD`) values (16,'SubmitQueryRequestJustice','SubmitQueryRequestRequest','ec:services:wsdl:QueryRequestJustice-2','SubmitQueryRequestResponse','2.0',null,14,4,4,null);
Insert into `ETR_TB_TRANSACTION` (`TRA_ID`,`TRA_NAME`,`TRA_REQ_LOCAL_NAME`,`TRA_NAMESPACE`,`TRA_RES_LOCAL_NAME`,`TRA_VERSION`,`TRA_CIA_ID`,`TRA_DOC_ID`,`TRA_REC_ROL_ID`,`TRA_SEN_ROL_ID`,`TRA_TYPE_CD`) values (17,'SubmitStatusRequest_INACTIVE','SubmitStatusRequestRequest_INACTIVE','ec:services:wsdl:StatusRequest-0.2_INACTIVE','SubmitStatusRequestResponse','0.2',null,15,4,4,null);
Insert into `ETR_TB_TRANSACTION` (`TRA_ID`,`TRA_NAME`,`TRA_REQ_LOCAL_NAME`,`TRA_NAMESPACE`,`TRA_RES_LOCAL_NAME`,`TRA_VERSION`,`TRA_CIA_ID`,`TRA_DOC_ID`,`TRA_REC_ROL_ID`,`TRA_SEN_ROL_ID`,`TRA_TYPE_CD`) values (18,'SubmitAttachedDocument_INACTIVE','SubmitAttachedDocumentRequest_INACTIVE','ec:services:wsdl:AttachedDocument-0.1_INACTIVE','SubmitAttachedDocumentResponse','0.1',null,9,4,4,null);
Insert into `ETR_TB_TRANSACTION` (`TRA_ID`,`TRA_NAME`,`TRA_REQ_LOCAL_NAME`,`TRA_NAMESPACE`,`TRA_RES_LOCAL_NAME`,`TRA_VERSION`,`TRA_CIA_ID`,`TRA_DOC_ID`,`TRA_REC_ROL_ID`,`TRA_SEN_ROL_ID`,`TRA_TYPE_CD`) values (19,'SubmitTenderReceiptRequest','SubmitTenderReceiptRequest','ec:services:wsdl:TenderReceipt-2','SubmitTenderReceiptResponse','2.0',null,17,8,7,null);
Insert into `ETR_TB_TRANSACTION` (`TRA_ID`,`TRA_NAME`,`TRA_REQ_LOCAL_NAME`,`TRA_NAMESPACE`,`TRA_RES_LOCAL_NAME`,`TRA_VERSION`,`TRA_CIA_ID`,`TRA_DOC_ID`,`TRA_REC_ROL_ID`,`TRA_SEN_ROL_ID`,`TRA_TYPE_CD`) values (20,'SubmitCallForTenders','SubmitCallForTendersRequest','ec:services:wsdl:CallForTenders-2','SubmitCallForTendersResponse','2.0',null,18,4,7,null);
Insert into `ETR_TB_TRANSACTION` (`TRA_ID`,`TRA_NAME`,`TRA_REQ_LOCAL_NAME`,`TRA_NAMESPACE`,`TRA_RES_LOCAL_NAME`,`TRA_VERSION`,`TRA_CIA_ID`,`TRA_DOC_ID`,`TRA_REC_ROL_ID`,`TRA_SEN_ROL_ID`,`TRA_TYPE_CD`) values (21,'SubmitRetrieveRequest_INACTIVE','SubmitRetrieveRequestRequest_INACTIVE','ec:services:wsdl:RetrieveRequest-0.1_INACTIVE','SubmitRetrieveRequestResponse','0.1',null,19,4,4,null);
Insert into `ETR_TB_TRANSACTION` (`TRA_ID`,`TRA_NAME`,`TRA_REQ_LOCAL_NAME`,`TRA_NAMESPACE`,`TRA_RES_LOCAL_NAME`,`TRA_VERSION`,`TRA_CIA_ID`,`TRA_DOC_ID`,`TRA_REC_ROL_ID`,`TRA_SEN_ROL_ID`,`TRA_TYPE_CD`) values (22,'SubmitTendererQualificationResponse','SubmitTendererQualificationResponseRequest','ec:services:wsdl:TendererQualificationResponse-2','SubmitTendererQualificationResponseResponse','2.0',null,20,8,7,null);
Insert into `ETR_TB_TRANSACTION` (`TRA_ID`,`TRA_NAME`,`TRA_REQ_LOCAL_NAME`,`TRA_NAMESPACE`,`TRA_RES_LOCAL_NAME`,`TRA_VERSION`,`TRA_CIA_ID`,`TRA_DOC_ID`,`TRA_REC_ROL_ID`,`TRA_SEN_ROL_ID`,`TRA_TYPE_CD`) values (23,'SubmitInvitationToTenderRequest','SubmitInvitationToTenderRequest','ec:services:wsdl:InvitationToTender-2','SubmitInvitationToTenderResponse','2.0',null,16,7,7,null);
Insert into `ETR_TB_TRANSACTION` (`TRA_ID`,`TRA_NAME`,`TRA_REQ_LOCAL_NAME`,`TRA_NAMESPACE`,`TRA_RES_LOCAL_NAME`,`TRA_VERSION`,`TRA_CIA_ID`,`TRA_DOC_ID`,`TRA_REC_ROL_ID`,`TRA_SEN_ROL_ID`,`TRA_TYPE_CD`) values (24,'CreateParty','CreatePartyRequest','ec:services:wsdl:CreateParty-2','CreatePartyResponse','2.0',null,21,4,4,null);
Insert into `ETR_TB_TRANSACTION` (`TRA_ID`,`TRA_NAME`,`TRA_REQ_LOCAL_NAME`,`TRA_NAMESPACE`,`TRA_RES_LOCAL_NAME`,`TRA_VERSION`,`TRA_CIA_ID`,`TRA_DOC_ID`,`TRA_REC_ROL_ID`,`TRA_SEN_ROL_ID`,`TRA_TYPE_CD`) values (25,'CreateInterchangeAgreement','CreateInterchangeAgreementRequest','ec:services:wsdl:CreateInterchangeAgreement-2','CreateInterchangeAgreementResponse','2.0',null,22,4,4,null);
Insert into `ETR_TB_TRANSACTION` (`TRA_ID`,`TRA_NAME`,`TRA_REQ_LOCAL_NAME`,`TRA_NAMESPACE`,`TRA_RES_LOCAL_NAME`,`TRA_VERSION`,`TRA_CIA_ID`,`TRA_DOC_ID`,`TRA_REC_ROL_ID`,`TRA_SEN_ROL_ID`,`TRA_TYPE_CD`) values (26,'SubmitQueryRequest_INACTIVE','SubmitQueryRequestRequest_INACTIVE','ec:services:wsdl:QueryRequest-0.2_INACTIVE','SubmitQueryRequestResponse','0.2',null,24,4,4,null);
Insert into `ETR_TB_TRANSACTION` (`TRA_ID`,`TRA_NAME`,`TRA_REQ_LOCAL_NAME`,`TRA_NAMESPACE`,`TRA_RES_LOCAL_NAME`,`TRA_VERSION`,`TRA_CIA_ID`,`TRA_DOC_ID`,`TRA_REC_ROL_ID`,`TRA_SEN_ROL_ID`,`TRA_TYPE_CD`) values (27,'SubmitViewRequest_INACTIVE','SubmitViewRequestRequest_INACTIVE','ec:services:wsdl:ViewRequest-0.2_INACTIVE','SubmitViewRequestResponse','0.2',null,25,4,4,null);
Insert into `ETR_TB_TRANSACTION` (`TRA_ID`,`TRA_NAME`,`TRA_REQ_LOCAL_NAME`,`TRA_NAMESPACE`,`TRA_RES_LOCAL_NAME`,`TRA_VERSION`,`TRA_CIA_ID`,`TRA_DOC_ID`,`TRA_REC_ROL_ID`,`TRA_SEN_ROL_ID`,`TRA_TYPE_CD`) values (28,'SubmitInboxRequest_INACTIVE','SubmitInboxRequestRequest_INACTIVE','ec:services:wsdl:InboxRequest-0.1_INACTIVE','SubmitInboxRequestResponse','0.1',null,23,2,1,null);
Insert into `ETR_TB_TRANSACTION` (`TRA_ID`,`TRA_NAME`,`TRA_REQ_LOCAL_NAME`,`TRA_NAMESPACE`,`TRA_RES_LOCAL_NAME`,`TRA_VERSION`,`TRA_CIA_ID`,`TRA_DOC_ID`,`TRA_REC_ROL_ID`,`TRA_SEN_ROL_ID`,`TRA_TYPE_CD`) values (29,'SubmitAttachedDocumentSup_INACTIVE','SubmitAttachedDocumentRequest_INACTIVE','ec:services:wsdl:AttachedDocumentSup-0.1_INACTIVE','SubmitAttachedDocumentResponse','0.1',null,9,4,4,null);
Insert into `ETR_TB_TRANSACTION` (`TRA_ID`,`TRA_NAME`,`TRA_REQ_LOCAL_NAME`,`TRA_NAMESPACE`,`TRA_RES_LOCAL_NAME`,`TRA_VERSION`,`TRA_CIA_ID`,`TRA_DOC_ID`,`TRA_REC_ROL_ID`,`TRA_SEN_ROL_ID`,`TRA_TYPE_CD`) values (30,'SubmitQueryRequest_INACTIVE','SubmitQueryRequestRequest_INACTIVE','ec:services:wsdl:QueryRequest-0.1_INACTIVE','SubmitQueryRequestResponse','0.1',null,27,4,4,null);
Insert into `ETR_TB_TRANSACTION` (`TRA_ID`,`TRA_NAME`,`TRA_REQ_LOCAL_NAME`,`TRA_NAMESPACE`,`TRA_RES_LOCAL_NAME`,`TRA_VERSION`,`TRA_CIA_ID`,`TRA_DOC_ID`,`TRA_REC_ROL_ID`,`TRA_SEN_ROL_ID`,`TRA_TYPE_CD`) values (42,'SubmitViewRequest_INACTIVE','SubmitViewRequestRequest_INACTIVE','ec:services:wsdl:ViewRequest-0.1_INACTIVE','SubmitViewRequestResponse','0.1',null,25,4,4,null);
Insert into `ETR_TB_TRANSACTION` (`TRA_ID`,`TRA_NAME`,`TRA_REQ_LOCAL_NAME`,`TRA_NAMESPACE`,`TRA_RES_LOCAL_NAME`,`TRA_VERSION`,`TRA_CIA_ID`,`TRA_DOC_ID`,`TRA_REC_ROL_ID`,`TRA_SEN_ROL_ID`,`TRA_TYPE_CD`) values (43,'SubmitInvoice','SubmitInvoiceRequest','ec:services:wsdl:Invoice-2','SubmitInvoiceResponse','2.0',null,1,2,1,null);
Insert into `ETR_TB_TRANSACTION` (`TRA_ID`,`TRA_NAME`,`TRA_REQ_LOCAL_NAME`,`TRA_NAMESPACE`,`TRA_RES_LOCAL_NAME`,`TRA_VERSION`,`TRA_CIA_ID`,`TRA_DOC_ID`,`TRA_REC_ROL_ID`,`TRA_SEN_ROL_ID`,`TRA_TYPE_CD`) values (44,'SubmitCreditNote','SubmitCreditNoteRequest','ec:services:wsdl:CreditNote-2','SubmitCreditNoteResponse','2.0',null,2,2,1,null);
Insert into `ETR_TB_TRANSACTION` (`TRA_ID`,`TRA_NAME`,`TRA_REQ_LOCAL_NAME`,`TRA_NAMESPACE`,`TRA_RES_LOCAL_NAME`,`TRA_VERSION`,`TRA_CIA_ID`,`TRA_DOC_ID`,`TRA_REC_ROL_ID`,`TRA_SEN_ROL_ID`,`TRA_TYPE_CD`) values (45,'SubmitOrder','SubmitOrderRequest','ec:services:wsdl:Order-2','SubmitOrderResponse','2.0',null,28,1,2,null);
Insert into `ETR_TB_TRANSACTION` (`TRA_ID`,`TRA_NAME`,`TRA_REQ_LOCAL_NAME`,`TRA_NAMESPACE`,`TRA_RES_LOCAL_NAME`,`TRA_VERSION`,`TRA_CIA_ID`,`TRA_DOC_ID`,`TRA_REC_ROL_ID`,`TRA_SEN_ROL_ID`,`TRA_TYPE_CD`) values (46,'SubmitCatalogue','SubmitCatalogueRequest','ec:services:wsdl:Catalogue-2','SubmitCatalogueResponse','2.0',null,29,2,1,null);
Insert into `ETR_TB_TRANSACTION` (`TRA_ID`,`TRA_NAME`,`TRA_REQ_LOCAL_NAME`,`TRA_NAMESPACE`,`TRA_RES_LOCAL_NAME`,`TRA_VERSION`,`TRA_CIA_ID`,`TRA_DOC_ID`,`TRA_REC_ROL_ID`,`TRA_SEN_ROL_ID`,`TRA_TYPE_CD`) values (47,'SubmitViewRequest','SubmitViewRequestRequest','ec:services:wsdl:ViewRequest-2','SubmitViewRequestResponse','2.0',null,30,4,4,null);
Insert into `ETR_TB_TRANSACTION` (`TRA_ID`,`TRA_NAME`,`TRA_REQ_LOCAL_NAME`,`TRA_NAMESPACE`,`TRA_RES_LOCAL_NAME`,`TRA_VERSION`,`TRA_CIA_ID`,`TRA_DOC_ID`,`TRA_REC_ROL_ID`,`TRA_SEN_ROL_ID`,`TRA_TYPE_CD`) values (50,'SubmitWillingness','SubmitWillingnessRequest','ec:services:wsdl:Willingness-2','SubmitWillingnessResponse','2.0',null,50,2,1,null);
Insert into `ETR_TB_TRANSACTION` (`TRA_ID`,`TRA_NAME`,`TRA_REQ_LOCAL_NAME`,`TRA_NAMESPACE`,`TRA_RES_LOCAL_NAME`,`TRA_VERSION`,`TRA_CIA_ID`,`TRA_DOC_ID`,`TRA_REC_ROL_ID`,`TRA_SEN_ROL_ID`,`TRA_TYPE_CD`) values (51,'SubmitAcknowledgement','SubmitAcknowledgementRequest','ec:services:wsdl:Acknowledgement-2','SubmitAcknowledgementResponse','2.0',null,51,2,1,null);
Insert into `ETR_TB_TRANSACTION` (`TRA_ID`,`TRA_NAME`,`TRA_REQ_LOCAL_NAME`,`TRA_NAMESPACE`,`TRA_RES_LOCAL_NAME`,`TRA_VERSION`,`TRA_CIA_ID`,`TRA_DOC_ID`,`TRA_REC_ROL_ID`,`TRA_SEN_ROL_ID`,`TRA_TYPE_CD`) values (52,'SubmitProposal','SubmitProposalRequest','ec:services:wsdl:Proposal-2','SubmitProposalResponse','2.0',null,52,2,1,null);
Insert into `ETR_TB_TRANSACTION` (`TRA_ID`,`TRA_NAME`,`TRA_REQ_LOCAL_NAME`,`TRA_NAMESPACE`,`TRA_RES_LOCAL_NAME`,`TRA_VERSION`,`TRA_CIA_ID`,`TRA_DOC_ID`,`TRA_REC_ROL_ID`,`TRA_SEN_ROL_ID`,`TRA_TYPE_CD`) values (53,'SubmitQuotation','SubmitQuotationRequest','ec:services:wsdl:Quotation-2','SubmitQuotationResponse','2.0',null,53,2,1,null);
Insert into `ETR_TB_TRANSACTION` (`TRA_ID`,`TRA_NAME`,`TRA_REQ_LOCAL_NAME`,`TRA_NAMESPACE`,`TRA_RES_LOCAL_NAME`,`TRA_VERSION`,`TRA_CIA_ID`,`TRA_DOC_ID`,`TRA_REC_ROL_ID`,`TRA_SEN_ROL_ID`,`TRA_TYPE_CD`) values (54,'SubmitQuotationRequest','SubmitQuotationRequestRequest','ec:services:wsdl:QuotationRequest-2','SubmitQuotationRequestResponse','2.0',null,54,1,2,null);
Insert into `ETR_TB_TRANSACTION` (`TRA_ID`,`TRA_NAME`,`TRA_REQ_LOCAL_NAME`,`TRA_NAMESPACE`,`TRA_RES_LOCAL_NAME`,`TRA_VERSION`,`TRA_CIA_ID`,`TRA_DOC_ID`,`TRA_REC_ROL_ID`,`TRA_SEN_ROL_ID`,`TRA_TYPE_CD`) values (55,'SubmitRequestForQuotation','SubmitRequestForQuotationRequest','ec:services:wsdl:RequestForQuotation-2','SubmitRequestForQuotationResponse','2.0',null,55,1,2,null);
Insert into `ETR_TB_TRANSACTION` (`TRA_ID`,`TRA_NAME`,`TRA_REQ_LOCAL_NAME`,`TRA_NAMESPACE`,`TRA_RES_LOCAL_NAME`,`TRA_VERSION`,`TRA_CIA_ID`,`TRA_DOC_ID`,`TRA_REC_ROL_ID`,`TRA_SEN_ROL_ID`,`TRA_TYPE_CD`) values (56,'SubmitReminderRequest','SubmitReminderRequest','ec:services:wsdl:Reminder-2','SubmitReminderResponse','2.0',null,56,2,1,null);
Insert into `ETR_TB_TRANSACTION` (`TRA_ID`,`TRA_NAME`,`TRA_REQ_LOCAL_NAME`,`TRA_NAMESPACE`,`TRA_RES_LOCAL_NAME`,`TRA_VERSION`,`TRA_CIA_ID`,`TRA_DOC_ID`,`TRA_REC_ROL_ID`,`TRA_SEN_ROL_ID`,`TRA_TYPE_CD`) values (57,'SubmitOrderResponseSimple','SubmitOrderResponseSimpleRequest','ec:services:wsdl:OrderResponseSimple-2','SubmitOrderResponseSimpleResponse','2.0',null,57,2,1,null);
Insert into `ETR_TB_TRANSACTION` (`TRA_ID`,`TRA_NAME`,`TRA_REQ_LOCAL_NAME`,`TRA_NAMESPACE`,`TRA_RES_LOCAL_NAME`,`TRA_VERSION`,`TRA_CIA_ID`,`TRA_DOC_ID`,`TRA_REC_ROL_ID`,`TRA_SEN_ROL_ID`,`TRA_TYPE_CD`) values (58,'SubmitOrderAcknowledgement','SubmitOrderAcknowledgementRequest','ec:services:wsdl:OrderAcknowledgement-2','SubmitOrderAcknowledgementResponse','2.0',null,57,1,2,'320');
Insert into `ETR_TB_TRANSACTION` (`TRA_ID`,`TRA_NAME`,`TRA_REQ_LOCAL_NAME`,`TRA_NAMESPACE`,`TRA_RES_LOCAL_NAME`,`TRA_VERSION`,`TRA_CIA_ID`,`TRA_DOC_ID`,`TRA_REC_ROL_ID`,`TRA_SEN_ROL_ID`,`TRA_TYPE_CD`) values (59,'SubmitOrderChange','SubmitOrderChangeRequest','ec:services:wsdl:OrderChange-2','SubmitOrderChangeResponse','2.0',null,59,2,1,null);
Insert into `ETR_TB_TRANSACTION` (`TRA_ID`,`TRA_NAME`,`TRA_REQ_LOCAL_NAME`,`TRA_NAMESPACE`,`TRA_RES_LOCAL_NAME`,`TRA_VERSION`,`TRA_CIA_ID`,`TRA_DOC_ID`,`TRA_REC_ROL_ID`,`TRA_SEN_ROL_ID`,`TRA_TYPE_CD`) values (60,'SubmitOrderCancellation','SubmitOrderCancellationRequest','ec:services:wsdl:OrderCancellation-2','SubmitOrderCancellationResponse','2.0',null,60,1,2,null);
Insert into `ETR_TB_TRANSACTION` (`TRA_ID`,`TRA_NAME`,`TRA_REQ_LOCAL_NAME`,`TRA_NAMESPACE`,`TRA_RES_LOCAL_NAME`,`TRA_VERSION`,`TRA_CIA_ID`,`TRA_DOC_ID`,`TRA_REC_ROL_ID`,`TRA_SEN_ROL_ID`,`TRA_TYPE_CD`) values (61,'SubmitAdhocS2C','SubmitAdhocS2CRequest','ec:services:wsdl:AdhocS2C-2','SubmitAdhocS2CResponse','2.0',null,61,2,1,null);
Insert into `ETR_TB_TRANSACTION` (`TRA_ID`,`TRA_NAME`,`TRA_REQ_LOCAL_NAME`,`TRA_NAMESPACE`,`TRA_RES_LOCAL_NAME`,`TRA_VERSION`,`TRA_CIA_ID`,`TRA_DOC_ID`,`TRA_REC_ROL_ID`,`TRA_SEN_ROL_ID`,`TRA_TYPE_CD`) values (62,'SubmitProposalRequest','SubmitProposalRequestRequest','ec:services:wsdl:ProposalRequest-2','SubmitProposalRequestResponse','2.0',null,62,1,2,null);
Insert into `ETR_TB_TRANSACTION` (`TRA_ID`,`TRA_NAME`,`TRA_REQ_LOCAL_NAME`,`TRA_NAMESPACE`,`TRA_RES_LOCAL_NAME`,`TRA_VERSION`,`TRA_CIA_ID`,`TRA_DOC_ID`,`TRA_REC_ROL_ID`,`TRA_SEN_ROL_ID`,`TRA_TYPE_CD`) values (63,'SubmitDownloadOrganizationUsersRequest','SubmitDownloadOrganizationUsersRequestRequest','ec:services:wsdl:DownloadOrganizationUsersRequest-2','SubmitDownloadOrganizationUsersRequestResponse','2.0',null,63,9,9,null);
Insert into `ETR_TB_TRANSACTION` (`TRA_ID`,`TRA_NAME`,`TRA_REQ_LOCAL_NAME`,`TRA_NAMESPACE`,`TRA_RES_LOCAL_NAME`,`TRA_VERSION`,`TRA_CIA_ID`,`TRA_DOC_ID`,`TRA_REC_ROL_ID`,`TRA_SEN_ROL_ID`,`TRA_TYPE_CD`) values (64,'SubmitDownloadOrganizationUsersResponse','SubmitDownloadOrganizationUsersResponseRequest','ec:services:wsdl:DownloadOrganizationUsersResponse-2','SubmitDownloadOrganizationUsersResponseResponse','2.0',null,64,9,9,null);
Insert into `ETR_TB_TRANSACTION` (`TRA_ID`,`TRA_NAME`,`TRA_REQ_LOCAL_NAME`,`TRA_NAMESPACE`,`TRA_RES_LOCAL_NAME`,`TRA_VERSION`,`TRA_CIA_ID`,`TRA_DOC_ID`,`TRA_REC_ROL_ID`,`TRA_SEN_ROL_ID`,`TRA_TYPE_CD`) values (65,'SubmitDownloadTrackingFilesRequest','SubmitDownloadTrackingFilesRequestRequest','ec:services:wsdl:DownloadTrackingFilesRequest-2','SubmitDownloadTrackingFilesRequestResponse','2.0',null,65,9,9,null);
Insert into `ETR_TB_TRANSACTION` (`TRA_ID`,`TRA_NAME`,`TRA_REQ_LOCAL_NAME`,`TRA_NAMESPACE`,`TRA_RES_LOCAL_NAME`,`TRA_VERSION`,`TRA_CIA_ID`,`TRA_DOC_ID`,`TRA_REC_ROL_ID`,`TRA_SEN_ROL_ID`,`TRA_TYPE_CD`) values (66,'SubmitDownloadTrackingFilesResponse','SubmitDownloadTrackingFilesResponseRequest','ec:services:wsdl:DownloadTrackingFilesResponse-2','SubmitDownloadTrackingFilesResponseResponse','2.0',null,66,9,9,null);
Insert into `ETR_TB_TRANSACTION` (`TRA_ID`,`TRA_NAME`,`TRA_REQ_LOCAL_NAME`,`TRA_NAMESPACE`,`TRA_RES_LOCAL_NAME`,`TRA_VERSION`,`TRA_CIA_ID`,`TRA_DOC_ID`,`TRA_REC_ROL_ID`,`TRA_SEN_ROL_ID`,`TRA_TYPE_CD`) values (67,'SubmitUpdateTrackingFilesStepRequest','SubmitUpdateTrackingFilesStepRequestRequest','ec:services:wsdl:UpdateTrackingFilesStepRequest-2','SubmitUpdateTrackingFilesStepRequestResponse','2.0',null,67,9,9,null);
Insert into `ETR_TB_TRANSACTION` (`TRA_ID`,`TRA_NAME`,`TRA_REQ_LOCAL_NAME`,`TRA_NAMESPACE`,`TRA_RES_LOCAL_NAME`,`TRA_VERSION`,`TRA_CIA_ID`,`TRA_DOC_ID`,`TRA_REC_ROL_ID`,`TRA_SEN_ROL_ID`,`TRA_TYPE_CD`) values (68,'SubmitUpdateTrackingFilesStepResponse','SubmitUpdateTrackingFilesStepResponseRequest','ec:services:wsdl:UpdateTrackingFilesStepResponse-2','SubmitUpdateTrackingFilesStepResponseResponse','2.0',null,68,9,9,null);
Insert into `ETR_TB_TRANSACTION` (`TRA_ID`,`TRA_NAME`,`TRA_REQ_LOCAL_NAME`,`TRA_NAMESPACE`,`TRA_RES_LOCAL_NAME`,`TRA_VERSION`,`TRA_CIA_ID`,`TRA_DOC_ID`,`TRA_REC_ROL_ID`,`TRA_SEN_ROL_ID`,`TRA_TYPE_CD`) values (69,'SubmitUploadTrackingFilesRequest','SubmitUploadTrackingFilesRequestRequest','ec:services:wsdl:UploadTrackingFilesRequest-2','SubmitUploadTrackingFilesRequestResponse','2.0',null,69,9,9,null);
Insert into `ETR_TB_TRANSACTION` (`TRA_ID`,`TRA_NAME`,`TRA_REQ_LOCAL_NAME`,`TRA_NAMESPACE`,`TRA_RES_LOCAL_NAME`,`TRA_VERSION`,`TRA_CIA_ID`,`TRA_DOC_ID`,`TRA_REC_ROL_ID`,`TRA_SEN_ROL_ID`,`TRA_TYPE_CD`) values (70,'SubmitUploadTrackingFilesResponse','SubmitUploadTrackingFilesResponseRequest','ec:services:wsdl:UploadTrackingFilesResponse-2','SubmitUploadTrackingFilesResponseResponse','2.0',null,70,9,9,null);
Insert into `ETR_TB_TRANSACTION` (`TRA_ID`,`TRA_NAME`,`TRA_REQ_LOCAL_NAME`,`TRA_NAMESPACE`,`TRA_RES_LOCAL_NAME`,`TRA_VERSION`,`TRA_CIA_ID`,`TRA_DOC_ID`,`TRA_REC_ROL_ID`,`TRA_SEN_ROL_ID`,`TRA_TYPE_CD`) values (71,'SubmitDespatchAdvice','SubmitDespatchAdviceRequest','ec:services:wsdl:DespatchAdvice-2','SubmitDespatchAdviceResponse','2.0',null,71,2,1,null);
Insert into `ETR_TB_TRANSACTION` (`TRA_ID`,`TRA_NAME`,`TRA_REQ_LOCAL_NAME`,`TRA_NAMESPACE`,`TRA_RES_LOCAL_NAME`,`TRA_VERSION`,`TRA_CIA_ID`,`TRA_DOC_ID`,`TRA_REC_ROL_ID`,`TRA_SEN_ROL_ID`,`TRA_TYPE_CD`) values (72,'SubmitReceiptAdvice','SubmitReceiptAdviceRequest','ec:services:wsdl:ReceiptAdvice-2','SubmitReceiptAdviceResponse','2.0',null,72,1,2,null);
Insert into `ETR_TB_TRANSACTION` (`TRA_ID`,`TRA_NAME`,`TRA_REQ_LOCAL_NAME`,`TRA_NAMESPACE`,`TRA_RES_LOCAL_NAME`,`TRA_VERSION`,`TRA_CIA_ID`,`TRA_DOC_ID`,`TRA_REC_ROL_ID`,`TRA_SEN_ROL_ID`,`TRA_TYPE_CD`) values (73,'SubmitAdhocC2S','SubmitAdhocC2SRequest','ec:services:wsdl:AdhocC2S-2','SubmitAdhocC2SResponse','2.0',null,73,1,2,null);
Insert into `ETR_TB_TRANSACTION` (`TRA_ID`,`TRA_NAME`,`TRA_REQ_LOCAL_NAME`,`TRA_NAMESPACE`,`TRA_RES_LOCAL_NAME`,`TRA_VERSION`,`TRA_CIA_ID`,`TRA_DOC_ID`,`TRA_REC_ROL_ID`,`TRA_SEN_ROL_ID`,`TRA_TYPE_CD`) values (75,'SubmitEventNotification','SubmitEventNotificationRequest','ec:services:wsdl:EventNotification-1','SubmitEventNotificationResponse','1.0',null,75,12,11,null);
Insert into `ETR_TB_TRANSACTION` (`TRA_ID`,`TRA_NAME`,`TRA_REQ_LOCAL_NAME`,`TRA_NAMESPACE`,`TRA_RES_LOCAL_NAME`,`TRA_VERSION`,`TRA_CIA_ID`,`TRA_DOC_ID`,`TRA_REC_ROL_ID`,`TRA_SEN_ROL_ID`,`TRA_TYPE_CD`) values (76,'SubmitEvidencesRequest','SubmitEvidencesRequestRequest','ec:services:wsdl:EvidencesRequest-2','SubmitEvidencesRequestResponse','2.0',null,76,8,7,null);
Insert into `ETR_TB_TRANSACTION` (`TRA_ID`,`TRA_NAME`,`TRA_REQ_LOCAL_NAME`,`TRA_NAMESPACE`,`TRA_RES_LOCAL_NAME`,`TRA_VERSION`,`TRA_CIA_ID`,`TRA_DOC_ID`,`TRA_REC_ROL_ID`,`TRA_SEN_ROL_ID`,`TRA_TYPE_CD`) values (77,'SubmitEvidences','SubmitEvidencesRequest','ec:services:wsdl:Evidences-2','SubmitEvidencesResponse','2.0',null,77,7,8,null);
Insert into `ETR_TB_TRANSACTION` (`TRA_ID`,`TRA_NAME`,`TRA_REQ_LOCAL_NAME`,`TRA_NAMESPACE`,`TRA_RES_LOCAL_NAME`,`TRA_VERSION`,`TRA_CIA_ID`,`TRA_DOC_ID`,`TRA_REC_ROL_ID`,`TRA_SEN_ROL_ID`,`TRA_TYPE_CD`) values (78,'SubmitClarification','SubmitTenderClarificationRequest','ec:services:wsdl:TenderClarification-2','SubmitTenderClarificationResponse','2.0',null,78,7,8,'TCL');
Insert into `ETR_TB_TRANSACTION` (`TRA_ID`,`TRA_NAME`,`TRA_REQ_LOCAL_NAME`,`TRA_NAMESPACE`,`TRA_RES_LOCAL_NAME`,`TRA_VERSION`,`TRA_CIA_ID`,`TRA_DOC_ID`,`TRA_REC_ROL_ID`,`TRA_SEN_ROL_ID`,`TRA_TYPE_CD`) values (79,'SubmitClarificationRequest','SubmitTenderClarificationRequestRequest','ec:services:wsdl:TenderClarificationRequest-2','SubmitTenderClarificationRequestResponse','2.0',null,79,8,7,'RTC');
Insert into `ETR_TB_TRANSACTION` (`TRA_ID`,`TRA_NAME`,`TRA_REQ_LOCAL_NAME`,`TRA_NAMESPACE`,`TRA_RES_LOCAL_NAME`,`TRA_VERSION`,`TRA_CIA_ID`,`TRA_DOC_ID`,`TRA_REC_ROL_ID`,`TRA_SEN_ROL_ID`,`TRA_TYPE_CD`) values (80,'CreateParty','CreatePartyRequest','ec:services:wsdl:CreateParty-2_1','CreatePartyResponse','2.1',null,21,3,13,null);
Insert into `ETR_TB_TRANSACTION` (`TRA_ID`,`TRA_NAME`,`TRA_REQ_LOCAL_NAME`,`TRA_NAMESPACE`,`TRA_RES_LOCAL_NAME`,`TRA_VERSION`,`TRA_CIA_ID`,`TRA_DOC_ID`,`TRA_REC_ROL_ID`,`TRA_SEN_ROL_ID`,`TRA_TYPE_CD`) values (81,'CreateInterchangeAgreement','CreateInterchangeAgreementRequest','ec:services:wsdl:CreateInterchangeAgreement-2_1','CreateInterchangeAgreementResponse','2.1',null,22,3,13,null);
Insert into `ETR_TB_TRANSACTION` (`TRA_ID`,`TRA_NAME`,`TRA_REQ_LOCAL_NAME`,`TRA_NAMESPACE`,`TRA_RES_LOCAL_NAME`,`TRA_VERSION`,`TRA_CIA_ID`,`TRA_DOC_ID`,`TRA_REC_ROL_ID`,`TRA_SEN_ROL_ID`,`TRA_TYPE_CD`) values (82,'SubmitAwardingNotification','SubmitAwardingNotificationRequest','ec:services:wsdl:AwardingNotification-2','SubmitAwardingNotificationResponse','2.0',null,82,8,7,null);
Insert into `ETR_TB_TRANSACTION` (`TRA_ID`,`TRA_NAME`,`TRA_REQ_LOCAL_NAME`,`TRA_NAMESPACE`,`TRA_RES_LOCAL_NAME`,`TRA_VERSION`,`TRA_CIA_ID`,`TRA_DOC_ID`,`TRA_REC_ROL_ID`,`TRA_SEN_ROL_ID`,`TRA_TYPE_CD`) values (83,'DraftContractRequest','SubmitDraftContractRequest','ec:services:wsdl:DraftContract-2','SubmitDraftContractResponse','2.0',null,83,8,7,'DRC');
Insert into `ETR_TB_TRANSACTION` (`TRA_ID`,`TRA_NAME`,`TRA_REQ_LOCAL_NAME`,`TRA_NAMESPACE`,`TRA_RES_LOCAL_NAME`,`TRA_VERSION`,`TRA_CIA_ID`,`TRA_DOC_ID`,`TRA_REC_ROL_ID`,`TRA_SEN_ROL_ID`,`TRA_TYPE_CD`) values (84,'SupplierSignedContractRequest','SubmitSupplierSignedContractRequest','ec:services:wsdl:SupplierSignedContract-2','SubmitSupplierSignedContractResponse','2.0',null,83,7,8,'SSC');
Insert into `ETR_TB_TRANSACTION` (`TRA_ID`,`TRA_NAME`,`TRA_REQ_LOCAL_NAME`,`TRA_NAMESPACE`,`TRA_RES_LOCAL_NAME`,`TRA_VERSION`,`TRA_CIA_ID`,`TRA_DOC_ID`,`TRA_REC_ROL_ID`,`TRA_SEN_ROL_ID`,`TRA_TYPE_CD`) values (85,'SignedContractRequest','SubmitSignedContractRequest','ec:services:wsdl:SignedContract-2','SubmitSignedContractResponse','2.0',null,83,8,7,'SCO');
Insert into `ETR_TB_TRANSACTION` (`TRA_ID`,`TRA_NAME`,`TRA_REQ_LOCAL_NAME`,`TRA_NAMESPACE`,`TRA_RES_LOCAL_NAME`,`TRA_VERSION`,`TRA_CIA_ID`,`TRA_DOC_ID`,`TRA_REC_ROL_ID`,`TRA_SEN_ROL_ID`,`TRA_TYPE_CD`) values (86,'SubmitCallForTenders','SubmitCallForTendersRequest','ec:services:wsdl:CallForTenders-2.1','SubmitCallForTendersResponse','2.1',null,119,4,7,null);
Insert into `ETR_TB_TRANSACTION` (`TRA_ID`,`TRA_NAME`,`TRA_REQ_LOCAL_NAME`,`TRA_NAMESPACE`,`TRA_RES_LOCAL_NAME`,`TRA_VERSION`,`TRA_CIA_ID`,`TRA_DOC_ID`,`TRA_REC_ROL_ID`,`TRA_SEN_ROL_ID`,`TRA_TYPE_CD`) values (87,'SubmitAdditionalInformation','SubmitAdditionalInformationRequest','ec:services:wsdl:AdditionalInformation-2','SubmitAdditionalInformationResponse','2.0',null,78,8,7,'AIN');
Insert into `ETR_TB_TRANSACTION` (`TRA_ID`,`TRA_NAME`,`TRA_REQ_LOCAL_NAME`,`TRA_NAMESPACE`,`TRA_RES_LOCAL_NAME`,`TRA_VERSION`,`TRA_CIA_ID`,`TRA_DOC_ID`,`TRA_REC_ROL_ID`,`TRA_SEN_ROL_ID`,`TRA_TYPE_CD`) values (88,'SubmitAdditionalInformationRequest','SubmitAdditionalInformationRequestRequest','ec:services:wsdl:AdditionalInformationRequest-2','SubmitAdditionalInformationRequestResponse','2.0',null,79,7,8,'RAI');
Insert into `ETR_TB_TRANSACTION` (`TRA_ID`,`TRA_NAME`,`TRA_REQ_LOCAL_NAME`,`TRA_NAMESPACE`,`TRA_RES_LOCAL_NAME`,`TRA_VERSION`,`TRA_CIA_ID`,`TRA_DOC_ID`,`TRA_REC_ROL_ID`,`TRA_SEN_ROL_ID`,`TRA_TYPE_CD`) values (89,'SubmitInboxRequest','SubmitInboxRequestRequest','ec:services:wsdl:InboxRequest-2.1','SubmitInboxRequestResponse','2.1',null,4,4,4,null);
Insert into `ETR_TB_TRANSACTION` (`TRA_ID`,`TRA_NAME`,`TRA_REQ_LOCAL_NAME`,`TRA_NAMESPACE`,`TRA_RES_LOCAL_NAME`,`TRA_VERSION`,`TRA_CIA_ID`,`TRA_DOC_ID`,`TRA_REC_ROL_ID`,`TRA_SEN_ROL_ID`,`TRA_TYPE_CD`) values (90,'SubmitStatusRequest','SubmitStatusRequestRequest','ec:services:wsdl:StatusRequest-2.2','SubmitStatusRequestResponse','2.2',null,10,4,4,null);
Insert into `ETR_TB_TRANSACTION` (`TRA_ID`,`TRA_NAME`,`TRA_REQ_LOCAL_NAME`,`TRA_NAMESPACE`,`TRA_RES_LOCAL_NAME`,`TRA_VERSION`,`TRA_CIA_ID`,`TRA_DOC_ID`,`TRA_REC_ROL_ID`,`TRA_SEN_ROL_ID`,`TRA_TYPE_CD`) values (101,'SubmitArchiveDocumentRequest','SubmitArchiveDocumentRequestRequest','ec:services:wsdl:ArchiveDocumentRequest-1','SubmitArchiveDocumentRequestResponse','1.0',null,101,4,4,null);
Insert into `ETR_TB_TRANSACTION` (`TRA_ID`,`TRA_NAME`,`TRA_REQ_LOCAL_NAME`,`TRA_NAMESPACE`,`TRA_RES_LOCAL_NAME`,`TRA_VERSION`,`TRA_CIA_ID`,`TRA_DOC_ID`,`TRA_REC_ROL_ID`,`TRA_SEN_ROL_ID`,`TRA_TYPE_CD`) values (102,'SubmitArchiveDocumentResponse','SubmitArchiveDocumentResponseRequest','ec:services:wsdl:ArchiveDocumentResponse-1','SubmitArchiveDocumentResponseResponse','1.0',null,102,4,4,null);
Insert into `ETR_TB_TRANSACTION` (`TRA_ID`,`TRA_NAME`,`TRA_REQ_LOCAL_NAME`,`TRA_NAMESPACE`,`TRA_RES_LOCAL_NAME`,`TRA_VERSION`,`TRA_CIA_ID`,`TRA_DOC_ID`,`TRA_REC_ROL_ID`,`TRA_SEN_ROL_ID`,`TRA_TYPE_CD`) values (103,'DeleteDocument','DeleteDocumentRequest','ec:services:wsdl:Document-1','DeleteDocumentResponse','1.0',null,103,4,4,null);
Insert into `ETR_TB_TRANSACTION` (`TRA_ID`,`TRA_NAME`,`TRA_REQ_LOCAL_NAME`,`TRA_NAMESPACE`,`TRA_RES_LOCAL_NAME`,`TRA_VERSION`,`TRA_CIA_ID`,`TRA_DOC_ID`,`TRA_REC_ROL_ID`,`TRA_SEN_ROL_ID`,`TRA_TYPE_CD`) values (104,'SubmitPDAInformationRequest','SubmitPDAInformationRequestRequest','ec:services:wsdl:PDAInformationRequest-2','SubmitPDAInformationRequestResponse','2.0',null,104,9,9,null);
Insert into `ETR_TB_TRANSACTION` (`TRA_ID`,`TRA_NAME`,`TRA_REQ_LOCAL_NAME`,`TRA_NAMESPACE`,`TRA_RES_LOCAL_NAME`,`TRA_VERSION`,`TRA_CIA_ID`,`TRA_DOC_ID`,`TRA_REC_ROL_ID`,`TRA_SEN_ROL_ID`,`TRA_TYPE_CD`) values (105,'SubmitPDAInformationResponse','SubmitPDAInformationResponseRequest','ec:services:wsdl:PDAInformationResponse-2','SubmitPDAInformationResponseResponse','2.0',null,105,9,9,null);
Insert into `ETR_TB_TRANSACTION` (`TRA_ID`,`CRE_DT`,`CRE_ID`,`MOD_DT`,`MOD_ID`,`TRA_NAME`,`TRA_NAMESPACE`,`TRA_REQ_LOCAL_NAME`,`TRA_RES_LOCAL_NAME`,`TRA_VERSION`,`TRA_CIA_ID`,`TRA_DOC_ID`,`TRA_REC_ROL_ID`,`TRA_SEN_ROL_ID`,`TRA_TYPE_CD`) values (117,null,'almahfa',null,'almahfa','SubmitInvoice','ec:services:wsdl:Invoice-2.1','SubmitInvoiceRequest','SubmitInvoiceResponse','2.1',null,117,2,1,null);
Insert into `ETR_TB_TRANSACTION` (`TRA_ID`,`CRE_DT`,`CRE_ID`,`MOD_DT`,`MOD_ID`,`TRA_NAME`,`TRA_NAMESPACE`,`TRA_REQ_LOCAL_NAME`,`TRA_RES_LOCAL_NAME`,`TRA_VERSION`,`TRA_CIA_ID`,`TRA_DOC_ID`,`TRA_REC_ROL_ID`,`TRA_SEN_ROL_ID`,`TRA_TYPE_CD`) values (118,null,'almahfa',null,'almahfa','SubmitCreditNote','ec:services:wsdl:CreditNote-2.1','SubmitCreditNoteRequest','SubmitCreditNoteResponse','2.1',null,118,2,1,null);
Insert into `ETR_TB_TRANSACTION` (`TRA_ID`,`CRE_DT`,`CRE_ID`,`MOD_DT`,`MOD_ID`,`TRA_NAME`,`TRA_NAMESPACE`,`TRA_REQ_LOCAL_NAME`,`TRA_RES_LOCAL_NAME`,`TRA_VERSION`,`TRA_CIA_ID`,`TRA_DOC_ID`,`TRA_REC_ROL_ID`,`TRA_SEN_ROL_ID`,`TRA_TYPE_CD`) values (120,null,'almahfa',null,'almahfa','SubmitTenderReceiptRequest','ec:services:wsdl:TenderReceipt-2.1','SubmitTenderReceiptRequest','SubmitTenderReceiptResponse','2.1',null,120,8,7,null);
Insert into `ETR_TB_TRANSACTION` (`TRA_ID`,`CRE_DT`,`CRE_ID`,`MOD_DT`,`MOD_ID`,`TRA_NAME`,`TRA_NAMESPACE`,`TRA_REQ_LOCAL_NAME`,`TRA_RES_LOCAL_NAME`,`TRA_VERSION`,`TRA_CIA_ID`,`TRA_DOC_ID`,`TRA_REC_ROL_ID`,`TRA_SEN_ROL_ID`,`TRA_TYPE_CD`) values (121,null,'almahfa',null,'almahfa','SubmitTendererQualificationResponse','ec:services:wsdl:TendererQualificationResponse-2.1','SubmitTendererQualificationResponseRequest','SubmitTendererQualificationResponseResponse','2.1',null,121,8,7,null);




Insert into `ETR_TB_PROFILE_TRANSACTION` (`PTR_PRO_ID`,`PTR_TRA_ID`) values (1,1);
Insert into `ETR_TB_PROFILE_TRANSACTION` (`PTR_PRO_ID`,`PTR_TRA_ID`) values (1,3);
Insert into `ETR_TB_PROFILE_TRANSACTION` (`PTR_PRO_ID`,`PTR_TRA_ID`) values (1,4);
Insert into `ETR_TB_PROFILE_TRANSACTION` (`PTR_PRO_ID`,`PTR_TRA_ID`) values (1,9);
Insert into `ETR_TB_PROFILE_TRANSACTION` (`PTR_PRO_ID`,`PTR_TRA_ID`) values (1,10);
Insert into `ETR_TB_PROFILE_TRANSACTION` (`PTR_PRO_ID`,`PTR_TRA_ID`) values (1,11);
Insert into `ETR_TB_PROFILE_TRANSACTION` (`PTR_PRO_ID`,`PTR_TRA_ID`) values (1,12);
Insert into `ETR_TB_PROFILE_TRANSACTION` (`PTR_PRO_ID`,`PTR_TRA_ID`) values (1,43);
Insert into `ETR_TB_PROFILE_TRANSACTION` (`PTR_PRO_ID`,`PTR_TRA_ID`) values (1,44);
Insert into `ETR_TB_PROFILE_TRANSACTION` (`PTR_PRO_ID`,`PTR_TRA_ID`) values (1,45);
Insert into `ETR_TB_PROFILE_TRANSACTION` (`PTR_PRO_ID`,`PTR_TRA_ID`) values (1,47);
Insert into `ETR_TB_PROFILE_TRANSACTION` (`PTR_PRO_ID`,`PTR_TRA_ID`) values (2,1);
Insert into `ETR_TB_PROFILE_TRANSACTION` (`PTR_PRO_ID`,`PTR_TRA_ID`) values (2,2);
Insert into `ETR_TB_PROFILE_TRANSACTION` (`PTR_PRO_ID`,`PTR_TRA_ID`) values (2,3);
Insert into `ETR_TB_PROFILE_TRANSACTION` (`PTR_PRO_ID`,`PTR_TRA_ID`) values (3,3);
Insert into `ETR_TB_PROFILE_TRANSACTION` (`PTR_PRO_ID`,`PTR_TRA_ID`) values (3,4);
Insert into `ETR_TB_PROFILE_TRANSACTION` (`PTR_PRO_ID`,`PTR_TRA_ID`) values (3,5);
Insert into `ETR_TB_PROFILE_TRANSACTION` (`PTR_PRO_ID`,`PTR_TRA_ID`) values (3,6);
Insert into `ETR_TB_PROFILE_TRANSACTION` (`PTR_PRO_ID`,`PTR_TRA_ID`) values (3,7);
Insert into `ETR_TB_PROFILE_TRANSACTION` (`PTR_PRO_ID`,`PTR_TRA_ID`) values (3,8);
Insert into `ETR_TB_PROFILE_TRANSACTION` (`PTR_PRO_ID`,`PTR_TRA_ID`) values (3,9);
Insert into `ETR_TB_PROFILE_TRANSACTION` (`PTR_PRO_ID`,`PTR_TRA_ID`) values (3,10);
Insert into `ETR_TB_PROFILE_TRANSACTION` (`PTR_PRO_ID`,`PTR_TRA_ID`) values (3,11);
Insert into `ETR_TB_PROFILE_TRANSACTION` (`PTR_PRO_ID`,`PTR_TRA_ID`) values (3,12);
Insert into `ETR_TB_PROFILE_TRANSACTION` (`PTR_PRO_ID`,`PTR_TRA_ID`) values (3,13);
Insert into `ETR_TB_PROFILE_TRANSACTION` (`PTR_PRO_ID`,`PTR_TRA_ID`) values (3,14);
Insert into `ETR_TB_PROFILE_TRANSACTION` (`PTR_PRO_ID`,`PTR_TRA_ID`) values (3,15);
Insert into `ETR_TB_PROFILE_TRANSACTION` (`PTR_PRO_ID`,`PTR_TRA_ID`) values (3,16);
Insert into `ETR_TB_PROFILE_TRANSACTION` (`PTR_PRO_ID`,`PTR_TRA_ID`) values (3,17);
Insert into `ETR_TB_PROFILE_TRANSACTION` (`PTR_PRO_ID`,`PTR_TRA_ID`) values (3,18);
Insert into `ETR_TB_PROFILE_TRANSACTION` (`PTR_PRO_ID`,`PTR_TRA_ID`) values (3,21);
Insert into `ETR_TB_PROFILE_TRANSACTION` (`PTR_PRO_ID`,`PTR_TRA_ID`) values (3,26);
Insert into `ETR_TB_PROFILE_TRANSACTION` (`PTR_PRO_ID`,`PTR_TRA_ID`) values (3,27);
Insert into `ETR_TB_PROFILE_TRANSACTION` (`PTR_PRO_ID`,`PTR_TRA_ID`) values (3,89);
Insert into `ETR_TB_PROFILE_TRANSACTION` (`PTR_PRO_ID`,`PTR_TRA_ID`) values (3,103);
Insert into `ETR_TB_PROFILE_TRANSACTION` (`PTR_PRO_ID`,`PTR_TRA_ID`) values (4,3);
Insert into `ETR_TB_PROFILE_TRANSACTION` (`PTR_PRO_ID`,`PTR_TRA_ID`) values (4,4);
Insert into `ETR_TB_PROFILE_TRANSACTION` (`PTR_PRO_ID`,`PTR_TRA_ID`) values (4,9);
Insert into `ETR_TB_PROFILE_TRANSACTION` (`PTR_PRO_ID`,`PTR_TRA_ID`) values (4,10);
Insert into `ETR_TB_PROFILE_TRANSACTION` (`PTR_PRO_ID`,`PTR_TRA_ID`) values (4,11);
Insert into `ETR_TB_PROFILE_TRANSACTION` (`PTR_PRO_ID`,`PTR_TRA_ID`) values (4,12);
Insert into `ETR_TB_PROFILE_TRANSACTION` (`PTR_PRO_ID`,`PTR_TRA_ID`) values (4,17);
Insert into `ETR_TB_PROFILE_TRANSACTION` (`PTR_PRO_ID`,`PTR_TRA_ID`) values (4,18);
Insert into `ETR_TB_PROFILE_TRANSACTION` (`PTR_PRO_ID`,`PTR_TRA_ID`) values (4,19);
Insert into `ETR_TB_PROFILE_TRANSACTION` (`PTR_PRO_ID`,`PTR_TRA_ID`) values (4,20);
Insert into `ETR_TB_PROFILE_TRANSACTION` (`PTR_PRO_ID`,`PTR_TRA_ID`) values (4,21);
Insert into `ETR_TB_PROFILE_TRANSACTION` (`PTR_PRO_ID`,`PTR_TRA_ID`) values (4,22);
Insert into `ETR_TB_PROFILE_TRANSACTION` (`PTR_PRO_ID`,`PTR_TRA_ID`) values (4,24);
Insert into `ETR_TB_PROFILE_TRANSACTION` (`PTR_PRO_ID`,`PTR_TRA_ID`) values (4,25);
Insert into `ETR_TB_PROFILE_TRANSACTION` (`PTR_PRO_ID`,`PTR_TRA_ID`) values (4,26);
Insert into `ETR_TB_PROFILE_TRANSACTION` (`PTR_PRO_ID`,`PTR_TRA_ID`) values (4,27);
Insert into `ETR_TB_PROFILE_TRANSACTION` (`PTR_PRO_ID`,`PTR_TRA_ID`) values (4,29);
Insert into `ETR_TB_PROFILE_TRANSACTION` (`PTR_PRO_ID`,`PTR_TRA_ID`) values (4,30);
Insert into `ETR_TB_PROFILE_TRANSACTION` (`PTR_PRO_ID`,`PTR_TRA_ID`) values (4,76);
Insert into `ETR_TB_PROFILE_TRANSACTION` (`PTR_PRO_ID`,`PTR_TRA_ID`) values (4,77);
Insert into `ETR_TB_PROFILE_TRANSACTION` (`PTR_PRO_ID`,`PTR_TRA_ID`) values (4,78);
Insert into `ETR_TB_PROFILE_TRANSACTION` (`PTR_PRO_ID`,`PTR_TRA_ID`) values (4,79);
Insert into `ETR_TB_PROFILE_TRANSACTION` (`PTR_PRO_ID`,`PTR_TRA_ID`) values (4,82);
Insert into `ETR_TB_PROFILE_TRANSACTION` (`PTR_PRO_ID`,`PTR_TRA_ID`) values (4,83);
Insert into `ETR_TB_PROFILE_TRANSACTION` (`PTR_PRO_ID`,`PTR_TRA_ID`) values (4,84);
Insert into `ETR_TB_PROFILE_TRANSACTION` (`PTR_PRO_ID`,`PTR_TRA_ID`) values (4,85);
Insert into `ETR_TB_PROFILE_TRANSACTION` (`PTR_PRO_ID`,`PTR_TRA_ID`) values (4,86);
Insert into `ETR_TB_PROFILE_TRANSACTION` (`PTR_PRO_ID`,`PTR_TRA_ID`) values (4,87);
Insert into `ETR_TB_PROFILE_TRANSACTION` (`PTR_PRO_ID`,`PTR_TRA_ID`) values (4,88);
Insert into `ETR_TB_PROFILE_TRANSACTION` (`PTR_PRO_ID`,`PTR_TRA_ID`) values (5,3);
Insert into `ETR_TB_PROFILE_TRANSACTION` (`PTR_PRO_ID`,`PTR_TRA_ID`) values (5,4);
Insert into `ETR_TB_PROFILE_TRANSACTION` (`PTR_PRO_ID`,`PTR_TRA_ID`) values (5,9);
Insert into `ETR_TB_PROFILE_TRANSACTION` (`PTR_PRO_ID`,`PTR_TRA_ID`) values (5,11);
Insert into `ETR_TB_PROFILE_TRANSACTION` (`PTR_PRO_ID`,`PTR_TRA_ID`) values (5,12);
Insert into `ETR_TB_PROFILE_TRANSACTION` (`PTR_PRO_ID`,`PTR_TRA_ID`) values (5,17);
Insert into `ETR_TB_PROFILE_TRANSACTION` (`PTR_PRO_ID`,`PTR_TRA_ID`) values (5,20);
Insert into `ETR_TB_PROFILE_TRANSACTION` (`PTR_PRO_ID`,`PTR_TRA_ID`) values (5,23);
Insert into `ETR_TB_PROFILE_TRANSACTION` (`PTR_PRO_ID`,`PTR_TRA_ID`) values (5,26);
Insert into `ETR_TB_PROFILE_TRANSACTION` (`PTR_PRO_ID`,`PTR_TRA_ID`) values (5,27);
Insert into `ETR_TB_PROFILE_TRANSACTION` (`PTR_PRO_ID`,`PTR_TRA_ID`) values (5,86);
Insert into `ETR_TB_PROFILE_TRANSACTION` (`PTR_PRO_ID`,`PTR_TRA_ID`) values (5,89);
Insert into `ETR_TB_PROFILE_TRANSACTION` (`PTR_PRO_ID`,`PTR_TRA_ID`) values (5,90);
Insert into `ETR_TB_PROFILE_TRANSACTION` (`PTR_PRO_ID`,`PTR_TRA_ID`) values (6,1);
Insert into `ETR_TB_PROFILE_TRANSACTION` (`PTR_PRO_ID`,`PTR_TRA_ID`) values (6,2);
Insert into `ETR_TB_PROFILE_TRANSACTION` (`PTR_PRO_ID`,`PTR_TRA_ID`) values (6,3);
Insert into `ETR_TB_PROFILE_TRANSACTION` (`PTR_PRO_ID`,`PTR_TRA_ID`) values (6,4);
Insert into `ETR_TB_PROFILE_TRANSACTION` (`PTR_PRO_ID`,`PTR_TRA_ID`) values (6,5);
Insert into `ETR_TB_PROFILE_TRANSACTION` (`PTR_PRO_ID`,`PTR_TRA_ID`) values (6,6);
Insert into `ETR_TB_PROFILE_TRANSACTION` (`PTR_PRO_ID`,`PTR_TRA_ID`) values (6,7);
Insert into `ETR_TB_PROFILE_TRANSACTION` (`PTR_PRO_ID`,`PTR_TRA_ID`) values (6,8);
Insert into `ETR_TB_PROFILE_TRANSACTION` (`PTR_PRO_ID`,`PTR_TRA_ID`) values (6,9);
Insert into `ETR_TB_PROFILE_TRANSACTION` (`PTR_PRO_ID`,`PTR_TRA_ID`) values (6,10);
Insert into `ETR_TB_PROFILE_TRANSACTION` (`PTR_PRO_ID`,`PTR_TRA_ID`) values (6,11);
Insert into `ETR_TB_PROFILE_TRANSACTION` (`PTR_PRO_ID`,`PTR_TRA_ID`) values (6,12);
Insert into `ETR_TB_PROFILE_TRANSACTION` (`PTR_PRO_ID`,`PTR_TRA_ID`) values (6,13);
Insert into `ETR_TB_PROFILE_TRANSACTION` (`PTR_PRO_ID`,`PTR_TRA_ID`) values (6,14);
Insert into `ETR_TB_PROFILE_TRANSACTION` (`PTR_PRO_ID`,`PTR_TRA_ID`) values (6,15);
Insert into `ETR_TB_PROFILE_TRANSACTION` (`PTR_PRO_ID`,`PTR_TRA_ID`) values (6,16);
Insert into `ETR_TB_PROFILE_TRANSACTION` (`PTR_PRO_ID`,`PTR_TRA_ID`) values (6,17);
Insert into `ETR_TB_PROFILE_TRANSACTION` (`PTR_PRO_ID`,`PTR_TRA_ID`) values (6,18);
Insert into `ETR_TB_PROFILE_TRANSACTION` (`PTR_PRO_ID`,`PTR_TRA_ID`) values (6,19);
Insert into `ETR_TB_PROFILE_TRANSACTION` (`PTR_PRO_ID`,`PTR_TRA_ID`) values (6,20);
Insert into `ETR_TB_PROFILE_TRANSACTION` (`PTR_PRO_ID`,`PTR_TRA_ID`) values (6,21);
Insert into `ETR_TB_PROFILE_TRANSACTION` (`PTR_PRO_ID`,`PTR_TRA_ID`) values (6,22);
Insert into `ETR_TB_PROFILE_TRANSACTION` (`PTR_PRO_ID`,`PTR_TRA_ID`) values (6,23);
Insert into `ETR_TB_PROFILE_TRANSACTION` (`PTR_PRO_ID`,`PTR_TRA_ID`) values (6,24);
Insert into `ETR_TB_PROFILE_TRANSACTION` (`PTR_PRO_ID`,`PTR_TRA_ID`) values (6,25);
Insert into `ETR_TB_PROFILE_TRANSACTION` (`PTR_PRO_ID`,`PTR_TRA_ID`) values (6,26);
Insert into `ETR_TB_PROFILE_TRANSACTION` (`PTR_PRO_ID`,`PTR_TRA_ID`) values (6,27);
Insert into `ETR_TB_PROFILE_TRANSACTION` (`PTR_PRO_ID`,`PTR_TRA_ID`) values (6,28);
Insert into `ETR_TB_PROFILE_TRANSACTION` (`PTR_PRO_ID`,`PTR_TRA_ID`) values (6,29);
Insert into `ETR_TB_PROFILE_TRANSACTION` (`PTR_PRO_ID`,`PTR_TRA_ID`) values (6,30);
Insert into `ETR_TB_PROFILE_TRANSACTION` (`PTR_PRO_ID`,`PTR_TRA_ID`) values (6,42);
Insert into `ETR_TB_PROFILE_TRANSACTION` (`PTR_PRO_ID`,`PTR_TRA_ID`) values (6,43);
Insert into `ETR_TB_PROFILE_TRANSACTION` (`PTR_PRO_ID`,`PTR_TRA_ID`) values (6,44);
Insert into `ETR_TB_PROFILE_TRANSACTION` (`PTR_PRO_ID`,`PTR_TRA_ID`) values (6,45);
Insert into `ETR_TB_PROFILE_TRANSACTION` (`PTR_PRO_ID`,`PTR_TRA_ID`) values (6,46);
Insert into `ETR_TB_PROFILE_TRANSACTION` (`PTR_PRO_ID`,`PTR_TRA_ID`) values (6,47);
Insert into `ETR_TB_PROFILE_TRANSACTION` (`PTR_PRO_ID`,`PTR_TRA_ID`) values (6,50);
Insert into `ETR_TB_PROFILE_TRANSACTION` (`PTR_PRO_ID`,`PTR_TRA_ID`) values (6,51);
Insert into `ETR_TB_PROFILE_TRANSACTION` (`PTR_PRO_ID`,`PTR_TRA_ID`) values (6,52);
Insert into `ETR_TB_PROFILE_TRANSACTION` (`PTR_PRO_ID`,`PTR_TRA_ID`) values (6,53);
Insert into `ETR_TB_PROFILE_TRANSACTION` (`PTR_PRO_ID`,`PTR_TRA_ID`) values (6,54);
Insert into `ETR_TB_PROFILE_TRANSACTION` (`PTR_PRO_ID`,`PTR_TRA_ID`) values (6,55);
Insert into `ETR_TB_PROFILE_TRANSACTION` (`PTR_PRO_ID`,`PTR_TRA_ID`) values (6,56);
Insert into `ETR_TB_PROFILE_TRANSACTION` (`PTR_PRO_ID`,`PTR_TRA_ID`) values (6,57);
Insert into `ETR_TB_PROFILE_TRANSACTION` (`PTR_PRO_ID`,`PTR_TRA_ID`) values (6,58);
Insert into `ETR_TB_PROFILE_TRANSACTION` (`PTR_PRO_ID`,`PTR_TRA_ID`) values (6,59);
Insert into `ETR_TB_PROFILE_TRANSACTION` (`PTR_PRO_ID`,`PTR_TRA_ID`) values (6,60);
Insert into `ETR_TB_PROFILE_TRANSACTION` (`PTR_PRO_ID`,`PTR_TRA_ID`) values (6,61);
Insert into `ETR_TB_PROFILE_TRANSACTION` (`PTR_PRO_ID`,`PTR_TRA_ID`) values (6,62);
Insert into `ETR_TB_PROFILE_TRANSACTION` (`PTR_PRO_ID`,`PTR_TRA_ID`) values (6,63);
Insert into `ETR_TB_PROFILE_TRANSACTION` (`PTR_PRO_ID`,`PTR_TRA_ID`) values (6,64);
Insert into `ETR_TB_PROFILE_TRANSACTION` (`PTR_PRO_ID`,`PTR_TRA_ID`) values (6,65);
Insert into `ETR_TB_PROFILE_TRANSACTION` (`PTR_PRO_ID`,`PTR_TRA_ID`) values (6,66);
Insert into `ETR_TB_PROFILE_TRANSACTION` (`PTR_PRO_ID`,`PTR_TRA_ID`) values (6,67);
Insert into `ETR_TB_PROFILE_TRANSACTION` (`PTR_PRO_ID`,`PTR_TRA_ID`) values (6,68);
Insert into `ETR_TB_PROFILE_TRANSACTION` (`PTR_PRO_ID`,`PTR_TRA_ID`) values (6,69);
Insert into `ETR_TB_PROFILE_TRANSACTION` (`PTR_PRO_ID`,`PTR_TRA_ID`) values (6,70);
Insert into `ETR_TB_PROFILE_TRANSACTION` (`PTR_PRO_ID`,`PTR_TRA_ID`) values (6,71);
Insert into `ETR_TB_PROFILE_TRANSACTION` (`PTR_PRO_ID`,`PTR_TRA_ID`) values (6,72);
Insert into `ETR_TB_PROFILE_TRANSACTION` (`PTR_PRO_ID`,`PTR_TRA_ID`) values (6,73);
Insert into `ETR_TB_PROFILE_TRANSACTION` (`PTR_PRO_ID`,`PTR_TRA_ID`) values (7,9);
Insert into `ETR_TB_PROFILE_TRANSACTION` (`PTR_PRO_ID`,`PTR_TRA_ID`) values (7,11);
Insert into `ETR_TB_PROFILE_TRANSACTION` (`PTR_PRO_ID`,`PTR_TRA_ID`) values (7,63);
Insert into `ETR_TB_PROFILE_TRANSACTION` (`PTR_PRO_ID`,`PTR_TRA_ID`) values (7,64);
Insert into `ETR_TB_PROFILE_TRANSACTION` (`PTR_PRO_ID`,`PTR_TRA_ID`) values (7,65);
Insert into `ETR_TB_PROFILE_TRANSACTION` (`PTR_PRO_ID`,`PTR_TRA_ID`) values (7,66);
Insert into `ETR_TB_PROFILE_TRANSACTION` (`PTR_PRO_ID`,`PTR_TRA_ID`) values (7,67);
Insert into `ETR_TB_PROFILE_TRANSACTION` (`PTR_PRO_ID`,`PTR_TRA_ID`) values (7,68);
Insert into `ETR_TB_PROFILE_TRANSACTION` (`PTR_PRO_ID`,`PTR_TRA_ID`) values (7,69);
Insert into `ETR_TB_PROFILE_TRANSACTION` (`PTR_PRO_ID`,`PTR_TRA_ID`) values (7,70);
Insert into `ETR_TB_PROFILE_TRANSACTION` (`PTR_PRO_ID`,`PTR_TRA_ID`) values (7,104);
Insert into `ETR_TB_PROFILE_TRANSACTION` (`PTR_PRO_ID`,`PTR_TRA_ID`) values (7,105);
Insert into `ETR_TB_PROFILE_TRANSACTION` (`PTR_PRO_ID`,`PTR_TRA_ID`) values (8,43);
Insert into `ETR_TB_PROFILE_TRANSACTION` (`PTR_PRO_ID`,`PTR_TRA_ID`) values (8,44);
Insert into `ETR_TB_PROFILE_TRANSACTION` (`PTR_PRO_ID`,`PTR_TRA_ID`) values (8,56);
Insert into `ETR_TB_PROFILE_TRANSACTION` (`PTR_PRO_ID`,`PTR_TRA_ID`) values (9,45);
Insert into `ETR_TB_PROFILE_TRANSACTION` (`PTR_PRO_ID`,`PTR_TRA_ID`) values (9,57);
Insert into `ETR_TB_PROFILE_TRANSACTION` (`PTR_PRO_ID`,`PTR_TRA_ID`) values (9,58);
Insert into `ETR_TB_PROFILE_TRANSACTION` (`PTR_PRO_ID`,`PTR_TRA_ID`) values (9,59);
Insert into `ETR_TB_PROFILE_TRANSACTION` (`PTR_PRO_ID`,`PTR_TRA_ID`) values (9,60);
Insert into `ETR_TB_PROFILE_TRANSACTION` (`PTR_PRO_ID`,`PTR_TRA_ID`) values (10,46);
Insert into `ETR_TB_PROFILE_TRANSACTION` (`PTR_PRO_ID`,`PTR_TRA_ID`) values (11,50);
Insert into `ETR_TB_PROFILE_TRANSACTION` (`PTR_PRO_ID`,`PTR_TRA_ID`) values (11,51);
Insert into `ETR_TB_PROFILE_TRANSACTION` (`PTR_PRO_ID`,`PTR_TRA_ID`) values (11,52);
Insert into `ETR_TB_PROFILE_TRANSACTION` (`PTR_PRO_ID`,`PTR_TRA_ID`) values (11,53);
Insert into `ETR_TB_PROFILE_TRANSACTION` (`PTR_PRO_ID`,`PTR_TRA_ID`) values (11,54);
Insert into `ETR_TB_PROFILE_TRANSACTION` (`PTR_PRO_ID`,`PTR_TRA_ID`) values (11,55);
Insert into `ETR_TB_PROFILE_TRANSACTION` (`PTR_PRO_ID`,`PTR_TRA_ID`) values (11,61);
Insert into `ETR_TB_PROFILE_TRANSACTION` (`PTR_PRO_ID`,`PTR_TRA_ID`) values (11,62);
Insert into `ETR_TB_PROFILE_TRANSACTION` (`PTR_PRO_ID`,`PTR_TRA_ID`) values (11,73);
Insert into `ETR_TB_PROFILE_TRANSACTION` (`PTR_PRO_ID`,`PTR_TRA_ID`) values (12,3);
Insert into `ETR_TB_PROFILE_TRANSACTION` (`PTR_PRO_ID`,`PTR_TRA_ID`) values (12,4);
Insert into `ETR_TB_PROFILE_TRANSACTION` (`PTR_PRO_ID`,`PTR_TRA_ID`) values (12,9);
Insert into `ETR_TB_PROFILE_TRANSACTION` (`PTR_PRO_ID`,`PTR_TRA_ID`) values (12,10);
Insert into `ETR_TB_PROFILE_TRANSACTION` (`PTR_PRO_ID`,`PTR_TRA_ID`) values (12,11);
Insert into `ETR_TB_PROFILE_TRANSACTION` (`PTR_PRO_ID`,`PTR_TRA_ID`) values (12,12);
Insert into `ETR_TB_PROFILE_TRANSACTION` (`PTR_PRO_ID`,`PTR_TRA_ID`) values (12,47);
Insert into `ETR_TB_PROFILE_TRANSACTION` (`PTR_PRO_ID`,`PTR_TRA_ID`) values (12,75);
Insert into `ETR_TB_PROFILE_TRANSACTION` (`PTR_PRO_ID`,`PTR_TRA_ID`) values (12,89);
Insert into `ETR_TB_PROFILE_TRANSACTION` (`PTR_PRO_ID`,`PTR_TRA_ID`) values (12,90);
Insert into `ETR_TB_PROFILE_TRANSACTION` (`PTR_PRO_ID`,`PTR_TRA_ID`) values (12,101);
Insert into `ETR_TB_PROFILE_TRANSACTION` (`PTR_PRO_ID`,`PTR_TRA_ID`) values (12,102);
Insert into `ETR_TB_PROFILE_TRANSACTION` (`PTR_PRO_ID`,`PTR_TRA_ID`) values (12,103);
Insert into `ETR_TB_PROFILE_TRANSACTION` (`PTR_PRO_ID`,`PTR_TRA_ID`) values (13,71);
Insert into `ETR_TB_PROFILE_TRANSACTION` (`PTR_PRO_ID`,`PTR_TRA_ID`) values (13,72);
Insert into `ETR_TB_PROFILE_TRANSACTION` (`PTR_PRO_ID`,`PTR_TRA_ID`) values (15,80);
Insert into `ETR_TB_PROFILE_TRANSACTION` (`PTR_PRO_ID`,`PTR_TRA_ID`) values (15,81);
Insert into `ETR_TB_PROFILE_TRANSACTION` (`PTR_PRO_ID`,`PTR_TRA_ID`) values (8,117);
Insert into `ETR_TB_PROFILE_TRANSACTION` (`PTR_PRO_ID`,`PTR_TRA_ID`) values (1,117);
Insert into `ETR_TB_PROFILE_TRANSACTION` (`PTR_PRO_ID`,`PTR_TRA_ID`) values (1,118);
Insert into `ETR_TB_PROFILE_TRANSACTION` (`PTR_PRO_ID`,`PTR_TRA_ID`) values (8,118);
Insert into `ETR_TB_PROFILE_TRANSACTION` (`PTR_PRO_ID`,`PTR_TRA_ID`) values (4,120);
Insert into `ETR_TB_PROFILE_TRANSACTION` (`PTR_PRO_ID`,`PTR_TRA_ID`) values (6,120);
Insert into `ETR_TB_PROFILE_TRANSACTION` (`PTR_PRO_ID`,`PTR_TRA_ID`) values (6,121);
Insert into `ETR_TB_PROFILE_TRANSACTION` (`PTR_PRO_ID`,`PTR_TRA_ID`) values (4,121);





Insert into `ETR_TB_METADATA` (`MD_ID`,`MD_TYPE`,`MD_VALUE`,`PID_DOC_ID`,`PID_ICA_ID`,`PID_PRO_ID`,`PID_TRA_ID`,`MD_SENDER_ID`,`CRE_DT`,`CRE_ID`,`MOD_DT`,`MOD_ID`) values (1,'DOCUMENT_ID_XQUERY','//*:Invoice/*:ID',null,null,null,1,null,null,null,null,null);
Insert into `ETR_TB_METADATA` (`MD_ID`,`MD_TYPE`,`MD_VALUE`,`PID_DOC_ID`,`PID_ICA_ID`,`PID_PRO_ID`,`PID_TRA_ID`,`MD_SENDER_ID`,`CRE_DT`,`CRE_ID`,`MOD_DT`,`MOD_ID`) values (2,'SENDER_ID_XQUERY','//*:SupplierID',null,null,null,1,null,null,null,null,null);
Insert into `ETR_TB_METADATA` (`MD_ID`,`MD_TYPE`,`MD_VALUE`,`PID_DOC_ID`,`PID_ICA_ID`,`PID_PRO_ID`,`PID_TRA_ID`,`MD_SENDER_ID`,`CRE_DT`,`CRE_ID`,`MOD_DT`,`MOD_ID`) values (3,'RECEIVER_ID_XQUERY','//*:CustomerID',null,null,null,1,null,null,null,null,null);
Insert into `ETR_TB_METADATA` (`MD_ID`,`MD_TYPE`,`MD_VALUE`,`PID_DOC_ID`,`PID_ICA_ID`,`PID_PRO_ID`,`PID_TRA_ID`,`MD_SENDER_ID`,`CRE_DT`,`CRE_ID`,`MOD_DT`,`MOD_ID`) values (4,'DOCUMENT_ID_XQUERY','//*:CreditNote/*:ID',null,null,null,2,null,null,null,null,null);
Insert into `ETR_TB_METADATA` (`MD_ID`,`MD_TYPE`,`MD_VALUE`,`PID_DOC_ID`,`PID_ICA_ID`,`PID_PRO_ID`,`PID_TRA_ID`,`MD_SENDER_ID`,`CRE_DT`,`CRE_ID`,`MOD_DT`,`MOD_ID`) values (5,'SENDER_ID_XQUERY','//*:SupplierID',null,null,null,2,null,null,null,null,null);
Insert into `ETR_TB_METADATA` (`MD_ID`,`MD_TYPE`,`MD_VALUE`,`PID_DOC_ID`,`PID_ICA_ID`,`PID_PRO_ID`,`PID_TRA_ID`,`MD_SENDER_ID`,`CRE_DT`,`CRE_ID`,`MOD_DT`,`MOD_ID`) values (6,'RECEIVER_ID_XQUERY','//*:CustomerID',null,null,null,2,null,null,null,null,null);
Insert into `ETR_TB_METADATA` (`MD_ID`,`MD_TYPE`,`MD_VALUE`,`PID_DOC_ID`,`PID_ICA_ID`,`PID_PRO_ID`,`PID_TRA_ID`,`MD_SENDER_ID`,`CRE_DT`,`CRE_ID`,`MOD_DT`,`MOD_ID`) values (7,'SYNCH_VALIDATE_XSD','false',null,null,null,1,null,null,null,null,null);
Insert into `ETR_TB_METADATA` (`MD_ID`,`MD_TYPE`,`MD_VALUE`,`PID_DOC_ID`,`PID_ICA_ID`,`PID_PRO_ID`,`PID_TRA_ID`,`MD_SENDER_ID`,`CRE_DT`,`CRE_ID`,`MOD_DT`,`MOD_ID`) values (9,'SYNCH_VALIDATE_XSD','false',null,null,null,2,null,null,null,null,null);
Insert into `ETR_TB_METADATA` (`MD_ID`,`MD_TYPE`,`MD_VALUE`,`PID_DOC_ID`,`PID_ICA_ID`,`PID_PRO_ID`,`PID_TRA_ID`,`MD_SENDER_ID`,`CRE_DT`,`CRE_ID`,`MOD_DT`,`MOD_ID`) values (10,'DOCUMENT_XSD_URL','/eprior/xsd/maindoc/UBL-CreditNote-2.0.xsd',null,null,null,2,null,null,null,null,null);
Insert into `ETR_TB_METADATA` (`MD_ID`,`MD_TYPE`,`MD_VALUE`,`PID_DOC_ID`,`PID_ICA_ID`,`PID_PRO_ID`,`PID_TRA_ID`,`MD_SENDER_ID`,`CRE_DT`,`CRE_ID`,`MOD_DT`,`MOD_ID`) values (11,'PARENT_DOCUMENT_ID_XQUERY','//*:CreditNote/*:BillingReference/*:InvoiceDocumentReference/*:ID',null,null,null,2,null,null,null,null,null);
Insert into `ETR_TB_METADATA` (`MD_ID`,`MD_TYPE`,`MD_VALUE`,`PID_DOC_ID`,`PID_ICA_ID`,`PID_PRO_ID`,`PID_TRA_ID`,`MD_SENDER_ID`,`CRE_DT`,`CRE_ID`,`MOD_DT`,`MOD_ID`) values (12,'PARENT_DOCUMENT_NA_STRATEGY','IGNORE',null,null,null,2,null,null,null,null,null);
Insert into `ETR_TB_METADATA` (`MD_ID`,`MD_TYPE`,`MD_VALUE`,`PID_DOC_ID`,`PID_ICA_ID`,`PID_PRO_ID`,`PID_TRA_ID`,`MD_SENDER_ID`,`CRE_DT`,`CRE_ID`,`MOD_DT`,`MOD_ID`) values (13,'DOCUMENT_ISSUEDATE_XQUERY','//*:Invoice/*:IssueDate',null,null,null,1,null,null,null,null,null);
Insert into `ETR_TB_METADATA` (`MD_ID`,`MD_TYPE`,`MD_VALUE`,`PID_DOC_ID`,`PID_ICA_ID`,`PID_PRO_ID`,`PID_TRA_ID`,`MD_SENDER_ID`,`CRE_DT`,`CRE_ID`,`MOD_DT`,`MOD_ID`) values (14,'DOCUMENT_ISSUEDATE_XQUERY','//*:CreditNote/*:IssueDate',null,null,null,2,null,null,null,null,null);
Insert into `ETR_TB_METADATA` (`MD_ID`,`MD_TYPE`,`MD_VALUE`,`PID_DOC_ID`,`PID_ICA_ID`,`PID_PRO_ID`,`PID_TRA_ID`,`MD_SENDER_ID`,`CRE_DT`,`CRE_ID`,`MOD_DT`,`MOD_ID`) values (15,'SENDER_ID_XQUERY','//*:Sender/*:Identifier',null,null,3,null,null,null,null,null,null);
Insert into `ETR_TB_METADATA` (`MD_ID`,`MD_TYPE`,`MD_VALUE`,`PID_DOC_ID`,`PID_ICA_ID`,`PID_PRO_ID`,`PID_TRA_ID`,`MD_SENDER_ID`,`CRE_DT`,`CRE_ID`,`MOD_DT`,`MOD_ID`) values (16,'SIGNATURE_INFO_QUERY','//*:TechnicalHeader/*:SignatureInformation',null,null,null,null,null,null,null,null,null);
Insert into `ETR_TB_METADATA` (`MD_ID`,`MD_TYPE`,`MD_VALUE`,`PID_DOC_ID`,`PID_ICA_ID`,`PID_PRO_ID`,`PID_TRA_ID`,`MD_SENDER_ID`,`CRE_DT`,`CRE_ID`,`MOD_DT`,`MOD_ID`) values (17,'DOCUMENT_XSD_URL','/etrustex/xsd/maindoc/EC-DocumentWrapper-1.0.xsd',null,null,null,5,null,null,null,null,null);
Insert into `ETR_TB_METADATA` (`MD_ID`,`MD_TYPE`,`MD_VALUE`,`PID_DOC_ID`,`PID_ICA_ID`,`PID_PRO_ID`,`PID_TRA_ID`,`MD_SENDER_ID`,`CRE_DT`,`CRE_ID`,`MOD_DT`,`MOD_ID`) values (19,'DOCUMENT_XSD_URL','/etrustex/xsd/maindoc/EC-DocumentWrapperRequest-1.0.xsd',6,null,null,null,null,null,null,null,null);
Insert into `ETR_TB_METADATA` (`MD_ID`,`MD_TYPE`,`MD_VALUE`,`PID_DOC_ID`,`PID_ICA_ID`,`PID_PRO_ID`,`PID_TRA_ID`,`MD_SENDER_ID`,`CRE_DT`,`CRE_ID`,`MOD_DT`,`MOD_ID`) values (21,'DOCUMENT_ID_XQUERY','//*:Body/*/*:DocumentBundle/*:ID',7,null,null,null,null,null,null,null,null);
Insert into `ETR_TB_METADATA` (`MD_ID`,`MD_TYPE`,`MD_VALUE`,`PID_DOC_ID`,`PID_ICA_ID`,`PID_PRO_ID`,`PID_TRA_ID`,`MD_SENDER_ID`,`CRE_DT`,`CRE_ID`,`MOD_DT`,`MOD_ID`) values (22,'RECEIVER_ID_XQUERY','//*:Receiver/*:Identifier',7,null,null,null,null,null,null,null,null);
Insert into `ETR_TB_METADATA` (`MD_ID`,`MD_TYPE`,`MD_VALUE`,`PID_DOC_ID`,`PID_ICA_ID`,`PID_PRO_ID`,`PID_TRA_ID`,`MD_SENDER_ID`,`CRE_DT`,`CRE_ID`,`MOD_DT`,`MOD_ID`) values (23,'DOCUMENT_XSD_URL','/etrustex/xsd/maindoc/EC-DocumentBundle-1.0.xsd',7,null,null,null,null,null,null,null,null);
Insert into `ETR_TB_METADATA` (`MD_ID`,`MD_TYPE`,`MD_VALUE`,`PID_DOC_ID`,`PID_ICA_ID`,`PID_PRO_ID`,`PID_TRA_ID`,`MD_SENDER_ID`,`CRE_DT`,`CRE_ID`,`MOD_DT`,`MOD_ID`) values (25,'DOCUMENT_ISSUEDATE_XQUERY','//*:DocumentBundle/*:IssueDate',7,null,null,null,null,null,null,null,null);
Insert into `ETR_TB_METADATA` (`MD_ID`,`MD_TYPE`,`MD_VALUE`,`PID_DOC_ID`,`PID_ICA_ID`,`PID_PRO_ID`,`PID_TRA_ID`,`MD_SENDER_ID`,`CRE_DT`,`CRE_ID`,`MOD_DT`,`MOD_ID`) values (26,'SYNCH_VALIDATE_XSD','false',7,null,null,null,null,null,null,null,null);
Insert into `ETR_TB_METADATA` (`MD_ID`,`MD_TYPE`,`MD_VALUE`,`PID_DOC_ID`,`PID_ICA_ID`,`PID_PRO_ID`,`PID_TRA_ID`,`MD_SENDER_ID`,`CRE_DT`,`CRE_ID`,`MOD_DT`,`MOD_ID`) values (27,'PARENT_DOCUMENT_ID_XQUERY','//*:DocumentBundle/*:ParentDocumentID',7,null,null,null,null,null,null,null,null);
Insert into `ETR_TB_METADATA` (`MD_ID`,`MD_TYPE`,`MD_VALUE`,`PID_DOC_ID`,`PID_ICA_ID`,`PID_PRO_ID`,`PID_TRA_ID`,`MD_SENDER_ID`,`CRE_DT`,`CRE_ID`,`MOD_DT`,`MOD_ID`) values (28,'PARENT_DOCUMENT_NA_STRATEGY','ERROR',7,null,null,null,null,null,null,null,null);
Insert into `ETR_TB_METADATA` (`MD_ID`,`MD_TYPE`,`MD_VALUE`,`PID_DOC_ID`,`PID_ICA_ID`,`PID_PRO_ID`,`PID_TRA_ID`,`MD_SENDER_ID`,`CRE_DT`,`CRE_ID`,`MOD_DT`,`MOD_ID`) values (29,'DOCUMENT_XSD_URL','/etrustex/xsd/maindoc/EC-RetrieveRequest-2.0.xsd',null,null,null,9,null,null,null,null,null);
Insert into `ETR_TB_METADATA` (`MD_ID`,`MD_TYPE`,`MD_VALUE`,`PID_DOC_ID`,`PID_ICA_ID`,`PID_PRO_ID`,`PID_TRA_ID`,`MD_SENDER_ID`,`CRE_DT`,`CRE_ID`,`MOD_DT`,`MOD_ID`) values (30,'SYNCH_VALIDATE_XSD','true',null,null,null,9,null,null,null,null,null);
Insert into `ETR_TB_METADATA` (`MD_ID`,`MD_TYPE`,`MD_VALUE`,`PID_DOC_ID`,`PID_ICA_ID`,`PID_PRO_ID`,`PID_TRA_ID`,`MD_SENDER_ID`,`CRE_DT`,`CRE_ID`,`MOD_DT`,`MOD_ID`) values (32,'PARENT_ID_NOT_FOUND_TIMEFRAME','86000000',null,null,null,null,null,null,null,null,null);
Insert into `ETR_TB_METADATA` (`MD_ID`,`MD_TYPE`,`MD_VALUE`,`PID_DOC_ID`,`PID_ICA_ID`,`PID_PRO_ID`,`PID_TRA_ID`,`MD_SENDER_ID`,`CRE_DT`,`CRE_ID`,`MOD_DT`,`MOD_ID`) values (33,'DOCUMENT_XSD_URL','/etrustex/xsd/maindoc/UBL-AttachedDocument-2.0.xsd',null,null,null,10,null,null,null,null,null);
Insert into `ETR_TB_METADATA` (`MD_ID`,`MD_TYPE`,`MD_VALUE`,`PID_DOC_ID`,`PID_ICA_ID`,`PID_PRO_ID`,`PID_TRA_ID`,`MD_SENDER_ID`,`CRE_DT`,`CRE_ID`,`MOD_DT`,`MOD_ID`) values (35,'RECEIVER_ID_XQUERY','//*:Receiver/*:Identifier',null,null,null,10,null,null,null,null,null);
Insert into `ETR_TB_METADATA` (`MD_ID`,`MD_TYPE`,`MD_VALUE`,`PID_DOC_ID`,`PID_ICA_ID`,`PID_PRO_ID`,`PID_TRA_ID`,`MD_SENDER_ID`,`CRE_DT`,`CRE_ID`,`MOD_DT`,`MOD_ID`) values (36,'DOCUMENT_ID_XQUERY','//*:AttachedDocument/*:ID',null,null,null,10,null,null,null,null,null);
Insert into `ETR_TB_METADATA` (`MD_ID`,`MD_TYPE`,`MD_VALUE`,`PID_DOC_ID`,`PID_ICA_ID`,`PID_PRO_ID`,`PID_TRA_ID`,`MD_SENDER_ID`,`CRE_DT`,`CRE_ID`,`MOD_DT`,`MOD_ID`) values (37,'SYNCH_VALIDATE_XSD','false',null,null,null,10,null,null,null,null,null);
Insert into `ETR_TB_METADATA` (`MD_ID`,`MD_TYPE`,`MD_VALUE`,`PID_DOC_ID`,`PID_ICA_ID`,`PID_PRO_ID`,`PID_TRA_ID`,`MD_SENDER_ID`,`CRE_DT`,`CRE_ID`,`MOD_DT`,`MOD_ID`) values (38,'SERVER_URL','http://localhost:8080',null,null,null,null,null,null,null,null,null);
Insert into `ETR_TB_METADATA` (`MD_ID`,`MD_TYPE`,`MD_VALUE`,`PID_DOC_ID`,`PID_ICA_ID`,`PID_PRO_ID`,`PID_TRA_ID`,`MD_SENDER_ID`,`CRE_DT`,`CRE_ID`,`MOD_DT`,`MOD_ID`) values (40,'SYNCH_VALIDATE_XSD','true',null,null,null,11,null,null,null,null,null);
Insert into `ETR_TB_METADATA` (`MD_ID`,`MD_TYPE`,`MD_VALUE`,`PID_DOC_ID`,`PID_ICA_ID`,`PID_PRO_ID`,`PID_TRA_ID`,`MD_SENDER_ID`,`CRE_DT`,`CRE_ID`,`MOD_DT`,`MOD_ID`) values (41,'DOCUMENT_XSD_URL','/etrustex/xsd/maindoc/EC-StatusRequest-2.0.xsd',null,null,null,11,null,null,null,null,null);
Insert into `ETR_TB_METADATA` (`MD_ID`,`MD_TYPE`,`MD_VALUE`,`PID_DOC_ID`,`PID_ICA_ID`,`PID_PRO_ID`,`PID_TRA_ID`,`MD_SENDER_ID`,`CRE_DT`,`CRE_ID`,`MOD_DT`,`MOD_ID`) values (42,'SYNCH_VALIDATE_XSD','true',null,null,null,12,null,null,null,null,null);
Insert into `ETR_TB_METADATA` (`MD_ID`,`MD_TYPE`,`MD_VALUE`,`PID_DOC_ID`,`PID_ICA_ID`,`PID_PRO_ID`,`PID_TRA_ID`,`MD_SENDER_ID`,`CRE_DT`,`CRE_ID`,`MOD_DT`,`MOD_ID`) values (43,'DOCUMENT_XSD_URL','/etrustex/xsd/maindoc/EC-QueryRequest-2.0.xsd',null,null,null,12,null,null,null,null,null);
Insert into `ETR_TB_METADATA` (`MD_ID`,`MD_TYPE`,`MD_VALUE`,`PID_DOC_ID`,`PID_ICA_ID`,`PID_PRO_ID`,`PID_TRA_ID`,`MD_SENDER_ID`,`CRE_DT`,`CRE_ID`,`MOD_DT`,`MOD_ID`) values (45,'SYNCH_VALIDATE_XSD','true',null,null,null,5,null,null,null,null,null);
Insert into `ETR_TB_METADATA` (`MD_ID`,`MD_TYPE`,`MD_VALUE`,`PID_DOC_ID`,`PID_ICA_ID`,`PID_PRO_ID`,`PID_TRA_ID`,`MD_SENDER_ID`,`CRE_DT`,`CRE_ID`,`MOD_DT`,`MOD_ID`) values (46,'SYNCH_VALIDATE_XSD','true',null,null,null,7,null,null,null,null,null);
Insert into `ETR_TB_METADATA` (`MD_ID`,`MD_TYPE`,`MD_VALUE`,`PID_DOC_ID`,`PID_ICA_ID`,`PID_PRO_ID`,`PID_TRA_ID`,`MD_SENDER_ID`,`CRE_DT`,`CRE_ID`,`MOD_DT`,`MOD_ID`) values (48,'SYNCH_VALIDATE_XSD','true',null,null,null,4,null,null,null,null,null);
Insert into `ETR_TB_METADATA` (`MD_ID`,`MD_TYPE`,`MD_VALUE`,`PID_DOC_ID`,`PID_ICA_ID`,`PID_PRO_ID`,`PID_TRA_ID`,`MD_SENDER_ID`,`CRE_DT`,`CRE_ID`,`MOD_DT`,`MOD_ID`) values (49,'DOCUMENT_XSD_URL','/etrustex/xsd/maindoc/EC-InboxRequest-2.0.xsd',null,null,null,4,null,null,null,null,null);
Insert into `ETR_TB_METADATA` (`MD_ID`,`MD_TYPE`,`MD_VALUE`,`PID_DOC_ID`,`PID_ICA_ID`,`PID_PRO_ID`,`PID_TRA_ID`,`MD_SENDER_ID`,`CRE_DT`,`CRE_ID`,`MOD_DT`,`MOD_ID`) values (50,'DOCUMENT_ID_XQUERY','//*:ApplicationResponse/*:ID',null,null,null,3,null,null,null,null,null);
Insert into `ETR_TB_METADATA` (`MD_ID`,`MD_TYPE`,`MD_VALUE`,`PID_DOC_ID`,`PID_ICA_ID`,`PID_PRO_ID`,`PID_TRA_ID`,`MD_SENDER_ID`,`CRE_DT`,`CRE_ID`,`MOD_DT`,`MOD_ID`) values (51,'SENDER_ID_XQUERY','//*:Sender/*:Identifier',null,null,null,3,null,null,null,null,null);
Insert into `ETR_TB_METADATA` (`MD_ID`,`MD_TYPE`,`MD_VALUE`,`PID_DOC_ID`,`PID_ICA_ID`,`PID_PRO_ID`,`PID_TRA_ID`,`MD_SENDER_ID`,`CRE_DT`,`CRE_ID`,`MOD_DT`,`MOD_ID`) values (52,'RECEIVER_ID_XQUERY','//*:Receiver/*:Identifier',null,null,null,3,null,null,null,null,null);
Insert into `ETR_TB_METADATA` (`MD_ID`,`MD_TYPE`,`MD_VALUE`,`PID_DOC_ID`,`PID_ICA_ID`,`PID_PRO_ID`,`PID_TRA_ID`,`MD_SENDER_ID`,`CRE_DT`,`CRE_ID`,`MOD_DT`,`MOD_ID`) values (53,'DOCUMENT_XSD_URL','/etrustex/xsd/maindoc/UBL-ApplicationResponse-2.0.xsd',null,null,null,3,null,null,null,null,null);
Insert into `ETR_TB_METADATA` (`MD_ID`,`MD_TYPE`,`MD_VALUE`,`PID_DOC_ID`,`PID_ICA_ID`,`PID_PRO_ID`,`PID_TRA_ID`,`MD_SENDER_ID`,`CRE_DT`,`CRE_ID`,`MOD_DT`,`MOD_ID`) values (54,'DOCUMENT_ISSUEDATE_XQUERY','//*:ApplicationResponse/*:IssueDate',null,null,null,3,null,null,null,null,null);
Insert into `ETR_TB_METADATA` (`MD_ID`,`MD_TYPE`,`MD_VALUE`,`PID_DOC_ID`,`PID_ICA_ID`,`PID_PRO_ID`,`PID_TRA_ID`,`MD_SENDER_ID`,`CRE_DT`,`CRE_ID`,`MOD_DT`,`MOD_ID`) values (55,'SYNCH_VALIDATE_XSD','false',null,null,null,3,null,null,null,null,null);
Insert into `ETR_TB_METADATA` (`MD_ID`,`MD_TYPE`,`MD_VALUE`,`PID_DOC_ID`,`PID_ICA_ID`,`PID_PRO_ID`,`PID_TRA_ID`,`MD_SENDER_ID`,`CRE_DT`,`CRE_ID`,`MOD_DT`,`MOD_ID`) values (56,'PARENT_DOCUMENT_ID_XQUERY','//*:ApplicationResponse/*:DocumentResponse/*:DocumentReference/*:ID',null,null,null,3,null,null,null,null,null);
Insert into `ETR_TB_METADATA` (`MD_ID`,`MD_TYPE`,`MD_VALUE`,`PID_DOC_ID`,`PID_ICA_ID`,`PID_PRO_ID`,`PID_TRA_ID`,`MD_SENDER_ID`,`CRE_DT`,`CRE_ID`,`MOD_DT`,`MOD_ID`) values (57,'PARENT_DOCUMENT_NA_STRATEGY','ERROR',null,null,null,3,null,null,null,null,null);
Insert into `ETR_TB_METADATA` (`MD_ID`,`MD_TYPE`,`MD_VALUE`,`PID_DOC_ID`,`PID_ICA_ID`,`PID_PRO_ID`,`PID_TRA_ID`,`MD_SENDER_ID`,`CRE_DT`,`CRE_ID`,`MOD_DT`,`MOD_ID`) values (59,'SYNCH_VALIDATE_XSD','true',null,null,null,6,null,null,null,null,null);
Insert into `ETR_TB_METADATA` (`MD_ID`,`MD_TYPE`,`MD_VALUE`,`PID_DOC_ID`,`PID_ICA_ID`,`PID_PRO_ID`,`PID_TRA_ID`,`MD_SENDER_ID`,`CRE_DT`,`CRE_ID`,`MOD_DT`,`MOD_ID`) values (60,'SENDER_ID_XQUERY','//*:Sender/*:Identifier',13,null,null,null,null,null,null,null,null);
Insert into `ETR_TB_METADATA` (`MD_ID`,`MD_TYPE`,`MD_VALUE`,`PID_DOC_ID`,`PID_ICA_ID`,`PID_PRO_ID`,`PID_TRA_ID`,`MD_SENDER_ID`,`CRE_DT`,`CRE_ID`,`MOD_DT`,`MOD_ID`) values (61,'DOCUMENT_ID_XQUERY','//*:DocumentBundle/*:ID',13,null,null,null,null,null,null,null,null);
Insert into `ETR_TB_METADATA` (`MD_ID`,`MD_TYPE`,`MD_VALUE`,`PID_DOC_ID`,`PID_ICA_ID`,`PID_PRO_ID`,`PID_TRA_ID`,`MD_SENDER_ID`,`CRE_DT`,`CRE_ID`,`MOD_DT`,`MOD_ID`) values (62,'RECEIVER_ID_XQUERY','//*:Receiver/*:Identifier',13,null,null,null,null,null,null,null,null);
Insert into `ETR_TB_METADATA` (`MD_ID`,`MD_TYPE`,`MD_VALUE`,`PID_DOC_ID`,`PID_ICA_ID`,`PID_PRO_ID`,`PID_TRA_ID`,`MD_SENDER_ID`,`CRE_DT`,`CRE_ID`,`MOD_DT`,`MOD_ID`) values (63,'DOCUMENT_XSD_URL','/etrustex/xsd/maindoc/EC-DocumentBundleJustice-1.0.xsd',13,null,null,null,null,null,null,null,null);
Insert into `ETR_TB_METADATA` (`MD_ID`,`MD_TYPE`,`MD_VALUE`,`PID_DOC_ID`,`PID_ICA_ID`,`PID_PRO_ID`,`PID_TRA_ID`,`MD_SENDER_ID`,`CRE_DT`,`CRE_ID`,`MOD_DT`,`MOD_ID`) values (65,'DOCUMENT_ISSUEDATE_XQUERY','//*:DocumentBundle/*:IssueDate',13,null,null,null,null,null,null,null,null);
Insert into `ETR_TB_METADATA` (`MD_ID`,`MD_TYPE`,`MD_VALUE`,`PID_DOC_ID`,`PID_ICA_ID`,`PID_PRO_ID`,`PID_TRA_ID`,`MD_SENDER_ID`,`CRE_DT`,`CRE_ID`,`MOD_DT`,`MOD_ID`) values (66,'SYNCH_VALIDATE_XSD','false',13,null,null,null,null,null,null,null,null);
Insert into `ETR_TB_METADATA` (`MD_ID`,`MD_TYPE`,`MD_VALUE`,`PID_DOC_ID`,`PID_ICA_ID`,`PID_PRO_ID`,`PID_TRA_ID`,`MD_SENDER_ID`,`CRE_DT`,`CRE_ID`,`MOD_DT`,`MOD_ID`) values (67,'PARENT_DOCUMENT_ID_XQUERY','//*:DocumentBundle/*:ParentDocumentID',13,null,null,null,null,null,null,null,null);
Insert into `ETR_TB_METADATA` (`MD_ID`,`MD_TYPE`,`MD_VALUE`,`PID_DOC_ID`,`PID_ICA_ID`,`PID_PRO_ID`,`PID_TRA_ID`,`MD_SENDER_ID`,`CRE_DT`,`CRE_ID`,`MOD_DT`,`MOD_ID`) values (68,'PARENT_DOCUMENT_NA_STRATEGY','ERROR',13,null,null,null,null,null,null,null,null);
Insert into `ETR_TB_METADATA` (`MD_ID`,`MD_TYPE`,`MD_VALUE`,`PID_DOC_ID`,`PID_ICA_ID`,`PID_PRO_ID`,`PID_TRA_ID`,`MD_SENDER_ID`,`CRE_DT`,`CRE_ID`,`MOD_DT`,`MOD_ID`) values (69,'CORRELATION_ID_XQUERY','//*:DocumentBundle/*:OriginatorDocumentReference/*:ID',13,null,null,null,null,null,null,null,null);
Insert into `ETR_TB_METADATA` (`MD_ID`,`MD_TYPE`,`MD_VALUE`,`PID_DOC_ID`,`PID_ICA_ID`,`PID_PRO_ID`,`PID_TRA_ID`,`MD_SENDER_ID`,`CRE_DT`,`CRE_ID`,`MOD_DT`,`MOD_ID`) values (70,'REPLYTO_XQUERY','//*:ReplyTo/*:Address',13,null,null,null,null,null,null,null,null);
Insert into `ETR_TB_METADATA` (`MD_ID`,`MD_TYPE`,`MD_VALUE`,`PID_DOC_ID`,`PID_ICA_ID`,`PID_PRO_ID`,`PID_TRA_ID`,`MD_SENDER_ID`,`CRE_DT`,`CRE_ID`,`MOD_DT`,`MOD_ID`) values (71,'INSTANCE_IDENTIFIER_XQUERY','//*:Header/*:BusinessHeader/*:DocumentIdentification/*:InstanceIdentifier',13,null,null,null,null,null,null,null,null);
Insert into `ETR_TB_METADATA` (`MD_ID`,`MD_TYPE`,`MD_VALUE`,`PID_DOC_ID`,`PID_ICA_ID`,`PID_PRO_ID`,`PID_TRA_ID`,`MD_SENDER_ID`,`CRE_DT`,`CRE_ID`,`MOD_DT`,`MOD_ID`) values (72,'DOCUMENT_ISSUETIME_XQUERY','//*:DocumentBundle/*:IssueTime',13,null,null,null,null,null,null,null,null);
Insert into `ETR_TB_METADATA` (`MD_ID`,`MD_TYPE`,`MD_VALUE`,`PID_DOC_ID`,`PID_ICA_ID`,`PID_PRO_ID`,`PID_TRA_ID`,`MD_SENDER_ID`,`CRE_DT`,`CRE_ID`,`MOD_DT`,`MOD_ID`) values (73,'DOCUMENT_XSD_URL','/etrustex/xsd/maindoc/EC-QueryRequestJustice-2.0.xsd',null,null,null,16,null,null,null,null,null);
Insert into `ETR_TB_METADATA` (`MD_ID`,`MD_TYPE`,`MD_VALUE`,`PID_DOC_ID`,`PID_ICA_ID`,`PID_PRO_ID`,`PID_TRA_ID`,`MD_SENDER_ID`,`CRE_DT`,`CRE_ID`,`MOD_DT`,`MOD_ID`) values (75,'SENDER_ID_XQUERY','//*:Sender/*:Identifier',null,null,null,16,null,null,null,null,null);
Insert into `ETR_TB_METADATA` (`MD_ID`,`MD_TYPE`,`MD_VALUE`,`PID_DOC_ID`,`PID_ICA_ID`,`PID_PRO_ID`,`PID_TRA_ID`,`MD_SENDER_ID`,`CRE_DT`,`CRE_ID`,`MOD_DT`,`MOD_ID`) values (76,'CORRELATION_ID_XQUERY','//*:ExtendedRequestDocumentParameter/*:OriginatorDocumentReference/*:ID',null,null,null,16,null,null,null,null,null);
Insert into `ETR_TB_METADATA` (`MD_ID`,`MD_TYPE`,`MD_VALUE`,`PID_DOC_ID`,`PID_ICA_ID`,`PID_PRO_ID`,`PID_TRA_ID`,`MD_SENDER_ID`,`CRE_DT`,`CRE_ID`,`MOD_DT`,`MOD_ID`) values (77,'SYNCH_VALIDATE_XSD','true',null,null,null,16,null,null,null,null,null);
Insert into `ETR_TB_METADATA` (`MD_ID`,`MD_TYPE`,`MD_VALUE`,`PID_DOC_ID`,`PID_ICA_ID`,`PID_PRO_ID`,`PID_TRA_ID`,`MD_SENDER_ID`,`CRE_DT`,`CRE_ID`,`MOD_DT`,`MOD_ID`) values (78,'DOCUMENT_XSD_URL','/etrustex/xsd/maindoc/EC-RetrieveInterchangeAgreementsRequest-2.1.xsd',12,null,null,null,null,null,null,null,null);
Insert into `ETR_TB_METADATA` (`MD_ID`,`MD_TYPE`,`MD_VALUE`,`PID_DOC_ID`,`PID_ICA_ID`,`PID_PRO_ID`,`PID_TRA_ID`,`MD_SENDER_ID`,`CRE_DT`,`CRE_ID`,`MOD_DT`,`MOD_ID`) values (79,'SYNCH_VALIDATE_XSD','true',12,null,null,null,null,null,null,null,null);
Insert into `ETR_TB_METADATA` (`MD_ID`,`MD_TYPE`,`MD_VALUE`,`PID_DOC_ID`,`PID_ICA_ID`,`PID_PRO_ID`,`PID_TRA_ID`,`MD_SENDER_ID`,`CRE_DT`,`CRE_ID`,`MOD_DT`,`MOD_ID`) values (80,'SYNCH_VALIDATE_XSD','true',null,null,null,17,null,null,null,null,null);
Insert into `ETR_TB_METADATA` (`MD_ID`,`MD_TYPE`,`MD_VALUE`,`PID_DOC_ID`,`PID_ICA_ID`,`PID_PRO_ID`,`PID_TRA_ID`,`MD_SENDER_ID`,`CRE_DT`,`CRE_ID`,`MOD_DT`,`MOD_ID`) values (81,'DOCUMENT_XSD_URL','/eprior/xsd/maindoc/EC-StatusRequest-0.1.xsd',null,null,null,17,null,null,null,null,null);
Insert into `ETR_TB_METADATA` (`MD_ID`,`MD_TYPE`,`MD_VALUE`,`PID_DOC_ID`,`PID_ICA_ID`,`PID_PRO_ID`,`PID_TRA_ID`,`MD_SENDER_ID`,`CRE_DT`,`CRE_ID`,`MOD_DT`,`MOD_ID`) values (82,'SENDER_ID_XQUERY','//*:AuthorisationHeader/*:SupplierID',null,null,null,17,null,null,null,null,null);
Insert into `ETR_TB_METADATA` (`MD_ID`,`MD_TYPE`,`MD_VALUE`,`PID_DOC_ID`,`PID_ICA_ID`,`PID_PRO_ID`,`PID_TRA_ID`,`MD_SENDER_ID`,`CRE_DT`,`CRE_ID`,`MOD_DT`,`MOD_ID`) values (83,'SENDER_ID_XQUERY','//*:Sender/*:Identifier',16,null,null,null,null,null,null,null,null);
Insert into `ETR_TB_METADATA` (`MD_ID`,`MD_TYPE`,`MD_VALUE`,`PID_DOC_ID`,`PID_ICA_ID`,`PID_PRO_ID`,`PID_TRA_ID`,`MD_SENDER_ID`,`CRE_DT`,`CRE_ID`,`MOD_DT`,`MOD_ID`) values (84,'RECEIVER_ID_XQUERY','//*:Receiver/*:Identifier',16,null,null,null,null,null,null,null,null);
Insert into `ETR_TB_METADATA` (`MD_ID`,`MD_TYPE`,`MD_VALUE`,`PID_DOC_ID`,`PID_ICA_ID`,`PID_PRO_ID`,`PID_TRA_ID`,`MD_SENDER_ID`,`CRE_DT`,`CRE_ID`,`MOD_DT`,`MOD_ID`) values (85,'DOCUMENT_ID_XQUERY','//*:Shortlist/*:ID',16,null,null,null,null,null,null,null,null);
Insert into `ETR_TB_METADATA` (`MD_ID`,`MD_TYPE`,`MD_VALUE`,`PID_DOC_ID`,`PID_ICA_ID`,`PID_PRO_ID`,`PID_TRA_ID`,`MD_SENDER_ID`,`CRE_DT`,`CRE_ID`,`MOD_DT`,`MOD_ID`) values (86,'SYNCH_VALIDATE_XSD','false',16,null,null,null,null,null,null,null,null);
Insert into `ETR_TB_METADATA` (`MD_ID`,`MD_TYPE`,`MD_VALUE`,`PID_DOC_ID`,`PID_ICA_ID`,`PID_PRO_ID`,`PID_TRA_ID`,`MD_SENDER_ID`,`CRE_DT`,`CRE_ID`,`MOD_DT`,`MOD_ID`) values (87,'DOCUMENT_XSD_URL','/eprior/xsd2.1/maindoc/EC-Shortlist-0.1.xsd',16,null,null,null,null,null,null,null,null);
Insert into `ETR_TB_METADATA` (`MD_ID`,`MD_TYPE`,`MD_VALUE`,`PID_DOC_ID`,`PID_ICA_ID`,`PID_PRO_ID`,`PID_TRA_ID`,`MD_SENDER_ID`,`CRE_DT`,`CRE_ID`,`MOD_DT`,`MOD_ID`) values (89,'DOCUMENT_ISSUEDATE_XQUERY','//*:Shortlist/*:IssueDate',16,null,null,null,null,null,null,null,null);
Insert into `ETR_TB_METADATA` (`MD_ID`,`MD_TYPE`,`MD_VALUE`,`PID_DOC_ID`,`PID_ICA_ID`,`PID_PRO_ID`,`PID_TRA_ID`,`MD_SENDER_ID`,`CRE_DT`,`CRE_ID`,`MOD_DT`,`MOD_ID`) values (90,'PARENT_DOCUMENT_ID_XQUERY','//*:Shortlist/*:CallForTendersDocumentReference/*:ID',16,null,null,null,null,null,null,null,null);
Insert into `ETR_TB_METADATA` (`MD_ID`,`MD_TYPE`,`MD_VALUE`,`PID_DOC_ID`,`PID_ICA_ID`,`PID_PRO_ID`,`PID_TRA_ID`,`MD_SENDER_ID`,`CRE_DT`,`CRE_ID`,`MOD_DT`,`MOD_ID`) values (91,'PARENT_DOCUMENT_NA_STRATEGY','ERROR',16,null,null,null,null,null,null,null,null);
Insert into `ETR_TB_METADATA` (`MD_ID`,`MD_TYPE`,`MD_VALUE`,`PID_DOC_ID`,`PID_ICA_ID`,`PID_PRO_ID`,`PID_TRA_ID`,`MD_SENDER_ID`,`CRE_DT`,`CRE_ID`,`MOD_DT`,`MOD_ID`) values (92,'DOCUMENT_ISSUEDATE_XQUERY','//*:AttachedDocument/*:IssueDate',null,null,null,10,null,null,null,null,null);
Insert into `ETR_TB_METADATA` (`MD_ID`,`MD_TYPE`,`MD_VALUE`,`PID_DOC_ID`,`PID_ICA_ID`,`PID_PRO_ID`,`PID_TRA_ID`,`MD_SENDER_ID`,`CRE_DT`,`CRE_ID`,`MOD_DT`,`MOD_ID`) values (93,'DOCUMENT_ID_XQUERY','//*:AttachedDocument/*:ID',null,null,null,18,null,null,null,null,null);
Insert into `ETR_TB_METADATA` (`MD_ID`,`MD_TYPE`,`MD_VALUE`,`PID_DOC_ID`,`PID_ICA_ID`,`PID_PRO_ID`,`PID_TRA_ID`,`MD_SENDER_ID`,`CRE_DT`,`CRE_ID`,`MOD_DT`,`MOD_ID`) values (94,'SENDER_ID_XQUERY','//*:AuthorisationHeader/*:CustomerID',null,null,null,18,null,null,null,null,null);
Insert into `ETR_TB_METADATA` (`MD_ID`,`MD_TYPE`,`MD_VALUE`,`PID_DOC_ID`,`PID_ICA_ID`,`PID_PRO_ID`,`PID_TRA_ID`,`MD_SENDER_ID`,`CRE_DT`,`CRE_ID`,`MOD_DT`,`MOD_ID`) values (95,'RECEIVER_ID_XQUERY','//*:AuthorisationHeader/*:SupplierID',null,null,null,18,null,null,null,null,null);
Insert into `ETR_TB_METADATA` (`MD_ID`,`MD_TYPE`,`MD_VALUE`,`PID_DOC_ID`,`PID_ICA_ID`,`PID_PRO_ID`,`PID_TRA_ID`,`MD_SENDER_ID`,`CRE_DT`,`CRE_ID`,`MOD_DT`,`MOD_ID`) values (96,'SYNCH_VALIDATE_XSD','false',null,null,null,18,null,null,null,null,null);
Insert into `ETR_TB_METADATA` (`MD_ID`,`MD_TYPE`,`MD_VALUE`,`PID_DOC_ID`,`PID_ICA_ID`,`PID_PRO_ID`,`PID_TRA_ID`,`MD_SENDER_ID`,`CRE_DT`,`CRE_ID`,`MOD_DT`,`MOD_ID`) values (97,'DOCUMENT_XSD_URL','/eprior/xsd/maindoc/UBL-AttachedDocument-2.0.xsd',null,null,null,18,null,null,null,null,null);
Insert into `ETR_TB_METADATA` (`MD_ID`,`MD_TYPE`,`MD_VALUE`,`PID_DOC_ID`,`PID_ICA_ID`,`PID_PRO_ID`,`PID_TRA_ID`,`MD_SENDER_ID`,`CRE_DT`,`CRE_ID`,`MOD_DT`,`MOD_ID`) values (98,'DOCUMENT_ISSUEDATE_XQUERY','//*:AttachedDocument/*:IssueDate',null,null,null,18,null,null,null,null,null);
Insert into `ETR_TB_METADATA` (`MD_ID`,`MD_TYPE`,`MD_VALUE`,`PID_DOC_ID`,`PID_ICA_ID`,`PID_PRO_ID`,`PID_TRA_ID`,`MD_SENDER_ID`,`CRE_DT`,`CRE_ID`,`MOD_DT`,`MOD_ID`) values (101,'DOCUMENT_ID_XQUERY','//*:TenderReceipt/*:ID',17,null,null,null,null,null,null,null,null);
Insert into `ETR_TB_METADATA` (`MD_ID`,`MD_TYPE`,`MD_VALUE`,`PID_DOC_ID`,`PID_ICA_ID`,`PID_PRO_ID`,`PID_TRA_ID`,`MD_SENDER_ID`,`CRE_DT`,`CRE_ID`,`MOD_DT`,`MOD_ID`) values (102,'SYNCH_VALIDATE_XSD','false',17,null,null,null,null,null,null,null,null);
Insert into `ETR_TB_METADATA` (`MD_ID`,`MD_TYPE`,`MD_VALUE`,`PID_DOC_ID`,`PID_ICA_ID`,`PID_PRO_ID`,`PID_TRA_ID`,`MD_SENDER_ID`,`CRE_DT`,`CRE_ID`,`MOD_DT`,`MOD_ID`) values (103,'SENDER_ID_XQUERY','//*:Sender/*:Identifier',17,null,null,null,null,null,null,null,null);
Insert into `ETR_TB_METADATA` (`MD_ID`,`MD_TYPE`,`MD_VALUE`,`PID_DOC_ID`,`PID_ICA_ID`,`PID_PRO_ID`,`PID_TRA_ID`,`MD_SENDER_ID`,`CRE_DT`,`CRE_ID`,`MOD_DT`,`MOD_ID`) values (104,'RECEIVER_ID_XQUERY','//*:Receiver/*:Identifier',17,null,null,null,null,null,null,null,null);
Insert into `ETR_TB_METADATA` (`MD_ID`,`MD_TYPE`,`MD_VALUE`,`PID_DOC_ID`,`PID_ICA_ID`,`PID_PRO_ID`,`PID_TRA_ID`,`MD_SENDER_ID`,`CRE_DT`,`CRE_ID`,`MOD_DT`,`MOD_ID`) values (105,'DOCUMENT_XSD_URL','/eprior/xsd2.1/maindoc/UBL-TenderReceipt-2.1.xsd',17,null,null,null,null,null,null,null,null);
Insert into `ETR_TB_METADATA` (`MD_ID`,`MD_TYPE`,`MD_VALUE`,`PID_DOC_ID`,`PID_ICA_ID`,`PID_PRO_ID`,`PID_TRA_ID`,`MD_SENDER_ID`,`CRE_DT`,`CRE_ID`,`MOD_DT`,`MOD_ID`) values (106,'DOCUMENT_ISSUEDATE_XQUERY','//*:TenderReceipt/*:IssueDate',17,null,null,null,null,null,null,null,null);
Insert into `ETR_TB_METADATA` (`MD_ID`,`MD_TYPE`,`MD_VALUE`,`PID_DOC_ID`,`PID_ICA_ID`,`PID_PRO_ID`,`PID_TRA_ID`,`MD_SENDER_ID`,`CRE_DT`,`CRE_ID`,`MOD_DT`,`MOD_ID`) values (109,'DOCUMENT_ISSUETIME_XQUERY','//*:TenderReceipt/*:IssueTime',17,null,null,null,null,null,null,null,null);
Insert into `ETR_TB_METADATA` (`MD_ID`,`MD_TYPE`,`MD_VALUE`,`PID_DOC_ID`,`PID_ICA_ID`,`PID_PRO_ID`,`PID_TRA_ID`,`MD_SENDER_ID`,`CRE_DT`,`CRE_ID`,`MOD_DT`,`MOD_ID`) values (110,'SENDER_ID_XQUERY','//*:Sender/*:Identifier',null,null,null,20,null,null,null,null,null);
Insert into `ETR_TB_METADATA` (`MD_ID`,`MD_TYPE`,`MD_VALUE`,`PID_DOC_ID`,`PID_ICA_ID`,`PID_PRO_ID`,`PID_TRA_ID`,`MD_SENDER_ID`,`CRE_DT`,`CRE_ID`,`MOD_DT`,`MOD_ID`) values (111,'DOCUMENT_XSD_URL','/eprior/xsd2.1/maindoc/UBL-CallForTenders-2.1.xsd',null,null,null,20,null,null,null,null,null);
Insert into `ETR_TB_METADATA` (`MD_ID`,`MD_TYPE`,`MD_VALUE`,`PID_DOC_ID`,`PID_ICA_ID`,`PID_PRO_ID`,`PID_TRA_ID`,`MD_SENDER_ID`,`CRE_DT`,`CRE_ID`,`MOD_DT`,`MOD_ID`) values (112,'SYNCH_VALIDATE_XSD','false',null,null,null,20,null,null,null,null,null);
Insert into `ETR_TB_METADATA` (`MD_ID`,`MD_TYPE`,`MD_VALUE`,`PID_DOC_ID`,`PID_ICA_ID`,`PID_PRO_ID`,`PID_TRA_ID`,`MD_SENDER_ID`,`CRE_DT`,`CRE_ID`,`MOD_DT`,`MOD_ID`) values (114,'RECEIVER_ID_XQUERY','//*:Receiver/*:Identifier',null,null,null,20,null,null,null,null,null);
Insert into `ETR_TB_METADATA` (`MD_ID`,`MD_TYPE`,`MD_VALUE`,`PID_DOC_ID`,`PID_ICA_ID`,`PID_PRO_ID`,`PID_TRA_ID`,`MD_SENDER_ID`,`CRE_DT`,`CRE_ID`,`MOD_DT`,`MOD_ID`) values (115,'DOCUMENT_ID_XQUERY','concat(//*:Body/*/*:CallForTenders/*:UUID/text(), ''::'', //*:Body/*/*:CallForTenders/*:ID/text())',null,null,null,20,null,null,null,null,null);
Insert into `ETR_TB_METADATA` (`MD_ID`,`MD_TYPE`,`MD_VALUE`,`PID_DOC_ID`,`PID_ICA_ID`,`PID_PRO_ID`,`PID_TRA_ID`,`MD_SENDER_ID`,`CRE_DT`,`CRE_ID`,`MOD_DT`,`MOD_ID`) values (116,'DOCUMENT_ISSUEDATE_XQUERY','//*:CallForTenders/*:IssueDate',null,null,null,20,null,null,null,null,null);
Insert into `ETR_TB_METADATA` (`MD_ID`,`MD_TYPE`,`MD_VALUE`,`PID_DOC_ID`,`PID_ICA_ID`,`PID_PRO_ID`,`PID_TRA_ID`,`MD_SENDER_ID`,`CRE_DT`,`CRE_ID`,`MOD_DT`,`MOD_ID`) values (117,'DOCUMENT_VERSION_XQUERY','//*:CallForTenders/*:ID',null,null,null,20,null,null,null,null,null);
Insert into `ETR_TB_METADATA` (`MD_ID`,`MD_TYPE`,`MD_VALUE`,`PID_DOC_ID`,`PID_ICA_ID`,`PID_PRO_ID`,`PID_TRA_ID`,`MD_SENDER_ID`,`CRE_DT`,`CRE_ID`,`MOD_DT`,`MOD_ID`) values (120,'SYNCH_VALIDATE_XSD','true',null,null,null,21,null,null,null,null,null);
Insert into `ETR_TB_METADATA` (`MD_ID`,`MD_TYPE`,`MD_VALUE`,`PID_DOC_ID`,`PID_ICA_ID`,`PID_PRO_ID`,`PID_TRA_ID`,`MD_SENDER_ID`,`CRE_DT`,`CRE_ID`,`MOD_DT`,`MOD_ID`) values (121,'DOCUMENT_XSD_URL','/eprior/xsd/maindoc/EC-RetrieveRequest-0.1.xsd',null,null,null,21,null,null,null,null,null);
Insert into `ETR_TB_METADATA` (`MD_ID`,`MD_TYPE`,`MD_VALUE`,`PID_DOC_ID`,`PID_ICA_ID`,`PID_PRO_ID`,`PID_TRA_ID`,`MD_SENDER_ID`,`CRE_DT`,`CRE_ID`,`MOD_DT`,`MOD_ID`) values (122,'SENDER_ID_XQUERY','//*:AuthorisationHeader/*:SupplierID',null,null,null,21,null,null,null,null,null);
Insert into `ETR_TB_METADATA` (`MD_ID`,`MD_TYPE`,`MD_VALUE`,`PID_DOC_ID`,`PID_ICA_ID`,`PID_PRO_ID`,`PID_TRA_ID`,`MD_SENDER_ID`,`CRE_DT`,`CRE_ID`,`MOD_DT`,`MOD_ID`) values (132,'SENDER_ID_XQUERY','//*:Sender/*:Identifier',null,null,null,22,null,null,null,null,null);
Insert into `ETR_TB_METADATA` (`MD_ID`,`MD_TYPE`,`MD_VALUE`,`PID_DOC_ID`,`PID_ICA_ID`,`PID_PRO_ID`,`PID_TRA_ID`,`MD_SENDER_ID`,`CRE_DT`,`CRE_ID`,`MOD_DT`,`MOD_ID`) values (133,'DOCUMENT_XSD_URL','/eprior/xsd2.1/maindoc/UBL-TendererQualificationResponse-2.1.xsd',null,null,null,22,null,null,null,null,null);
Insert into `ETR_TB_METADATA` (`MD_ID`,`MD_TYPE`,`MD_VALUE`,`PID_DOC_ID`,`PID_ICA_ID`,`PID_PRO_ID`,`PID_TRA_ID`,`MD_SENDER_ID`,`CRE_DT`,`CRE_ID`,`MOD_DT`,`MOD_ID`) values (134,'SYNCH_VALIDATE_XSD','false',null,null,null,22,null,null,null,null,null);
Insert into `ETR_TB_METADATA` (`MD_ID`,`MD_TYPE`,`MD_VALUE`,`PID_DOC_ID`,`PID_ICA_ID`,`PID_PRO_ID`,`PID_TRA_ID`,`MD_SENDER_ID`,`CRE_DT`,`CRE_ID`,`MOD_DT`,`MOD_ID`) values (136,'RECEIVER_ID_XQUERY','//*:Receiver/*:Identifier',null,null,null,22,null,null,null,null,null);
Insert into `ETR_TB_METADATA` (`MD_ID`,`MD_TYPE`,`MD_VALUE`,`PID_DOC_ID`,`PID_ICA_ID`,`PID_PRO_ID`,`PID_TRA_ID`,`MD_SENDER_ID`,`CRE_DT`,`CRE_ID`,`MOD_DT`,`MOD_ID`) values (137,'DOCUMENT_ID_XQUERY','//*:TendererQualificationResponse/*:ID',null,null,null,22,null,null,null,null,null);
Insert into `ETR_TB_METADATA` (`MD_ID`,`MD_TYPE`,`MD_VALUE`,`PID_DOC_ID`,`PID_ICA_ID`,`PID_PRO_ID`,`PID_TRA_ID`,`MD_SENDER_ID`,`CRE_DT`,`CRE_ID`,`MOD_DT`,`MOD_ID`) values (138,'DOCUMENT_ISSUEDATE_XQUERY','//*:TendererQualificationResponse/*:IssueDate',null,null,null,22,null,null,null,null,null);
Insert into `ETR_TB_METADATA` (`MD_ID`,`MD_TYPE`,`MD_VALUE`,`PID_DOC_ID`,`PID_ICA_ID`,`PID_PRO_ID`,`PID_TRA_ID`,`MD_SENDER_ID`,`CRE_DT`,`CRE_ID`,`MOD_DT`,`MOD_ID`) values (139,'PARENT_DOCUMENT_NA_STRATEGY','ERROR',null,null,null,22,null,null,null,null,null);
Insert into `ETR_TB_METADATA` (`MD_ID`,`MD_TYPE`,`MD_VALUE`,`PID_DOC_ID`,`PID_ICA_ID`,`PID_PRO_ID`,`PID_TRA_ID`,`MD_SENDER_ID`,`CRE_DT`,`CRE_ID`,`MOD_DT`,`MOD_ID`) values (140,'PARENT_DOCUMENT_ID_XQUERY','//*:TendererQualificationResponse/*:ResolutionDocumentReference/*:ID',null,null,null,22,null,null,null,null,null);
Insert into `ETR_TB_METADATA` (`MD_ID`,`MD_TYPE`,`MD_VALUE`,`PID_DOC_ID`,`PID_ICA_ID`,`PID_PRO_ID`,`PID_TRA_ID`,`MD_SENDER_ID`,`CRE_DT`,`CRE_ID`,`MOD_DT`,`MOD_ID`) values (141,'SYNCH_VALIDATE_XSD','true',null,null,null,24,null,null,null,null,null);
Insert into `ETR_TB_METADATA` (`MD_ID`,`MD_TYPE`,`MD_VALUE`,`PID_DOC_ID`,`PID_ICA_ID`,`PID_PRO_ID`,`PID_TRA_ID`,`MD_SENDER_ID`,`CRE_DT`,`CRE_ID`,`MOD_DT`,`MOD_ID`) values (142,'DOCUMENT_XSD_URL','/eprior/xsd/maindoc/EC-CreateParty-2.0.xsd',null,null,null,24,null,null,null,null,null);
Insert into `ETR_TB_METADATA` (`MD_ID`,`MD_TYPE`,`MD_VALUE`,`PID_DOC_ID`,`PID_ICA_ID`,`PID_PRO_ID`,`PID_TRA_ID`,`MD_SENDER_ID`,`CRE_DT`,`CRE_ID`,`MOD_DT`,`MOD_ID`) values (143,'SENDER_ID_XQUERY','//*:Sender/*:Identifier',null,null,null,24,null,null,null,null,null);
Insert into `ETR_TB_METADATA` (`MD_ID`,`MD_TYPE`,`MD_VALUE`,`PID_DOC_ID`,`PID_ICA_ID`,`PID_PRO_ID`,`PID_TRA_ID`,`MD_SENDER_ID`,`CRE_DT`,`CRE_ID`,`MOD_DT`,`MOD_ID`) values (144,'SYNCH_VALIDATE_XSD','true',null,null,null,25,null,null,null,null,null);
Insert into `ETR_TB_METADATA` (`MD_ID`,`MD_TYPE`,`MD_VALUE`,`PID_DOC_ID`,`PID_ICA_ID`,`PID_PRO_ID`,`PID_TRA_ID`,`MD_SENDER_ID`,`CRE_DT`,`CRE_ID`,`MOD_DT`,`MOD_ID`) values (145,'DOCUMENT_XSD_URL','/eprior/xsd/maindoc/EC-CreateInterchangeAgreement-2.0.xsd',null,null,null,25,null,null,null,null,null);
Insert into `ETR_TB_METADATA` (`MD_ID`,`MD_TYPE`,`MD_VALUE`,`PID_DOC_ID`,`PID_ICA_ID`,`PID_PRO_ID`,`PID_TRA_ID`,`MD_SENDER_ID`,`CRE_DT`,`CRE_ID`,`MOD_DT`,`MOD_ID`) values (146,'SENDER_ID_XQUERY','//*:Sender/*:Identifier',null,null,null,25,null,null,null,null,null);
Insert into `ETR_TB_METADATA` (`MD_ID`,`MD_TYPE`,`MD_VALUE`,`PID_DOC_ID`,`PID_ICA_ID`,`PID_PRO_ID`,`PID_TRA_ID`,`MD_SENDER_ID`,`CRE_DT`,`CRE_ID`,`MOD_DT`,`MOD_ID`) values (147,'PARENT_DOCUMENT_ID_XQUERY','//*:AttachedDocument/*:ParentDocumentID',null,null,null,18,null,null,null,null,null);
Insert into `ETR_TB_METADATA` (`MD_ID`,`MD_TYPE`,`MD_VALUE`,`PID_DOC_ID`,`PID_ICA_ID`,`PID_PRO_ID`,`PID_TRA_ID`,`MD_SENDER_ID`,`CRE_DT`,`CRE_ID`,`MOD_DT`,`MOD_ID`) values (148,'PARENT_DOCUMENT_NA_STRATEGY','WAIT',null,null,null,18,null,null,null,null,null);
Insert into `ETR_TB_METADATA` (`MD_ID`,`MD_TYPE`,`MD_VALUE`,`PID_DOC_ID`,`PID_ICA_ID`,`PID_PRO_ID`,`PID_TRA_ID`,`MD_SENDER_ID`,`CRE_DT`,`CRE_ID`,`MOD_DT`,`MOD_ID`) values (149,'PARENT_DOCUMENT_ID_XQUERY','//*:AttachedDocument/*:ParentDocumentID',null,null,null,10,null,null,null,null,null);
Insert into `ETR_TB_METADATA` (`MD_ID`,`MD_TYPE`,`MD_VALUE`,`PID_DOC_ID`,`PID_ICA_ID`,`PID_PRO_ID`,`PID_TRA_ID`,`MD_SENDER_ID`,`CRE_DT`,`CRE_ID`,`MOD_DT`,`MOD_ID`) values (150,'PARENT_DOCUMENT_NA_STRATEGY','WAIT',null,null,null,10,null,null,null,null,null);
Insert into `ETR_TB_METADATA` (`MD_ID`,`MD_TYPE`,`MD_VALUE`,`PID_DOC_ID`,`PID_ICA_ID`,`PID_PRO_ID`,`PID_TRA_ID`,`MD_SENDER_ID`,`CRE_DT`,`CRE_ID`,`MOD_DT`,`MOD_ID`) values (151,'PARENT_DOCUMENT_ID_XQUERY','//*:TenderReceipt/*:TenderDocumentReference[*:DocumentTypeCode = ''BDL'']/*:ID',17,null,null,null,null,null,null,null,null);
Insert into `ETR_TB_METADATA` (`MD_ID`,`MD_TYPE`,`MD_VALUE`,`PID_DOC_ID`,`PID_ICA_ID`,`PID_PRO_ID`,`PID_TRA_ID`,`MD_SENDER_ID`,`CRE_DT`,`CRE_ID`,`MOD_DT`,`MOD_ID`) values (152,'PARENT_DOCUMENT_NA_STRATEGY','ERROR',17,null,null,null,null,null,null,null,null);
Insert into `ETR_TB_METADATA` (`MD_ID`,`MD_TYPE`,`MD_VALUE`,`PID_DOC_ID`,`PID_ICA_ID`,`PID_PRO_ID`,`PID_TRA_ID`,`MD_SENDER_ID`,`CRE_DT`,`CRE_ID`,`MOD_DT`,`MOD_ID`) values (153,'SYNCH_VALIDATE_XSD','true',null,null,null,26,null,null,null,null,null);
Insert into `ETR_TB_METADATA` (`MD_ID`,`MD_TYPE`,`MD_VALUE`,`PID_DOC_ID`,`PID_ICA_ID`,`PID_PRO_ID`,`PID_TRA_ID`,`MD_SENDER_ID`,`CRE_DT`,`CRE_ID`,`MOD_DT`,`MOD_ID`) values (154,'DOCUMENT_XSD_URL','/eprior/xsd/maindoc/EC-QueryRequest-0.2.xsd',null,null,null,26,null,null,null,null,null);
Insert into `ETR_TB_METADATA` (`MD_ID`,`MD_TYPE`,`MD_VALUE`,`PID_DOC_ID`,`PID_ICA_ID`,`PID_PRO_ID`,`PID_TRA_ID`,`MD_SENDER_ID`,`CRE_DT`,`CRE_ID`,`MOD_DT`,`MOD_ID`) values (155,'SENDER_ID_XQUERY','//*:AuthorisationHeader/*:SupplierID',null,null,null,26,null,null,null,null,null);
Insert into `ETR_TB_METADATA` (`MD_ID`,`MD_TYPE`,`MD_VALUE`,`PID_DOC_ID`,`PID_ICA_ID`,`PID_PRO_ID`,`PID_TRA_ID`,`MD_SENDER_ID`,`CRE_DT`,`CRE_ID`,`MOD_DT`,`MOD_ID`) values (156,'SYNCH_VALIDATE_XSD','true',null,null,null,27,null,null,null,null,null);
Insert into `ETR_TB_METADATA` (`MD_ID`,`MD_TYPE`,`MD_VALUE`,`PID_DOC_ID`,`PID_ICA_ID`,`PID_PRO_ID`,`PID_TRA_ID`,`MD_SENDER_ID`,`CRE_DT`,`CRE_ID`,`MOD_DT`,`MOD_ID`) values (157,'DOCUMENT_XSD_URL','/eprior/xsd/maindoc/EC-ViewRequest-0.1.xsd',null,null,null,27,null,null,null,null,null);
Insert into `ETR_TB_METADATA` (`MD_ID`,`MD_TYPE`,`MD_VALUE`,`PID_DOC_ID`,`PID_ICA_ID`,`PID_PRO_ID`,`PID_TRA_ID`,`MD_SENDER_ID`,`CRE_DT`,`CRE_ID`,`MOD_DT`,`MOD_ID`) values (158,'SENDER_ID_XQUERY','//*:AuthorisationHeader/*:SupplierID',null,null,null,27,null,null,null,null,null);
Insert into `ETR_TB_METADATA` (`MD_ID`,`MD_TYPE`,`MD_VALUE`,`PID_DOC_ID`,`PID_ICA_ID`,`PID_PRO_ID`,`PID_TRA_ID`,`MD_SENDER_ID`,`CRE_DT`,`CRE_ID`,`MOD_DT`,`MOD_ID`) values (159,'AVAILABLE_NOTIFICATION_XPATH','//*:BusinessHeader/*:BusinessScope/*:Scope/*:Type',7,null,null,null,null,null,null,null,null);
Insert into `ETR_TB_METADATA` (`MD_ID`,`MD_TYPE`,`MD_VALUE`,`PID_DOC_ID`,`PID_ICA_ID`,`PID_PRO_ID`,`PID_TRA_ID`,`MD_SENDER_ID`,`CRE_DT`,`CRE_ID`,`MOD_DT`,`MOD_ID`) values (160,'DOCUMENT_XSD_URL','/eprior/xsd/maindoc/UBL-Invoice-2.0.xsd',null,null,null,1,null,null,null,null,null);
Insert into `ETR_TB_METADATA` (`MD_ID`,`MD_TYPE`,`MD_VALUE`,`PID_DOC_ID`,`PID_ICA_ID`,`PID_PRO_ID`,`PID_TRA_ID`,`MD_SENDER_ID`,`CRE_DT`,`CRE_ID`,`MOD_DT`,`MOD_ID`) values (164,'RECEIVER_ID_XQUERY','//*:AuthorisationHeader/*:CustomerID',null,null,null,21,null,null,null,null,null);
Insert into `ETR_TB_METADATA` (`MD_ID`,`MD_TYPE`,`MD_VALUE`,`PID_DOC_ID`,`PID_ICA_ID`,`PID_PRO_ID`,`PID_TRA_ID`,`MD_SENDER_ID`,`CRE_DT`,`CRE_ID`,`MOD_DT`,`MOD_ID`) values (171,'PARENT_DOCUMENT_ID_XQUERY','//*:AttachedDocument/*:ParentDocumentID',null,null,null,29,null,null,null,null,null);
Insert into `ETR_TB_METADATA` (`MD_ID`,`MD_TYPE`,`MD_VALUE`,`PID_DOC_ID`,`PID_ICA_ID`,`PID_PRO_ID`,`PID_TRA_ID`,`MD_SENDER_ID`,`CRE_DT`,`CRE_ID`,`MOD_DT`,`MOD_ID`) values (172,'PARENT_DOCUMENT_NA_STRATEGY','ERROR',null,null,null,29,null,null,null,null,null);
Insert into `ETR_TB_METADATA` (`MD_ID`,`MD_TYPE`,`MD_VALUE`,`PID_DOC_ID`,`PID_ICA_ID`,`PID_PRO_ID`,`PID_TRA_ID`,`MD_SENDER_ID`,`CRE_DT`,`CRE_ID`,`MOD_DT`,`MOD_ID`) values (173,'DOCUMENT_ID_XQUERY','//*:AttachedDocument/*:ID',null,null,null,29,null,null,null,null,null);
Insert into `ETR_TB_METADATA` (`MD_ID`,`MD_TYPE`,`MD_VALUE`,`PID_DOC_ID`,`PID_ICA_ID`,`PID_PRO_ID`,`PID_TRA_ID`,`MD_SENDER_ID`,`CRE_DT`,`CRE_ID`,`MOD_DT`,`MOD_ID`) values (174,'SENDER_ID_XQUERY','//*:AuthorisationHeader/*:SupplierID',null,null,null,29,null,null,null,null,null);
Insert into `ETR_TB_METADATA` (`MD_ID`,`MD_TYPE`,`MD_VALUE`,`PID_DOC_ID`,`PID_ICA_ID`,`PID_PRO_ID`,`PID_TRA_ID`,`MD_SENDER_ID`,`CRE_DT`,`CRE_ID`,`MOD_DT`,`MOD_ID`) values (175,'RECEIVER_ID_XQUERY','//*:AuthorisationHeader/*:CustomerID',null,null,null,29,null,null,null,null,null);
Insert into `ETR_TB_METADATA` (`MD_ID`,`MD_TYPE`,`MD_VALUE`,`PID_DOC_ID`,`PID_ICA_ID`,`PID_PRO_ID`,`PID_TRA_ID`,`MD_SENDER_ID`,`CRE_DT`,`CRE_ID`,`MOD_DT`,`MOD_ID`) values (176,'SYNCH_VALIDATE_XSD','true',null,null,null,29,null,null,null,null,null);
Insert into `ETR_TB_METADATA` (`MD_ID`,`MD_TYPE`,`MD_VALUE`,`PID_DOC_ID`,`PID_ICA_ID`,`PID_PRO_ID`,`PID_TRA_ID`,`MD_SENDER_ID`,`CRE_DT`,`CRE_ID`,`MOD_DT`,`MOD_ID`) values (177,'DOCUMENT_XSD_URL','/eprior/xsd/maindoc/UBL-AttachedDocument-2.0.xsd',null,null,null,29,null,null,null,null,null);
Insert into `ETR_TB_METADATA` (`MD_ID`,`MD_TYPE`,`MD_VALUE`,`PID_DOC_ID`,`PID_ICA_ID`,`PID_PRO_ID`,`PID_TRA_ID`,`MD_SENDER_ID`,`CRE_DT`,`CRE_ID`,`MOD_DT`,`MOD_ID`) values (178,'DOCUMENT_ISSUEDATE_XQUERY','//*:AttachedDocument/*:IssueDate',null,null,null,29,null,null,null,null,null);
Insert into `ETR_TB_METADATA` (`MD_ID`,`MD_TYPE`,`MD_VALUE`,`PID_DOC_ID`,`PID_ICA_ID`,`PID_PRO_ID`,`PID_TRA_ID`,`MD_SENDER_ID`,`CRE_DT`,`CRE_ID`,`MOD_DT`,`MOD_ID`) values (179,'SYNCH_VALIDATE_XSD','true',null,null,null,30,null,null,null,null,null);
Insert into `ETR_TB_METADATA` (`MD_ID`,`MD_TYPE`,`MD_VALUE`,`PID_DOC_ID`,`PID_ICA_ID`,`PID_PRO_ID`,`PID_TRA_ID`,`MD_SENDER_ID`,`CRE_DT`,`CRE_ID`,`MOD_DT`,`MOD_ID`) values (180,'SENDER_ID_XQUERY','//*:AuthorisationHeader/*:SupplierID',null,null,null,30,null,null,null,null,null);
Insert into `ETR_TB_METADATA` (`MD_ID`,`MD_TYPE`,`MD_VALUE`,`PID_DOC_ID`,`PID_ICA_ID`,`PID_PRO_ID`,`PID_TRA_ID`,`MD_SENDER_ID`,`CRE_DT`,`CRE_ID`,`MOD_DT`,`MOD_ID`) values (181,'DOCUMENT_XSD_URL','/eprior/xsd/maindoc/EC-QueryRequest-0.1.xsd',null,null,null,30,null,null,null,null,null);
Insert into `ETR_TB_METADATA` (`MD_ID`,`MD_TYPE`,`MD_VALUE`,`PID_DOC_ID`,`PID_ICA_ID`,`PID_PRO_ID`,`PID_TRA_ID`,`MD_SENDER_ID`,`CRE_DT`,`CRE_ID`,`MOD_DT`,`MOD_ID`) values (291,'SYNCH_VALIDATE_XSD','true',null,null,null,42,null,null,null,null,null);
Insert into `ETR_TB_METADATA` (`MD_ID`,`MD_TYPE`,`MD_VALUE`,`PID_DOC_ID`,`PID_ICA_ID`,`PID_PRO_ID`,`PID_TRA_ID`,`MD_SENDER_ID`,`CRE_DT`,`CRE_ID`,`MOD_DT`,`MOD_ID`) values (292,'DOCUMENT_XSD_URL','/eprior/xsd/maindoc/EC-ViewRequest-0.1.xsd',null,null,null,42,null,null,null,null,null);
Insert into `ETR_TB_METADATA` (`MD_ID`,`MD_TYPE`,`MD_VALUE`,`PID_DOC_ID`,`PID_ICA_ID`,`PID_PRO_ID`,`PID_TRA_ID`,`MD_SENDER_ID`,`CRE_DT`,`CRE_ID`,`MOD_DT`,`MOD_ID`) values (301,'DOCUMENT_ISSUEDATE_XQUERY','//*:Invoice/*:IssueDate',null,null,null,43,null,null,null,null,null);
Insert into `ETR_TB_METADATA` (`MD_ID`,`MD_TYPE`,`MD_VALUE`,`PID_DOC_ID`,`PID_ICA_ID`,`PID_PRO_ID`,`PID_TRA_ID`,`MD_SENDER_ID`,`CRE_DT`,`CRE_ID`,`MOD_DT`,`MOD_ID`) values (302,'SYNCH_VALIDATE_XSD','false',null,null,null,43,null,null,null,null,null);
Insert into `ETR_TB_METADATA` (`MD_ID`,`MD_TYPE`,`MD_VALUE`,`PID_DOC_ID`,`PID_ICA_ID`,`PID_PRO_ID`,`PID_TRA_ID`,`MD_SENDER_ID`,`CRE_DT`,`CRE_ID`,`MOD_DT`,`MOD_ID`) values (303,'RECEIVER_ID_XQUERY','//*:Receiver/*:Identifier',null,null,null,43,null,null,null,null,null);
Insert into `ETR_TB_METADATA` (`MD_ID`,`MD_TYPE`,`MD_VALUE`,`PID_DOC_ID`,`PID_ICA_ID`,`PID_PRO_ID`,`PID_TRA_ID`,`MD_SENDER_ID`,`CRE_DT`,`CRE_ID`,`MOD_DT`,`MOD_ID`) values (304,'SENDER_ID_XQUERY','//*:Sender/*:Identifier',null,null,null,43,null,null,null,null,null);
Insert into `ETR_TB_METADATA` (`MD_ID`,`MD_TYPE`,`MD_VALUE`,`PID_DOC_ID`,`PID_ICA_ID`,`PID_PRO_ID`,`PID_TRA_ID`,`MD_SENDER_ID`,`CRE_DT`,`CRE_ID`,`MOD_DT`,`MOD_ID`) values (305,'DOCUMENT_ID_XQUERY','//*:Invoice/*:ID',null,null,null,43,null,null,null,null,null);
Insert into `ETR_TB_METADATA` (`MD_ID`,`MD_TYPE`,`MD_VALUE`,`PID_DOC_ID`,`PID_ICA_ID`,`PID_PRO_ID`,`PID_TRA_ID`,`MD_SENDER_ID`,`CRE_DT`,`CRE_ID`,`MOD_DT`,`MOD_ID`) values (306,'DOCUMENT_XSD_URL','/eprior/xsd/maindoc/UBL-Invoice-2.0.xsd',null,null,null,43,null,null,null,null,null);
Insert into `ETR_TB_METADATA` (`MD_ID`,`MD_TYPE`,`MD_VALUE`,`PID_DOC_ID`,`PID_ICA_ID`,`PID_PRO_ID`,`PID_TRA_ID`,`MD_SENDER_ID`,`CRE_DT`,`CRE_ID`,`MOD_DT`,`MOD_ID`) values (310,'DOCUMENT_ID_XQUERY','//*:CreditNote/*:ID',null,null,null,44,null,null,null,null,null);
Insert into `ETR_TB_METADATA` (`MD_ID`,`MD_TYPE`,`MD_VALUE`,`PID_DOC_ID`,`PID_ICA_ID`,`PID_PRO_ID`,`PID_TRA_ID`,`MD_SENDER_ID`,`CRE_DT`,`CRE_ID`,`MOD_DT`,`MOD_ID`) values (311,'SENDER_ID_XQUERY','//*:Sender/*:Identifier',null,null,null,44,null,null,null,null,null);
Insert into `ETR_TB_METADATA` (`MD_ID`,`MD_TYPE`,`MD_VALUE`,`PID_DOC_ID`,`PID_ICA_ID`,`PID_PRO_ID`,`PID_TRA_ID`,`MD_SENDER_ID`,`CRE_DT`,`CRE_ID`,`MOD_DT`,`MOD_ID`) values (312,'RECEIVER_ID_XQUERY','//*:Receiver/*:Identifier',null,null,null,44,null,null,null,null,null);
Insert into `ETR_TB_METADATA` (`MD_ID`,`MD_TYPE`,`MD_VALUE`,`PID_DOC_ID`,`PID_ICA_ID`,`PID_PRO_ID`,`PID_TRA_ID`,`MD_SENDER_ID`,`CRE_DT`,`CRE_ID`,`MOD_DT`,`MOD_ID`) values (313,'SYNCH_VALIDATE_XSD','false',null,null,null,44,null,null,null,null,null);
Insert into `ETR_TB_METADATA` (`MD_ID`,`MD_TYPE`,`MD_VALUE`,`PID_DOC_ID`,`PID_ICA_ID`,`PID_PRO_ID`,`PID_TRA_ID`,`MD_SENDER_ID`,`CRE_DT`,`CRE_ID`,`MOD_DT`,`MOD_ID`) values (314,'DOCUMENT_XSD_URL','/eprior/xsd/maindoc/UBL-CreditNote-2.0.xsd',null,null,null,44,null,null,null,null,null);
Insert into `ETR_TB_METADATA` (`MD_ID`,`MD_TYPE`,`MD_VALUE`,`PID_DOC_ID`,`PID_ICA_ID`,`PID_PRO_ID`,`PID_TRA_ID`,`MD_SENDER_ID`,`CRE_DT`,`CRE_ID`,`MOD_DT`,`MOD_ID`) values (315,'DOCUMENT_ISSUEDATE_XQUERY','//*:CreditNote/*:IssueDate',null,null,null,44,null,null,null,null,null);
Insert into `ETR_TB_METADATA` (`MD_ID`,`MD_TYPE`,`MD_VALUE`,`PID_DOC_ID`,`PID_ICA_ID`,`PID_PRO_ID`,`PID_TRA_ID`,`MD_SENDER_ID`,`CRE_DT`,`CRE_ID`,`MOD_DT`,`MOD_ID`) values (316,'DOCUMENT_ID_XQUERY','//*:Order/*:ID',null,null,null,45,null,null,null,null,null);
Insert into `ETR_TB_METADATA` (`MD_ID`,`MD_TYPE`,`MD_VALUE`,`PID_DOC_ID`,`PID_ICA_ID`,`PID_PRO_ID`,`PID_TRA_ID`,`MD_SENDER_ID`,`CRE_DT`,`CRE_ID`,`MOD_DT`,`MOD_ID`) values (317,'SENDER_ID_XQUERY','//*:Sender/*:Identifier',null,null,null,45,null,null,null,null,null);
Insert into `ETR_TB_METADATA` (`MD_ID`,`MD_TYPE`,`MD_VALUE`,`PID_DOC_ID`,`PID_ICA_ID`,`PID_PRO_ID`,`PID_TRA_ID`,`MD_SENDER_ID`,`CRE_DT`,`CRE_ID`,`MOD_DT`,`MOD_ID`) values (318,'RECEIVER_ID_XQUERY','//*:Receiver/*:Identifier',null,null,null,45,null,null,null,null,null);
Insert into `ETR_TB_METADATA` (`MD_ID`,`MD_TYPE`,`MD_VALUE`,`PID_DOC_ID`,`PID_ICA_ID`,`PID_PRO_ID`,`PID_TRA_ID`,`MD_SENDER_ID`,`CRE_DT`,`CRE_ID`,`MOD_DT`,`MOD_ID`) values (319,'SYNCH_VALIDATE_XSD','false',null,null,null,45,null,null,null,null,null);
Insert into `ETR_TB_METADATA` (`MD_ID`,`MD_TYPE`,`MD_VALUE`,`PID_DOC_ID`,`PID_ICA_ID`,`PID_PRO_ID`,`PID_TRA_ID`,`MD_SENDER_ID`,`CRE_DT`,`CRE_ID`,`MOD_DT`,`MOD_ID`) values (320,'DOCUMENT_XSD_URL','/eprior/xsd/maindoc/UBL-Order-2.0.xsd',null,null,null,45,null,null,null,null,null);
Insert into `ETR_TB_METADATA` (`MD_ID`,`MD_TYPE`,`MD_VALUE`,`PID_DOC_ID`,`PID_ICA_ID`,`PID_PRO_ID`,`PID_TRA_ID`,`MD_SENDER_ID`,`CRE_DT`,`CRE_ID`,`MOD_DT`,`MOD_ID`) values (321,'DOCUMENT_ISSUEDATE_XQUERY','//*:Order/*:IssueDate',null,null,null,45,null,null,null,null,null);
Insert into `ETR_TB_METADATA` (`MD_ID`,`MD_TYPE`,`MD_VALUE`,`PID_DOC_ID`,`PID_ICA_ID`,`PID_PRO_ID`,`PID_TRA_ID`,`MD_SENDER_ID`,`CRE_DT`,`CRE_ID`,`MOD_DT`,`MOD_ID`) values (375,'DOCUMENT_XSD_URL','/eprior/xsd/maindoc/EC-QuotationRequest-0.1.xsd',null,null,null,54,null,null,null,null,null);
Insert into `ETR_TB_METADATA` (`MD_ID`,`MD_TYPE`,`MD_VALUE`,`PID_DOC_ID`,`PID_ICA_ID`,`PID_PRO_ID`,`PID_TRA_ID`,`MD_SENDER_ID`,`CRE_DT`,`CRE_ID`,`MOD_DT`,`MOD_ID`) values (381,'SENDER_ID_XQUERY','//*:AuthorisationHeader/*:SupplierID',null,null,null,26,null,null,null,null,null);
Insert into `ETR_TB_METADATA` (`MD_ID`,`MD_TYPE`,`MD_VALUE`,`PID_DOC_ID`,`PID_ICA_ID`,`PID_PRO_ID`,`PID_TRA_ID`,`MD_SENDER_ID`,`CRE_DT`,`CRE_ID`,`MOD_DT`,`MOD_ID`) values (382,'SENDER_ID_XQUERY','//*:AuthorisationHeader/*:SupplierID',null,null,null,42,null,null,null,null,null);
Insert into `ETR_TB_METADATA` (`MD_ID`,`MD_TYPE`,`MD_VALUE`,`PID_DOC_ID`,`PID_ICA_ID`,`PID_PRO_ID`,`PID_TRA_ID`,`MD_SENDER_ID`,`CRE_DT`,`CRE_ID`,`MOD_DT`,`MOD_ID`) values (383,'SENDER_ID_XQUERY','//*:AuthorisationHeader/*:CustomerID',null,null,null,30,null,null,null,null,null);
Insert into `ETR_TB_METADATA` (`MD_ID`,`MD_TYPE`,`MD_VALUE`,`PID_DOC_ID`,`PID_ICA_ID`,`PID_PRO_ID`,`PID_TRA_ID`,`MD_SENDER_ID`,`CRE_DT`,`CRE_ID`,`MOD_DT`,`MOD_ID`) values (384,'SENDER_ID_XQUERY','//*:AuthorisationHeader/*:CustomerID',null,null,null,27,null,null,null,null,null);
Insert into `ETR_TB_METADATA` (`MD_ID`,`MD_TYPE`,`MD_VALUE`,`PID_DOC_ID`,`PID_ICA_ID`,`PID_PRO_ID`,`PID_TRA_ID`,`MD_SENDER_ID`,`CRE_DT`,`CRE_ID`,`MOD_DT`,`MOD_ID`) values (385,'SYNCH_VALIDATE_XSD','true',null,null,null,28,null,null,null,null,null);
Insert into `ETR_TB_METADATA` (`MD_ID`,`MD_TYPE`,`MD_VALUE`,`PID_DOC_ID`,`PID_ICA_ID`,`PID_PRO_ID`,`PID_TRA_ID`,`MD_SENDER_ID`,`CRE_DT`,`CRE_ID`,`MOD_DT`,`MOD_ID`) values (386,'RECEIVER_ID_XQUERY','//*:AuthorisationHeader/*:CustomerID',null,null,null,28,null,null,null,null,null);
Insert into `ETR_TB_METADATA` (`MD_ID`,`MD_TYPE`,`MD_VALUE`,`PID_DOC_ID`,`PID_ICA_ID`,`PID_PRO_ID`,`PID_TRA_ID`,`MD_SENDER_ID`,`CRE_DT`,`CRE_ID`,`MOD_DT`,`MOD_ID`) values (387,'SENDER_ID_XQUERY','//*:AuthorisationHeader/*:SupplierID',null,null,null,28,null,null,null,null,null);
Insert into `ETR_TB_METADATA` (`MD_ID`,`MD_TYPE`,`MD_VALUE`,`PID_DOC_ID`,`PID_ICA_ID`,`PID_PRO_ID`,`PID_TRA_ID`,`MD_SENDER_ID`,`CRE_DT`,`CRE_ID`,`MOD_DT`,`MOD_ID`) values (388,'DOCUMENT_XSD_URL','/eprior/xsd/maindoc/EC-InboxRequest-0.1.xsd',null,null,null,28,null,null,null,null,null);
Insert into `ETR_TB_METADATA` (`MD_ID`,`MD_TYPE`,`MD_VALUE`,`PID_DOC_ID`,`PID_ICA_ID`,`PID_PRO_ID`,`PID_TRA_ID`,`MD_SENDER_ID`,`CRE_DT`,`CRE_ID`,`MOD_DT`,`MOD_ID`) values (389,'RECEIVER_ID_XQUERY','//*:Receiver/*:Identifier',null,null,null,46,null,null,null,null,null);
Insert into `ETR_TB_METADATA` (`MD_ID`,`MD_TYPE`,`MD_VALUE`,`PID_DOC_ID`,`PID_ICA_ID`,`PID_PRO_ID`,`PID_TRA_ID`,`MD_SENDER_ID`,`CRE_DT`,`CRE_ID`,`MOD_DT`,`MOD_ID`) values (390,'DOCUMENT_ID_XQUERY','concat(//*:Catalogue/*:ID/text(), ''::'', //*:Catalogue/*:VersionID/text())',null,null,null,46,null,null,null,null,null);
Insert into `ETR_TB_METADATA` (`MD_ID`,`MD_TYPE`,`MD_VALUE`,`PID_DOC_ID`,`PID_ICA_ID`,`PID_PRO_ID`,`PID_TRA_ID`,`MD_SENDER_ID`,`CRE_DT`,`CRE_ID`,`MOD_DT`,`MOD_ID`) values (391,'DOCUMENT_ISSUEDATE_XQUERY','//*:Catalogue/*:IssueDate',null,null,null,46,null,null,null,null,null);
Insert into `ETR_TB_METADATA` (`MD_ID`,`MD_TYPE`,`MD_VALUE`,`PID_DOC_ID`,`PID_ICA_ID`,`PID_PRO_ID`,`PID_TRA_ID`,`MD_SENDER_ID`,`CRE_DT`,`CRE_ID`,`MOD_DT`,`MOD_ID`) values (392,'SYNCH_VALIDATE_XSD','false',null,null,null,46,null,null,null,null,null);
Insert into `ETR_TB_METADATA` (`MD_ID`,`MD_TYPE`,`MD_VALUE`,`PID_DOC_ID`,`PID_ICA_ID`,`PID_PRO_ID`,`PID_TRA_ID`,`MD_SENDER_ID`,`CRE_DT`,`CRE_ID`,`MOD_DT`,`MOD_ID`) values (393,'DOCUMENT_XSD_URL','/eprior/xsd/maindoc/UBL-Catalogue-2.0.xsd',null,null,null,46,null,null,null,null,null);
Insert into `ETR_TB_METADATA` (`MD_ID`,`MD_TYPE`,`MD_VALUE`,`PID_DOC_ID`,`PID_ICA_ID`,`PID_PRO_ID`,`PID_TRA_ID`,`MD_SENDER_ID`,`CRE_DT`,`CRE_ID`,`MOD_DT`,`MOD_ID`) values (394,'SENDER_ID_XQUERY','//*:Sender/*:Identifier',null,null,null,46,null,null,null,null,null);
Insert into `ETR_TB_METADATA` (`MD_ID`,`MD_TYPE`,`MD_VALUE`,`PID_DOC_ID`,`PID_ICA_ID`,`PID_PRO_ID`,`PID_TRA_ID`,`MD_SENDER_ID`,`CRE_DT`,`CRE_ID`,`MOD_DT`,`MOD_ID`) values (395,'SENDER_ID_XQUERY','//*:Sender/*:Identifier',null,null,null,47,null,null,null,null,null);
Insert into `ETR_TB_METADATA` (`MD_ID`,`MD_TYPE`,`MD_VALUE`,`PID_DOC_ID`,`PID_ICA_ID`,`PID_PRO_ID`,`PID_TRA_ID`,`MD_SENDER_ID`,`CRE_DT`,`CRE_ID`,`MOD_DT`,`MOD_ID`) values (396,'DOCUMENT_XSD_URL','/etrustex/xsd/maindoc/EC-ViewRequest-2.0.xsd',null,null,null,47,null,null,null,null,null);
Insert into `ETR_TB_METADATA` (`MD_ID`,`MD_TYPE`,`MD_VALUE`,`PID_DOC_ID`,`PID_ICA_ID`,`PID_PRO_ID`,`PID_TRA_ID`,`MD_SENDER_ID`,`CRE_DT`,`CRE_ID`,`MOD_DT`,`MOD_ID`) values (397,'SENDER_ID_XQUERY',' //*:Sender/*:Identifier',null,null,null,50,null,null,null,null,null);
Insert into `ETR_TB_METADATA` (`MD_ID`,`MD_TYPE`,`MD_VALUE`,`PID_DOC_ID`,`PID_ICA_ID`,`PID_PRO_ID`,`PID_TRA_ID`,`MD_SENDER_ID`,`CRE_DT`,`CRE_ID`,`MOD_DT`,`MOD_ID`) values (398,'PARENT_DOCUMENT_NA_STRATEGY','IGNORE',null,null,null,50,null,null,null,null,null);
Insert into `ETR_TB_METADATA` (`MD_ID`,`MD_TYPE`,`MD_VALUE`,`PID_DOC_ID`,`PID_ICA_ID`,`PID_PRO_ID`,`PID_TRA_ID`,`MD_SENDER_ID`,`CRE_DT`,`CRE_ID`,`MOD_DT`,`MOD_ID`) values (399,'PARENT_DOCUMENT_ID_XQUERY','//*:Willingness/*:ECRequestForQuotationDocumentReference/*:RequestForQuotationDocumentReference/*:ID',null,null,null,50,null,null,null,null,null);
Insert into `ETR_TB_METADATA` (`MD_ID`,`MD_TYPE`,`MD_VALUE`,`PID_DOC_ID`,`PID_ICA_ID`,`PID_PRO_ID`,`PID_TRA_ID`,`MD_SENDER_ID`,`CRE_DT`,`CRE_ID`,`MOD_DT`,`MOD_ID`) values (400,'SYNCH_VALIDATE_XSD','false',null,null,null,50,null,null,null,null,null);
Insert into `ETR_TB_METADATA` (`MD_ID`,`MD_TYPE`,`MD_VALUE`,`PID_DOC_ID`,`PID_ICA_ID`,`PID_PRO_ID`,`PID_TRA_ID`,`MD_SENDER_ID`,`CRE_DT`,`CRE_ID`,`MOD_DT`,`MOD_ID`) values (401,'DOCUMENT_XSD_URL','/eprior/xsd/maindoc/UBL-OrderChange-2.0.xsd',null,null,null,59,null,null,null,null,null);
Insert into `ETR_TB_METADATA` (`MD_ID`,`MD_TYPE`,`MD_VALUE`,`PID_DOC_ID`,`PID_ICA_ID`,`PID_PRO_ID`,`PID_TRA_ID`,`MD_SENDER_ID`,`CRE_DT`,`CRE_ID`,`MOD_DT`,`MOD_ID`) values (402,'DOCUMENT_ISSUEDATE_XQUERY','//*:OrderChange/*:IssueDate',null,null,null,59,null,null,null,null,null);
Insert into `ETR_TB_METADATA` (`MD_ID`,`MD_TYPE`,`MD_VALUE`,`PID_DOC_ID`,`PID_ICA_ID`,`PID_PRO_ID`,`PID_TRA_ID`,`MD_SENDER_ID`,`CRE_DT`,`CRE_ID`,`MOD_DT`,`MOD_ID`) values (403,'RECEIVER_ID_XQUERY','//*:Receiver/*:Identifier',null,null,null,59,null,null,null,null,null);
Insert into `ETR_TB_METADATA` (`MD_ID`,`MD_TYPE`,`MD_VALUE`,`PID_DOC_ID`,`PID_ICA_ID`,`PID_PRO_ID`,`PID_TRA_ID`,`MD_SENDER_ID`,`CRE_DT`,`CRE_ID`,`MOD_DT`,`MOD_ID`) values (404,'SYNCH_VALIDATE_XSD','false',null,null,null,59,null,null,null,null,null);
Insert into `ETR_TB_METADATA` (`MD_ID`,`MD_TYPE`,`MD_VALUE`,`PID_DOC_ID`,`PID_ICA_ID`,`PID_PRO_ID`,`PID_TRA_ID`,`MD_SENDER_ID`,`CRE_DT`,`CRE_ID`,`MOD_DT`,`MOD_ID`) values (407,'SENDER_ID_XQUERY',' //*:Sender/*:Identifier',null,null,null,58,null,null,null,null,null);
Insert into `ETR_TB_METADATA` (`MD_ID`,`MD_TYPE`,`MD_VALUE`,`PID_DOC_ID`,`PID_ICA_ID`,`PID_PRO_ID`,`PID_TRA_ID`,`MD_SENDER_ID`,`CRE_DT`,`CRE_ID`,`MOD_DT`,`MOD_ID`) values (408,'DOCUMENT_ID_XQUERY','//*:OrderResponseSimple/*:ID',null,null,null,58,null,null,null,null,null);
Insert into `ETR_TB_METADATA` (`MD_ID`,`MD_TYPE`,`MD_VALUE`,`PID_DOC_ID`,`PID_ICA_ID`,`PID_PRO_ID`,`PID_TRA_ID`,`MD_SENDER_ID`,`CRE_DT`,`CRE_ID`,`MOD_DT`,`MOD_ID`) values (409,'DOCUMENT_XSD_URL','/eprior/xsd/maindoc/UBL-OrderResponseSimple-2.0.xsd',null,null,null,58,null,null,null,null,null);
Insert into `ETR_TB_METADATA` (`MD_ID`,`MD_TYPE`,`MD_VALUE`,`PID_DOC_ID`,`PID_ICA_ID`,`PID_PRO_ID`,`PID_TRA_ID`,`MD_SENDER_ID`,`CRE_DT`,`CRE_ID`,`MOD_DT`,`MOD_ID`) values (410,'DOCUMENT_ISSUEDATE_XQUERY','//*:OrderResponseSimple/*:IssueDate',null,null,null,58,null,null,null,null,null);
Insert into `ETR_TB_METADATA` (`MD_ID`,`MD_TYPE`,`MD_VALUE`,`PID_DOC_ID`,`PID_ICA_ID`,`PID_PRO_ID`,`PID_TRA_ID`,`MD_SENDER_ID`,`CRE_DT`,`CRE_ID`,`MOD_DT`,`MOD_ID`) values (411,'RECEIVER_ID_XQUERY','//*:Receiver/*:Identifier',null,null,null,58,null,null,null,null,null);
Insert into `ETR_TB_METADATA` (`MD_ID`,`MD_TYPE`,`MD_VALUE`,`PID_DOC_ID`,`PID_ICA_ID`,`PID_PRO_ID`,`PID_TRA_ID`,`MD_SENDER_ID`,`CRE_DT`,`CRE_ID`,`MOD_DT`,`MOD_ID`) values (412,'SYNCH_VALIDATE_XSD','false',null,null,null,58,null,null,null,null,null);
Insert into `ETR_TB_METADATA` (`MD_ID`,`MD_TYPE`,`MD_VALUE`,`PID_DOC_ID`,`PID_ICA_ID`,`PID_PRO_ID`,`PID_TRA_ID`,`MD_SENDER_ID`,`CRE_DT`,`CRE_ID`,`MOD_DT`,`MOD_ID`) values (415,'SENDER_ID_XQUERY',' //*:Sender/*:Identifier',null,null,null,60,null,null,null,null,null);
Insert into `ETR_TB_METADATA` (`MD_ID`,`MD_TYPE`,`MD_VALUE`,`PID_DOC_ID`,`PID_ICA_ID`,`PID_PRO_ID`,`PID_TRA_ID`,`MD_SENDER_ID`,`CRE_DT`,`CRE_ID`,`MOD_DT`,`MOD_ID`) values (416,'DOCUMENT_ID_XQUERY','//*:OrderCancellation/*:ID',null,null,null,60,null,null,null,null,null);
Insert into `ETR_TB_METADATA` (`MD_ID`,`MD_TYPE`,`MD_VALUE`,`PID_DOC_ID`,`PID_ICA_ID`,`PID_PRO_ID`,`PID_TRA_ID`,`MD_SENDER_ID`,`CRE_DT`,`CRE_ID`,`MOD_DT`,`MOD_ID`) values (417,'DOCUMENT_XSD_URL','/eprior/xsd/maindoc/UBL-OrderCancellation-2.0.xsd',null,null,null,60,null,null,null,null,null);
Insert into `ETR_TB_METADATA` (`MD_ID`,`MD_TYPE`,`MD_VALUE`,`PID_DOC_ID`,`PID_ICA_ID`,`PID_PRO_ID`,`PID_TRA_ID`,`MD_SENDER_ID`,`CRE_DT`,`CRE_ID`,`MOD_DT`,`MOD_ID`) values (418,'DOCUMENT_ISSUEDATE_XQUERY','//*:OrderCancellation/*:IssueDate',null,null,null,60,null,null,null,null,null);
Insert into `ETR_TB_METADATA` (`MD_ID`,`MD_TYPE`,`MD_VALUE`,`PID_DOC_ID`,`PID_ICA_ID`,`PID_PRO_ID`,`PID_TRA_ID`,`MD_SENDER_ID`,`CRE_DT`,`CRE_ID`,`MOD_DT`,`MOD_ID`) values (419,'RECEIVER_ID_XQUERY','//*:Receiver/*:Identifier',null,null,null,60,null,null,null,null,null);
Insert into `ETR_TB_METADATA` (`MD_ID`,`MD_TYPE`,`MD_VALUE`,`PID_DOC_ID`,`PID_ICA_ID`,`PID_PRO_ID`,`PID_TRA_ID`,`MD_SENDER_ID`,`CRE_DT`,`CRE_ID`,`MOD_DT`,`MOD_ID`) values (420,'SYNCH_VALIDATE_XSD','false',null,null,null,60,null,null,null,null,null);
Insert into `ETR_TB_METADATA` (`MD_ID`,`MD_TYPE`,`MD_VALUE`,`PID_DOC_ID`,`PID_ICA_ID`,`PID_PRO_ID`,`PID_TRA_ID`,`MD_SENDER_ID`,`CRE_DT`,`CRE_ID`,`MOD_DT`,`MOD_ID`) values (423,'SENDER_ID_XQUERY',' //*:Sender/*:Identifier',null,null,null,61,null,null,null,null,null);
Insert into `ETR_TB_METADATA` (`MD_ID`,`MD_TYPE`,`MD_VALUE`,`PID_DOC_ID`,`PID_ICA_ID`,`PID_PRO_ID`,`PID_TRA_ID`,`MD_SENDER_ID`,`CRE_DT`,`CRE_ID`,`MOD_DT`,`MOD_ID`) values (424,'DOCUMENT_ID_XQUERY','//*:AdhocS2C/*:ID',null,null,null,61,null,null,null,null,null);
Insert into `ETR_TB_METADATA` (`MD_ID`,`MD_TYPE`,`MD_VALUE`,`PID_DOC_ID`,`PID_ICA_ID`,`PID_PRO_ID`,`PID_TRA_ID`,`MD_SENDER_ID`,`CRE_DT`,`CRE_ID`,`MOD_DT`,`MOD_ID`) values (425,'DOCUMENT_XSD_URL','/eprior/xsd/maindoc/EC-AdhocS2C-0.1.xsd',null,null,null,61,null,null,null,null,null);
Insert into `ETR_TB_METADATA` (`MD_ID`,`MD_TYPE`,`MD_VALUE`,`PID_DOC_ID`,`PID_ICA_ID`,`PID_PRO_ID`,`PID_TRA_ID`,`MD_SENDER_ID`,`CRE_DT`,`CRE_ID`,`MOD_DT`,`MOD_ID`) values (426,'DOCUMENT_ISSUEDATE_XQUERY','//*:AdhocS2C/*:IssueDate',null,null,null,61,null,null,null,null,null);
Insert into `ETR_TB_METADATA` (`MD_ID`,`MD_TYPE`,`MD_VALUE`,`PID_DOC_ID`,`PID_ICA_ID`,`PID_PRO_ID`,`PID_TRA_ID`,`MD_SENDER_ID`,`CRE_DT`,`CRE_ID`,`MOD_DT`,`MOD_ID`) values (427,'RECEIVER_ID_XQUERY','//*:Receiver/*:Identifier',null,null,null,61,null,null,null,null,null);
Insert into `ETR_TB_METADATA` (`MD_ID`,`MD_TYPE`,`MD_VALUE`,`PID_DOC_ID`,`PID_ICA_ID`,`PID_PRO_ID`,`PID_TRA_ID`,`MD_SENDER_ID`,`CRE_DT`,`CRE_ID`,`MOD_DT`,`MOD_ID`) values (428,'SYNCH_VALIDATE_XSD','false',null,null,null,61,null,null,null,null,null);
Insert into `ETR_TB_METADATA` (`MD_ID`,`MD_TYPE`,`MD_VALUE`,`PID_DOC_ID`,`PID_ICA_ID`,`PID_PRO_ID`,`PID_TRA_ID`,`MD_SENDER_ID`,`CRE_DT`,`CRE_ID`,`MOD_DT`,`MOD_ID`) values (430,'PARENT_DOCUMENT_ID_XQUERY','//*:AdhocS2C/*:ECRequestForQuotationDocumentReference/*:RequestForQuotationDocumentReference/*:ID',null,null,null,61,null,null,null,null,null);
Insert into `ETR_TB_METADATA` (`MD_ID`,`MD_TYPE`,`MD_VALUE`,`PID_DOC_ID`,`PID_ICA_ID`,`PID_PRO_ID`,`PID_TRA_ID`,`MD_SENDER_ID`,`CRE_DT`,`CRE_ID`,`MOD_DT`,`MOD_ID`) values (431,'PARENT_DOCUMENT_NA_STRATEGY','IGNORE',null,null,null,61,null,null,null,null,null);
Insert into `ETR_TB_METADATA` (`MD_ID`,`MD_TYPE`,`MD_VALUE`,`PID_DOC_ID`,`PID_ICA_ID`,`PID_PRO_ID`,`PID_TRA_ID`,`MD_SENDER_ID`,`CRE_DT`,`CRE_ID`,`MOD_DT`,`MOD_ID`) values (432,'SENDER_ID_XQUERY',' //*:Sender/*:Identifier',null,null,null,62,null,null,null,null,null);
Insert into `ETR_TB_METADATA` (`MD_ID`,`MD_TYPE`,`MD_VALUE`,`PID_DOC_ID`,`PID_ICA_ID`,`PID_PRO_ID`,`PID_TRA_ID`,`MD_SENDER_ID`,`CRE_DT`,`CRE_ID`,`MOD_DT`,`MOD_ID`) values (433,'DOCUMENT_ID_XQUERY','//*:ProposalRequest/*:ID',null,null,null,62,null,null,null,null,null);
Insert into `ETR_TB_METADATA` (`MD_ID`,`MD_TYPE`,`MD_VALUE`,`PID_DOC_ID`,`PID_ICA_ID`,`PID_PRO_ID`,`PID_TRA_ID`,`MD_SENDER_ID`,`CRE_DT`,`CRE_ID`,`MOD_DT`,`MOD_ID`) values (434,'DOCUMENT_XSD_URL','/eprior/xsd/maindoc/EC-ProposalRequest-0.1.xsd',null,null,null,62,null,null,null,null,null);
Insert into `ETR_TB_METADATA` (`MD_ID`,`MD_TYPE`,`MD_VALUE`,`PID_DOC_ID`,`PID_ICA_ID`,`PID_PRO_ID`,`PID_TRA_ID`,`MD_SENDER_ID`,`CRE_DT`,`CRE_ID`,`MOD_DT`,`MOD_ID`) values (435,'DOCUMENT_ISSUEDATE_XQUERY','//*:ProposalRequest/*:IssueDate',null,null,null,62,null,null,null,null,null);
Insert into `ETR_TB_METADATA` (`MD_ID`,`MD_TYPE`,`MD_VALUE`,`PID_DOC_ID`,`PID_ICA_ID`,`PID_PRO_ID`,`PID_TRA_ID`,`MD_SENDER_ID`,`CRE_DT`,`CRE_ID`,`MOD_DT`,`MOD_ID`) values (436,'RECEIVER_ID_XQUERY','//*:Receiver/*:Identifier',null,null,null,62,null,null,null,null,null);
Insert into `ETR_TB_METADATA` (`MD_ID`,`MD_TYPE`,`MD_VALUE`,`PID_DOC_ID`,`PID_ICA_ID`,`PID_PRO_ID`,`PID_TRA_ID`,`MD_SENDER_ID`,`CRE_DT`,`CRE_ID`,`MOD_DT`,`MOD_ID`) values (437,'SYNCH_VALIDATE_XSD','false',null,null,null,62,null,null,null,null,null);
Insert into `ETR_TB_METADATA` (`MD_ID`,`MD_TYPE`,`MD_VALUE`,`PID_DOC_ID`,`PID_ICA_ID`,`PID_PRO_ID`,`PID_TRA_ID`,`MD_SENDER_ID`,`CRE_DT`,`CRE_ID`,`MOD_DT`,`MOD_ID`) values (439,'PARENT_DOCUMENT_ID_XQUERY','//*:ProposalRequest/*:ECRequestForQuotationDocumentReference/*:RequestForQuotationDocumentReference/*:ID',null,null,null,62,null,null,null,null,null);
Insert into `ETR_TB_METADATA` (`MD_ID`,`MD_TYPE`,`MD_VALUE`,`PID_DOC_ID`,`PID_ICA_ID`,`PID_PRO_ID`,`PID_TRA_ID`,`MD_SENDER_ID`,`CRE_DT`,`CRE_ID`,`MOD_DT`,`MOD_ID`) values (440,'PARENT_DOCUMENT_NA_STRATEGY','IGNORE',null,null,null,62,null,null,null,null,null);
Insert into `ETR_TB_METADATA` (`MD_ID`,`MD_TYPE`,`MD_VALUE`,`PID_DOC_ID`,`PID_ICA_ID`,`PID_PRO_ID`,`PID_TRA_ID`,`MD_SENDER_ID`,`CRE_DT`,`CRE_ID`,`MOD_DT`,`MOD_ID`) values (441,'RECEIVER_ID_XQUERY','//*:Receiver/*:Identifier',null,null,null,50,null,null,null,null,null);
Insert into `ETR_TB_METADATA` (`MD_ID`,`MD_TYPE`,`MD_VALUE`,`PID_DOC_ID`,`PID_ICA_ID`,`PID_PRO_ID`,`PID_TRA_ID`,`MD_SENDER_ID`,`CRE_DT`,`CRE_ID`,`MOD_DT`,`MOD_ID`) values (442,'DOCUMENT_ISSUEDATE_XQUERY','//*:Willingness/*:IssueDate',null,null,null,50,null,null,null,null,null);
Insert into `ETR_TB_METADATA` (`MD_ID`,`MD_TYPE`,`MD_VALUE`,`PID_DOC_ID`,`PID_ICA_ID`,`PID_PRO_ID`,`PID_TRA_ID`,`MD_SENDER_ID`,`CRE_DT`,`CRE_ID`,`MOD_DT`,`MOD_ID`) values (443,'DOCUMENT_XSD_URL','/eprior/xsd/maindoc/EC-Willingness-0.1.xsd',null,null,null,50,null,null,null,null,null);
Insert into `ETR_TB_METADATA` (`MD_ID`,`MD_TYPE`,`MD_VALUE`,`PID_DOC_ID`,`PID_ICA_ID`,`PID_PRO_ID`,`PID_TRA_ID`,`MD_SENDER_ID`,`CRE_DT`,`CRE_ID`,`MOD_DT`,`MOD_ID`) values (444,'DOCUMENT_ID_XQUERY','//*:Willingness/*:ID',null,null,null,50,null,null,null,null,null);
Insert into `ETR_TB_METADATA` (`MD_ID`,`MD_TYPE`,`MD_VALUE`,`PID_DOC_ID`,`PID_ICA_ID`,`PID_PRO_ID`,`PID_TRA_ID`,`MD_SENDER_ID`,`CRE_DT`,`CRE_ID`,`MOD_DT`,`MOD_ID`) values (445,'SENDER_ID_XQUERY',' //*:Sender/*:Identifier',null,null,null,51,null,null,null,null,null);
Insert into `ETR_TB_METADATA` (`MD_ID`,`MD_TYPE`,`MD_VALUE`,`PID_DOC_ID`,`PID_ICA_ID`,`PID_PRO_ID`,`PID_TRA_ID`,`MD_SENDER_ID`,`CRE_DT`,`CRE_ID`,`MOD_DT`,`MOD_ID`) values (446,'PARENT_DOCUMENT_NA_STRATEGY','IGNORE',null,null,null,51,null,null,null,null,null);
Insert into `ETR_TB_METADATA` (`MD_ID`,`MD_TYPE`,`MD_VALUE`,`PID_DOC_ID`,`PID_ICA_ID`,`PID_PRO_ID`,`PID_TRA_ID`,`MD_SENDER_ID`,`CRE_DT`,`CRE_ID`,`MOD_DT`,`MOD_ID`) values (447,'PARENT_DOCUMENT_ID_XQUERY','//*:Acknowledgement/*:ECRequestForQuotationDocumentReference/*:RequestForQuotationDocumentReference/*:ID',null,null,null,51,null,null,null,null,null);
Insert into `ETR_TB_METADATA` (`MD_ID`,`MD_TYPE`,`MD_VALUE`,`PID_DOC_ID`,`PID_ICA_ID`,`PID_PRO_ID`,`PID_TRA_ID`,`MD_SENDER_ID`,`CRE_DT`,`CRE_ID`,`MOD_DT`,`MOD_ID`) values (448,'SYNCH_VALIDATE_XSD','false',null,null,null,51,null,null,null,null,null);
Insert into `ETR_TB_METADATA` (`MD_ID`,`MD_TYPE`,`MD_VALUE`,`PID_DOC_ID`,`PID_ICA_ID`,`PID_PRO_ID`,`PID_TRA_ID`,`MD_SENDER_ID`,`CRE_DT`,`CRE_ID`,`MOD_DT`,`MOD_ID`) values (449,'RECEIVER_ID_XQUERY','//*:Receiver/*:Identifier',null,null,null,51,null,null,null,null,null);
Insert into `ETR_TB_METADATA` (`MD_ID`,`MD_TYPE`,`MD_VALUE`,`PID_DOC_ID`,`PID_ICA_ID`,`PID_PRO_ID`,`PID_TRA_ID`,`MD_SENDER_ID`,`CRE_DT`,`CRE_ID`,`MOD_DT`,`MOD_ID`) values (450,'DOCUMENT_ISSUEDATE_XQUERY','//*:Acknowledgement/*:IssueDate',null,null,null,51,null,null,null,null,null);
Insert into `ETR_TB_METADATA` (`MD_ID`,`MD_TYPE`,`MD_VALUE`,`PID_DOC_ID`,`PID_ICA_ID`,`PID_PRO_ID`,`PID_TRA_ID`,`MD_SENDER_ID`,`CRE_DT`,`CRE_ID`,`MOD_DT`,`MOD_ID`) values (451,'DOCUMENT_XSD_URL','/eprior/xsd/maindoc/EC-Acknowledgement-0.1.xsd',null,null,null,51,null,null,null,null,null);
Insert into `ETR_TB_METADATA` (`MD_ID`,`MD_TYPE`,`MD_VALUE`,`PID_DOC_ID`,`PID_ICA_ID`,`PID_PRO_ID`,`PID_TRA_ID`,`MD_SENDER_ID`,`CRE_DT`,`CRE_ID`,`MOD_DT`,`MOD_ID`) values (452,'DOCUMENT_ID_XQUERY','//*:Acknowledgement/*:ID',null,null,null,51,null,null,null,null,null);
Insert into `ETR_TB_METADATA` (`MD_ID`,`MD_TYPE`,`MD_VALUE`,`PID_DOC_ID`,`PID_ICA_ID`,`PID_PRO_ID`,`PID_TRA_ID`,`MD_SENDER_ID`,`CRE_DT`,`CRE_ID`,`MOD_DT`,`MOD_ID`) values (453,'SENDER_ID_XQUERY',' //*:Sender/*:Identifier',null,null,null,52,null,null,null,null,null);
Insert into `ETR_TB_METADATA` (`MD_ID`,`MD_TYPE`,`MD_VALUE`,`PID_DOC_ID`,`PID_ICA_ID`,`PID_PRO_ID`,`PID_TRA_ID`,`MD_SENDER_ID`,`CRE_DT`,`CRE_ID`,`MOD_DT`,`MOD_ID`) values (454,'PARENT_DOCUMENT_NA_STRATEGY','IGNORE',null,null,null,52,null,null,null,null,null);
Insert into `ETR_TB_METADATA` (`MD_ID`,`MD_TYPE`,`MD_VALUE`,`PID_DOC_ID`,`PID_ICA_ID`,`PID_PRO_ID`,`PID_TRA_ID`,`MD_SENDER_ID`,`CRE_DT`,`CRE_ID`,`MOD_DT`,`MOD_ID`) values (456,'SYNCH_VALIDATE_XSD','false',null,null,null,52,null,null,null,null,null);
Insert into `ETR_TB_METADATA` (`MD_ID`,`MD_TYPE`,`MD_VALUE`,`PID_DOC_ID`,`PID_ICA_ID`,`PID_PRO_ID`,`PID_TRA_ID`,`MD_SENDER_ID`,`CRE_DT`,`CRE_ID`,`MOD_DT`,`MOD_ID`) values (457,'RECEIVER_ID_XQUERY','//*:Receiver/*:Identifier',null,null,null,52,null,null,null,null,null);
Insert into `ETR_TB_METADATA` (`MD_ID`,`MD_TYPE`,`MD_VALUE`,`PID_DOC_ID`,`PID_ICA_ID`,`PID_PRO_ID`,`PID_TRA_ID`,`MD_SENDER_ID`,`CRE_DT`,`CRE_ID`,`MOD_DT`,`MOD_ID`) values (458,'DOCUMENT_ISSUEDATE_XQUERY','//*:Proposal/*:IssueDate',null,null,null,52,null,null,null,null,null);
Insert into `ETR_TB_METADATA` (`MD_ID`,`MD_TYPE`,`MD_VALUE`,`PID_DOC_ID`,`PID_ICA_ID`,`PID_PRO_ID`,`PID_TRA_ID`,`MD_SENDER_ID`,`CRE_DT`,`CRE_ID`,`MOD_DT`,`MOD_ID`) values (459,'DOCUMENT_XSD_URL','/eprior/xsd/maindoc/EC-Proposal-0.1.xsd',null,null,null,52,null,null,null,null,null);
Insert into `ETR_TB_METADATA` (`MD_ID`,`MD_TYPE`,`MD_VALUE`,`PID_DOC_ID`,`PID_ICA_ID`,`PID_PRO_ID`,`PID_TRA_ID`,`MD_SENDER_ID`,`CRE_DT`,`CRE_ID`,`MOD_DT`,`MOD_ID`) values (460,'DOCUMENT_ID_XQUERY','//*:Proposal/*:ID',null,null,null,52,null,null,null,null,null);
Insert into `ETR_TB_METADATA` (`MD_ID`,`MD_TYPE`,`MD_VALUE`,`PID_DOC_ID`,`PID_ICA_ID`,`PID_PRO_ID`,`PID_TRA_ID`,`MD_SENDER_ID`,`CRE_DT`,`CRE_ID`,`MOD_DT`,`MOD_ID`) values (461,'SENDER_ID_XQUERY',' //*:Sender/*:Identifier',null,null,null,53,null,null,null,null,null);
Insert into `ETR_TB_METADATA` (`MD_ID`,`MD_TYPE`,`MD_VALUE`,`PID_DOC_ID`,`PID_ICA_ID`,`PID_PRO_ID`,`PID_TRA_ID`,`MD_SENDER_ID`,`CRE_DT`,`CRE_ID`,`MOD_DT`,`MOD_ID`) values (462,'PARENT_DOCUMENT_NA_STRATEGY','IGNORE',null,null,null,53,null,null,null,null,null);
Insert into `ETR_TB_METADATA` (`MD_ID`,`MD_TYPE`,`MD_VALUE`,`PID_DOC_ID`,`PID_ICA_ID`,`PID_PRO_ID`,`PID_TRA_ID`,`MD_SENDER_ID`,`CRE_DT`,`CRE_ID`,`MOD_DT`,`MOD_ID`) values (463,'PARENT_DOCUMENT_ID_XQUERY','//*:Quotation/*:ECRequestForQuotationDocumentReference/*:RequestForQuotationDocumentReference/*:ID',null,null,null,53,null,null,null,null,null);
Insert into `ETR_TB_METADATA` (`MD_ID`,`MD_TYPE`,`MD_VALUE`,`PID_DOC_ID`,`PID_ICA_ID`,`PID_PRO_ID`,`PID_TRA_ID`,`MD_SENDER_ID`,`CRE_DT`,`CRE_ID`,`MOD_DT`,`MOD_ID`) values (464,'SYNCH_VALIDATE_XSD','false',null,null,null,53,null,null,null,null,null);
Insert into `ETR_TB_METADATA` (`MD_ID`,`MD_TYPE`,`MD_VALUE`,`PID_DOC_ID`,`PID_ICA_ID`,`PID_PRO_ID`,`PID_TRA_ID`,`MD_SENDER_ID`,`CRE_DT`,`CRE_ID`,`MOD_DT`,`MOD_ID`) values (465,'RECEIVER_ID_XQUERY','//*:Receiver/*:Identifier',null,null,null,53,null,null,null,null,null);
Insert into `ETR_TB_METADATA` (`MD_ID`,`MD_TYPE`,`MD_VALUE`,`PID_DOC_ID`,`PID_ICA_ID`,`PID_PRO_ID`,`PID_TRA_ID`,`MD_SENDER_ID`,`CRE_DT`,`CRE_ID`,`MOD_DT`,`MOD_ID`) values (466,'DOCUMENT_ISSUEDATE_XQUERY','//*:Quotation/*:IssueDate',null,null,null,53,null,null,null,null,null);
Insert into `ETR_TB_METADATA` (`MD_ID`,`MD_TYPE`,`MD_VALUE`,`PID_DOC_ID`,`PID_ICA_ID`,`PID_PRO_ID`,`PID_TRA_ID`,`MD_SENDER_ID`,`CRE_DT`,`CRE_ID`,`MOD_DT`,`MOD_ID`) values (467,'DOCUMENT_XSD_URL','/eprior/xsd/maindoc/EC-Quotation-0.1.xsd',null,null,null,53,null,null,null,null,null);
Insert into `ETR_TB_METADATA` (`MD_ID`,`MD_TYPE`,`MD_VALUE`,`PID_DOC_ID`,`PID_ICA_ID`,`PID_PRO_ID`,`PID_TRA_ID`,`MD_SENDER_ID`,`CRE_DT`,`CRE_ID`,`MOD_DT`,`MOD_ID`) values (468,'DOCUMENT_ID_XQUERY','//*:Quotation/*:ID',null,null,null,53,null,null,null,null,null);
Insert into `ETR_TB_METADATA` (`MD_ID`,`MD_TYPE`,`MD_VALUE`,`PID_DOC_ID`,`PID_ICA_ID`,`PID_PRO_ID`,`PID_TRA_ID`,`MD_SENDER_ID`,`CRE_DT`,`CRE_ID`,`MOD_DT`,`MOD_ID`) values (469,'SENDER_ID_XQUERY',' //*:Sender/*:Identifier',null,null,null,54,null,null,null,null,null);
Insert into `ETR_TB_METADATA` (`MD_ID`,`MD_TYPE`,`MD_VALUE`,`PID_DOC_ID`,`PID_ICA_ID`,`PID_PRO_ID`,`PID_TRA_ID`,`MD_SENDER_ID`,`CRE_DT`,`CRE_ID`,`MOD_DT`,`MOD_ID`) values (470,'PARENT_DOCUMENT_NA_STRATEGY','IGNORE',null,null,null,54,null,null,null,null,null);
Insert into `ETR_TB_METADATA` (`MD_ID`,`MD_TYPE`,`MD_VALUE`,`PID_DOC_ID`,`PID_ICA_ID`,`PID_PRO_ID`,`PID_TRA_ID`,`MD_SENDER_ID`,`CRE_DT`,`CRE_ID`,`MOD_DT`,`MOD_ID`) values (471,'PARENT_DOCUMENT_ID_XQUERY','//*:QuotationRequest/*:ECRequestForQuotationDocumentReference/*:RequestForQuotationDocumentReference/*:ID',null,null,null,54,null,null,null,null,null);
Insert into `ETR_TB_METADATA` (`MD_ID`,`MD_TYPE`,`MD_VALUE`,`PID_DOC_ID`,`PID_ICA_ID`,`PID_PRO_ID`,`PID_TRA_ID`,`MD_SENDER_ID`,`CRE_DT`,`CRE_ID`,`MOD_DT`,`MOD_ID`) values (472,'SYNCH_VALIDATE_XSD','false',null,null,null,54,null,null,null,null,null);
Insert into `ETR_TB_METADATA` (`MD_ID`,`MD_TYPE`,`MD_VALUE`,`PID_DOC_ID`,`PID_ICA_ID`,`PID_PRO_ID`,`PID_TRA_ID`,`MD_SENDER_ID`,`CRE_DT`,`CRE_ID`,`MOD_DT`,`MOD_ID`) values (473,'RECEIVER_ID_XQUERY','//*:Receiver/*:Identifier',null,null,null,54,null,null,null,null,null);
Insert into `ETR_TB_METADATA` (`MD_ID`,`MD_TYPE`,`MD_VALUE`,`PID_DOC_ID`,`PID_ICA_ID`,`PID_PRO_ID`,`PID_TRA_ID`,`MD_SENDER_ID`,`CRE_DT`,`CRE_ID`,`MOD_DT`,`MOD_ID`) values (474,'DOCUMENT_ISSUEDATE_XQUERY','//*:QuotationRequest/*:IssueDate',null,null,null,54,null,null,null,null,null);
Insert into `ETR_TB_METADATA` (`MD_ID`,`MD_TYPE`,`MD_VALUE`,`PID_DOC_ID`,`PID_ICA_ID`,`PID_PRO_ID`,`PID_TRA_ID`,`MD_SENDER_ID`,`CRE_DT`,`CRE_ID`,`MOD_DT`,`MOD_ID`) values (476,'DOCUMENT_ID_XQUERY','//*:QuotationRequest/*:ID',null,null,null,54,null,null,null,null,null);
Insert into `ETR_TB_METADATA` (`MD_ID`,`MD_TYPE`,`MD_VALUE`,`PID_DOC_ID`,`PID_ICA_ID`,`PID_PRO_ID`,`PID_TRA_ID`,`MD_SENDER_ID`,`CRE_DT`,`CRE_ID`,`MOD_DT`,`MOD_ID`) values (477,'SENDER_ID_XQUERY',' //*:Sender/*:Identifier',null,null,null,55,null,null,null,null,null);
Insert into `ETR_TB_METADATA` (`MD_ID`,`MD_TYPE`,`MD_VALUE`,`PID_DOC_ID`,`PID_ICA_ID`,`PID_PRO_ID`,`PID_TRA_ID`,`MD_SENDER_ID`,`CRE_DT`,`CRE_ID`,`MOD_DT`,`MOD_ID`) values (478,'SYNCH_VALIDATE_XSD','false',null,null,null,55,null,null,null,null,null);
Insert into `ETR_TB_METADATA` (`MD_ID`,`MD_TYPE`,`MD_VALUE`,`PID_DOC_ID`,`PID_ICA_ID`,`PID_PRO_ID`,`PID_TRA_ID`,`MD_SENDER_ID`,`CRE_DT`,`CRE_ID`,`MOD_DT`,`MOD_ID`) values (479,'RECEIVER_ID_XQUERY','//*:Receiver/*:Identifier',null,null,null,55,null,null,null,null,null);
Insert into `ETR_TB_METADATA` (`MD_ID`,`MD_TYPE`,`MD_VALUE`,`PID_DOC_ID`,`PID_ICA_ID`,`PID_PRO_ID`,`PID_TRA_ID`,`MD_SENDER_ID`,`CRE_DT`,`CRE_ID`,`MOD_DT`,`MOD_ID`) values (480,'DOCUMENT_ISSUEDATE_XQUERY','//*:RequestForQuotation/*:IssueDate',null,null,null,55,null,null,null,null,null);
Insert into `ETR_TB_METADATA` (`MD_ID`,`MD_TYPE`,`MD_VALUE`,`PID_DOC_ID`,`PID_ICA_ID`,`PID_PRO_ID`,`PID_TRA_ID`,`MD_SENDER_ID`,`CRE_DT`,`CRE_ID`,`MOD_DT`,`MOD_ID`) values (481,'DOCUMENT_XSD_URL','/eprior/xsd/maindoc/EC-RequestForQuotation-0.1.xsd',null,null,null,55,null,null,null,null,null);
Insert into `ETR_TB_METADATA` (`MD_ID`,`MD_TYPE`,`MD_VALUE`,`PID_DOC_ID`,`PID_ICA_ID`,`PID_PRO_ID`,`PID_TRA_ID`,`MD_SENDER_ID`,`CRE_DT`,`CRE_ID`,`MOD_DT`,`MOD_ID`) values (482,'DOCUMENT_ID_XQUERY','//*:RequestForQuotation/*:ID',null,null,null,55,null,null,null,null,null);
Insert into `ETR_TB_METADATA` (`MD_ID`,`MD_TYPE`,`MD_VALUE`,`PID_DOC_ID`,`PID_ICA_ID`,`PID_PRO_ID`,`PID_TRA_ID`,`MD_SENDER_ID`,`CRE_DT`,`CRE_ID`,`MOD_DT`,`MOD_ID`) values (483,'SYNCH_VALIDATE_XSD','false',null,null,null,56,null,null,null,null,null);
Insert into `ETR_TB_METADATA` (`MD_ID`,`MD_TYPE`,`MD_VALUE`,`PID_DOC_ID`,`PID_ICA_ID`,`PID_PRO_ID`,`PID_TRA_ID`,`MD_SENDER_ID`,`CRE_DT`,`CRE_ID`,`MOD_DT`,`MOD_ID`) values (484,'RECEIVER_ID_XQUERY','//*:Receiver/*:Identifier',null,null,null,56,null,null,null,null,null);
Insert into `ETR_TB_METADATA` (`MD_ID`,`MD_TYPE`,`MD_VALUE`,`PID_DOC_ID`,`PID_ICA_ID`,`PID_PRO_ID`,`PID_TRA_ID`,`MD_SENDER_ID`,`CRE_DT`,`CRE_ID`,`MOD_DT`,`MOD_ID`) values (485,'DOCUMENT_ISSUEDATE_XQUERY','//*:Reminder/*:IssueDate',null,null,null,56,null,null,null,null,null);
Insert into `ETR_TB_METADATA` (`MD_ID`,`MD_TYPE`,`MD_VALUE`,`PID_DOC_ID`,`PID_ICA_ID`,`PID_PRO_ID`,`PID_TRA_ID`,`MD_SENDER_ID`,`CRE_DT`,`CRE_ID`,`MOD_DT`,`MOD_ID`) values (486,'DOCUMENT_XSD_URL','/eprior/xsd/maindoc/UBL-Reminder-2.0.xsd',null,null,null,56,null,null,null,null,null);
Insert into `ETR_TB_METADATA` (`MD_ID`,`MD_TYPE`,`MD_VALUE`,`PID_DOC_ID`,`PID_ICA_ID`,`PID_PRO_ID`,`PID_TRA_ID`,`MD_SENDER_ID`,`CRE_DT`,`CRE_ID`,`MOD_DT`,`MOD_ID`) values (487,'DOCUMENT_ID_XQUERY','//*:Reminder/*:ID',null,null,null,56,null,null,null,null,null);
Insert into `ETR_TB_METADATA` (`MD_ID`,`MD_TYPE`,`MD_VALUE`,`PID_DOC_ID`,`PID_ICA_ID`,`PID_PRO_ID`,`PID_TRA_ID`,`MD_SENDER_ID`,`CRE_DT`,`CRE_ID`,`MOD_DT`,`MOD_ID`) values (488,'SENDER_ID_XQUERY',' //*:Sender/*:Identifier',null,null,null,56,null,null,null,null,null);
Insert into `ETR_TB_METADATA` (`MD_ID`,`MD_TYPE`,`MD_VALUE`,`PID_DOC_ID`,`PID_ICA_ID`,`PID_PRO_ID`,`PID_TRA_ID`,`MD_SENDER_ID`,`CRE_DT`,`CRE_ID`,`MOD_DT`,`MOD_ID`) values (489,'SENDER_ID_XQUERY',' //*:Sender/*:Identifier',null,null,null,57,null,null,null,null,null);
Insert into `ETR_TB_METADATA` (`MD_ID`,`MD_TYPE`,`MD_VALUE`,`PID_DOC_ID`,`PID_ICA_ID`,`PID_PRO_ID`,`PID_TRA_ID`,`MD_SENDER_ID`,`CRE_DT`,`CRE_ID`,`MOD_DT`,`MOD_ID`) values (490,'DOCUMENT_ID_XQUERY','//*:OrderResponseSimple/*:ID',null,null,null,57,null,null,null,null,null);
Insert into `ETR_TB_METADATA` (`MD_ID`,`MD_TYPE`,`MD_VALUE`,`PID_DOC_ID`,`PID_ICA_ID`,`PID_PRO_ID`,`PID_TRA_ID`,`MD_SENDER_ID`,`CRE_DT`,`CRE_ID`,`MOD_DT`,`MOD_ID`) values (491,'DOCUMENT_XSD_URL','/eprior/xsd/maindoc/UBL-OrderResponseSimple-2.0.xsd',null,null,null,57,null,null,null,null,null);
Insert into `ETR_TB_METADATA` (`MD_ID`,`MD_TYPE`,`MD_VALUE`,`PID_DOC_ID`,`PID_ICA_ID`,`PID_PRO_ID`,`PID_TRA_ID`,`MD_SENDER_ID`,`CRE_DT`,`CRE_ID`,`MOD_DT`,`MOD_ID`) values (492,'DOCUMENT_ISSUEDATE_XQUERY','//*:OrderResponseSimple/*:IssueDate',null,null,null,57,null,null,null,null,null);
Insert into `ETR_TB_METADATA` (`MD_ID`,`MD_TYPE`,`MD_VALUE`,`PID_DOC_ID`,`PID_ICA_ID`,`PID_PRO_ID`,`PID_TRA_ID`,`MD_SENDER_ID`,`CRE_DT`,`CRE_ID`,`MOD_DT`,`MOD_ID`) values (493,'RECEIVER_ID_XQUERY','//*:Receiver/*:Identifier',null,null,null,57,null,null,null,null,null);
Insert into `ETR_TB_METADATA` (`MD_ID`,`MD_TYPE`,`MD_VALUE`,`PID_DOC_ID`,`PID_ICA_ID`,`PID_PRO_ID`,`PID_TRA_ID`,`MD_SENDER_ID`,`CRE_DT`,`CRE_ID`,`MOD_DT`,`MOD_ID`) values (494,'SYNCH_VALIDATE_XSD','false',null,null,null,57,null,null,null,null,null);
Insert into `ETR_TB_METADATA` (`MD_ID`,`MD_TYPE`,`MD_VALUE`,`PID_DOC_ID`,`PID_ICA_ID`,`PID_PRO_ID`,`PID_TRA_ID`,`MD_SENDER_ID`,`CRE_DT`,`CRE_ID`,`MOD_DT`,`MOD_ID`) values (495,'SENDER_ID_XQUERY',' //*:Sender/*:Identifier',null,null,null,59,null,null,null,null,null);
Insert into `ETR_TB_METADATA` (`MD_ID`,`MD_TYPE`,`MD_VALUE`,`PID_DOC_ID`,`PID_ICA_ID`,`PID_PRO_ID`,`PID_TRA_ID`,`MD_SENDER_ID`,`CRE_DT`,`CRE_ID`,`MOD_DT`,`MOD_ID`) values (496,'DOCUMENT_ID_XQUERY','//*:OrderChange/*:ID',null,null,null,59,null,null,null,null,null);
Insert into `ETR_TB_METADATA` (`MD_ID`,`MD_TYPE`,`MD_VALUE`,`PID_DOC_ID`,`PID_ICA_ID`,`PID_PRO_ID`,`PID_TRA_ID`,`MD_SENDER_ID`,`CRE_DT`,`CRE_ID`,`MOD_DT`,`MOD_ID`) values (555,'PARENT_DOCUMENT_ID_XQUERY','//*:Proposal/*:ECRequestForQuotationDocumentReference/*:RequestForQuotationDocumentReference/*:ID',null,null,null,52,null,null,null,null,null);
Insert into `ETR_TB_METADATA` (`MD_ID`,`MD_TYPE`,`MD_VALUE`,`PID_DOC_ID`,`PID_ICA_ID`,`PID_PRO_ID`,`PID_TRA_ID`,`MD_SENDER_ID`,`CRE_DT`,`CRE_ID`,`MOD_DT`,`MOD_ID`) values (575,'SYNCH_VALIDATE_XSD','false',null,null,null,22,null,null,null,null,null);
Insert into `ETR_TB_METADATA` (`MD_ID`,`MD_TYPE`,`MD_VALUE`,`PID_DOC_ID`,`PID_ICA_ID`,`PID_PRO_ID`,`PID_TRA_ID`,`MD_SENDER_ID`,`CRE_DT`,`CRE_ID`,`MOD_DT`,`MOD_ID`) values (576,'SYNCH_VALIDATE_XSD','true',null,null,null,47,null,null,null,null,null);
Insert into `ETR_TB_METADATA` (`MD_ID`,`MD_TYPE`,`MD_VALUE`,`PID_DOC_ID`,`PID_ICA_ID`,`PID_PRO_ID`,`PID_TRA_ID`,`MD_SENDER_ID`,`CRE_DT`,`CRE_ID`,`MOD_DT`,`MOD_ID`) values (577,'PARENT_DOCUMENT_NA_STRATEGY','ERROR',null,null,null,71,null,null,null,null,null);
Insert into `ETR_TB_METADATA` (`MD_ID`,`MD_TYPE`,`MD_VALUE`,`PID_DOC_ID`,`PID_ICA_ID`,`PID_PRO_ID`,`PID_TRA_ID`,`MD_SENDER_ID`,`CRE_DT`,`CRE_ID`,`MOD_DT`,`MOD_ID`) values (578,'PARENT_DOCUMENT_ID_XQUERY','//*:DespatchAdvice/*:OrderReference/*:ID',null,null,null,71,null,null,null,null,null);
Insert into `ETR_TB_METADATA` (`MD_ID`,`MD_TYPE`,`MD_VALUE`,`PID_DOC_ID`,`PID_ICA_ID`,`PID_PRO_ID`,`PID_TRA_ID`,`MD_SENDER_ID`,`CRE_DT`,`CRE_ID`,`MOD_DT`,`MOD_ID`) values (580,'SYNCH_VALIDATE_XSD','false',null,null,null,71,null,null,null,null,null);
Insert into `ETR_TB_METADATA` (`MD_ID`,`MD_TYPE`,`MD_VALUE`,`PID_DOC_ID`,`PID_ICA_ID`,`PID_PRO_ID`,`PID_TRA_ID`,`MD_SENDER_ID`,`CRE_DT`,`CRE_ID`,`MOD_DT`,`MOD_ID`) values (581,'RECEIVER_ID_XQUERY','//*:Receiver/*:Identifier',null,null,null,71,null,null,null,null,null);
Insert into `ETR_TB_METADATA` (`MD_ID`,`MD_TYPE`,`MD_VALUE`,`PID_DOC_ID`,`PID_ICA_ID`,`PID_PRO_ID`,`PID_TRA_ID`,`MD_SENDER_ID`,`CRE_DT`,`CRE_ID`,`MOD_DT`,`MOD_ID`) values (582,'DOCUMENT_ISSUEDATE_XQUERY','//*:DespatchAdvice/*:IssueDate',null,null,null,71,null,null,null,null,null);
Insert into `ETR_TB_METADATA` (`MD_ID`,`MD_TYPE`,`MD_VALUE`,`PID_DOC_ID`,`PID_ICA_ID`,`PID_PRO_ID`,`PID_TRA_ID`,`MD_SENDER_ID`,`CRE_DT`,`CRE_ID`,`MOD_DT`,`MOD_ID`) values (583,'DOCUMENT_XSD_URL','/eprior/xsd/maindoc/UBL-DespatchAdvice-2.0.xsd',null,null,null,71,null,null,null,null,null);
Insert into `ETR_TB_METADATA` (`MD_ID`,`MD_TYPE`,`MD_VALUE`,`PID_DOC_ID`,`PID_ICA_ID`,`PID_PRO_ID`,`PID_TRA_ID`,`MD_SENDER_ID`,`CRE_DT`,`CRE_ID`,`MOD_DT`,`MOD_ID`) values (584,'DOCUMENT_ID_XQUERY','//*:DespatchAdvice/*:ID',null,null,null,71,null,null,null,null,null);
Insert into `ETR_TB_METADATA` (`MD_ID`,`MD_TYPE`,`MD_VALUE`,`PID_DOC_ID`,`PID_ICA_ID`,`PID_PRO_ID`,`PID_TRA_ID`,`MD_SENDER_ID`,`CRE_DT`,`CRE_ID`,`MOD_DT`,`MOD_ID`) values (585,'SENDER_ID_XQUERY',' //*:Sender/*:Identifier',null,null,null,71,null,null,null,null,null);
Insert into `ETR_TB_METADATA` (`MD_ID`,`MD_TYPE`,`MD_VALUE`,`PID_DOC_ID`,`PID_ICA_ID`,`PID_PRO_ID`,`PID_TRA_ID`,`MD_SENDER_ID`,`CRE_DT`,`CRE_ID`,`MOD_DT`,`MOD_ID`) values (587,'SENDER_ID_XQUERY','//*:Sender/*:Identifier',null,null,null,72,null,null,null,null,null);
Insert into `ETR_TB_METADATA` (`MD_ID`,`MD_TYPE`,`MD_VALUE`,`PID_DOC_ID`,`PID_ICA_ID`,`PID_PRO_ID`,`PID_TRA_ID`,`MD_SENDER_ID`,`CRE_DT`,`CRE_ID`,`MOD_DT`,`MOD_ID`) values (588,'RECEIVER_ID_XQUERY','//*:Receiver/*:Identifier',null,null,null,72,null,null,null,null,null);
Insert into `ETR_TB_METADATA` (`MD_ID`,`MD_TYPE`,`MD_VALUE`,`PID_DOC_ID`,`PID_ICA_ID`,`PID_PRO_ID`,`PID_TRA_ID`,`MD_SENDER_ID`,`CRE_DT`,`CRE_ID`,`MOD_DT`,`MOD_ID`) values (589,'DOCUMENT_ID_XQUERY','//*:ReceiptAdvice/*:ID',null,null,null,72,null,null,null,null,null);
Insert into `ETR_TB_METADATA` (`MD_ID`,`MD_TYPE`,`MD_VALUE`,`PID_DOC_ID`,`PID_ICA_ID`,`PID_PRO_ID`,`PID_TRA_ID`,`MD_SENDER_ID`,`CRE_DT`,`CRE_ID`,`MOD_DT`,`MOD_ID`) values (590,'DOCUMENT_ISSUEDATE_XQUERY','//*:ReceiptAdvice/*:IssueDate',null,null,null,72,null,null,null,null,null);
Insert into `ETR_TB_METADATA` (`MD_ID`,`MD_TYPE`,`MD_VALUE`,`PID_DOC_ID`,`PID_ICA_ID`,`PID_PRO_ID`,`PID_TRA_ID`,`MD_SENDER_ID`,`CRE_DT`,`CRE_ID`,`MOD_DT`,`MOD_ID`) values (591,'SYNCH_VALIDATE_XSD','false',null,null,null,72,null,null,null,null,null);
Insert into `ETR_TB_METADATA` (`MD_ID`,`MD_TYPE`,`MD_VALUE`,`PID_DOC_ID`,`PID_ICA_ID`,`PID_PRO_ID`,`PID_TRA_ID`,`MD_SENDER_ID`,`CRE_DT`,`CRE_ID`,`MOD_DT`,`MOD_ID`) values (592,'DOCUMENT_XSD_URL','/eprior/xsd/maindoc/UBL-ReceiptAdvice-2.0.xsd',null,null,null,72,null,null,null,null,null);
Insert into `ETR_TB_METADATA` (`MD_ID`,`MD_TYPE`,`MD_VALUE`,`PID_DOC_ID`,`PID_ICA_ID`,`PID_PRO_ID`,`PID_TRA_ID`,`MD_SENDER_ID`,`CRE_DT`,`CRE_ID`,`MOD_DT`,`MOD_ID`) values (594,'SENDER_ID_XQUERY','//*:Sender/*:Identifier',null,null,null,73,null,null,null,null,null);
Insert into `ETR_TB_METADATA` (`MD_ID`,`MD_TYPE`,`MD_VALUE`,`PID_DOC_ID`,`PID_ICA_ID`,`PID_PRO_ID`,`PID_TRA_ID`,`MD_SENDER_ID`,`CRE_DT`,`CRE_ID`,`MOD_DT`,`MOD_ID`) values (595,'RECEIVER_ID_XQUERY','//*:Receiver/*:Identifier',null,null,null,73,null,null,null,null,null);
Insert into `ETR_TB_METADATA` (`MD_ID`,`MD_TYPE`,`MD_VALUE`,`PID_DOC_ID`,`PID_ICA_ID`,`PID_PRO_ID`,`PID_TRA_ID`,`MD_SENDER_ID`,`CRE_DT`,`CRE_ID`,`MOD_DT`,`MOD_ID`) values (596,'DOCUMENT_ID_XQUERY','//*:AdhocC2S/*:ID',null,null,null,73,null,null,null,null,null);
Insert into `ETR_TB_METADATA` (`MD_ID`,`MD_TYPE`,`MD_VALUE`,`PID_DOC_ID`,`PID_ICA_ID`,`PID_PRO_ID`,`PID_TRA_ID`,`MD_SENDER_ID`,`CRE_DT`,`CRE_ID`,`MOD_DT`,`MOD_ID`) values (597,'DOCUMENT_ISSUEDATE_XQUERY','//*:AdhocC2S/*:IssueDate',null,null,null,73,null,null,null,null,null);
Insert into `ETR_TB_METADATA` (`MD_ID`,`MD_TYPE`,`MD_VALUE`,`PID_DOC_ID`,`PID_ICA_ID`,`PID_PRO_ID`,`PID_TRA_ID`,`MD_SENDER_ID`,`CRE_DT`,`CRE_ID`,`MOD_DT`,`MOD_ID`) values (598,'SYNCH_VALIDATE_XSD','false',null,null,null,73,null,null,null,null,null);
Insert into `ETR_TB_METADATA` (`MD_ID`,`MD_TYPE`,`MD_VALUE`,`PID_DOC_ID`,`PID_ICA_ID`,`PID_PRO_ID`,`PID_TRA_ID`,`MD_SENDER_ID`,`CRE_DT`,`CRE_ID`,`MOD_DT`,`MOD_ID`) values (599,'DOCUMENT_XSD_URL','/eprior/xsd/maindoc/EC-AdhocC2S-0.1.xsd',null,null,null,73,null,null,null,null,null);
Insert into `ETR_TB_METADATA` (`MD_ID`,`MD_TYPE`,`MD_VALUE`,`PID_DOC_ID`,`PID_ICA_ID`,`PID_PRO_ID`,`PID_TRA_ID`,`MD_SENDER_ID`,`CRE_DT`,`CRE_ID`,`MOD_DT`,`MOD_ID`) values (600,'DOCUMENT_ID_XQUERY','//*:DownloadOrganizationUsersRequest/*:ID',null,null,null,63,null,null,null,null,null);
Insert into `ETR_TB_METADATA` (`MD_ID`,`MD_TYPE`,`MD_VALUE`,`PID_DOC_ID`,`PID_ICA_ID`,`PID_PRO_ID`,`PID_TRA_ID`,`MD_SENDER_ID`,`CRE_DT`,`CRE_ID`,`MOD_DT`,`MOD_ID`) values (601,'DOCUMENT_ISSUEDATE_XQUERY','//*:DownloadOrganizationUsersRequest/*:IssueDate',null,null,null,63,null,null,null,null,null);
Insert into `ETR_TB_METADATA` (`MD_ID`,`MD_TYPE`,`MD_VALUE`,`PID_DOC_ID`,`PID_ICA_ID`,`PID_PRO_ID`,`PID_TRA_ID`,`MD_SENDER_ID`,`CRE_DT`,`CRE_ID`,`MOD_DT`,`MOD_ID`) values (602,'SENDER_ID_XQUERY',' //*:Sender/*:Identifier',null,null,null,63,null,null,null,null,null);
Insert into `ETR_TB_METADATA` (`MD_ID`,`MD_TYPE`,`MD_VALUE`,`PID_DOC_ID`,`PID_ICA_ID`,`PID_PRO_ID`,`PID_TRA_ID`,`MD_SENDER_ID`,`CRE_DT`,`CRE_ID`,`MOD_DT`,`MOD_ID`) values (603,'RECEIVER_ID_XQUERY','//*:Receiver/*:Identifier',null,null,null,63,null,null,null,null,null);
Insert into `ETR_TB_METADATA` (`MD_ID`,`MD_TYPE`,`MD_VALUE`,`PID_DOC_ID`,`PID_ICA_ID`,`PID_PRO_ID`,`PID_TRA_ID`,`MD_SENDER_ID`,`CRE_DT`,`CRE_ID`,`MOD_DT`,`MOD_ID`) values (604,'SYNCH_VALIDATE_XSD','false',null,null,null,63,null,null,null,null,null);
Insert into `ETR_TB_METADATA` (`MD_ID`,`MD_TYPE`,`MD_VALUE`,`PID_DOC_ID`,`PID_ICA_ID`,`PID_PRO_ID`,`PID_TRA_ID`,`MD_SENDER_ID`,`CRE_DT`,`CRE_ID`,`MOD_DT`,`MOD_ID`) values (605,'DOCUMENT_XSD_URL','/eprior/xsd/maindoc/EC-DownloadOrganizationUsersRequest-0.1.xsd',null,null,null,63,null,null,null,null,null);
Insert into `ETR_TB_METADATA` (`MD_ID`,`MD_TYPE`,`MD_VALUE`,`PID_DOC_ID`,`PID_ICA_ID`,`PID_PRO_ID`,`PID_TRA_ID`,`MD_SENDER_ID`,`CRE_DT`,`CRE_ID`,`MOD_DT`,`MOD_ID`) values (607,'DOCUMENT_ID_XQUERY','//*:DownloadOrganizationUsersResponse/*:ID',null,null,null,64,null,null,null,null,null);
Insert into `ETR_TB_METADATA` (`MD_ID`,`MD_TYPE`,`MD_VALUE`,`PID_DOC_ID`,`PID_ICA_ID`,`PID_PRO_ID`,`PID_TRA_ID`,`MD_SENDER_ID`,`CRE_DT`,`CRE_ID`,`MOD_DT`,`MOD_ID`) values (608,'DOCUMENT_ISSUEDATE_XQUERY','//*:DownloadOrganizationUsersResponse/*:IssueDate',null,null,null,64,null,null,null,null,null);
Insert into `ETR_TB_METADATA` (`MD_ID`,`MD_TYPE`,`MD_VALUE`,`PID_DOC_ID`,`PID_ICA_ID`,`PID_PRO_ID`,`PID_TRA_ID`,`MD_SENDER_ID`,`CRE_DT`,`CRE_ID`,`MOD_DT`,`MOD_ID`) values (609,'SENDER_ID_XQUERY',' //*:Sender/*:Identifier',null,null,null,64,null,null,null,null,null);
Insert into `ETR_TB_METADATA` (`MD_ID`,`MD_TYPE`,`MD_VALUE`,`PID_DOC_ID`,`PID_ICA_ID`,`PID_PRO_ID`,`PID_TRA_ID`,`MD_SENDER_ID`,`CRE_DT`,`CRE_ID`,`MOD_DT`,`MOD_ID`) values (610,'RECEIVER_ID_XQUERY','//*:Receiver/*:Identifier',null,null,null,64,null,null,null,null,null);
Insert into `ETR_TB_METADATA` (`MD_ID`,`MD_TYPE`,`MD_VALUE`,`PID_DOC_ID`,`PID_ICA_ID`,`PID_PRO_ID`,`PID_TRA_ID`,`MD_SENDER_ID`,`CRE_DT`,`CRE_ID`,`MOD_DT`,`MOD_ID`) values (611,'SYNCH_VALIDATE_XSD','false',null,null,null,64,null,null,null,null,null);
Insert into `ETR_TB_METADATA` (`MD_ID`,`MD_TYPE`,`MD_VALUE`,`PID_DOC_ID`,`PID_ICA_ID`,`PID_PRO_ID`,`PID_TRA_ID`,`MD_SENDER_ID`,`CRE_DT`,`CRE_ID`,`MOD_DT`,`MOD_ID`) values (612,'DOCUMENT_XSD_URL','/eprior/xsd/maindoc/EC-DownloadOrganizationUsersResponse-0.1.xsd',null,null,null,64,null,null,null,null,null);
Insert into `ETR_TB_METADATA` (`MD_ID`,`MD_TYPE`,`MD_VALUE`,`PID_DOC_ID`,`PID_ICA_ID`,`PID_PRO_ID`,`PID_TRA_ID`,`MD_SENDER_ID`,`CRE_DT`,`CRE_ID`,`MOD_DT`,`MOD_ID`) values (614,'DOCUMENT_ID_XQUERY','//*:DownloadTrackingFilesRequest/*:ID',null,null,null,65,null,null,null,null,null);
Insert into `ETR_TB_METADATA` (`MD_ID`,`MD_TYPE`,`MD_VALUE`,`PID_DOC_ID`,`PID_ICA_ID`,`PID_PRO_ID`,`PID_TRA_ID`,`MD_SENDER_ID`,`CRE_DT`,`CRE_ID`,`MOD_DT`,`MOD_ID`) values (615,'DOCUMENT_ISSUEDATE_XQUERY','//*:DownloadTrackingFilesRequest/*:IssueDate',null,null,null,65,null,null,null,null,null);
Insert into `ETR_TB_METADATA` (`MD_ID`,`MD_TYPE`,`MD_VALUE`,`PID_DOC_ID`,`PID_ICA_ID`,`PID_PRO_ID`,`PID_TRA_ID`,`MD_SENDER_ID`,`CRE_DT`,`CRE_ID`,`MOD_DT`,`MOD_ID`) values (616,'SENDER_ID_XQUERY',' //*:Sender/*:Identifier',null,null,null,65,null,null,null,null,null);
Insert into `ETR_TB_METADATA` (`MD_ID`,`MD_TYPE`,`MD_VALUE`,`PID_DOC_ID`,`PID_ICA_ID`,`PID_PRO_ID`,`PID_TRA_ID`,`MD_SENDER_ID`,`CRE_DT`,`CRE_ID`,`MOD_DT`,`MOD_ID`) values (617,'RECEIVER_ID_XQUERY','//*:Receiver/*:Identifier',null,null,null,65,null,null,null,null,null);
Insert into `ETR_TB_METADATA` (`MD_ID`,`MD_TYPE`,`MD_VALUE`,`PID_DOC_ID`,`PID_ICA_ID`,`PID_PRO_ID`,`PID_TRA_ID`,`MD_SENDER_ID`,`CRE_DT`,`CRE_ID`,`MOD_DT`,`MOD_ID`) values (618,'SYNCH_VALIDATE_XSD','false',null,null,null,65,null,null,null,null,null);
Insert into `ETR_TB_METADATA` (`MD_ID`,`MD_TYPE`,`MD_VALUE`,`PID_DOC_ID`,`PID_ICA_ID`,`PID_PRO_ID`,`PID_TRA_ID`,`MD_SENDER_ID`,`CRE_DT`,`CRE_ID`,`MOD_DT`,`MOD_ID`) values (619,'DOCUMENT_XSD_URL','/eprior/xsd/maindoc/EC-DownloadTrackingFilesRequest-0.1.xsd',null,null,null,65,null,null,null,null,null);
Insert into `ETR_TB_METADATA` (`MD_ID`,`MD_TYPE`,`MD_VALUE`,`PID_DOC_ID`,`PID_ICA_ID`,`PID_PRO_ID`,`PID_TRA_ID`,`MD_SENDER_ID`,`CRE_DT`,`CRE_ID`,`MOD_DT`,`MOD_ID`) values (621,'DOCUMENT_ID_XQUERY','//*:DownloadTrackingFilesResponse/*:ID',null,null,null,66,null,null,null,null,null);
Insert into `ETR_TB_METADATA` (`MD_ID`,`MD_TYPE`,`MD_VALUE`,`PID_DOC_ID`,`PID_ICA_ID`,`PID_PRO_ID`,`PID_TRA_ID`,`MD_SENDER_ID`,`CRE_DT`,`CRE_ID`,`MOD_DT`,`MOD_ID`) values (622,'DOCUMENT_ISSUEDATE_XQUERY','//*:DownloadTrackingFilesResponse/*:IssueDate',null,null,null,66,null,null,null,null,null);
Insert into `ETR_TB_METADATA` (`MD_ID`,`MD_TYPE`,`MD_VALUE`,`PID_DOC_ID`,`PID_ICA_ID`,`PID_PRO_ID`,`PID_TRA_ID`,`MD_SENDER_ID`,`CRE_DT`,`CRE_ID`,`MOD_DT`,`MOD_ID`) values (623,'SENDER_ID_XQUERY',' //*:Sender/*:Identifier',null,null,null,66,null,null,null,null,null);
Insert into `ETR_TB_METADATA` (`MD_ID`,`MD_TYPE`,`MD_VALUE`,`PID_DOC_ID`,`PID_ICA_ID`,`PID_PRO_ID`,`PID_TRA_ID`,`MD_SENDER_ID`,`CRE_DT`,`CRE_ID`,`MOD_DT`,`MOD_ID`) values (624,'RECEIVER_ID_XQUERY','//*:Receiver/*:Identifier',null,null,null,66,null,null,null,null,null);
Insert into `ETR_TB_METADATA` (`MD_ID`,`MD_TYPE`,`MD_VALUE`,`PID_DOC_ID`,`PID_ICA_ID`,`PID_PRO_ID`,`PID_TRA_ID`,`MD_SENDER_ID`,`CRE_DT`,`CRE_ID`,`MOD_DT`,`MOD_ID`) values (625,'SYNCH_VALIDATE_XSD','false',null,null,null,66,null,null,null,null,null);
Insert into `ETR_TB_METADATA` (`MD_ID`,`MD_TYPE`,`MD_VALUE`,`PID_DOC_ID`,`PID_ICA_ID`,`PID_PRO_ID`,`PID_TRA_ID`,`MD_SENDER_ID`,`CRE_DT`,`CRE_ID`,`MOD_DT`,`MOD_ID`) values (626,'DOCUMENT_XSD_URL','/eprior/xsd/maindoc/EC-DownloadTrackingFilesResponse-0.1.xsd',null,null,null,66,null,null,null,null,null);
Insert into `ETR_TB_METADATA` (`MD_ID`,`MD_TYPE`,`MD_VALUE`,`PID_DOC_ID`,`PID_ICA_ID`,`PID_PRO_ID`,`PID_TRA_ID`,`MD_SENDER_ID`,`CRE_DT`,`CRE_ID`,`MOD_DT`,`MOD_ID`) values (628,'DOCUMENT_ID_XQUERY','//*:UpdateTrackingFilesStepRequest/*:ID',null,null,null,67,null,null,null,null,null);
Insert into `ETR_TB_METADATA` (`MD_ID`,`MD_TYPE`,`MD_VALUE`,`PID_DOC_ID`,`PID_ICA_ID`,`PID_PRO_ID`,`PID_TRA_ID`,`MD_SENDER_ID`,`CRE_DT`,`CRE_ID`,`MOD_DT`,`MOD_ID`) values (629,'DOCUMENT_ISSUEDATE_XQUERY','//*:UpdateTrackingFilesStepRequest/*:IssueDate',null,null,null,67,null,null,null,null,null);
Insert into `ETR_TB_METADATA` (`MD_ID`,`MD_TYPE`,`MD_VALUE`,`PID_DOC_ID`,`PID_ICA_ID`,`PID_PRO_ID`,`PID_TRA_ID`,`MD_SENDER_ID`,`CRE_DT`,`CRE_ID`,`MOD_DT`,`MOD_ID`) values (630,'SENDER_ID_XQUERY',' //*:Sender/*:Identifier',null,null,null,67,null,null,null,null,null);
Insert into `ETR_TB_METADATA` (`MD_ID`,`MD_TYPE`,`MD_VALUE`,`PID_DOC_ID`,`PID_ICA_ID`,`PID_PRO_ID`,`PID_TRA_ID`,`MD_SENDER_ID`,`CRE_DT`,`CRE_ID`,`MOD_DT`,`MOD_ID`) values (631,'RECEIVER_ID_XQUERY','//*:Receiver/*:Identifier',null,null,null,67,null,null,null,null,null);
Insert into `ETR_TB_METADATA` (`MD_ID`,`MD_TYPE`,`MD_VALUE`,`PID_DOC_ID`,`PID_ICA_ID`,`PID_PRO_ID`,`PID_TRA_ID`,`MD_SENDER_ID`,`CRE_DT`,`CRE_ID`,`MOD_DT`,`MOD_ID`) values (632,'SYNCH_VALIDATE_XSD','false',null,null,null,67,null,null,null,null,null);
Insert into `ETR_TB_METADATA` (`MD_ID`,`MD_TYPE`,`MD_VALUE`,`PID_DOC_ID`,`PID_ICA_ID`,`PID_PRO_ID`,`PID_TRA_ID`,`MD_SENDER_ID`,`CRE_DT`,`CRE_ID`,`MOD_DT`,`MOD_ID`) values (633,'DOCUMENT_XSD_URL','/eprior/xsd/maindoc/EC-UpdateTrackingFilesStepRequest-0.1.xsd',null,null,null,67,null,null,null,null,null);
Insert into `ETR_TB_METADATA` (`MD_ID`,`MD_TYPE`,`MD_VALUE`,`PID_DOC_ID`,`PID_ICA_ID`,`PID_PRO_ID`,`PID_TRA_ID`,`MD_SENDER_ID`,`CRE_DT`,`CRE_ID`,`MOD_DT`,`MOD_ID`) values (635,'DOCUMENT_ID_XQUERY','//*:UpdateTrackingFilesStepResponse/*:ID',null,null,null,68,null,null,null,null,null);
Insert into `ETR_TB_METADATA` (`MD_ID`,`MD_TYPE`,`MD_VALUE`,`PID_DOC_ID`,`PID_ICA_ID`,`PID_PRO_ID`,`PID_TRA_ID`,`MD_SENDER_ID`,`CRE_DT`,`CRE_ID`,`MOD_DT`,`MOD_ID`) values (636,'DOCUMENT_ISSUEDATE_XQUERY','//*:UpdateTrackingFilesStepResponse/*:IssueDate',null,null,null,68,null,null,null,null,null);
Insert into `ETR_TB_METADATA` (`MD_ID`,`MD_TYPE`,`MD_VALUE`,`PID_DOC_ID`,`PID_ICA_ID`,`PID_PRO_ID`,`PID_TRA_ID`,`MD_SENDER_ID`,`CRE_DT`,`CRE_ID`,`MOD_DT`,`MOD_ID`) values (637,'SENDER_ID_XQUERY',' //*:Sender/*:Identifier',null,null,null,68,null,null,null,null,null);
Insert into `ETR_TB_METADATA` (`MD_ID`,`MD_TYPE`,`MD_VALUE`,`PID_DOC_ID`,`PID_ICA_ID`,`PID_PRO_ID`,`PID_TRA_ID`,`MD_SENDER_ID`,`CRE_DT`,`CRE_ID`,`MOD_DT`,`MOD_ID`) values (638,'RECEIVER_ID_XQUERY','//*:Receiver/*:Identifier',null,null,null,68,null,null,null,null,null);
Insert into `ETR_TB_METADATA` (`MD_ID`,`MD_TYPE`,`MD_VALUE`,`PID_DOC_ID`,`PID_ICA_ID`,`PID_PRO_ID`,`PID_TRA_ID`,`MD_SENDER_ID`,`CRE_DT`,`CRE_ID`,`MOD_DT`,`MOD_ID`) values (639,'SYNCH_VALIDATE_XSD','false',null,null,null,68,null,null,null,null,null);
Insert into `ETR_TB_METADATA` (`MD_ID`,`MD_TYPE`,`MD_VALUE`,`PID_DOC_ID`,`PID_ICA_ID`,`PID_PRO_ID`,`PID_TRA_ID`,`MD_SENDER_ID`,`CRE_DT`,`CRE_ID`,`MOD_DT`,`MOD_ID`) values (640,'DOCUMENT_XSD_URL','/eprior/xsd/maindoc/EC-UpdateTrackingFilesStepResponse-0.1.xsd',null,null,null,68,null,null,null,null,null);
Insert into `ETR_TB_METADATA` (`MD_ID`,`MD_TYPE`,`MD_VALUE`,`PID_DOC_ID`,`PID_ICA_ID`,`PID_PRO_ID`,`PID_TRA_ID`,`MD_SENDER_ID`,`CRE_DT`,`CRE_ID`,`MOD_DT`,`MOD_ID`) values (642,'DOCUMENT_ID_XQUERY','//*:UploadTrackingFilesRequest/*:ID',null,null,null,69,null,null,null,null,null);
Insert into `ETR_TB_METADATA` (`MD_ID`,`MD_TYPE`,`MD_VALUE`,`PID_DOC_ID`,`PID_ICA_ID`,`PID_PRO_ID`,`PID_TRA_ID`,`MD_SENDER_ID`,`CRE_DT`,`CRE_ID`,`MOD_DT`,`MOD_ID`) values (643,'DOCUMENT_ISSUEDATE_XQUERY','//*:UploadTrackingFilesRequest/*:IssueDate',null,null,null,69,null,null,null,null,null);
Insert into `ETR_TB_METADATA` (`MD_ID`,`MD_TYPE`,`MD_VALUE`,`PID_DOC_ID`,`PID_ICA_ID`,`PID_PRO_ID`,`PID_TRA_ID`,`MD_SENDER_ID`,`CRE_DT`,`CRE_ID`,`MOD_DT`,`MOD_ID`) values (644,'SENDER_ID_XQUERY',' //*:Sender/*:Identifier',null,null,null,69,null,null,null,null,null);
Insert into `ETR_TB_METADATA` (`MD_ID`,`MD_TYPE`,`MD_VALUE`,`PID_DOC_ID`,`PID_ICA_ID`,`PID_PRO_ID`,`PID_TRA_ID`,`MD_SENDER_ID`,`CRE_DT`,`CRE_ID`,`MOD_DT`,`MOD_ID`) values (645,'RECEIVER_ID_XQUERY','//*:Receiver/*:Identifier',null,null,null,69,null,null,null,null,null);
Insert into `ETR_TB_METADATA` (`MD_ID`,`MD_TYPE`,`MD_VALUE`,`PID_DOC_ID`,`PID_ICA_ID`,`PID_PRO_ID`,`PID_TRA_ID`,`MD_SENDER_ID`,`CRE_DT`,`CRE_ID`,`MOD_DT`,`MOD_ID`) values (646,'SYNCH_VALIDATE_XSD','false',null,null,null,69,null,null,null,null,null);
Insert into `ETR_TB_METADATA` (`MD_ID`,`MD_TYPE`,`MD_VALUE`,`PID_DOC_ID`,`PID_ICA_ID`,`PID_PRO_ID`,`PID_TRA_ID`,`MD_SENDER_ID`,`CRE_DT`,`CRE_ID`,`MOD_DT`,`MOD_ID`) values (647,'DOCUMENT_XSD_URL','/eprior/xsd/maindoc/EC-UploadTrackingFilesRequest-0.1.xsd',null,null,null,69,null,null,null,null,null);
Insert into `ETR_TB_METADATA` (`MD_ID`,`MD_TYPE`,`MD_VALUE`,`PID_DOC_ID`,`PID_ICA_ID`,`PID_PRO_ID`,`PID_TRA_ID`,`MD_SENDER_ID`,`CRE_DT`,`CRE_ID`,`MOD_DT`,`MOD_ID`) values (649,'DOCUMENT_ID_XQUERY','//*:UploadTrackingFilesResponse/*:ID',null,null,null,70,null,null,null,null,null);
Insert into `ETR_TB_METADATA` (`MD_ID`,`MD_TYPE`,`MD_VALUE`,`PID_DOC_ID`,`PID_ICA_ID`,`PID_PRO_ID`,`PID_TRA_ID`,`MD_SENDER_ID`,`CRE_DT`,`CRE_ID`,`MOD_DT`,`MOD_ID`) values (650,'DOCUMENT_ISSUEDATE_XQUERY','//*:UploadTrackingFilesResponse/*:IssueDate',null,null,null,70,null,null,null,null,null);
Insert into `ETR_TB_METADATA` (`MD_ID`,`MD_TYPE`,`MD_VALUE`,`PID_DOC_ID`,`PID_ICA_ID`,`PID_PRO_ID`,`PID_TRA_ID`,`MD_SENDER_ID`,`CRE_DT`,`CRE_ID`,`MOD_DT`,`MOD_ID`) values (651,'SENDER_ID_XQUERY',' //*:Sender/*:Identifier',null,null,null,70,null,null,null,null,null);
Insert into `ETR_TB_METADATA` (`MD_ID`,`MD_TYPE`,`MD_VALUE`,`PID_DOC_ID`,`PID_ICA_ID`,`PID_PRO_ID`,`PID_TRA_ID`,`MD_SENDER_ID`,`CRE_DT`,`CRE_ID`,`MOD_DT`,`MOD_ID`) values (652,'RECEIVER_ID_XQUERY','//*:Receiver/*:Identifier',null,null,null,70,null,null,null,null,null);
Insert into `ETR_TB_METADATA` (`MD_ID`,`MD_TYPE`,`MD_VALUE`,`PID_DOC_ID`,`PID_ICA_ID`,`PID_PRO_ID`,`PID_TRA_ID`,`MD_SENDER_ID`,`CRE_DT`,`CRE_ID`,`MOD_DT`,`MOD_ID`) values (653,'SYNCH_VALIDATE_XSD','false',null,null,null,70,null,null,null,null,null);
Insert into `ETR_TB_METADATA` (`MD_ID`,`MD_TYPE`,`MD_VALUE`,`PID_DOC_ID`,`PID_ICA_ID`,`PID_PRO_ID`,`PID_TRA_ID`,`MD_SENDER_ID`,`CRE_DT`,`CRE_ID`,`MOD_DT`,`MOD_ID`) values (654,'DOCUMENT_XSD_URL','/eprior/xsd/maindoc/EC-UploadTrackingFilesResponse-0.1.xsd',null,null,null,70,null,null,null,null,null);
Insert into `ETR_TB_METADATA` (`MD_ID`,`MD_TYPE`,`MD_VALUE`,`PID_DOC_ID`,`PID_ICA_ID`,`PID_PRO_ID`,`PID_TRA_ID`,`MD_SENDER_ID`,`CRE_DT`,`CRE_ID`,`MOD_DT`,`MOD_ID`) values (663,'PARENT_DOCUMENT_NA_STRATEGY','IGNORE',null,null,null,73,null,null,null,null,null);
Insert into `ETR_TB_METADATA` (`MD_ID`,`MD_TYPE`,`MD_VALUE`,`PID_DOC_ID`,`PID_ICA_ID`,`PID_PRO_ID`,`PID_TRA_ID`,`MD_SENDER_ID`,`CRE_DT`,`CRE_ID`,`MOD_DT`,`MOD_ID`) values (664,'PARENT_DOCUMENT_ID_XQUERY','//*:AdhocC2S/*:ECRequestForQuotationDocumentReference/*:RequestForQuotationDocumentReference/*:ID',null,null,null,73,null,null,null,null,null);
Insert into `ETR_TB_METADATA` (`MD_ID`,`MD_TYPE`,`MD_VALUE`,`PID_DOC_ID`,`PID_ICA_ID`,`PID_PRO_ID`,`PID_TRA_ID`,`MD_SENDER_ID`,`CRE_DT`,`CRE_ID`,`MOD_DT`,`MOD_ID`) values (665,'BUSINESS_SCOPE_II_XPATH','//*:BusinessHeader/*:BusinessScope/*:Scope/*:InstanceIdentifier',7,null,null,null,null,null,null,null,null);
Insert into `ETR_TB_METADATA` (`MD_ID`,`MD_TYPE`,`MD_VALUE`,`PID_DOC_ID`,`PID_ICA_ID`,`PID_PRO_ID`,`PID_TRA_ID`,`MD_SENDER_ID`,`CRE_DT`,`CRE_ID`,`MOD_DT`,`MOD_ID`) values (666,'HEADER_VERSION_XPATH','//*:BusinessHeader/*:HeaderVersion',7,null,null,null,null,null,null,null,null);
Insert into `ETR_TB_METADATA` (`MD_ID`,`MD_TYPE`,`MD_VALUE`,`PID_DOC_ID`,`PID_ICA_ID`,`PID_PRO_ID`,`PID_TRA_ID`,`MD_SENDER_ID`,`CRE_DT`,`CRE_ID`,`MOD_DT`,`MOD_ID`) values (667,'DOCUMENT_HUMAN_READABLE_PREPROC','true',null,null,null,43,null,null,null,null,null);
Insert into `ETR_TB_METADATA` (`MD_ID`,`MD_TYPE`,`MD_VALUE`,`PID_DOC_ID`,`PID_ICA_ID`,`PID_PRO_ID`,`PID_TRA_ID`,`MD_SENDER_ID`,`CRE_DT`,`CRE_ID`,`MOD_DT`,`MOD_ID`) values (668,'DOCUMENT_HUMAN_READABLE_PREPROC','true',null,null,null,44,null,null,null,null,null);
Insert into `ETR_TB_METADATA` (`MD_ID`,`MD_TYPE`,`MD_VALUE`,`PID_DOC_ID`,`PID_ICA_ID`,`PID_PRO_ID`,`PID_TRA_ID`,`MD_SENDER_ID`,`CRE_DT`,`CRE_ID`,`MOD_DT`,`MOD_ID`) values (669,'PARENT_DOCUMENT_ID_XQUERY','//*:ReceiptAdvice/*:OrderReference/*:ID',null,null,null,72,null,null,null,null,null);
Insert into `ETR_TB_METADATA` (`MD_ID`,`MD_TYPE`,`MD_VALUE`,`PID_DOC_ID`,`PID_ICA_ID`,`PID_PRO_ID`,`PID_TRA_ID`,`MD_SENDER_ID`,`CRE_DT`,`CRE_ID`,`MOD_DT`,`MOD_ID`) values (670,'PARENT_DOCUMENT_NA_STRATEGY','IGNORE',null,null,null,72,null,null,null,null,null);
Insert into `ETR_TB_METADATA` (`MD_ID`,`MD_TYPE`,`MD_VALUE`,`PID_DOC_ID`,`PID_ICA_ID`,`PID_PRO_ID`,`PID_TRA_ID`,`MD_SENDER_ID`,`CRE_DT`,`CRE_ID`,`MOD_DT`,`MOD_ID`) values (671,'DOCUMENT_HUMAN_READABLE_PREPROC','true',null,null,null,56,null,null,null,null,null);
Insert into `ETR_TB_METADATA` (`MD_ID`,`MD_TYPE`,`MD_VALUE`,`PID_DOC_ID`,`PID_ICA_ID`,`PID_PRO_ID`,`PID_TRA_ID`,`MD_SENDER_ID`,`CRE_DT`,`CRE_ID`,`MOD_DT`,`MOD_ID`) values (672,'DOCUMENT_HUMAN_READABLE_PREPROC','true',null,null,null,45,null,null,null,null,null);
Insert into `ETR_TB_METADATA` (`MD_ID`,`MD_TYPE`,`MD_VALUE`,`PID_DOC_ID`,`PID_ICA_ID`,`PID_PRO_ID`,`PID_TRA_ID`,`MD_SENDER_ID`,`CRE_DT`,`CRE_ID`,`MOD_DT`,`MOD_ID`) values (673,'DOCUMENT_HUMAN_READABLE_PREPROC','true',null,null,null,72,null,null,null,null,null);
Insert into `ETR_TB_METADATA` (`MD_ID`,`MD_TYPE`,`MD_VALUE`,`PID_DOC_ID`,`PID_ICA_ID`,`PID_PRO_ID`,`PID_TRA_ID`,`MD_SENDER_ID`,`CRE_DT`,`CRE_ID`,`MOD_DT`,`MOD_ID`) values (674,'DOCUMENT_HUMAN_READABLE_PREPROC','true',null,null,null,71,null,null,null,null,null);
Insert into `ETR_TB_METADATA` (`MD_ID`,`MD_TYPE`,`MD_VALUE`,`PID_DOC_ID`,`PID_ICA_ID`,`PID_PRO_ID`,`PID_TRA_ID`,`MD_SENDER_ID`,`CRE_DT`,`CRE_ID`,`MOD_DT`,`MOD_ID`) values (705,'DOCUMENT_ID_XQUERY','//*:EvidencesRequest/*:ID',null,null,null,76,null,null,null,null,null);
Insert into `ETR_TB_METADATA` (`MD_ID`,`MD_TYPE`,`MD_VALUE`,`PID_DOC_ID`,`PID_ICA_ID`,`PID_PRO_ID`,`PID_TRA_ID`,`MD_SENDER_ID`,`CRE_DT`,`CRE_ID`,`MOD_DT`,`MOD_ID`) values (706,'DOCUMENT_ISSUEDATE_XQUERY','//*:EvidencesRequest/*:IssueDate',null,null,null,76,null,null,null,null,null);
Insert into `ETR_TB_METADATA` (`MD_ID`,`MD_TYPE`,`MD_VALUE`,`PID_DOC_ID`,`PID_ICA_ID`,`PID_PRO_ID`,`PID_TRA_ID`,`MD_SENDER_ID`,`CRE_DT`,`CRE_ID`,`MOD_DT`,`MOD_ID`) values (707,'SENDER_ID_XQUERY','//*:Sender/*:Identifier',null,null,null,76,null,null,null,null,null);
Insert into `ETR_TB_METADATA` (`MD_ID`,`MD_TYPE`,`MD_VALUE`,`PID_DOC_ID`,`PID_ICA_ID`,`PID_PRO_ID`,`PID_TRA_ID`,`MD_SENDER_ID`,`CRE_DT`,`CRE_ID`,`MOD_DT`,`MOD_ID`) values (708,'RECEIVER_ID_XQUERY','//*:Receiver/*:Identifier',null,null,null,76,null,null,null,null,null);
Insert into `ETR_TB_METADATA` (`MD_ID`,`MD_TYPE`,`MD_VALUE`,`PID_DOC_ID`,`PID_ICA_ID`,`PID_PRO_ID`,`PID_TRA_ID`,`MD_SENDER_ID`,`CRE_DT`,`CRE_ID`,`MOD_DT`,`MOD_ID`) values (709,'SYNCH_VALIDATE_XSD','false',null,null,null,76,null,null,null,null,null);
Insert into `ETR_TB_METADATA` (`MD_ID`,`MD_TYPE`,`MD_VALUE`,`PID_DOC_ID`,`PID_ICA_ID`,`PID_PRO_ID`,`PID_TRA_ID`,`MD_SENDER_ID`,`CRE_DT`,`CRE_ID`,`MOD_DT`,`MOD_ID`) values (710,'DOCUMENT_XSD_URL','/eprior/xsd2.1/maindoc/EC-EvidencesRequest-0_1.xsd',null,null,null,76,null,null,null,null,null);
Insert into `ETR_TB_METADATA` (`MD_ID`,`MD_TYPE`,`MD_VALUE`,`PID_DOC_ID`,`PID_ICA_ID`,`PID_PRO_ID`,`PID_TRA_ID`,`MD_SENDER_ID`,`CRE_DT`,`CRE_ID`,`MOD_DT`,`MOD_ID`) values (711,'DOCUMENT_ID_XQUERY','//*:BasicQualification/*:ID',null,null,null,77,null,null,null,null,null);
Insert into `ETR_TB_METADATA` (`MD_ID`,`MD_TYPE`,`MD_VALUE`,`PID_DOC_ID`,`PID_ICA_ID`,`PID_PRO_ID`,`PID_TRA_ID`,`MD_SENDER_ID`,`CRE_DT`,`CRE_ID`,`MOD_DT`,`MOD_ID`) values (712,'DOCUMENT_ISSUEDATE_XQUERY','//*:BasicQualification/*:IssueDate',null,null,null,77,null,null,null,null,null);
Insert into `ETR_TB_METADATA` (`MD_ID`,`MD_TYPE`,`MD_VALUE`,`PID_DOC_ID`,`PID_ICA_ID`,`PID_PRO_ID`,`PID_TRA_ID`,`MD_SENDER_ID`,`CRE_DT`,`CRE_ID`,`MOD_DT`,`MOD_ID`) values (713,'SENDER_ID_XQUERY','//*:Sender/*:Identifier',null,null,null,77,null,null,null,null,null);
Insert into `ETR_TB_METADATA` (`MD_ID`,`MD_TYPE`,`MD_VALUE`,`PID_DOC_ID`,`PID_ICA_ID`,`PID_PRO_ID`,`PID_TRA_ID`,`MD_SENDER_ID`,`CRE_DT`,`CRE_ID`,`MOD_DT`,`MOD_ID`) values (714,'RECEIVER_ID_XQUERY','//*:Receiver/*:Identifier',null,null,null,77,null,null,null,null,null);
Insert into `ETR_TB_METADATA` (`MD_ID`,`MD_TYPE`,`MD_VALUE`,`PID_DOC_ID`,`PID_ICA_ID`,`PID_PRO_ID`,`PID_TRA_ID`,`MD_SENDER_ID`,`CRE_DT`,`CRE_ID`,`MOD_DT`,`MOD_ID`) values (715,'SYNCH_VALIDATE_XSD','false',null,null,null,77,null,null,null,null,null);
Insert into `ETR_TB_METADATA` (`MD_ID`,`MD_TYPE`,`MD_VALUE`,`PID_DOC_ID`,`PID_ICA_ID`,`PID_PRO_ID`,`PID_TRA_ID`,`MD_SENDER_ID`,`CRE_DT`,`CRE_ID`,`MOD_DT`,`MOD_ID`) values (716,'DOCUMENT_XSD_URL','/eprior/xsd2.1/maindoc/EC-BasicQualification-0_1.xsd',null,null,null,77,null,null,null,null,null);
Insert into `ETR_TB_METADATA` (`MD_ID`,`MD_TYPE`,`MD_VALUE`,`PID_DOC_ID`,`PID_ICA_ID`,`PID_PRO_ID`,`PID_TRA_ID`,`MD_SENDER_ID`,`CRE_DT`,`CRE_ID`,`MOD_DT`,`MOD_ID`) values (717,'DOCUMENT_ID_XQUERY','//*:TenderingAnswers/*:ID',null,null,null,78,null,null,null,null,null);
Insert into `ETR_TB_METADATA` (`MD_ID`,`MD_TYPE`,`MD_VALUE`,`PID_DOC_ID`,`PID_ICA_ID`,`PID_PRO_ID`,`PID_TRA_ID`,`MD_SENDER_ID`,`CRE_DT`,`CRE_ID`,`MOD_DT`,`MOD_ID`) values (718,'DOCUMENT_ISSUEDATE_XQUERY','//*:TenderingAnswers/*:IssueDate',null,null,null,78,null,null,null,null,null);
Insert into `ETR_TB_METADATA` (`MD_ID`,`MD_TYPE`,`MD_VALUE`,`PID_DOC_ID`,`PID_ICA_ID`,`PID_PRO_ID`,`PID_TRA_ID`,`MD_SENDER_ID`,`CRE_DT`,`CRE_ID`,`MOD_DT`,`MOD_ID`) values (719,'SENDER_ID_XQUERY','//*:Sender/*:Identifier',null,null,null,78,null,null,null,null,null);
Insert into `ETR_TB_METADATA` (`MD_ID`,`MD_TYPE`,`MD_VALUE`,`PID_DOC_ID`,`PID_ICA_ID`,`PID_PRO_ID`,`PID_TRA_ID`,`MD_SENDER_ID`,`CRE_DT`,`CRE_ID`,`MOD_DT`,`MOD_ID`) values (720,'RECEIVER_ID_XQUERY','//*:Receiver/*:Identifier',null,null,null,78,null,null,null,null,null);
Insert into `ETR_TB_METADATA` (`MD_ID`,`MD_TYPE`,`MD_VALUE`,`PID_DOC_ID`,`PID_ICA_ID`,`PID_PRO_ID`,`PID_TRA_ID`,`MD_SENDER_ID`,`CRE_DT`,`CRE_ID`,`MOD_DT`,`MOD_ID`) values (721,'SYNCH_VALIDATE_XSD','false',null,null,null,78,null,null,null,null,null);
Insert into `ETR_TB_METADATA` (`MD_ID`,`MD_TYPE`,`MD_VALUE`,`PID_DOC_ID`,`PID_ICA_ID`,`PID_PRO_ID`,`PID_TRA_ID`,`MD_SENDER_ID`,`CRE_DT`,`CRE_ID`,`MOD_DT`,`MOD_ID`) values (722,'DOCUMENT_XSD_URL','/eprior/xsd2.1/maindoc/EC-TenderingAnswers-0_1.xsd',null,null,null,78,null,null,null,null,null);
Insert into `ETR_TB_METADATA` (`MD_ID`,`MD_TYPE`,`MD_VALUE`,`PID_DOC_ID`,`PID_ICA_ID`,`PID_PRO_ID`,`PID_TRA_ID`,`MD_SENDER_ID`,`CRE_DT`,`CRE_ID`,`MOD_DT`,`MOD_ID`) values (723,'DOCUMENT_ID_XQUERY','//*:TenderingQuestions/*:ID',null,null,null,79,null,null,null,null,null);
Insert into `ETR_TB_METADATA` (`MD_ID`,`MD_TYPE`,`MD_VALUE`,`PID_DOC_ID`,`PID_ICA_ID`,`PID_PRO_ID`,`PID_TRA_ID`,`MD_SENDER_ID`,`CRE_DT`,`CRE_ID`,`MOD_DT`,`MOD_ID`) values (724,'DOCUMENT_ISSUEDATE_XQUERY','//*:TenderingQuestions/*:IssueDate',null,null,null,79,null,null,null,null,null);
Insert into `ETR_TB_METADATA` (`MD_ID`,`MD_TYPE`,`MD_VALUE`,`PID_DOC_ID`,`PID_ICA_ID`,`PID_PRO_ID`,`PID_TRA_ID`,`MD_SENDER_ID`,`CRE_DT`,`CRE_ID`,`MOD_DT`,`MOD_ID`) values (725,'SENDER_ID_XQUERY','//*:Sender/*:Identifier',null,null,null,79,null,null,null,null,null);
Insert into `ETR_TB_METADATA` (`MD_ID`,`MD_TYPE`,`MD_VALUE`,`PID_DOC_ID`,`PID_ICA_ID`,`PID_PRO_ID`,`PID_TRA_ID`,`MD_SENDER_ID`,`CRE_DT`,`CRE_ID`,`MOD_DT`,`MOD_ID`) values (726,'RECEIVER_ID_XQUERY','//*:Receiver/*:Identifier',null,null,null,79,null,null,null,null,null);
Insert into `ETR_TB_METADATA` (`MD_ID`,`MD_TYPE`,`MD_VALUE`,`PID_DOC_ID`,`PID_ICA_ID`,`PID_PRO_ID`,`PID_TRA_ID`,`MD_SENDER_ID`,`CRE_DT`,`CRE_ID`,`MOD_DT`,`MOD_ID`) values (727,'SYNCH_VALIDATE_XSD','false',null,null,null,79,null,null,null,null,null);
Insert into `ETR_TB_METADATA` (`MD_ID`,`MD_TYPE`,`MD_VALUE`,`PID_DOC_ID`,`PID_ICA_ID`,`PID_PRO_ID`,`PID_TRA_ID`,`MD_SENDER_ID`,`CRE_DT`,`CRE_ID`,`MOD_DT`,`MOD_ID`) values (728,'DOCUMENT_XSD_URL','/eprior/xsd2.1/maindoc/EC-TenderingQuestions-0_1.xsd',null,null,null,79,null,null,null,null,null);
Insert into `ETR_TB_METADATA` (`MD_ID`,`MD_TYPE`,`MD_VALUE`,`PID_DOC_ID`,`PID_ICA_ID`,`PID_PRO_ID`,`PID_TRA_ID`,`MD_SENDER_ID`,`CRE_DT`,`CRE_ID`,`MOD_DT`,`MOD_ID`) values (750,'DOCUMENT_XSD_URL','/etrustex/xsd/maindoc/EC-CreateParty-2.0.xsd',null,null,null,80,null,null,null,null,null);
Insert into `ETR_TB_METADATA` (`MD_ID`,`MD_TYPE`,`MD_VALUE`,`PID_DOC_ID`,`PID_ICA_ID`,`PID_PRO_ID`,`PID_TRA_ID`,`MD_SENDER_ID`,`CRE_DT`,`CRE_ID`,`MOD_DT`,`MOD_ID`) values (752,'SENDER_ID_XQUERY','//*:Sender/*:Identifier',null,null,null,80,null,null,null,null,null);
Insert into `ETR_TB_METADATA` (`MD_ID`,`MD_TYPE`,`MD_VALUE`,`PID_DOC_ID`,`PID_ICA_ID`,`PID_PRO_ID`,`PID_TRA_ID`,`MD_SENDER_ID`,`CRE_DT`,`CRE_ID`,`MOD_DT`,`MOD_ID`) values (753,'SYNCH_VALIDATE_XSD','true',null,null,null,80,null,null,null,null,null);
Insert into `ETR_TB_METADATA` (`MD_ID`,`MD_TYPE`,`MD_VALUE`,`PID_DOC_ID`,`PID_ICA_ID`,`PID_PRO_ID`,`PID_TRA_ID`,`MD_SENDER_ID`,`CRE_DT`,`CRE_ID`,`MOD_DT`,`MOD_ID`) values (760,'DOCUMENT_XSD_URL','/etrustex/xsd/maindoc/2.1/EC-CreateInterchangeAgreement-2.1.xsd',null,null,null,81,null,null,null,null,null);
Insert into `ETR_TB_METADATA` (`MD_ID`,`MD_TYPE`,`MD_VALUE`,`PID_DOC_ID`,`PID_ICA_ID`,`PID_PRO_ID`,`PID_TRA_ID`,`MD_SENDER_ID`,`CRE_DT`,`CRE_ID`,`MOD_DT`,`MOD_ID`) values (762,'SENDER_ID_XQUERY','//*:Sender/*:Identifier',null,null,null,81,null,null,null,null,null);
Insert into `ETR_TB_METADATA` (`MD_ID`,`MD_TYPE`,`MD_VALUE`,`PID_DOC_ID`,`PID_ICA_ID`,`PID_PRO_ID`,`PID_TRA_ID`,`MD_SENDER_ID`,`CRE_DT`,`CRE_ID`,`MOD_DT`,`MOD_ID`) values (763,'SYNCH_VALIDATE_XSD','true',null,null,null,81,null,null,null,null,null);
Insert into `ETR_TB_METADATA` (`MD_ID`,`MD_TYPE`,`MD_VALUE`,`PID_DOC_ID`,`PID_ICA_ID`,`PID_PRO_ID`,`PID_TRA_ID`,`MD_SENDER_ID`,`CRE_DT`,`CRE_ID`,`MOD_DT`,`MOD_ID`) values (764,'DOCUMENT_ID_XQUERY','//*:AwardingNotification/*:ID',null,null,null,82,null,null,null,null,null);
Insert into `ETR_TB_METADATA` (`MD_ID`,`MD_TYPE`,`MD_VALUE`,`PID_DOC_ID`,`PID_ICA_ID`,`PID_PRO_ID`,`PID_TRA_ID`,`MD_SENDER_ID`,`CRE_DT`,`CRE_ID`,`MOD_DT`,`MOD_ID`) values (765,'DOCUMENT_ISSUEDATE_XQUERY','//*:AwardingNotification/*:IssueDate',null,null,null,82,null,null,null,null,null);
Insert into `ETR_TB_METADATA` (`MD_ID`,`MD_TYPE`,`MD_VALUE`,`PID_DOC_ID`,`PID_ICA_ID`,`PID_PRO_ID`,`PID_TRA_ID`,`MD_SENDER_ID`,`CRE_DT`,`CRE_ID`,`MOD_DT`,`MOD_ID`) values (766,'SENDER_ID_XQUERY','//*:Sender/*:Identifier',null,null,null,82,null,null,null,null,null);
Insert into `ETR_TB_METADATA` (`MD_ID`,`MD_TYPE`,`MD_VALUE`,`PID_DOC_ID`,`PID_ICA_ID`,`PID_PRO_ID`,`PID_TRA_ID`,`MD_SENDER_ID`,`CRE_DT`,`CRE_ID`,`MOD_DT`,`MOD_ID`) values (767,'RECEIVER_ID_XQUERY','//*:Receiver/*:Identifier',null,null,null,82,null,null,null,null,null);
Insert into `ETR_TB_METADATA` (`MD_ID`,`MD_TYPE`,`MD_VALUE`,`PID_DOC_ID`,`PID_ICA_ID`,`PID_PRO_ID`,`PID_TRA_ID`,`MD_SENDER_ID`,`CRE_DT`,`CRE_ID`,`MOD_DT`,`MOD_ID`) values (768,'SYNCH_VALIDATE_XSD','false',null,null,null,82,null,null,null,null,null);
Insert into `ETR_TB_METADATA` (`MD_ID`,`MD_TYPE`,`MD_VALUE`,`PID_DOC_ID`,`PID_ICA_ID`,`PID_PRO_ID`,`PID_TRA_ID`,`MD_SENDER_ID`,`CRE_DT`,`CRE_ID`,`MOD_DT`,`MOD_ID`) values (769,'DOCUMENT_XSD_URL','/eprior/xsd2.1/maindoc/EC-AwardingNotification-0_1.xsd',null,null,null,82,null,null,null,null,null);
Insert into `ETR_TB_METADATA` (`MD_ID`,`MD_TYPE`,`MD_VALUE`,`PID_DOC_ID`,`PID_ICA_ID`,`PID_PRO_ID`,`PID_TRA_ID`,`MD_SENDER_ID`,`CRE_DT`,`CRE_ID`,`MOD_DT`,`MOD_ID`) values (770,'DOCUMENT_ID_XQUERY','//*:Contract/*:ID',null,null,null,83,null,null,null,null,null);
Insert into `ETR_TB_METADATA` (`MD_ID`,`MD_TYPE`,`MD_VALUE`,`PID_DOC_ID`,`PID_ICA_ID`,`PID_PRO_ID`,`PID_TRA_ID`,`MD_SENDER_ID`,`CRE_DT`,`CRE_ID`,`MOD_DT`,`MOD_ID`) values (771,'DOCUMENT_ISSUEDATE_XQUERY','//*:Contract/*:IssueDate',null,null,null,83,null,null,null,null,null);
Insert into `ETR_TB_METADATA` (`MD_ID`,`MD_TYPE`,`MD_VALUE`,`PID_DOC_ID`,`PID_ICA_ID`,`PID_PRO_ID`,`PID_TRA_ID`,`MD_SENDER_ID`,`CRE_DT`,`CRE_ID`,`MOD_DT`,`MOD_ID`) values (772,'SENDER_ID_XQUERY','//*:Sender/*:Identifier',null,null,null,83,null,null,null,null,null);
Insert into `ETR_TB_METADATA` (`MD_ID`,`MD_TYPE`,`MD_VALUE`,`PID_DOC_ID`,`PID_ICA_ID`,`PID_PRO_ID`,`PID_TRA_ID`,`MD_SENDER_ID`,`CRE_DT`,`CRE_ID`,`MOD_DT`,`MOD_ID`) values (773,'RECEIVER_ID_XQUERY','//*:Receiver/*:Identifier',null,null,null,83,null,null,null,null,null);
Insert into `ETR_TB_METADATA` (`MD_ID`,`MD_TYPE`,`MD_VALUE`,`PID_DOC_ID`,`PID_ICA_ID`,`PID_PRO_ID`,`PID_TRA_ID`,`MD_SENDER_ID`,`CRE_DT`,`CRE_ID`,`MOD_DT`,`MOD_ID`) values (774,'SYNCH_VALIDATE_XSD','false',null,null,null,83,null,null,null,null,null);
Insert into `ETR_TB_METADATA` (`MD_ID`,`MD_TYPE`,`MD_VALUE`,`PID_DOC_ID`,`PID_ICA_ID`,`PID_PRO_ID`,`PID_TRA_ID`,`MD_SENDER_ID`,`CRE_DT`,`CRE_ID`,`MOD_DT`,`MOD_ID`) values (775,'DOCUMENT_XSD_URL','/eprior/xsd2.1/maindoc/EC-Contract-0_1.xsd',null,null,null,83,null,null,null,null,null);
Insert into `ETR_TB_METADATA` (`MD_ID`,`MD_TYPE`,`MD_VALUE`,`PID_DOC_ID`,`PID_ICA_ID`,`PID_PRO_ID`,`PID_TRA_ID`,`MD_SENDER_ID`,`CRE_DT`,`CRE_ID`,`MOD_DT`,`MOD_ID`) values (776,'DOCUMENT_ID_XQUERY','//*:Contract/*:ID',null,null,null,84,null,null,null,null,null);
Insert into `ETR_TB_METADATA` (`MD_ID`,`MD_TYPE`,`MD_VALUE`,`PID_DOC_ID`,`PID_ICA_ID`,`PID_PRO_ID`,`PID_TRA_ID`,`MD_SENDER_ID`,`CRE_DT`,`CRE_ID`,`MOD_DT`,`MOD_ID`) values (777,'DOCUMENT_ISSUEDATE_XQUERY','//*:Contract/*:IssueDate',null,null,null,84,null,null,null,null,null);
Insert into `ETR_TB_METADATA` (`MD_ID`,`MD_TYPE`,`MD_VALUE`,`PID_DOC_ID`,`PID_ICA_ID`,`PID_PRO_ID`,`PID_TRA_ID`,`MD_SENDER_ID`,`CRE_DT`,`CRE_ID`,`MOD_DT`,`MOD_ID`) values (778,'SENDER_ID_XQUERY','//*:Sender/*:Identifier',null,null,null,84,null,null,null,null,null);
Insert into `ETR_TB_METADATA` (`MD_ID`,`MD_TYPE`,`MD_VALUE`,`PID_DOC_ID`,`PID_ICA_ID`,`PID_PRO_ID`,`PID_TRA_ID`,`MD_SENDER_ID`,`CRE_DT`,`CRE_ID`,`MOD_DT`,`MOD_ID`) values (779,'RECEIVER_ID_XQUERY','//*:Receiver/*:Identifier',null,null,null,84,null,null,null,null,null);
Insert into `ETR_TB_METADATA` (`MD_ID`,`MD_TYPE`,`MD_VALUE`,`PID_DOC_ID`,`PID_ICA_ID`,`PID_PRO_ID`,`PID_TRA_ID`,`MD_SENDER_ID`,`CRE_DT`,`CRE_ID`,`MOD_DT`,`MOD_ID`) values (780,'SYNCH_VALIDATE_XSD','false',null,null,null,84,null,null,null,null,null);
Insert into `ETR_TB_METADATA` (`MD_ID`,`MD_TYPE`,`MD_VALUE`,`PID_DOC_ID`,`PID_ICA_ID`,`PID_PRO_ID`,`PID_TRA_ID`,`MD_SENDER_ID`,`CRE_DT`,`CRE_ID`,`MOD_DT`,`MOD_ID`) values (781,'DOCUMENT_XSD_URL','/eprior/xsd2.1/maindoc/EC-Contract-0_1.xsd',null,null,null,84,null,null,null,null,null);
Insert into `ETR_TB_METADATA` (`MD_ID`,`MD_TYPE`,`MD_VALUE`,`PID_DOC_ID`,`PID_ICA_ID`,`PID_PRO_ID`,`PID_TRA_ID`,`MD_SENDER_ID`,`CRE_DT`,`CRE_ID`,`MOD_DT`,`MOD_ID`) values (782,'DOCUMENT_ID_XQUERY','//*:Contract/*:ID',null,null,null,85,null,null,null,null,null);
Insert into `ETR_TB_METADATA` (`MD_ID`,`MD_TYPE`,`MD_VALUE`,`PID_DOC_ID`,`PID_ICA_ID`,`PID_PRO_ID`,`PID_TRA_ID`,`MD_SENDER_ID`,`CRE_DT`,`CRE_ID`,`MOD_DT`,`MOD_ID`) values (783,'DOCUMENT_ISSUEDATE_XQUERY','//*:Contract/*:IssueDate',null,null,null,85,null,null,null,null,null);
Insert into `ETR_TB_METADATA` (`MD_ID`,`MD_TYPE`,`MD_VALUE`,`PID_DOC_ID`,`PID_ICA_ID`,`PID_PRO_ID`,`PID_TRA_ID`,`MD_SENDER_ID`,`CRE_DT`,`CRE_ID`,`MOD_DT`,`MOD_ID`) values (784,'SENDER_ID_XQUERY','//*:Sender/*:Identifier',null,null,null,85,null,null,null,null,null);
Insert into `ETR_TB_METADATA` (`MD_ID`,`MD_TYPE`,`MD_VALUE`,`PID_DOC_ID`,`PID_ICA_ID`,`PID_PRO_ID`,`PID_TRA_ID`,`MD_SENDER_ID`,`CRE_DT`,`CRE_ID`,`MOD_DT`,`MOD_ID`) values (785,'RECEIVER_ID_XQUERY','//*:Receiver/*:Identifier',null,null,null,85,null,null,null,null,null);
Insert into `ETR_TB_METADATA` (`MD_ID`,`MD_TYPE`,`MD_VALUE`,`PID_DOC_ID`,`PID_ICA_ID`,`PID_PRO_ID`,`PID_TRA_ID`,`MD_SENDER_ID`,`CRE_DT`,`CRE_ID`,`MOD_DT`,`MOD_ID`) values (786,'SYNCH_VALIDATE_XSD','false',null,null,null,85,null,null,null,null,null);
Insert into `ETR_TB_METADATA` (`MD_ID`,`MD_TYPE`,`MD_VALUE`,`PID_DOC_ID`,`PID_ICA_ID`,`PID_PRO_ID`,`PID_TRA_ID`,`MD_SENDER_ID`,`CRE_DT`,`CRE_ID`,`MOD_DT`,`MOD_ID`) values (787,'DOCUMENT_XSD_URL','/eprior/xsd2.1/maindoc/EC-Contract-0_1.xsd',null,null,null,85,null,null,null,null,null);
Insert into `ETR_TB_METADATA` (`MD_ID`,`MD_TYPE`,`MD_VALUE`,`PID_DOC_ID`,`PID_ICA_ID`,`PID_PRO_ID`,`PID_TRA_ID`,`MD_SENDER_ID`,`CRE_DT`,`CRE_ID`,`MOD_DT`,`MOD_ID`) values (805,'DOCUMENT_HUMAN_READABLE_PREPROC','true',null,null,null,57,null,null,null,null,null);
Insert into `ETR_TB_METADATA` (`MD_ID`,`MD_TYPE`,`MD_VALUE`,`PID_DOC_ID`,`PID_ICA_ID`,`PID_PRO_ID`,`PID_TRA_ID`,`MD_SENDER_ID`,`CRE_DT`,`CRE_ID`,`MOD_DT`,`MOD_ID`) values (806,'DOCUMENT_HUMAN_READABLE_PREPROC','true',null,null,null,58,null,null,null,null,null);
Insert into `ETR_TB_METADATA` (`MD_ID`,`MD_TYPE`,`MD_VALUE`,`PID_DOC_ID`,`PID_ICA_ID`,`PID_PRO_ID`,`PID_TRA_ID`,`MD_SENDER_ID`,`CRE_DT`,`CRE_ID`,`MOD_DT`,`MOD_ID`) values (808,'DOCUMENT_HUMAN_READABLE_PREPROC','true',null,null,null,60,null,null,null,null,null);
Insert into `ETR_TB_METADATA` (`MD_ID`,`MD_TYPE`,`MD_VALUE`,`PID_DOC_ID`,`PID_ICA_ID`,`PID_PRO_ID`,`PID_TRA_ID`,`MD_SENDER_ID`,`CRE_DT`,`CRE_ID`,`MOD_DT`,`MOD_ID`) values (988,'DOCUMENT_HUMAN_READABLE_PREPROC','true',null,null,null,3,null,null,null,null,null);
Insert into `ETR_TB_METADATA` (`MD_ID`,`MD_TYPE`,`MD_VALUE`,`PID_DOC_ID`,`PID_ICA_ID`,`PID_PRO_ID`,`PID_TRA_ID`,`MD_SENDER_ID`,`CRE_DT`,`CRE_ID`,`MOD_DT`,`MOD_ID`) values (1000,'SCHEME_ID_SEPARATOR','#',null,null,null,null,null,null,null,null,null);
Insert into `ETR_TB_METADATA` (`MD_ID`,`MD_TYPE`,`MD_VALUE`,`PID_DOC_ID`,`PID_ICA_ID`,`PID_PRO_ID`,`PID_TRA_ID`,`MD_SENDER_ID`,`CRE_DT`,`CRE_ID`,`MOD_DT`,`MOD_ID`) values (1001,'DEFAULT_USE_FILE_STORE','true',null,null,null,null,null,null,null,null,null);
Insert into `ETR_TB_METADATA` (`MD_ID`,`MD_TYPE`,`MD_VALUE`,`PID_DOC_ID`,`PID_ICA_ID`,`PID_PRO_ID`,`PID_TRA_ID`,`MD_SENDER_ID`,`CRE_DT`,`CRE_ID`,`MOD_DT`,`MOD_ID`) values (1002,'FILE_STORE_PATH','C:/etrFileStore',null,null,null,null,null,null,null,null,null);
Insert into `ETR_TB_METADATA` (`MD_ID`,`MD_TYPE`,`MD_VALUE`,`PID_DOC_ID`,`PID_ICA_ID`,`PID_PRO_ID`,`PID_TRA_ID`,`MD_SENDER_ID`,`CRE_DT`,`CRE_ID`,`MOD_DT`,`MOD_ID`) values (1010,'DOCUMENT_XSD_URL','/etrustex/xsd/maindoc/EC-ArchiveDocumentRequest-1.0.xsd',null,null,null,101,null,null,null,null,null);
Insert into `ETR_TB_METADATA` (`MD_ID`,`MD_TYPE`,`MD_VALUE`,`PID_DOC_ID`,`PID_ICA_ID`,`PID_PRO_ID`,`PID_TRA_ID`,`MD_SENDER_ID`,`CRE_DT`,`CRE_ID`,`MOD_DT`,`MOD_ID`) values (1011,'SENDER_ID_XQUERY','//*:Sender/*:Identifier',null,null,null,101,null,null,null,null,null);
Insert into `ETR_TB_METADATA` (`MD_ID`,`MD_TYPE`,`MD_VALUE`,`PID_DOC_ID`,`PID_ICA_ID`,`PID_PRO_ID`,`PID_TRA_ID`,`MD_SENDER_ID`,`CRE_DT`,`CRE_ID`,`MOD_DT`,`MOD_ID`) values (1012,'PARENT_DOCUMENT_ID_XQUERY','//*:ArchiveDocumentRequest/*:DocumentReference/*:ID',null,null,null,101,null,null,null,null,null);
Insert into `ETR_TB_METADATA` (`MD_ID`,`MD_TYPE`,`MD_VALUE`,`PID_DOC_ID`,`PID_ICA_ID`,`PID_PRO_ID`,`PID_TRA_ID`,`MD_SENDER_ID`,`CRE_DT`,`CRE_ID`,`MOD_DT`,`MOD_ID`) values (1013,'PARENT_DOCUMENT_TYPECODE_XQUERY','//*:ArchiveDocumentRequest/*:DocumentReference/*:DocumentTypeCode',null,null,null,101,null,null,null,null,null);
Insert into `ETR_TB_METADATA` (`MD_ID`,`MD_TYPE`,`MD_VALUE`,`PID_DOC_ID`,`PID_ICA_ID`,`PID_PRO_ID`,`PID_TRA_ID`,`MD_SENDER_ID`,`CRE_DT`,`CRE_ID`,`MOD_DT`,`MOD_ID`) values (1014,'DOCUMENT_XSD_URL','/etrustex/xsd/maindoc/EC-ArchiveDocumentResponse-1.0.xsd',null,null,null,102,null,null,null,null,null);
Insert into `ETR_TB_METADATA` (`MD_ID`,`MD_TYPE`,`MD_VALUE`,`PID_DOC_ID`,`PID_ICA_ID`,`PID_PRO_ID`,`PID_TRA_ID`,`MD_SENDER_ID`,`CRE_DT`,`CRE_ID`,`MOD_DT`,`MOD_ID`) values (1015,'SENDER_ID_XQUERY','//*:Sender/*:Identifier',null,null,null,102,null,null,null,null,null);
Insert into `ETR_TB_METADATA` (`MD_ID`,`MD_TYPE`,`MD_VALUE`,`PID_DOC_ID`,`PID_ICA_ID`,`PID_PRO_ID`,`PID_TRA_ID`,`MD_SENDER_ID`,`CRE_DT`,`CRE_ID`,`MOD_DT`,`MOD_ID`) values (1016,'PARENT_DOCUMENT_ID_XQUERY','//*:ArchiveDocumentResponse/*:ParentDocumentID',null,null,null,102,null,null,null,null,null);
Insert into `ETR_TB_METADATA` (`MD_ID`,`MD_TYPE`,`MD_VALUE`,`PID_DOC_ID`,`PID_ICA_ID`,`PID_PRO_ID`,`PID_TRA_ID`,`MD_SENDER_ID`,`CRE_DT`,`CRE_ID`,`MOD_DT`,`MOD_ID`) values (1017,'PARENT_DOCUMENT_TYPECODE_XQUERY','//*:ArchiveDocumentResponse/*:ParentDocumentTypeCode',null,null,null,102,null,null,null,null,null);
Insert into `ETR_TB_METADATA` (`MD_ID`,`MD_TYPE`,`MD_VALUE`,`PID_DOC_ID`,`PID_ICA_ID`,`PID_PRO_ID`,`PID_TRA_ID`,`MD_SENDER_ID`,`CRE_DT`,`CRE_ID`,`MOD_DT`,`MOD_ID`) values (1020,'ACK_GENERATOR_CLASS','eu.europa.ec.cipa.etrustex.integration.ack.DefaultAckGenerator',null,null,null,null,null,null,null,null,null);
Insert into `ETR_TB_METADATA` (`MD_ID`,`MD_TYPE`,`MD_VALUE`,`PID_DOC_ID`,`PID_ICA_ID`,`PID_PRO_ID`,`PID_TRA_ID`,`MD_SENDER_ID`,`CRE_DT`,`CRE_ID`,`MOD_DT`,`MOD_ID`) values (1021,'ACK_SIGNATURE_CLASS','eu.europa.ec.cipa.etrustex.integration.ack.DefaultAckSignatureGenerator',null,null,null,null,null,null,null,null,null);
Insert into `ETR_TB_METADATA` (`MD_ID`,`MD_TYPE`,`MD_VALUE`,`PID_DOC_ID`,`PID_ICA_ID`,`PID_PRO_ID`,`PID_TRA_ID`,`MD_SENDER_ID`,`CRE_DT`,`CRE_ID`,`MOD_DT`,`MOD_ID`) values (1030,'SENDER_ID_XQUERY','//*:Sender/*:Identifier',null,null,null,103,null,null,null,null,null);
Insert into `ETR_TB_METADATA` (`MD_ID`,`MD_TYPE`,`MD_VALUE`,`PID_DOC_ID`,`PID_ICA_ID`,`PID_PRO_ID`,`PID_TRA_ID`,`MD_SENDER_ID`,`CRE_DT`,`CRE_ID`,`MOD_DT`,`MOD_ID`) values (1031,'SYNCH_VALIDATE_XSD','true',null,null,null,103,null,null,null,null,null);
Insert into `ETR_TB_METADATA` (`MD_ID`,`MD_TYPE`,`MD_VALUE`,`PID_DOC_ID`,`PID_ICA_ID`,`PID_PRO_ID`,`PID_TRA_ID`,`MD_SENDER_ID`,`CRE_DT`,`CRE_ID`,`MOD_DT`,`MOD_ID`) values (1032,'DOCUMENT_XSD_URL','/etrustex/xsd/maindoc/EC-DeleteDocument-1.0.xsd',null,null,null,103,null,null,null,null,null);
Insert into `ETR_TB_METADATA` (`MD_ID`,`MD_TYPE`,`MD_VALUE`,`PID_DOC_ID`,`PID_ICA_ID`,`PID_PRO_ID`,`PID_TRA_ID`,`MD_SENDER_ID`,`CRE_DT`,`CRE_ID`,`MOD_DT`,`MOD_ID`) values (1033,'DOCUMENT_ID_XQUERY','//*:DeleteDocument/*:ID',null,null,null,103,null,null,null,null,null);
Insert into `ETR_TB_METADATA` (`MD_ID`,`MD_TYPE`,`MD_VALUE`,`PID_DOC_ID`,`PID_ICA_ID`,`PID_PRO_ID`,`PID_TRA_ID`,`MD_SENDER_ID`,`CRE_DT`,`CRE_ID`,`MOD_DT`,`MOD_ID`) values (1110,'PARENT_DOCUMENT_TYPECODE_XQUERY','//*:CreditNote/*:BillingReference/*:InvoiceDocumentReference/*:DocumentTypeCode',null,null,null,2,null,null,null,null,null);
Insert into `ETR_TB_METADATA` (`MD_ID`,`MD_TYPE`,`MD_VALUE`,`PID_DOC_ID`,`PID_ICA_ID`,`PID_PRO_ID`,`PID_TRA_ID`,`MD_SENDER_ID`,`CRE_DT`,`CRE_ID`,`MOD_DT`,`MOD_ID`) values (1111,'PARENT_DOCUMENT_TYPECODE_XQUERY','//*:ApplicationResponse/*:DocumentResponse/*:DocumentReference/*:DocumentTypeCode',null,null,null,3,null,null,null,null,null);
Insert into `ETR_TB_METADATA` (`MD_ID`,`MD_TYPE`,`MD_VALUE`,`PID_DOC_ID`,`PID_ICA_ID`,`PID_PRO_ID`,`PID_TRA_ID`,`MD_SENDER_ID`,`CRE_DT`,`CRE_ID`,`MOD_DT`,`MOD_ID`) values (1112,'PARENT_DOCUMENT_TYPECODE_XQUERY','//*:AttachedDocument/*:ParentDocumentTypeCode',null,null,null,10,null,null,null,null,null);
Insert into `ETR_TB_METADATA` (`MD_ID`,`MD_TYPE`,`MD_VALUE`,`PID_DOC_ID`,`PID_ICA_ID`,`PID_PRO_ID`,`PID_TRA_ID`,`MD_SENDER_ID`,`CRE_DT`,`CRE_ID`,`MOD_DT`,`MOD_ID`) values (1113,'PARENT_DOCUMENT_TYPECODE_XQUERY','//*:AttachedDocument/*:ParentDocumentTypeCode',null,null,null,18,null,null,null,null,null);
Insert into `ETR_TB_METADATA` (`MD_ID`,`MD_TYPE`,`MD_VALUE`,`PID_DOC_ID`,`PID_ICA_ID`,`PID_PRO_ID`,`PID_TRA_ID`,`MD_SENDER_ID`,`CRE_DT`,`CRE_ID`,`MOD_DT`,`MOD_ID`) values (1114,'PARENT_DOCUMENT_TYPECODE_XQUERY','//*:TendererQualificationResponse/*:ResolutionDocumentReference/*:DocumentTypeCode',null,null,null,22,null,null,null,null,null);
Insert into `ETR_TB_METADATA` (`MD_ID`,`MD_TYPE`,`MD_VALUE`,`PID_DOC_ID`,`PID_ICA_ID`,`PID_PRO_ID`,`PID_TRA_ID`,`MD_SENDER_ID`,`CRE_DT`,`CRE_ID`,`MOD_DT`,`MOD_ID`) values (1115,'PARENT_DOCUMENT_TYPECODE_XQUERY','//*:AttachedDocument/*:ParentDocumentTypeCode',null,null,null,29,null,null,null,null,null);
Insert into `ETR_TB_METADATA` (`MD_ID`,`MD_TYPE`,`MD_VALUE`,`PID_DOC_ID`,`PID_ICA_ID`,`PID_PRO_ID`,`PID_TRA_ID`,`MD_SENDER_ID`,`CRE_DT`,`CRE_ID`,`MOD_DT`,`MOD_ID`) values (1116,'PARENT_DOCUMENT_TYPECODE_XQUERY','//*:Willingness/*:ECRequestForQuotationDocumentReference/*:RequestForQuotationDocumentReference/*:DocumentTypeCode',null,null,null,50,null,null,null,null,null);
Insert into `ETR_TB_METADATA` (`MD_ID`,`MD_TYPE`,`MD_VALUE`,`PID_DOC_ID`,`PID_ICA_ID`,`PID_PRO_ID`,`PID_TRA_ID`,`MD_SENDER_ID`,`CRE_DT`,`CRE_ID`,`MOD_DT`,`MOD_ID`) values (1117,'PARENT_DOCUMENT_TYPECODE_XQUERY','//*:Acknowledgement/*:ECRequestForQuotationDocumentReference/*:RequestForQuotationDocumentReference/*:DocumentTypeCode',null,null,null,51,null,null,null,null,null);
Insert into `ETR_TB_METADATA` (`MD_ID`,`MD_TYPE`,`MD_VALUE`,`PID_DOC_ID`,`PID_ICA_ID`,`PID_PRO_ID`,`PID_TRA_ID`,`MD_SENDER_ID`,`CRE_DT`,`CRE_ID`,`MOD_DT`,`MOD_ID`) values (1118,'PARENT_DOCUMENT_TYPECODE_XQUERY','//*:Proposal/*:ECRequestForQuotationDocumentReference/*:RequestForQuotationDocumentReference/*:DocumentTypeCode',null,null,null,52,null,null,null,null,null);
Insert into `ETR_TB_METADATA` (`MD_ID`,`MD_TYPE`,`MD_VALUE`,`PID_DOC_ID`,`PID_ICA_ID`,`PID_PRO_ID`,`PID_TRA_ID`,`MD_SENDER_ID`,`CRE_DT`,`CRE_ID`,`MOD_DT`,`MOD_ID`) values (1119,'PARENT_DOCUMENT_TYPECODE_XQUERY','//*:Quotation/*:ECRequestForQuotationDocumentReference/*:RequestForQuotationDocumentReference/*:DocumentTypeCode',null,null,null,53,null,null,null,null,null);
Insert into `ETR_TB_METADATA` (`MD_ID`,`MD_TYPE`,`MD_VALUE`,`PID_DOC_ID`,`PID_ICA_ID`,`PID_PRO_ID`,`PID_TRA_ID`,`MD_SENDER_ID`,`CRE_DT`,`CRE_ID`,`MOD_DT`,`MOD_ID`) values (1120,'PARENT_DOCUMENT_TYPECODE_XQUERY','//*:QuotationRequest/*:ECRequestForQuotationDocumentReference/*:RequestForQuotationDocumentReference/*:DocumentTypeCode',null,null,null,54,null,null,null,null,null);
Insert into `ETR_TB_METADATA` (`MD_ID`,`MD_TYPE`,`MD_VALUE`,`PID_DOC_ID`,`PID_ICA_ID`,`PID_PRO_ID`,`PID_TRA_ID`,`MD_SENDER_ID`,`CRE_DT`,`CRE_ID`,`MOD_DT`,`MOD_ID`) values (1121,'PARENT_DOCUMENT_TYPECODE_XQUERY','//*:AdhocS2C/*:ECRequestForQuotationDocumentReference/*:RequestForQuotationDocumentReference/*:DocumentTypeCode',null,null,null,61,null,null,null,null,null);
Insert into `ETR_TB_METADATA` (`MD_ID`,`MD_TYPE`,`MD_VALUE`,`PID_DOC_ID`,`PID_ICA_ID`,`PID_PRO_ID`,`PID_TRA_ID`,`MD_SENDER_ID`,`CRE_DT`,`CRE_ID`,`MOD_DT`,`MOD_ID`) values (1122,'PARENT_DOCUMENT_TYPECODE_XQUERY','//*:ProposalRequest/*:ECRequestForQuotationDocumentReference/*:RequestForQuotationDocumentReference/*:DocumentTypeCode',null,null,null,62,null,null,null,null,null);
Insert into `ETR_TB_METADATA` (`MD_ID`,`MD_TYPE`,`MD_VALUE`,`PID_DOC_ID`,`PID_ICA_ID`,`PID_PRO_ID`,`PID_TRA_ID`,`MD_SENDER_ID`,`CRE_DT`,`CRE_ID`,`MOD_DT`,`MOD_ID`) values (1123,'PARENT_DOCUMENT_TYPECODE_XQUERY','//*:DespatchAdvice/*:OrderReference/*:DocumentReference/*:DocumentTypeCode',null,null,null,71,null,null,null,null,null);
Insert into `ETR_TB_METADATA` (`MD_ID`,`MD_TYPE`,`MD_VALUE`,`PID_DOC_ID`,`PID_ICA_ID`,`PID_PRO_ID`,`PID_TRA_ID`,`MD_SENDER_ID`,`CRE_DT`,`CRE_ID`,`MOD_DT`,`MOD_ID`) values (1124,'PARENT_DOCUMENT_TYPECODE_XQUERY','//*:ReceiptAdvice/*:OrderReference/*:DocumentReference/*:DocumentTypeCode',null,null,null,72,null,null,null,null,null);
Insert into `ETR_TB_METADATA` (`MD_ID`,`MD_TYPE`,`MD_VALUE`,`PID_DOC_ID`,`PID_ICA_ID`,`PID_PRO_ID`,`PID_TRA_ID`,`MD_SENDER_ID`,`CRE_DT`,`CRE_ID`,`MOD_DT`,`MOD_ID`) values (1125,'PARENT_DOCUMENT_TYPECODE_XQUERY','//*:AdhocC2S/*:ECRequestForQuotationDocumentReference/*:RequestForQuotationDocumentReference/*:DocumentTypeCode',null,null,null,73,null,null,null,null,null);
Insert into `ETR_TB_METADATA` (`MD_ID`,`MD_TYPE`,`MD_VALUE`,`PID_DOC_ID`,`PID_ICA_ID`,`PID_PRO_ID`,`PID_TRA_ID`,`MD_SENDER_ID`,`CRE_DT`,`CRE_ID`,`MOD_DT`,`MOD_ID`) values (1126,'PARENT_DOCUMENT_TYPECODE_XQUERY','//*:DocumentBundle/*:ParentDocumentTypeCode',7,null,null,null,null,null,null,null,null);
Insert into `ETR_TB_METADATA` (`MD_ID`,`MD_TYPE`,`MD_VALUE`,`PID_DOC_ID`,`PID_ICA_ID`,`PID_PRO_ID`,`PID_TRA_ID`,`MD_SENDER_ID`,`CRE_DT`,`CRE_ID`,`MOD_DT`,`MOD_ID`) values (1127,'PARENT_DOCUMENT_TYPECODE_XQUERY','//*:DocumentBundle/*:ParentDocumentTypeCode',13,null,null,null,null,null,null,null,null);
Insert into `ETR_TB_METADATA` (`MD_ID`,`MD_TYPE`,`MD_VALUE`,`PID_DOC_ID`,`PID_ICA_ID`,`PID_PRO_ID`,`PID_TRA_ID`,`MD_SENDER_ID`,`CRE_DT`,`CRE_ID`,`MOD_DT`,`MOD_ID`) values (1128,'PARENT_DOCUMENT_TYPECODE_XQUERY','//*:Shortlist/*:CallForTendersDocumentReference/*:DocumentTypeCode',16,null,null,null,null,null,null,null,null);
Insert into `ETR_TB_METADATA` (`MD_ID`,`MD_TYPE`,`MD_VALUE`,`PID_DOC_ID`,`PID_ICA_ID`,`PID_PRO_ID`,`PID_TRA_ID`,`MD_SENDER_ID`,`CRE_DT`,`CRE_ID`,`MOD_DT`,`MOD_ID`) values (1129,'PARENT_DOCUMENT_TYPECODE_XQUERY','//*:TenderReceipt/*:TenderDocumentReference[*:DocumentTypeCode = ''BDL'']/*:DocumentTypeCode',17,null,null,null,null,null,null,null,'chiricr');
Insert into `ETR_TB_METADATA` (`MD_ID`,`MD_TYPE`,`MD_VALUE`,`PID_DOC_ID`,`PID_ICA_ID`,`PID_PRO_ID`,`PID_TRA_ID`,`MD_SENDER_ID`,`CRE_DT`,`CRE_ID`,`MOD_DT`,`MOD_ID`) values (1130,'MONITORING_EMAIL_RECIPIENTS','DIGIT-CIPA-SUPPORT@ec.europa.eu',null,null,null,null,null,null,null,null,null);
Insert into `ETR_TB_METADATA` (`MD_ID`,`MD_TYPE`,`MD_VALUE`,`PID_DOC_ID`,`PID_ICA_ID`,`PID_PRO_ID`,`PID_TRA_ID`,`MD_SENDER_ID`,`CRE_DT`,`CRE_ID`,`MOD_DT`,`MOD_ID`) values (1140,'DOCUMENT_ID_XQUERY','//*:EventNotification/*:ID',null,null,null,75,null,null,null,null,null);
Insert into `ETR_TB_METADATA` (`MD_ID`,`MD_TYPE`,`MD_VALUE`,`PID_DOC_ID`,`PID_ICA_ID`,`PID_PRO_ID`,`PID_TRA_ID`,`MD_SENDER_ID`,`CRE_DT`,`CRE_ID`,`MOD_DT`,`MOD_ID`) values (1141,'SENDER_ID_XQUERY','//*:Sender/*:Identifier',null,null,null,75,null,null,null,null,null);
Insert into `ETR_TB_METADATA` (`MD_ID`,`MD_TYPE`,`MD_VALUE`,`PID_DOC_ID`,`PID_ICA_ID`,`PID_PRO_ID`,`PID_TRA_ID`,`MD_SENDER_ID`,`CRE_DT`,`CRE_ID`,`MOD_DT`,`MOD_ID`) values (1142,'RECEIVER_ID_XQUERY','//*:Receiver/*:Identifier',null,null,null,75,null,null,null,null,null);
Insert into `ETR_TB_METADATA` (`MD_ID`,`MD_TYPE`,`MD_VALUE`,`PID_DOC_ID`,`PID_ICA_ID`,`PID_PRO_ID`,`PID_TRA_ID`,`MD_SENDER_ID`,`CRE_DT`,`CRE_ID`,`MOD_DT`,`MOD_ID`) values (1143,'DOCUMENT_ISSUEDATE_XQUERY','//*:EventNotification/*:IssueDate',null,null,null,75,null,null,null,null,null);
Insert into `ETR_TB_METADATA` (`MD_ID`,`MD_TYPE`,`MD_VALUE`,`PID_DOC_ID`,`PID_ICA_ID`,`PID_PRO_ID`,`PID_TRA_ID`,`MD_SENDER_ID`,`CRE_DT`,`CRE_ID`,`MOD_DT`,`MOD_ID`) values (1144,'DOCUMENT_ISSUETIME_XQUERY','//*:EventNotification/*:IssueTime',null,null,null,75,null,null,null,null,null);
Insert into `ETR_TB_METADATA` (`MD_ID`,`MD_TYPE`,`MD_VALUE`,`PID_DOC_ID`,`PID_ICA_ID`,`PID_PRO_ID`,`PID_TRA_ID`,`MD_SENDER_ID`,`CRE_DT`,`CRE_ID`,`MOD_DT`,`MOD_ID`) values (1145,'DOCUMENT_XSD_URL','/etrustex/xsd/maindoc/EC-EventNotification-1.0.xsd',null,null,null,75,null,null,null,null,null);
Insert into `ETR_TB_METADATA` (`MD_ID`,`MD_TYPE`,`MD_VALUE`,`PID_DOC_ID`,`PID_ICA_ID`,`PID_PRO_ID`,`PID_TRA_ID`,`MD_SENDER_ID`,`CRE_DT`,`CRE_ID`,`MOD_DT`,`MOD_ID`) values (1146,'SYNCH_VALIDATE_XSD','true',null,null,null,75,null,null,null,null,null);
Insert into `ETR_TB_METADATA` (`MD_ID`,`MD_TYPE`,`MD_VALUE`,`PID_DOC_ID`,`PID_ICA_ID`,`PID_PRO_ID`,`PID_TRA_ID`,`MD_SENDER_ID`,`CRE_DT`,`CRE_ID`,`MOD_DT`,`MOD_ID`) values (1147,'BUSINESS_HEADER_XPATH','//*:BusinessHeader',null,null,null,null,null,null,null,null,null);
Insert into `ETR_TB_METADATA` (`MD_ID`,`MD_TYPE`,`MD_VALUE`,`PID_DOC_ID`,`PID_ICA_ID`,`PID_PRO_ID`,`PID_TRA_ID`,`MD_SENDER_ID`,`CRE_DT`,`CRE_ID`,`MOD_DT`,`MOD_ID`) values (1148,'SECURITY_HEADER_XPATH','//*:Security',null,null,null,null,null,null,null,null,null);
Insert into `ETR_TB_METADATA` (`MD_ID`,`MD_TYPE`,`MD_VALUE`,`PID_DOC_ID`,`PID_ICA_ID`,`PID_PRO_ID`,`PID_TRA_ID`,`MD_SENDER_ID`,`CRE_DT`,`CRE_ID`,`MOD_DT`,`MOD_ID`) values (1200,'DOCUMENT_ID_XQUERY','//*:PDAInformationRequest/*:ID',null,null,null,104,null,null,'derveol',null,'derveol');
Insert into `ETR_TB_METADATA` (`MD_ID`,`MD_TYPE`,`MD_VALUE`,`PID_DOC_ID`,`PID_ICA_ID`,`PID_PRO_ID`,`PID_TRA_ID`,`MD_SENDER_ID`,`CRE_DT`,`CRE_ID`,`MOD_DT`,`MOD_ID`) values (1202,'SENDER_ID_XQUERY','//*:Sender/*:Identifier',null,null,null,104,null,null,'derveol',null,'derveol');
Insert into `ETR_TB_METADATA` (`MD_ID`,`MD_TYPE`,`MD_VALUE`,`PID_DOC_ID`,`PID_ICA_ID`,`PID_PRO_ID`,`PID_TRA_ID`,`MD_SENDER_ID`,`CRE_DT`,`CRE_ID`,`MOD_DT`,`MOD_ID`) values (1203,'RECEIVER_ID_XQUERY','//*:Receiver/*:Identifier',null,null,null,104,null,null,'derveol',null,'derveol');
Insert into `ETR_TB_METADATA` (`MD_ID`,`MD_TYPE`,`MD_VALUE`,`PID_DOC_ID`,`PID_ICA_ID`,`PID_PRO_ID`,`PID_TRA_ID`,`MD_SENDER_ID`,`CRE_DT`,`CRE_ID`,`MOD_DT`,`MOD_ID`) values (1204,'SYNCH_VALIDATE_XSD','false',null,null,null,104,null,null,'derveol',null,'derveol');
Insert into `ETR_TB_METADATA` (`MD_ID`,`MD_TYPE`,`MD_VALUE`,`PID_DOC_ID`,`PID_ICA_ID`,`PID_PRO_ID`,`PID_TRA_ID`,`MD_SENDER_ID`,`CRE_DT`,`CRE_ID`,`MOD_DT`,`MOD_ID`) values (1205,'DOCUMENT_XSD_URL','/eprior/xsd/maindoc/EC-PDAInformationRequest-0.1.xsd',null,null,null,104,null,null,'derveol',null,'derveol');
Insert into `ETR_TB_METADATA` (`MD_ID`,`MD_TYPE`,`MD_VALUE`,`PID_DOC_ID`,`PID_ICA_ID`,`PID_PRO_ID`,`PID_TRA_ID`,`MD_SENDER_ID`,`CRE_DT`,`CRE_ID`,`MOD_DT`,`MOD_ID`) values (1210,'DOCUMENT_ID_XQUERY','//*:PDAInformationRequest/*:ID',null,null,null,105,null,null,'derveol',null,'derveol');
Insert into `ETR_TB_METADATA` (`MD_ID`,`MD_TYPE`,`MD_VALUE`,`PID_DOC_ID`,`PID_ICA_ID`,`PID_PRO_ID`,`PID_TRA_ID`,`MD_SENDER_ID`,`CRE_DT`,`CRE_ID`,`MOD_DT`,`MOD_ID`) values (1212,'SENDER_ID_XQUERY','//*:Sender/*:Identifier',null,null,null,105,null,null,'derveol',null,'derveol');
Insert into `ETR_TB_METADATA` (`MD_ID`,`MD_TYPE`,`MD_VALUE`,`PID_DOC_ID`,`PID_ICA_ID`,`PID_PRO_ID`,`PID_TRA_ID`,`MD_SENDER_ID`,`CRE_DT`,`CRE_ID`,`MOD_DT`,`MOD_ID`) values (1213,'RECEIVER_ID_XQUERY','//*:Receiver/*:Identifier',null,null,null,105,null,null,'derveol',null,'derveol');
Insert into `ETR_TB_METADATA` (`MD_ID`,`MD_TYPE`,`MD_VALUE`,`PID_DOC_ID`,`PID_ICA_ID`,`PID_PRO_ID`,`PID_TRA_ID`,`MD_SENDER_ID`,`CRE_DT`,`CRE_ID`,`MOD_DT`,`MOD_ID`) values (1214,'SYNCH_VALIDATE_XSD','false',null,null,null,105,null,null,'derveol',null,'derveol');
Insert into `ETR_TB_METADATA` (`MD_ID`,`MD_TYPE`,`MD_VALUE`,`PID_DOC_ID`,`PID_ICA_ID`,`PID_PRO_ID`,`PID_TRA_ID`,`MD_SENDER_ID`,`CRE_DT`,`CRE_ID`,`MOD_DT`,`MOD_ID`) values (1215,'DOCUMENT_XSD_URL','/eprior/xsd/maindoc/EC-PDAInformationResponse-0.1.xsd',null,null,null,105,null,null,'derveol',null,'derveol');
Insert into `ETR_TB_METADATA` (`MD_ID`,`MD_TYPE`,`MD_VALUE`,`PID_DOC_ID`,`PID_ICA_ID`,`PID_PRO_ID`,`PID_TRA_ID`,`MD_SENDER_ID`,`CRE_DT`,`CRE_ID`,`MOD_DT`,`MOD_ID`) values (2108,'DOCUMENT_XSD_URL','/etrustex/xsd/maindoc/EC-DocumentWrapperRequest-1.0.xsd',null,null,null,6,null,null,null,null,null);
Insert into `ETR_TB_METADATA` (`MD_ID`,`MD_TYPE`,`MD_VALUE`,`PID_DOC_ID`,`PID_ICA_ID`,`PID_PRO_ID`,`PID_TRA_ID`,`MD_SENDER_ID`,`CRE_DT`,`CRE_ID`,`MOD_DT`,`MOD_ID`) values (2109,'DOCUMENT_XSD_URL','/etrustex/xsd/maindoc/EC-DocumentWrapperRequest-1.0.xsd',null,null,null,7,null,null,null,null,null);
Insert into `ETR_TB_METADATA` (`MD_ID`,`MD_TYPE`,`MD_VALUE`,`PID_DOC_ID`,`PID_ICA_ID`,`PID_PRO_ID`,`PID_TRA_ID`,`MD_SENDER_ID`,`CRE_DT`,`CRE_ID`,`MOD_DT`,`MOD_ID`) values (2114,'CFT_TEST_ENDPOINT','http://wltdig03.cc.cec.eu.int:1121/etrustex/external/CallForTenders-2.0',null,null,null,null,null,null,null,null,null);
Insert into `ETR_TB_METADATA` (`MD_ID`,`MD_TYPE`,`MD_VALUE`,`PID_DOC_ID`,`PID_ICA_ID`,`PID_PRO_ID`,`PID_TRA_ID`,`MD_SENDER_ID`,`CRE_DT`,`CRE_ID`,`MOD_DT`,`MOD_ID`) values (2115,'JUST_TEST_ENDPOINT','http://wltdig07.cc.cec.eu.int:1043/etrustex/services',null,null,null,null,null,null,null,null,null);
Insert into `ETR_TB_METADATA` (`MD_ID`,`MD_TYPE`,`MD_VALUE`,`PID_DOC_ID`,`PID_ICA_ID`,`PID_PRO_ID`,`PID_TRA_ID`,`MD_SENDER_ID`,`CRE_DT`,`CRE_ID`,`MOD_DT`,`MOD_ID`) values (2116,'ECODEX_REDIRECT_ROOT','/gateway',null,null,null,null,null,null,null,null,null);
Insert into `ETR_TB_METADATA` (`MD_ID`,`MD_TYPE`,`MD_VALUE`,`PID_DOC_ID`,`PID_ICA_ID`,`PID_PRO_ID`,`PID_TRA_ID`,`MD_SENDER_ID`,`CRE_DT`,`CRE_ID`,`MOD_DT`,`MOD_ID`) values (2117,'ECODEX_URL_ENDPOINT','http://wltdgt02.cc.cec.eu.int:1063/cipa-dispatcher/AS4Receiver',null,null,null,null,null,null,null,null,null);
Insert into `ETR_TB_METADATA` (`MD_ID`,`MD_TYPE`,`MD_VALUE`,`PID_DOC_ID`,`PID_ICA_ID`,`PID_PRO_ID`,`PID_TRA_ID`,`MD_SENDER_ID`,`CRE_DT`,`CRE_ID`,`MOD_DT`,`MOD_ID`) values (2118,'DOMIBUS_URL_ENDPOINT','http://wltdgt02.cc.cec.eu.int:1063/domibus',null,null,null,null,null,null,null,null,null);
Insert into `ETR_TB_METADATA` (`MD_ID`,`MD_TYPE`,`MD_VALUE`,`PID_DOC_ID`,`PID_ICA_ID`,`PID_PRO_ID`,`PID_TRA_ID`,`MD_SENDER_ID`,`CRE_DT`,`CRE_ID`,`MOD_DT`,`MOD_ID`) values (2119,'DOMIBUS_REDIRECT_ROOT','/domibus',null,null,null,null,null,null,null,null,null);
Insert into `ETR_TB_METADATA` (`MD_ID`,`MD_TYPE`,`MD_VALUE`,`PID_DOC_ID`,`PID_ICA_ID`,`PID_PRO_ID`,`PID_TRA_ID`,`MD_SENDER_ID`,`CRE_DT`,`CRE_ID`,`MOD_DT`,`MOD_ID`) values (3048,'SYNCH_VALIDATE_XSD','true',null,null,null,89,null,null,null,null,null);
Insert into `ETR_TB_METADATA` (`MD_ID`,`MD_TYPE`,`MD_VALUE`,`PID_DOC_ID`,`PID_ICA_ID`,`PID_PRO_ID`,`PID_TRA_ID`,`MD_SENDER_ID`,`CRE_DT`,`CRE_ID`,`MOD_DT`,`MOD_ID`) values (3049,'DOCUMENT_XSD_URL','/etrustex/xsd2.1/maindoc/EC-InboxRequest-2.0.xsd',null,null,null,89,null,null,null,null,null);
Insert into `ETR_TB_METADATA` (`MD_ID`,`MD_TYPE`,`MD_VALUE`,`PID_DOC_ID`,`PID_ICA_ID`,`PID_PRO_ID`,`PID_TRA_ID`,`MD_SENDER_ID`,`CRE_DT`,`CRE_ID`,`MOD_DT`,`MOD_ID`) values (3050,'SENDER_ID_XQUERY','//*:Sender/*:Identifier',null,null,null,89,null,null,null,null,null);
Insert into `ETR_TB_METADATA` (`MD_ID`,`MD_TYPE`,`MD_VALUE`,`PID_DOC_ID`,`PID_ICA_ID`,`PID_PRO_ID`,`PID_TRA_ID`,`MD_SENDER_ID`,`CRE_DT`,`CRE_ID`,`MOD_DT`,`MOD_ID`) values (3051,'RECEIVER_ID_XQUERY','//*:Receiver/*:Identifier',null,null,null,89,null,null,null,null,null);
Insert into `ETR_TB_METADATA` (`MD_ID`,`MD_TYPE`,`MD_VALUE`,`PID_DOC_ID`,`PID_ICA_ID`,`PID_PRO_ID`,`PID_TRA_ID`,`MD_SENDER_ID`,`CRE_DT`,`CRE_ID`,`MOD_DT`,`MOD_ID`) values (3052,'SYNCH_VALIDATE_XSD','true',null,null,null,90,null,null,null,null,null);
Insert into `ETR_TB_METADATA` (`MD_ID`,`MD_TYPE`,`MD_VALUE`,`PID_DOC_ID`,`PID_ICA_ID`,`PID_PRO_ID`,`PID_TRA_ID`,`MD_SENDER_ID`,`CRE_DT`,`CRE_ID`,`MOD_DT`,`MOD_ID`) values (3053,'DOCUMENT_XSD_URL','/etrustex/xsd2.1/maindoc/EC-StatusRequest-2.0.xsd',null,null,null,90,null,null,null,null,null);
Insert into `ETR_TB_METADATA` (`MD_ID`,`MD_TYPE`,`MD_VALUE`,`PID_DOC_ID`,`PID_ICA_ID`,`PID_PRO_ID`,`PID_TRA_ID`,`MD_SENDER_ID`,`CRE_DT`,`CRE_ID`,`MOD_DT`,`MOD_ID`) values (3054,'SENDER_ID_XQUERY','//*:Sender/*:Identifier',null,null,null,90,null,null,null,null,null);
Insert into `ETR_TB_METADATA` (`MD_ID`,`MD_TYPE`,`MD_VALUE`,`PID_DOC_ID`,`PID_ICA_ID`,`PID_PRO_ID`,`PID_TRA_ID`,`MD_SENDER_ID`,`CRE_DT`,`CRE_ID`,`MOD_DT`,`MOD_ID`) values (3055,'RECEIVER_ID_XQUERY','//*:Receiver/*:Identifier',null,null,null,90,null,null,null,null,null);
Insert into `ETR_TB_METADATA` (`MD_ID`,`MD_TYPE`,`MD_VALUE`,`PID_DOC_ID`,`PID_ICA_ID`,`PID_PRO_ID`,`PID_TRA_ID`,`MD_SENDER_ID`,`CRE_DT`,`CRE_ID`,`MOD_DT`,`MOD_ID`) values (3110,'SENDER_ID_XQUERY','//*:Sender/*:Identifier',null,null,null,86,null,null,null,null,null);
Insert into `ETR_TB_METADATA` (`MD_ID`,`MD_TYPE`,`MD_VALUE`,`PID_DOC_ID`,`PID_ICA_ID`,`PID_PRO_ID`,`PID_TRA_ID`,`MD_SENDER_ID`,`CRE_DT`,`CRE_ID`,`MOD_DT`,`MOD_ID`) values (3111,'DOCUMENT_XSD_URL','/eprior/xsd2.1final/maindoc/UBL-CallForTenders-2.1.xsd',null,null,null,86,null,null,null,null,null);
Insert into `ETR_TB_METADATA` (`MD_ID`,`MD_TYPE`,`MD_VALUE`,`PID_DOC_ID`,`PID_ICA_ID`,`PID_PRO_ID`,`PID_TRA_ID`,`MD_SENDER_ID`,`CRE_DT`,`CRE_ID`,`MOD_DT`,`MOD_ID`) values (3112,'SYNCH_VALIDATE_XSD','false',null,null,null,86,null,null,null,null,null);
Insert into `ETR_TB_METADATA` (`MD_ID`,`MD_TYPE`,`MD_VALUE`,`PID_DOC_ID`,`PID_ICA_ID`,`PID_PRO_ID`,`PID_TRA_ID`,`MD_SENDER_ID`,`CRE_DT`,`CRE_ID`,`MOD_DT`,`MOD_ID`) values (3114,'RECEIVER_ID_XQUERY','//*:Receiver/*:Identifier',null,null,null,86,null,null,null,null,null);
Insert into `ETR_TB_METADATA` (`MD_ID`,`MD_TYPE`,`MD_VALUE`,`PID_DOC_ID`,`PID_ICA_ID`,`PID_PRO_ID`,`PID_TRA_ID`,`MD_SENDER_ID`,`CRE_DT`,`CRE_ID`,`MOD_DT`,`MOD_ID`) values (3115,'DOCUMENT_ID_XQUERY','concat(//*:Body/*/*:CallForTenders/*:UUID/text(), ''::'', //*:Body/*/*:CallForTenders/*:ID/text())',null,null,null,86,null,null,null,null,null);
Insert into `ETR_TB_METADATA` (`MD_ID`,`MD_TYPE`,`MD_VALUE`,`PID_DOC_ID`,`PID_ICA_ID`,`PID_PRO_ID`,`PID_TRA_ID`,`MD_SENDER_ID`,`CRE_DT`,`CRE_ID`,`MOD_DT`,`MOD_ID`) values (3116,'DOCUMENT_ISSUEDATE_XQUERY','//*:CallForTenders/*:IssueDate',null,null,null,86,null,null,null,null,null);
Insert into `ETR_TB_METADATA` (`MD_ID`,`MD_TYPE`,`MD_VALUE`,`PID_DOC_ID`,`PID_ICA_ID`,`PID_PRO_ID`,`PID_TRA_ID`,`MD_SENDER_ID`,`CRE_DT`,`CRE_ID`,`MOD_DT`,`MOD_ID`) values (3117,'DOCUMENT_VERSION_XQUERY','//*:CallForTenders/*:ID',null,null,null,86,null,null,null,null,null);
Insert into `ETR_TB_METADATA` (`MD_ID`,`MD_TYPE`,`MD_VALUE`,`PID_DOC_ID`,`PID_ICA_ID`,`PID_PRO_ID`,`PID_TRA_ID`,`MD_SENDER_ID`,`CRE_DT`,`CRE_ID`,`MOD_DT`,`MOD_ID`) values (3118,'DOCUMENT_ISSUEDATE_XQUERY','//*:TenderingAnswers/*:IssueDate',null,null,null,87,null,null,null,null,null);
Insert into `ETR_TB_METADATA` (`MD_ID`,`MD_TYPE`,`MD_VALUE`,`PID_DOC_ID`,`PID_ICA_ID`,`PID_PRO_ID`,`PID_TRA_ID`,`MD_SENDER_ID`,`CRE_DT`,`CRE_ID`,`MOD_DT`,`MOD_ID`) values (3119,'SENDER_ID_XQUERY','//*:Sender/*:Identifier',null,null,null,87,null,null,null,null,null);
Insert into `ETR_TB_METADATA` (`MD_ID`,`MD_TYPE`,`MD_VALUE`,`PID_DOC_ID`,`PID_ICA_ID`,`PID_PRO_ID`,`PID_TRA_ID`,`MD_SENDER_ID`,`CRE_DT`,`CRE_ID`,`MOD_DT`,`MOD_ID`) values (3120,'RECEIVER_ID_XQUERY','//*:Receiver/*:Identifier',null,null,null,87,null,null,null,null,null);
Insert into `ETR_TB_METADATA` (`MD_ID`,`MD_TYPE`,`MD_VALUE`,`PID_DOC_ID`,`PID_ICA_ID`,`PID_PRO_ID`,`PID_TRA_ID`,`MD_SENDER_ID`,`CRE_DT`,`CRE_ID`,`MOD_DT`,`MOD_ID`) values (3121,'SYNCH_VALIDATE_XSD','false',null,null,null,87,null,null,null,null,null);
Insert into `ETR_TB_METADATA` (`MD_ID`,`MD_TYPE`,`MD_VALUE`,`PID_DOC_ID`,`PID_ICA_ID`,`PID_PRO_ID`,`PID_TRA_ID`,`MD_SENDER_ID`,`CRE_DT`,`CRE_ID`,`MOD_DT`,`MOD_ID`) values (3122,'DOCUMENT_XSD_URL','/eprior/xsd2.1/maindoc/EC-TenderingAnswers-0_1.xsd',null,null,null,87,null,null,null,null,null);
Insert into `ETR_TB_METADATA` (`MD_ID`,`MD_TYPE`,`MD_VALUE`,`PID_DOC_ID`,`PID_ICA_ID`,`PID_PRO_ID`,`PID_TRA_ID`,`MD_SENDER_ID`,`CRE_DT`,`CRE_ID`,`MOD_DT`,`MOD_ID`) values (3123,'DOCUMENT_ID_XQUERY','//*:TenderingAnswers/*:ID',null,null,null,87,null,null,null,null,null);
Insert into `ETR_TB_METADATA` (`MD_ID`,`MD_TYPE`,`MD_VALUE`,`PID_DOC_ID`,`PID_ICA_ID`,`PID_PRO_ID`,`PID_TRA_ID`,`MD_SENDER_ID`,`CRE_DT`,`CRE_ID`,`MOD_DT`,`MOD_ID`) values (3124,'DOCUMENT_ISSUEDATE_XQUERY','//*:TenderingQuestions/*:IssueDate',null,null,null,88,null,null,null,null,null);
Insert into `ETR_TB_METADATA` (`MD_ID`,`MD_TYPE`,`MD_VALUE`,`PID_DOC_ID`,`PID_ICA_ID`,`PID_PRO_ID`,`PID_TRA_ID`,`MD_SENDER_ID`,`CRE_DT`,`CRE_ID`,`MOD_DT`,`MOD_ID`) values (3125,'SENDER_ID_XQUERY','//*:Sender/*:Identifier',null,null,null,88,null,null,null,null,null);
Insert into `ETR_TB_METADATA` (`MD_ID`,`MD_TYPE`,`MD_VALUE`,`PID_DOC_ID`,`PID_ICA_ID`,`PID_PRO_ID`,`PID_TRA_ID`,`MD_SENDER_ID`,`CRE_DT`,`CRE_ID`,`MOD_DT`,`MOD_ID`) values (3126,'RECEIVER_ID_XQUERY','//*:Receiver/*:Identifier',null,null,null,88,null,null,null,null,null);
Insert into `ETR_TB_METADATA` (`MD_ID`,`MD_TYPE`,`MD_VALUE`,`PID_DOC_ID`,`PID_ICA_ID`,`PID_PRO_ID`,`PID_TRA_ID`,`MD_SENDER_ID`,`CRE_DT`,`CRE_ID`,`MOD_DT`,`MOD_ID`) values (3127,'SYNCH_VALIDATE_XSD','false',null,null,null,88,null,null,null,null,null);
Insert into `ETR_TB_METADATA` (`MD_ID`,`MD_TYPE`,`MD_VALUE`,`PID_DOC_ID`,`PID_ICA_ID`,`PID_PRO_ID`,`PID_TRA_ID`,`MD_SENDER_ID`,`CRE_DT`,`CRE_ID`,`MOD_DT`,`MOD_ID`) values (3128,'DOCUMENT_XSD_URL','/eprior/xsd2.1/maindoc/EC-TenderingQuestions-0_1.xsd',null,null,null,88,null,null,null,null,null);
Insert into `ETR_TB_METADATA` (`MD_ID`,`MD_TYPE`,`MD_VALUE`,`PID_DOC_ID`,`PID_ICA_ID`,`PID_PRO_ID`,`PID_TRA_ID`,`MD_SENDER_ID`,`CRE_DT`,`CRE_ID`,`MOD_DT`,`MOD_ID`) values (3129,'DOCUMENT_ID_XQUERY','//*:TenderingQuestions/*:ID',null,null,null,88,null,null,null,null,null);
Insert into `ETR_TB_METADATA` (`MD_ID`,`MD_TYPE`,`MD_VALUE`,`PID_DOC_ID`,`PID_ICA_ID`,`PID_PRO_ID`,`PID_TRA_ID`,`MD_SENDER_ID`,`CRE_DT`,`CRE_ID`,`MOD_DT`,`MOD_ID`) values (111111132,'AS2ADAPTER_ETRUSTEX_ENDPOINT','https://webgate.ec.europa.eu/e-priornode/services',null,null,null,null,null,null,null,null,'possebr');
Insert into `ETR_TB_METADATA` (`MD_ID`,`MD_TYPE`,`MD_VALUE`,`PID_DOC_ID`,`PID_ICA_ID`,`PID_PRO_ID`,`PID_TRA_ID`,`MD_SENDER_ID`,`CRE_DT`,`CRE_ID`,`MOD_DT`,`MOD_ID`) values (111111133,'AS2ADAPTER_ETRUSTEX_LOGIN','AS2ADAPTER',null,null,null,null,null,null,null,null,'possebr');
Insert into `ETR_TB_METADATA` (`MD_ID`,`MD_TYPE`,`MD_VALUE`,`PID_DOC_ID`,`PID_ICA_ID`,`PID_PRO_ID`,`PID_TRA_ID`,`MD_SENDER_ID`,`CRE_DT`,`CRE_ID`,`MOD_DT`,`MOD_ID`) values (111111134,'AS2ADAPTER_ETRUSTEX_PASSWORD','AS2ADAPTER',null,null,null,null,null,null,null,null,'possebr');
Insert into `ETR_TB_METADATA` (`MD_ID`,`MD_TYPE`,`MD_VALUE`,`PID_DOC_ID`,`PID_ICA_ID`,`PID_PRO_ID`,`PID_TRA_ID`,`MD_SENDER_ID`)  values (1243,'DOCUMENT_XSD_URL','/eprior/xsd2.1final/maindoc/UBL-Invoice-2.1.xsd',117,null,null,null,null);
Insert into `ETR_TB_METADATA` (`MD_ID`,`MD_TYPE`,`MD_VALUE`,`PID_DOC_ID`,`PID_ICA_ID`,`PID_PRO_ID`,`PID_TRA_ID`,`MD_SENDER_ID`)  values (1244,'SYNCH_VALIDATE_XSD','false',117,null,null,null,null);
Insert into `ETR_TB_METADATA` (`MD_ID`,`MD_TYPE`,`MD_VALUE`,`PID_DOC_ID`,`PID_ICA_ID`,`PID_PRO_ID`,`PID_TRA_ID`,`MD_SENDER_ID`)  values (1245,'SENDER_ID_XQUERY','//*:Sender/*:Identifier',117,null,null,null,null);
Insert into `ETR_TB_METADATA` (`MD_ID`,`MD_TYPE`,`MD_VALUE`,`PID_DOC_ID`,`PID_ICA_ID`,`PID_PRO_ID`,`PID_TRA_ID`,`MD_SENDER_ID`)  values (1246,'RECEIVER_ID_XQUERY','//*:Receiver/*:Identifier',117,null,null,null,null);
Insert into `ETR_TB_METADATA` (`MD_ID`,`MD_TYPE`,`MD_VALUE`,`PID_DOC_ID`,`PID_ICA_ID`,`PID_PRO_ID`,`PID_TRA_ID`,`MD_SENDER_ID`)  values (1247,'DOCUMENT_ID_XQUERY','//*:Invoice/*:ID',117,null,null,null,null);
Insert into `ETR_TB_METADATA` (`MD_ID`,`MD_TYPE`,`MD_VALUE`,`PID_DOC_ID`,`PID_ICA_ID`,`PID_PRO_ID`,`PID_TRA_ID`,`MD_SENDER_ID`)  values (1248,'DOCUMENT_ISSUEDATE_XQUERY','//*:Invoice/*:IssueDate',117,null,null,null,null);
Insert into `ETR_TB_METADATA` (`MD_ID`,`MD_TYPE`,`MD_VALUE`,`PID_DOC_ID`,`PID_ICA_ID`,`PID_PRO_ID`,`PID_TRA_ID`,`MD_SENDER_ID`)  values (1249,'DOCUMENT_HUMAN_READABLE_PREPROC','true',117,null,null,null,null);
Insert into `ETR_TB_METADATA` (`MD_ID`,`MD_TYPE`,`MD_VALUE`,`PID_DOC_ID`,`PID_ICA_ID`,`PID_PRO_ID`,`PID_TRA_ID`,`MD_SENDER_ID`)  values (1252,'DOCUMENT_XSD_URL','/eprior/xsd2.1final/maindoc/UBL-CreditNote-2.1.xsd',118,null,null,null,null);
Insert into `ETR_TB_METADATA` (`MD_ID`,`MD_TYPE`,`MD_VALUE`,`PID_DOC_ID`,`PID_ICA_ID`,`PID_PRO_ID`,`PID_TRA_ID`,`MD_SENDER_ID`)  values (1253,'SYNCH_VALIDATE_XSD','false',118,null,null,null,null);
Insert into `ETR_TB_METADATA` (`MD_ID`,`MD_TYPE`,`MD_VALUE`,`PID_DOC_ID`,`PID_ICA_ID`,`PID_PRO_ID`,`PID_TRA_ID`,`MD_SENDER_ID`)  values (1254,'SENDER_ID_XQUERY','//*:Sender/*:Identifier',118,null,null,null,null);
Insert into `ETR_TB_METADATA` (`MD_ID`,`MD_TYPE`,`MD_VALUE`,`PID_DOC_ID`,`PID_ICA_ID`,`PID_PRO_ID`,`PID_TRA_ID`,`MD_SENDER_ID`)  values (1255,'RECEIVER_ID_XQUERY','//*:Receiver/*:Identifier',118,null,null,null,null);
Insert into `ETR_TB_METADATA` (`MD_ID`,`MD_TYPE`,`MD_VALUE`,`PID_DOC_ID`,`PID_ICA_ID`,`PID_PRO_ID`,`PID_TRA_ID`,`MD_SENDER_ID`)  values (1256,'DOCUMENT_ID_XQUERY','//*:CreditNote/*:ID',118,null,null,null,null);
Insert into `ETR_TB_METADATA` (`MD_ID`,`MD_TYPE`,`MD_VALUE`,`PID_DOC_ID`,`PID_ICA_ID`,`PID_PRO_ID`,`PID_TRA_ID`,`MD_SENDER_ID`)  values (1257,'DOCUMENT_ISSUEDATE_XQUERY','//*:CreditNote/*:IssueDate',118,null,null,null,null);
Insert into `ETR_TB_METADATA` (`MD_ID`,`MD_TYPE`,`MD_VALUE`,`PID_DOC_ID`,`PID_ICA_ID`,`PID_PRO_ID`,`PID_TRA_ID`,`MD_SENDER_ID`)  values (1258,'DOCUMENT_HUMAN_READABLE_PREPROC','true',118,null,null,null,null);
Insert into `ETR_TB_METADATA` (`MD_ID`,`MD_TYPE`,`MD_VALUE`,`PID_DOC_ID`,`PID_ICA_ID`,`PID_PRO_ID`,`PID_TRA_ID`,`MD_SENDER_ID`)  values (1261,'PROFILE_XQUERY','//*:AdhocS2C/*:ProfileID',61,null,null,null,null);
Insert into `ETR_TB_METADATA` (`MD_ID`,`MD_TYPE`,`MD_VALUE`,`PID_DOC_ID`,`PID_ICA_ID`,`PID_PRO_ID`,`PID_TRA_ID`,`MD_SENDER_ID`)  values (1262,'PROFILE_XQUERY','//*:AdhocC2S/*:ProfileID',73,null,null,null,null);
Insert into `ETR_TB_METADATA` (`MD_ID`,`MD_TYPE`,`MD_VALUE`,`PID_DOC_ID`,`PID_ICA_ID`,`PID_PRO_ID`,`PID_TRA_ID`,`MD_SENDER_ID`)  values (1263,'DOCUMENT_ID_XQUERY','//*:TenderReceipt/*:ID',null,null,null,120,null);
Insert into `ETR_TB_METADATA` (`MD_ID`,`MD_TYPE`,`MD_VALUE`,`PID_DOC_ID`,`PID_ICA_ID`,`PID_PRO_ID`,`PID_TRA_ID`,`MD_SENDER_ID`)  values (1264,'SYNCH_VALIDATE_XSD','false',null,null,null,120,null);
Insert into `ETR_TB_METADATA` (`MD_ID`,`MD_TYPE`,`MD_VALUE`,`PID_DOC_ID`,`PID_ICA_ID`,`PID_PRO_ID`,`PID_TRA_ID`,`MD_SENDER_ID`)  values (1265,'SENDER_ID_XQUERY','//*:Sender/*:Identifier',null,null,null,120,null);
Insert into `ETR_TB_METADATA` (`MD_ID`,`MD_TYPE`,`MD_VALUE`,`PID_DOC_ID`,`PID_ICA_ID`,`PID_PRO_ID`,`PID_TRA_ID`,`MD_SENDER_ID`)  values (1266,'RECEIVER_ID_XQUERY','//*:Receiver/*:Identifier',null,null,null,120,null);
Insert into `ETR_TB_METADATA` (`MD_ID`,`MD_TYPE`,`MD_VALUE`,`PID_DOC_ID`,`PID_ICA_ID`,`PID_PRO_ID`,`PID_TRA_ID`,`MD_SENDER_ID`)  values (1267,'DOCUMENT_XSD_URL','/eprior/xsd2.1/maindoc/UBL-TenderReceipt-2.1.xsd',null,null,null,120,null);
Insert into `ETR_TB_METADATA` (`MD_ID`,`MD_TYPE`,`MD_VALUE`,`PID_DOC_ID`,`PID_ICA_ID`,`PID_PRO_ID`,`PID_TRA_ID`,`MD_SENDER_ID`)  values (1268,'DOCUMENT_ISSUEDATE_XQUERY','//*:TenderReceipt/*:IssueDate',null,null,null,120,null);
Insert into `ETR_TB_METADATA` (`MD_ID`,`MD_TYPE`,`MD_VALUE`,`PID_DOC_ID`,`PID_ICA_ID`,`PID_PRO_ID`,`PID_TRA_ID`,`MD_SENDER_ID`)  values (1269,'DOCUMENT_ISSUETIME_XQUERY','//*:TenderReceipt/*:IssueTime',null,null,null,120,null);
Insert into `ETR_TB_METADATA` (`MD_ID`,`MD_TYPE`,`MD_VALUE`,`PID_DOC_ID`,`PID_ICA_ID`,`PID_PRO_ID`,`PID_TRA_ID`,`MD_SENDER_ID`)  values (1270,'PARENT_DOCUMENT_ID_XQUERY','//*:TenderReceipt/*:TenderDocumentReference[*:DocumentTypeCode = ''BDL'']/*:ID',null,null,null,120,null);
Insert into `ETR_TB_METADATA` (`MD_ID`,`MD_TYPE`,`MD_VALUE`,`PID_DOC_ID`,`PID_ICA_ID`,`PID_PRO_ID`,`PID_TRA_ID`,`MD_SENDER_ID`)  values (1271,'PARENT_DOCUMENT_NA_STRATEGY','ERROR',null,null,null,120,null);
Insert into `ETR_TB_METADATA` (`MD_ID`,`MD_TYPE`,`MD_VALUE`,`PID_DOC_ID`,`PID_ICA_ID`,`PID_PRO_ID`,`PID_TRA_ID`,`MD_SENDER_ID`)  values (1272,'PARENT_DOCUMENT_TYPECODE_XQUERY','//*:TenderReceipt/*:TenderDocumentReference[*:DocumentTypeCode = ''BDL'']/*:DocumentTypeCode',null,null,null,120,null);
Insert into `ETR_TB_METADATA` (`MD_ID`,`MD_TYPE`,`MD_VALUE`,`PID_DOC_ID`,`PID_ICA_ID`,`PID_PRO_ID`,`PID_TRA_ID`,`MD_SENDER_ID`)  values (1273,'DOCUMENT_ID_XQUERY','//*:TendererQualificationResponse/*:ID',null,null,null,121,null);
Insert into `ETR_TB_METADATA` (`MD_ID`,`MD_TYPE`,`MD_VALUE`,`PID_DOC_ID`,`PID_ICA_ID`,`PID_PRO_ID`,`PID_TRA_ID`,`MD_SENDER_ID`)  values (1274,'SYNCH_VALIDATE_XSD','false',null,null,null,121,null);
Insert into `ETR_TB_METADATA` (`MD_ID`,`MD_TYPE`,`MD_VALUE`,`PID_DOC_ID`,`PID_ICA_ID`,`PID_PRO_ID`,`PID_TRA_ID`,`MD_SENDER_ID`)  values (1275,'SENDER_ID_XQUERY','//*:Sender/*:Identifier',null,null,null,121,null);
Insert into `ETR_TB_METADATA` (`MD_ID`,`MD_TYPE`,`MD_VALUE`,`PID_DOC_ID`,`PID_ICA_ID`,`PID_PRO_ID`,`PID_TRA_ID`,`MD_SENDER_ID`)  values (1276,'RECEIVER_ID_XQUERY','//*:Receiver/*:Identifier',null,null,null,121,null);
Insert into `ETR_TB_METADATA` (`MD_ID`,`MD_TYPE`,`MD_VALUE`,`PID_DOC_ID`,`PID_ICA_ID`,`PID_PRO_ID`,`PID_TRA_ID`,`MD_SENDER_ID`)  values (1277,'DOCUMENT_XSD_URL','/eprior/xsd2.1final/maindoc/UBL-TenderQUalificationResponse-2.1.xsd',null,null,null,121,null);
Insert into `ETR_TB_METADATA` (`MD_ID`,`MD_TYPE`,`MD_VALUE`,`PID_DOC_ID`,`PID_ICA_ID`,`PID_PRO_ID`,`PID_TRA_ID`,`MD_SENDER_ID`)  values (1278,'DOCUMENT_ISSUEDATE_XQUERY','//*:TendererQualificationResponse/*:IssueDate',null,null,null,121,null);
Insert into `ETR_TB_METADATA` (`MD_ID`,`MD_TYPE`,`MD_VALUE`,`PID_DOC_ID`,`PID_ICA_ID`,`PID_PRO_ID`,`PID_TRA_ID`,`MD_SENDER_ID`)  values (1279,'PARENT_DOCUMENT_NA_STRATEGY','ERROR',null,null,null,121,null);
Insert into `ETR_TB_METADATA` (`MD_ID`,`MD_TYPE`,`MD_VALUE`,`PID_DOC_ID`,`PID_ICA_ID`,`PID_PRO_ID`,`PID_TRA_ID`,`MD_SENDER_ID`)  values (1280,'PARENT_DOCUMENT_ID_XQUERY','//*:TendererQualificationResponse/*:ResolutionDocumentReference/*:ID',null,null,null,121,null);

insert into `ETR_TB_METADATA` (`MD_ID`,`MD_TYPE`,`PID_DOC_ID`,`PID_ICA_ID`,`PID_PRO_ID`,`PID_TRA_ID`,`MD_SENDER_ID`,`CRE_DT`,`CRE_ID`,`MOD_DT`,`MOD_ID`,`MD_VALUE`) values (659,'DOCUMENT_SCEMATRON',null,null,null,67,null,null,null,null,null, LOAD_FILE('C:/open_etrustex/Schematron/67_SubmitUpdateTrackingFilesStepRequest_2_0_schematron.xsl'));
insert into `ETR_TB_METADATA` (`MD_ID`,`MD_TYPE`,`PID_DOC_ID`,`PID_ICA_ID`,`PID_PRO_ID`,`PID_TRA_ID`,`MD_SENDER_ID`,`CRE_DT`,`CRE_ID`,`MOD_DT`,`MOD_ID`,`MD_VALUE`) values (660,'DOCUMENT_SCEMATRON',null,null,null,68,null,null,null,null,null, LOAD_FILE('C:/open_etrustex/Schematron/68_SubmitUpdateTrackingFilesStepResponse_2_0_schematron.xsl'));
insert into `ETR_TB_METADATA` (`MD_ID`,`MD_TYPE`,`PID_DOC_ID`,`PID_ICA_ID`,`PID_PRO_ID`,`PID_TRA_ID`,`MD_SENDER_ID`,`CRE_DT`,`CRE_ID`,`MOD_DT`,`MOD_ID`,`MD_VALUE`) values (661,'DOCUMENT_SCEMATRON',null,null,null,69,null,null,null,null,null, LOAD_FILE('C:/open_etrustex/Schematron/69_SubmitUploadTrackingFilesRequest_2_0_schematron.xsl'));
insert into `ETR_TB_METADATA` (`MD_ID`,`MD_TYPE`,`PID_DOC_ID`,`PID_ICA_ID`,`PID_PRO_ID`,`PID_TRA_ID`,`MD_SENDER_ID`,`CRE_DT`,`CRE_ID`,`MOD_DT`,`MOD_ID`,`MD_VALUE`) values (662,'DOCUMENT_SCEMATRON',null,null,null,70,null,null,null,null,null, LOAD_FILE('C:/open_etrustex/Schematron/70_SubmitUploadTrackingFilesResponse_2_0_schematron.xsl'));
insert into `ETR_TB_METADATA` (`MD_ID`,`MD_TYPE`,`PID_DOC_ID`,`PID_ICA_ID`,`PID_PRO_ID`,`PID_TRA_ID`,`MD_SENDER_ID`,`CRE_DT`,`CRE_ID`,`MOD_DT`,`MOD_ID`,`MD_VALUE`) values (111111122,'DOCUMENT_SCEMATRON',null,null,null,72,null,null,null,null,null, LOAD_FILE('C:/open_etrustex/Schematron/72_SubmitReceiptAdvice_2_0_schematron.xsl'));
insert into `ETR_TB_METADATA` (`MD_ID`,`MD_TYPE`,`PID_DOC_ID`,`PID_ICA_ID`,`PID_PRO_ID`,`PID_TRA_ID`,`MD_SENDER_ID`,`CRE_DT`,`CRE_ID`,`MOD_DT`,`MOD_ID`,`MD_VALUE`) values (135,'DOCUMENT_SCEMATRON',null,null,null,22,null,null,null,null,null, LOAD_FILE('C:/open_etrustex/Schematron/22_SubmitTendererQualificationResponse_2_0_schematron.xsl'));
insert into `ETR_TB_METADATA` (`MD_ID`,`MD_TYPE`,`PID_DOC_ID`,`PID_ICA_ID`,`PID_PRO_ID`,`PID_TRA_ID`,`MD_SENDER_ID`,`CRE_DT`,`CRE_ID`,`MOD_DT`,`MOD_ID`,`MD_VALUE`) values (586,'DOCUMENT_SCEMATRON',null,null,null,71,null,null,null,null,null, LOAD_FILE('C:/open_etrustex/Schematron/71_SubmitDespatchAdvice_2_0_schematron.xsl'));
insert into `ETR_TB_METADATA` (`MD_ID`,`MD_TYPE`,`PID_DOC_ID`,`PID_ICA_ID`,`PID_PRO_ID`,`PID_TRA_ID`,`MD_SENDER_ID`,`CRE_DT`,`CRE_ID`,`MOD_DT`,`MOD_ID`,`MD_VALUE`) values (570,'DOCUMENT_SCEMATRON',null,null,null,56,null,null,null,null,null, LOAD_FILE('C:/open_etrustex/Schematron/56_SubmitReminderRequest_2_0_schematron.xsl'));
insert into `ETR_TB_METADATA` (`MD_ID`,`MD_TYPE`,`PID_DOC_ID`,`PID_ICA_ID`,`PID_PRO_ID`,`PID_TRA_ID`,`MD_SENDER_ID`,`CRE_DT`,`CRE_ID`,`MOD_DT`,`MOD_ID`,`MD_VALUE`) values (113,'DOCUMENT_SCEMATRON',null,null,null,20,null,null,null,null,null, LOAD_FILE('C:/open_etrustex/Schematron/20_SubmitCallForTenders_2_0_schematron.xsl'));
insert into `ETR_TB_METADATA` (`MD_ID`,`MD_TYPE`,`PID_DOC_ID`,`PID_ICA_ID`,`PID_PRO_ID`,`PID_TRA_ID`,`MD_SENDER_ID`,`CRE_DT`,`CRE_ID`,`MOD_DT`,`MOD_ID`,`MD_VALUE`) values (571,'DOCUMENT_SCEMATRON',null,null,null,57,null,null,null,null,null, LOAD_FILE('C:/open_etrustex/Schematron/57_SubmitOrderResponseSimple_2_0_schematron.xsl'));
insert into `ETR_TB_METADATA` (`MD_ID`,`MD_TYPE`,`PID_DOC_ID`,`PID_ICA_ID`,`PID_PRO_ID`,`PID_TRA_ID`,`MD_SENDER_ID`,`CRE_DT`,`CRE_ID`,`MOD_DT`,`MOD_ID`,`MD_VALUE`) values (572,'DOCUMENT_SCEMATRON',null,null,null,58,null,null,null,null,null, LOAD_FILE('C:/open_etrustex/Schematron/58_SubmitOrderAcknowledgement_2_0_schematron.xsl'));
insert into `ETR_TB_METADATA` (`MD_ID`,`MD_TYPE`,`PID_DOC_ID`,`PID_ICA_ID`,`PID_PRO_ID`,`PID_TRA_ID`,`MD_SENDER_ID`,`CRE_DT`,`CRE_ID`,`MOD_DT`,`MOD_ID`,`MD_VALUE`) values (573,'DOCUMENT_SCEMATRON',null,null,null,59,null,null,null,null,null, LOAD_FILE('C:/open_etrustex/Schematron/59_SubmitOrderChange_2_0_schematron.xsl'));
insert into `ETR_TB_METADATA` (`MD_ID`,`MD_TYPE`,`PID_DOC_ID`,`PID_ICA_ID`,`PID_PRO_ID`,`PID_TRA_ID`,`MD_SENDER_ID`,`CRE_DT`,`CRE_ID`,`MOD_DT`,`MOD_ID`,`MD_VALUE`) values (574,'DOCUMENT_SCEMATRON',null,null,null,60,null,null,null,null,null, LOAD_FILE('C:/open_etrustex/Schematron/60_SubmitOrderCancellation_2_0_schematron.xsl'));
insert into `ETR_TB_METADATA` (`MD_ID`,`MD_TYPE`,`PID_DOC_ID`,`PID_ICA_ID`,`PID_PRO_ID`,`PID_TRA_ID`,`MD_SENDER_ID`,`CRE_DT`,`CRE_ID`,`MOD_DT`,`MOD_ID`,`MD_VALUE`) values (18,'DOCUMENT_SCEMATRON',null,null,null,5,null,null,null,null,null, LOAD_FILE('C:/open_etrustex/Schematron/5_StoreDocumentWrapper_2_0_schematron.xsl'));
insert into `ETR_TB_METADATA` (`MD_ID`,`MD_TYPE`,`PID_DOC_ID`,`PID_ICA_ID`,`PID_PRO_ID`,`PID_TRA_ID`,`MD_SENDER_ID`,`CRE_DT`,`CRE_ID`,`MOD_DT`,`MOD_ID`,`MD_VALUE`) values (20,'DOCUMENT_SCEMATRON',null,null,null,6,null,null,null,null,null, LOAD_FILE('C:/open_etrustex/Schematron/6_DeleteDocumentWrapperRequest_2_0_schematron.xsl'));
insert into `ETR_TB_METADATA` (`MD_ID`,`MD_TYPE`,`PID_DOC_ID`,`PID_ICA_ID`,`PID_PRO_ID`,`PID_TRA_ID`,`MD_SENDER_ID`,`CRE_DT`,`CRE_ID`,`MOD_DT`,`MOD_ID`,`MD_VALUE`) values (31,'DOCUMENT_SCEMATRON',null,null,null,9,null,null,null,null,null, LOAD_FILE('C:/open_etrustex/Schematron/9_SubmitRetrieveRequest_2_0_schematron.xsl'));
insert into `ETR_TB_METADATA` (`MD_ID`,`MD_TYPE`,`PID_DOC_ID`,`PID_ICA_ID`,`PID_PRO_ID`,`PID_TRA_ID`,`MD_SENDER_ID`,`CRE_DT`,`CRE_ID`,`MOD_DT`,`MOD_ID`,`MD_VALUE`) values (34,'DOCUMENT_SCEMATRON',null,null,null,10,null,null,null,null,null, LOAD_FILE('C:/open_etrustex/Schematron/10_SubmitAttachedDocument_2_0_schematron.xsl'));
insert into `ETR_TB_METADATA` (`MD_ID`,`MD_TYPE`,`PID_DOC_ID`,`PID_ICA_ID`,`PID_PRO_ID`,`PID_TRA_ID`,`MD_SENDER_ID`,`CRE_DT`,`CRE_ID`,`MOD_DT`,`MOD_ID`,`MD_VALUE`) values (44,'DOCUMENT_SCEMATRON',null,null,null,12,null,null,null,null,null, LOAD_FILE('C:/open_etrustex/Schematron/12_SubmitQueryRequest_2_0_schematron.xsl'));
insert into `ETR_TB_METADATA` (`MD_ID`,`MD_TYPE`,`PID_DOC_ID`,`PID_ICA_ID`,`PID_PRO_ID`,`PID_TRA_ID`,`MD_SENDER_ID`,`CRE_DT`,`CRE_ID`,`MOD_DT`,`MOD_ID`,`MD_VALUE`) values (47,'DOCUMENT_SCEMATRON',null,null,null,7,null,null,null,null,null, LOAD_FILE('C:/open_etrustex/Schematron/7_RetrieveDocumentWrapperRequest_2_0_schematron.xsl'));
insert into `ETR_TB_METADATA` (`MD_ID`,`MD_TYPE`,`PID_DOC_ID`,`PID_ICA_ID`,`PID_PRO_ID`,`PID_TRA_ID`,`MD_SENDER_ID`,`CRE_DT`,`CRE_ID`,`MOD_DT`,`MOD_ID`,`MD_VALUE`) values (99,'DOCUMENT_SCEMATRON',null,null,null,18,null,null,null,null,null, LOAD_FILE('C:/open_etrustex/Schematron/18_AttachedDocument_2_0_schematron.xsl'));
insert into `ETR_TB_METADATA` (`MD_ID`,`MD_TYPE`,`PID_DOC_ID`,`PID_ICA_ID`,`PID_PRO_ID`,`PID_TRA_ID`,`MD_SENDER_ID`,`CRE_DT`,`CRE_ID`,`MOD_DT`,`MOD_ID`,`MD_VALUE`) values (74,'DOCUMENT_SCEMATRON',null,null,null,16,null,null,null,null,null, LOAD_FILE('C:/open_etrustex/Schematron/16_SubmitQueryRequestJustice_2_0_schematron.xsl'));
insert into `ETR_TB_METADATA` (`MD_ID`,`MD_TYPE`,`PID_DOC_ID`,`PID_ICA_ID`,`PID_PRO_ID`,`PID_TRA_ID`,`MD_SENDER_ID`,`CRE_DT`,`CRE_ID`,`MOD_DT`,`MOD_ID`,`MD_VALUE`) values (300,'DOCUMENT_SCEMATRON',null,null,null,43,null,null,null,null,null, LOAD_FILE('C:/open_etrustex/Schematron/43_SubmitInvoice_2_0_schematron.xsl'));
insert into `ETR_TB_METADATA` (`MD_ID`,`MD_TYPE`,`PID_DOC_ID`,`PID_ICA_ID`,`PID_PRO_ID`,`PID_TRA_ID`,`MD_SENDER_ID`,`CRE_DT`,`CRE_ID`,`MOD_DT`,`MOD_ID`,`MD_VALUE`) values (308,'DOCUMENT_SCEMATRON',null,null,null,44,null,null,null,null,null, LOAD_FILE('C:/open_etrustex/Schematron/44_SubmitCreditNote_2_0_schematron.xsl'));
insert into `ETR_TB_METADATA` (`MD_ID`,`MD_TYPE`,`PID_DOC_ID`,`PID_ICA_ID`,`PID_PRO_ID`,`PID_TRA_ID`,`MD_SENDER_ID`,`CRE_DT`,`CRE_ID`,`MOD_DT`,`MOD_ID`,`MD_VALUE`) values (322,'DOCUMENT_SCEMATRON',null,null,null,45,null,null,null,null,null, LOAD_FILE('C:/open_etrustex/Schematron/45_SubmitOrder_2_0_schematron.xsl'));
insert into `ETR_TB_METADATA` (`MD_ID`,`MD_TYPE`,`PID_DOC_ID`,`PID_ICA_ID`,`PID_PRO_ID`,`PID_TRA_ID`,`MD_SENDER_ID`,`CRE_DT`,`CRE_ID`,`MOD_DT`,`MOD_ID`,`MD_VALUE`) values (655,'DOCUMENT_SCEMATRON',null,null,null,63,null,null,null,null,null, LOAD_FILE('C:/open_etrustex/Schematron/63_SubmitDownloadOrganizationUsersRequest_2_0_schematron.xsl'));
insert into `ETR_TB_METADATA` (`MD_ID`,`MD_TYPE`,`PID_DOC_ID`,`PID_ICA_ID`,`PID_PRO_ID`,`PID_TRA_ID`,`MD_SENDER_ID`,`CRE_DT`,`CRE_ID`,`MOD_DT`,`MOD_ID`,`MD_VALUE`) values (656,'DOCUMENT_SCEMATRON',null,null,null,64,null,null,null,null,null, LOAD_FILE('C:/open_etrustex/Schematron/64_SubmitDownloadOrganizationUsersResponse_2_0_schematron.xsl'));
insert into `ETR_TB_METADATA` (`MD_ID`,`MD_TYPE`,`PID_DOC_ID`,`PID_ICA_ID`,`PID_PRO_ID`,`PID_TRA_ID`,`MD_SENDER_ID`,`CRE_DT`,`CRE_ID`,`MOD_DT`,`MOD_ID`,`MD_VALUE`) values (657,'DOCUMENT_SCEMATRON',null,null,null,65,null,null,null,null,null, LOAD_FILE('C:/open_etrustex/Schematron/65_SubmitDownloadTrackingFilesRequest_2_0_schematron.xsl'));
insert into `ETR_TB_METADATA` (`MD_ID`,`MD_TYPE`,`PID_DOC_ID`,`PID_ICA_ID`,`PID_PRO_ID`,`PID_TRA_ID`,`MD_SENDER_ID`,`CRE_DT`,`CRE_ID`,`MOD_DT`,`MOD_ID`,`MD_VALUE`) values (658,'DOCUMENT_SCEMATRON',null,null,null,66,null,null,null,null,null, LOAD_FILE('C:/open_etrustex/Schematron/66_SubmitDownloadTrackingFilesResponse_2_0_schematron.xsl'));
insert into `ETR_TB_METADATA` (`MD_ID`,`MD_TYPE`,`PID_DOC_ID`,`PID_ICA_ID`,`PID_PRO_ID`,`PID_TRA_ID`,`MD_SENDER_ID`,`CRE_DT`,`CRE_ID`,`MOD_DT`,`MOD_ID`,`MD_VALUE`) values (3113,'DOCUMENT_SCEMATRON',null,null,null,86,null,null,null,null,null, LOAD_FILE('C:/open_etrustex/Schematron/86_SubmitCallForTenders_2_1_schematron.xsl'));
insert into `ETR_TB_METADATA` (`MD_ID`,`MD_TYPE`,`PID_DOC_ID`,`PID_ICA_ID`,`PID_PRO_ID`,`PID_TRA_ID`,`MD_SENDER_ID`,`CRE_DT`,`CRE_ID`,`MOD_DT`,`MOD_ID`,`MD_VALUE`) values (751,'DOCUMENT_SCEMATRON',null,null,null,80,null,null,null,null,null, LOAD_FILE('C:/open_etrustex/Schematron/80_CreateParty_2_1_schematron.xsl'));
insert into `ETR_TB_METADATA` (`MD_ID`,`MD_TYPE`,`PID_DOC_ID`,`PID_ICA_ID`,`PID_PRO_ID`,`PID_TRA_ID`,`MD_SENDER_ID`,`CRE_DT`,`CRE_ID`,`MOD_DT`,`MOD_ID`,`MD_VALUE`) values (761,'DOCUMENT_SCEMATRON',null,null,null,81,null,null,null,null,null, LOAD_FILE('C:/open_etrustex/Schematron/81_CreateInterchangeAgreement_2_1_schematron.xsl'));
insert into `ETR_TB_METADATA` (`MD_ID`,`MD_TYPE`,`PID_DOC_ID`,`PID_ICA_ID`,`PID_PRO_ID`,`PID_TRA_ID`,`MD_SENDER_ID`,`CRE_DT`,`CRE_ID`,`MOD_DT`,`MOD_ID`,`MD_VALUE`) values (568,'DOCUMENT_SCEMATRON',null,null,null,46,null,null,null,null,null, LOAD_FILE('C:/open_etrustex/Schematron/46_SubmitCatalogue_2_0_schematron.xsl'));
insert into `ETR_TB_METADATA` (`MD_ID`,`MD_TYPE`,`PID_DOC_ID`,`PID_ICA_ID`,`PID_PRO_ID`,`PID_TRA_ID`,`MD_SENDER_ID`,`CRE_DT`,`CRE_ID`,`MOD_DT`,`MOD_ID`,`MD_VALUE`) values (58,'DOCUMENT_SCEMATRON',null,null,null,3,null,null,null,null,null, LOAD_FILE('C:/open_etrustex/Schematron/3_SubmitApplicationResponse_2_0_schematron.xsl'));

insert into `ETR_TB_METADATA` (`MD_ID`,`MD_TYPE`,`PID_DOC_ID`,`PID_ICA_ID`,`PID_PRO_ID`,`PID_TRA_ID`,`MD_SENDER_ID`,`CRE_DT`,`CRE_ID`,`MOD_DT`,`MOD_ID`,`MD_VALUE`) values (100,'DOCUMENT_SCEMATRON',17,null,null,null,null,null,null,null,null, LOAD_FILE('C:/open_etrustex/Schematron/TenderReceipt_ATR_2_1_schematron.xsl'));
insert into `ETR_TB_METADATA` (`MD_ID`,`MD_TYPE`,`PID_DOC_ID`,`PID_ICA_ID`,`PID_PRO_ID`,`PID_TRA_ID`,`MD_SENDER_ID`,`CRE_DT`,`CRE_ID`,`MOD_DT`,`MOD_ID`,`MD_VALUE`) values (24,'DOCUMENT_SCEMATRON',7,null,null,null,null,null,null,null,null, LOAD_FILE('C:/open_etrustex/Schematron/DocumentBundle_BDL_1_schematron.xsl'));
insert into `ETR_TB_METADATA` (`MD_ID`,`MD_TYPE`,`PID_DOC_ID`,`PID_ICA_ID`,`PID_PRO_ID`,`PID_TRA_ID`,`MD_SENDER_ID`,`CRE_DT`,`CRE_ID`,`MOD_DT`,`MOD_ID`,`MD_VALUE`) values (64,'DOCUMENT_SCEMATRON',13,null,null,null,null,null,null,null,null, LOAD_FILE('C:/open_etrustex/Schematron/DocumentBundle_JUS_1_schematron.xsl'));
insert into `ETR_TB_METADATA` (`MD_ID`,`MD_TYPE`,`PID_DOC_ID`,`PID_ICA_ID`,`PID_PRO_ID`,`PID_TRA_ID`,`MD_SENDER_ID`,`CRE_DT`,`CRE_ID`,`MOD_DT`,`MOD_ID`,`MD_VALUE`) values (88,'DOCUMENT_SCEMATRON',16,null,null,null,null,null,null,null,null, LOAD_FILE('C:/open_etrustex/Schematron/Shortlist_ITT_0_1_schematron.xsl'));
insert into `ETR_TB_METADATA` (`MD_ID`,`MD_TYPE`,`PID_DOC_ID`,`PID_ICA_ID`,`PID_PRO_ID`,`PID_TRA_ID`,`MD_SENDER_ID`,`CRE_DT`,`CRE_ID`,`MOD_DT`,`MOD_ID`,`MD_VALUE`) values (1250,'DOCUMENT_SCEMATRON',117,null,null,null,null,null,null,null,null, LOAD_FILE('C:/open_etrustex/Schematron/Invoice_380_2_1_schematron.xsl'));
insert into `ETR_TB_METADATA` (`MD_ID`,`MD_TYPE`,`PID_DOC_ID`,`PID_ICA_ID`,`PID_PRO_ID`,`PID_TRA_ID`,`MD_SENDER_ID`,`CRE_DT`,`CRE_ID`,`MOD_DT`,`MOD_ID`,`MD_VALUE`) values (1259,'DOCUMENT_SCEMATRON',118,null,null,null,null,null,null,null,null, LOAD_FILE('C:/open_etrustex/Schematron/CreditNote_81_2_1_schematron.xsl'));

insert into `ETR_TB_METADATA` (`MD_ID`,`MD_TYPE`,`PID_DOC_ID`,`PID_ICA_ID`,`PID_PRO_ID`,`PID_TRA_ID`,`MD_SENDER_ID`,`CRE_DT`,`CRE_ID`,`MOD_DT`,`MOD_ID`,`MD_VALUE`) values (579,'DOCUMENT_HUMAN_READABLE_XSLT',null,null,null,71,null,null,null,null,null, LOAD_FILE('C:/open_etrustex/HR_templates/71_SubmitDespatchAdvice_2_0_HR_template.xsl'));
insert into `ETR_TB_METADATA` (`MD_ID`,`MD_TYPE`,`PID_DOC_ID`,`PID_ICA_ID`,`PID_PRO_ID`,`PID_TRA_ID`,`MD_SENDER_ID`,`CRE_DT`,`CRE_ID`,`MOD_DT`,`MOD_ID`,`MD_VALUE`) values (111111115,'DOCUMENT_HUMAN_READABLE_XSLT',null,null,null,45,null,null,null,null,null, LOAD_FILE('C:/open_etrustex/HR_templates/45_SubmitOrder_2_0_HR_template.xsl'));
insert into `ETR_TB_METADATA` (`MD_ID`,`MD_TYPE`,`PID_DOC_ID`,`PID_ICA_ID`,`PID_PRO_ID`,`PID_TRA_ID`,`MD_SENDER_ID`,`CRE_DT`,`CRE_ID`,`MOD_DT`,`MOD_ID`,`MD_VALUE`) values (111111116,'DOCUMENT_HUMAN_READABLE_XSLT',null,null,null,60,null,null,null,null,null, LOAD_FILE('C:/open_etrustex/HR_templates/60_SubmitOrderCancellation_2_0_HR_template.xsl'));
insert into `ETR_TB_METADATA` (`MD_ID`,`MD_TYPE`,`PID_DOC_ID`,`PID_ICA_ID`,`PID_PRO_ID`,`PID_TRA_ID`,`MD_SENDER_ID`,`CRE_DT`,`CRE_ID`,`MOD_DT`,`MOD_ID`,`MD_VALUE`) values (111111117,'DOCUMENT_HUMAN_READABLE_XSLT',null,null,null,59,null,null,null,null,null, LOAD_FILE('C:/open_etrustex/HR_templates/59_SubmitOrderChange_2_0_HR_template.xsl'));
insert into `ETR_TB_METADATA` (`MD_ID`,`MD_TYPE`,`PID_DOC_ID`,`PID_ICA_ID`,`PID_PRO_ID`,`PID_TRA_ID`,`MD_SENDER_ID`,`CRE_DT`,`CRE_ID`,`MOD_DT`,`MOD_ID`,`MD_VALUE`) values (111111119,'DOCUMENT_HUMAN_READABLE_XSLT',null,null,null,57,null,null,null,null,null, LOAD_FILE('C:/open_etrustex/HR_templates/57_SubmitOrderResponseSimple_2_0_HR_template.xsl'));
insert into `ETR_TB_METADATA` (`MD_ID`,`MD_TYPE`,`PID_DOC_ID`,`PID_ICA_ID`,`PID_PRO_ID`,`PID_TRA_ID`,`MD_SENDER_ID`,`CRE_DT`,`CRE_ID`,`MOD_DT`,`MOD_ID`,`MD_VALUE`) values (111111120,'DOCUMENT_HUMAN_READABLE_XSLT',null,null,null,58,null,null,null,null,null, LOAD_FILE('C:/open_etrustex/HR_templates/58_SubmitOrderAcknowledgement_2_0_HR_template.xsl'));
insert into `ETR_TB_METADATA` (`MD_ID`,`MD_TYPE`,`PID_DOC_ID`,`PID_ICA_ID`,`PID_PRO_ID`,`PID_TRA_ID`,`MD_SENDER_ID`,`CRE_DT`,`CRE_ID`,`MOD_DT`,`MOD_ID`,`MD_VALUE`) values (111111123,'DOCUMENT_HUMAN_READABLE_XSLT',null,null,null,56,null,null,null,null,null, LOAD_FILE('C:/open_etrustex/HR_templates/56_SubmitReminderRequest_2_0_HR_template.xsl'));
insert into `ETR_TB_METADATA` (`MD_ID`,`MD_TYPE`,`PID_DOC_ID`,`PID_ICA_ID`,`PID_PRO_ID`,`PID_TRA_ID`,`MD_SENDER_ID`,`CRE_DT`,`CRE_ID`,`MOD_DT`,`MOD_ID`,`MD_VALUE`) values (111111124,'DOCUMENT_HUMAN_READABLE_XSLT',null,null,null,51,null,null,null,null,null, LOAD_FILE('C:/open_etrustex/HR_templates/51_SubmitAcknowledgement_2_0_HR_template.xsl'));
insert into `ETR_TB_METADATA` (`MD_ID`,`MD_TYPE`,`PID_DOC_ID`,`PID_ICA_ID`,`PID_PRO_ID`,`PID_TRA_ID`,`MD_SENDER_ID`,`CRE_DT`,`CRE_ID`,`MOD_DT`,`MOD_ID`,`MD_VALUE`) values (111111126,'DOCUMENT_HUMAN_READABLE_XSLT',null,null,null,61,null,null,null,null,null, LOAD_FILE('C:/open_etrustex/HR_templates/61_SubmitAdhocS2C_2_0_HR_template.xsl'));
insert into `ETR_TB_METADATA` (`MD_ID`,`MD_TYPE`,`PID_DOC_ID`,`PID_ICA_ID`,`PID_PRO_ID`,`PID_TRA_ID`,`MD_SENDER_ID`,`CRE_DT`,`CRE_ID`,`MOD_DT`,`MOD_ID`,`MD_VALUE`) values (111111127,'DOCUMENT_HUMAN_READABLE_XSLT',null,null,null,52,null,null,null,null,null, LOAD_FILE('C:/open_etrustex/HR_templates/52_SubmitProposal_2_0_HR_template.xsl'));
insert into `ETR_TB_METADATA` (`MD_ID`,`MD_TYPE`,`PID_DOC_ID`,`PID_ICA_ID`,`PID_PRO_ID`,`PID_TRA_ID`,`MD_SENDER_ID`,`CRE_DT`,`CRE_ID`,`MOD_DT`,`MOD_ID`,`MD_VALUE`) values (111111128,'DOCUMENT_HUMAN_READABLE_XSLT',null,null,null,62,null,null,null,null,null, LOAD_FILE('C:/open_etrustex/HR_templates/62_SubmitProposalRequest_2_0_HR_template.xsl'));
insert into `ETR_TB_METADATA` (`MD_ID`,`MD_TYPE`,`PID_DOC_ID`,`PID_ICA_ID`,`PID_PRO_ID`,`PID_TRA_ID`,`MD_SENDER_ID`,`CRE_DT`,`CRE_ID`,`MOD_DT`,`MOD_ID`,`MD_VALUE`) values (111111129,'DOCUMENT_HUMAN_READABLE_XSLT',null,null,null,53,null,null,null,null,null, LOAD_FILE('C:/open_etrustex/HR_templates/53_SubmitQuotation_2_0_HR_template.xsl'));
insert into `ETR_TB_METADATA` (`MD_ID`,`MD_TYPE`,`PID_DOC_ID`,`PID_ICA_ID`,`PID_PRO_ID`,`PID_TRA_ID`,`MD_SENDER_ID`,`CRE_DT`,`CRE_ID`,`MOD_DT`,`MOD_ID`,`MD_VALUE`) values (111111130,'DOCUMENT_HUMAN_READABLE_XSLT',null,null,null,54,null,null,null,null,null, LOAD_FILE('C:/open_etrustex/HR_templates/54_SubmitQuotationRequest_2_0_HR_template.xsl'));
insert into `ETR_TB_METADATA` (`MD_ID`,`MD_TYPE`,`PID_DOC_ID`,`PID_ICA_ID`,`PID_PRO_ID`,`PID_TRA_ID`,`MD_SENDER_ID`,`CRE_DT`,`CRE_ID`,`MOD_DT`,`MOD_ID`,`MD_VALUE`) values (111111131,'DOCUMENT_HUMAN_READABLE_XSLT',null,null,null,55,null,null,null,null,null, LOAD_FILE('C:/open_etrustex/HR_templates/55_SubmitRequestForQuotation_2_0_HR_template.xsl'));
insert into `ETR_TB_METADATA` (`MD_ID`,`MD_TYPE`,`PID_DOC_ID`,`PID_ICA_ID`,`PID_PRO_ID`,`PID_TRA_ID`,`MD_SENDER_ID`,`CRE_DT`,`CRE_ID`,`MOD_DT`,`MOD_ID`,`MD_VALUE`) values (593,'DOCUMENT_HUMAN_READABLE_XSLT',null,null,null,72,null,null,null,null,null, LOAD_FILE('C:/open_etrustex/HR_templates/72_SubmitReceiptAdvice_2_0_HR_template.xsl'));
insert into `ETR_TB_METADATA` (`MD_ID`,`MD_TYPE`,`PID_DOC_ID`,`PID_ICA_ID`,`PID_PRO_ID`,`PID_TRA_ID`,`MD_SENDER_ID`,`CRE_DT`,`CRE_ID`,`MOD_DT`,`MOD_ID`,`MD_VALUE`) values (569,'DOCUMENT_HUMAN_READABLE_XSLT',null,null,null,50,null,null,null,null,null, LOAD_FILE('C:/open_etrustex/HR_templates/50_SubmitWillingness_2_0_HR_template.xsl'));
insert into `ETR_TB_METADATA` (`MD_ID`,`MD_TYPE`,`PID_DOC_ID`,`PID_ICA_ID`,`PID_PRO_ID`,`PID_TRA_ID`,`MD_SENDER_ID`,`CRE_DT`,`CRE_ID`,`MOD_DT`,`MOD_ID`,`MD_VALUE`) values (307,'DOCUMENT_HUMAN_READABLE_XSLT',null,null,null,43,null,null,null,null,null, LOAD_FILE('C:/open_etrustex/HR_templates/43_SubmitInvoice_2_0_HR_template.xsl'));
insert into `ETR_TB_METADATA` (`MD_ID`,`MD_TYPE`,`PID_DOC_ID`,`PID_ICA_ID`,`PID_PRO_ID`,`PID_TRA_ID`,`MD_SENDER_ID`,`CRE_DT`,`CRE_ID`,`MOD_DT`,`MOD_ID`,`MD_VALUE`) values (309,'DOCUMENT_HUMAN_READABLE_XSLT',null,null,null,44,null,null,null,null,null, LOAD_FILE('C:/open_etrustex/HR_templates/44_SubmitCreditNote_2_0_HR_template.xsl'));
insert into `ETR_TB_METADATA` (`MD_ID`,`MD_TYPE`,`PID_DOC_ID`,`PID_ICA_ID`,`PID_PRO_ID`,`PID_TRA_ID`,`MD_SENDER_ID`,`CRE_DT`,`CRE_ID`,`MOD_DT`,`MOD_ID`,`MD_VALUE`) values (989,'DOCUMENT_HUMAN_READABLE_XSLT',null,null,null,3,null,null,null,null,null, LOAD_FILE('C:/open_etrustex/HR_templates/3_SubmitApplicationResponse_2_0_HR_template.xsl'));
insert into `ETR_TB_METADATA` (`MD_ID`,`MD_TYPE`,`PID_DOC_ID`,`PID_ICA_ID`,`PID_PRO_ID`,`PID_TRA_ID`,`MD_SENDER_ID`,`CRE_DT`,`CRE_ID`,`MOD_DT`,`MOD_ID`,`MD_VALUE`) values (1100,'DOCUMENT_HUMAN_READABLE_XSLT',null,null,null,73,null,null,null,null,null, LOAD_FILE('C:/open_etrustex/HR_templates/73_SubmitAdhocC2S_2_0_HR_template.xsl'));

insert into `ETR_TB_METADATA` (`MD_ID`,`MD_TYPE`,`PID_DOC_ID`,`PID_ICA_ID`,`PID_PRO_ID`,`PID_TRA_ID`,`MD_SENDER_ID`,`CRE_DT`,`CRE_ID`,`MOD_DT`,`MOD_ID`,`MD_VALUE`) values (1251,'DOCUMENT_HUMAN_READABLE_XSLT',117,null,null,null,null,null,null,null,null, LOAD_FILE('C:/open_etrustex/HR_templates/Invoice_380_2_1_HR_template.xsl'));
insert into `ETR_TB_METADATA` (`MD_ID`,`MD_TYPE`,`PID_DOC_ID`,`PID_ICA_ID`,`PID_PRO_ID`,`PID_TRA_ID`,`MD_SENDER_ID`,`CRE_DT`,`CRE_ID`,`MOD_DT`,`MOD_ID`,`MD_VALUE`) values (1260,'DOCUMENT_HUMAN_READABLE_XSLT',118,null,null,null,null,null,null,null,null, LOAD_FILE('C:/open_etrustex/HR_templates/CreditNote_81_2_1_HR_template.xsl'));

insert into `ETR_TB_EXTRACTION_CONFIG`(`DE_ID`,`DE_KEY`,`DE_XPATH`,`TRA_DOC_ID`) values (1,'JMS_TITLE','//*:DocumentBundle/*:Title',13);
insert into `ETR_TB_EXTRACTION_CONFIG`(`DE_ID`,`DE_KEY`,`DE_XPATH`,`TRA_DOC_ID`) values (2,'JMS_BUSINESS_DOC_TYPE','//*:DocumentBundle/*:BusinessDocumentType',13);
insert into `ETR_TB_EXTRACTION_CONFIG`(`DE_ID`,`DE_KEY`,`DE_XPATH`,`TRA_DOC_ID`) values (3,'JMS_USER_ID','//*:DocumentBundle/*:UserID',13);

COMMIT;