-- //////////////////////////////////////////////////////
-- The following data is used to configure the platform
-- to be able to send messages
-- //////////////////////////////////////////////////////

USE etrustex;

-- ********USER********
Insert into `CPA_TB_USER` (`CUS_ID`, `CUS_NAME`, `CUS_PASSW`, `CRE_DT`, `CRE_ID`, `MOD_DT`, `MOD_ID`) values (1,'testadm','xVDYTmzbnHUvbAn4qWmxyev8frs=',null,null,null,null);

-- ********USER RIGHTS********
Insert into `CPA_TB_USER_RIGHTS` (`CUR_ID`, `CUR_BUD_ID`, `CUR_PTY_ID`, `CUR_URR_ID`, `CUR_USR_ID`, `CRE_DT`, `CRE_ID`, `MOD_DT`, `MOD_ID`) values (1,null,null,1,1,null,null,null,null);


-- ********CREDENTIALS********
INSERT INTO `ETR_TB_CREDENTIALS` (`CRED_ID`, `CRE_DT`, `CRE_ID`, `MOD_DT`, `MOD_ID`, `CRED_CERT`, `CRED_PASSW`, `CRED_USER`, `CRED_SIG_REQUIRED`, `CRED_PASSW_ENCRYPTED`, `CRED_TYPE`) VALUES (1,'2013-02-12 10:23:46','orazisa','2013-02-12 10:23:46','orazisa',NULL,'XdbmKreEyIZzAoT3Thye6i1HKIs=','TestUserTwo',0,0, 'PARTY');
INSERT INTO `ETR_TB_CREDENTIALS` (`CRED_ID`, `CRE_DT`, `CRE_ID`, `MOD_DT`, `MOD_ID`, `CRED_CERT`, `CRED_PASSW`, `CRED_USER`, `CRED_SIG_REQUIRED`, `CRED_PASSW_ENCRYPTED`, `CRED_TYPE`) VALUES (2,'2013-02-12 10:28:05','orazisa','2013-02-12 10:28:05','orazisa',NULL,'1/UyUBqn7faep4iBHw9Y+L9lIi8=','TestUserOne',0,0, 'PARTY');
INSERT INTO `ETR_TB_CREDENTIALS` (`CRED_ID`, `CRE_DT`, `CRE_ID`, `MOD_DT`, `MOD_ID`, `CRED_CERT`, `CRED_PASSW`, `CRED_USER`, `CRED_SIG_REQUIRED`, `CRED_PASSW_ENCRYPTED`, `CRED_TYPE`) VALUES (3,'2013-02-12 10:28:05','orazisa','2013-02-12 10:28:05','orazisa',NULL,'w4Zq4dTkB3ejrG7a11SlMq1he+Y=','TestThirdParty',0,0, 'PARTY');
INSERT INTO `ETR_TB_CREDENTIALS` (`CRED_ID`, `CRE_DT`, `CRE_ID`, `MOD_DT`, `MOD_ID`, `CRED_CERT`, `CRED_PASSW`, `CRED_USER`, `CRED_SIG_REQUIRED`, `CRED_PASSW_ENCRYPTED`, `CRED_TYPE`) VALUES (4,'2013-02-12 10:28:05','orazisa','2013-02-12 10:28:05','orazisa',NULL,'8hBJw2p/z5w+WvwvUMZuQzBSfXg=','TestBundlePartyOne',0,0, 'PARTY');
INSERT INTO `ETR_TB_CREDENTIALS` (`CRED_ID`, `CRE_DT`, `CRE_ID`, `MOD_DT`, `MOD_ID`, `CRED_CERT`, `CRED_PASSW`, `CRED_USER`, `CRED_SIG_REQUIRED`, `CRED_PASSW_ENCRYPTED`, `CRED_TYPE`) VALUES (5,'2013-02-12 10:28:05','orazisa','2013-02-12 10:28:05','orazisa',NULL,'PKlhbg5WzZwUcjohzv3B6dpmUbs=','TestBundlePartyTwo',0,0, 'PARTY');
INSERT INTO `ETR_TB_CREDENTIALS` (`CRED_ID`, `CRE_DT`, `CRE_ID`, `MOD_DT`, `MOD_ID`, `CRED_CERT`, `CRED_PASSW`, `CRED_USER`, `CRED_SIG_REQUIRED`, `CRED_PASSW_ENCRYPTED`, `CRED_TYPE`) VALUES (6,'2013-02-12 10:28:05','orazisa','2013-02-12 10:28:05','orazisa',NULL,'9a1j+qydHp3X+BvOF/jWTgN/F1c=','TRUSTUSR1 ',0,0, 'PARTY');
INSERT INTO `ETR_TB_CREDENTIALS` (`CRED_ID`, `CRE_DT`, `CRE_ID`, `MOD_DT`, `MOD_ID`, `CRED_CERT`, `CRED_PASSW`, `CRED_USER`, `CRED_SIG_REQUIRED`, `CRED_PASSW_ENCRYPTED`, `CRED_TYPE`) VALUES (7,'2013-02-12 10:28:05','orazisa','2013-02-12 10:28:05','orazisa',NULL,'9a1j+qydHp3X+BvOF/jWTgN/F1c=','TRUSTBCK1',0,0, 'PARTY');
INSERT INTO `ETR_TB_CREDENTIALS` (`CRED_ID`, `CRE_DT`, `CRE_ID`, `MOD_DT`, `MOD_ID`, `CRED_CERT`, `CRED_PASSW`, `CRED_USER`, `CRED_SIG_REQUIRED`, `CRED_PASSW_ENCRYPTED`, `CRED_TYPE`) VALUES (8,'2013-02-12 10:28:05','orazisa','2013-02-12 10:28:05','orazisa',NULL,'9a1j+qydHp3X+BvOF/jWTgN/F1c=','TRUSTUSR6',0,0, 'PARTY');
INSERT INTO `ETR_TB_CREDENTIALS` (`CRED_ID`, `CRE_DT`, `CRE_ID`, `MOD_DT`, `MOD_ID`, `CRED_CERT`, `CRED_PASSW`, `CRED_USER`, `CRED_SIG_REQUIRED`, `CRED_PASSW_ENCRYPTED`, `CRED_TYPE`) VALUES (9,'2013-02-12 10:28:05','orazisa','2013-02-12 10:28:05','orazisa',NULL,'9a1j+qydHp3X+BvOF/jWTgN/F1c=','TRUSTBCK6',0,0, 'PARTY');
INSERT INTO `ETR_TB_CREDENTIALS` (`CRED_ID`, `CRE_DT`, `CRE_ID`, `MOD_DT`, `MOD_ID`, `CRED_CERT`, `CRED_PASSW`, `CRED_USER`, `CRED_SIG_REQUIRED`, `CRED_PASSW_ENCRYPTED`, `CRED_TYPE`) VALUES (10,'2013-02-12 10:28:05','orazisa','2013-02-12 10:28:05','orazisa',NULL,'JMS2013','JMSUser',0,0, 'PARTY');
INSERT INTO `ETR_TB_CREDENTIALS` (`CRED_ID`, `CRE_DT`, `CRE_ID`, `MOD_DT`, `MOD_ID`, `CRED_CERT`, `CRED_PASSW`, `CRED_USER`, `CRED_SIG_REQUIRED`, `CRED_PASSW_ENCRYPTED`, `CRED_TYPE`) VALUES (11,'2013-02-12 10:28:05','orazisa','2013-02-12 10:28:05','orazisa',NULL,'aJ2BFzwpje8jMk6Xw7tIMaZKjso=','AS2ADAPTER',0,0, 'PARTY');
INSERT INTO `ETR_TB_CREDENTIALS` (`CRED_ID`, `CRE_DT`, `CRE_ID`, `MOD_DT`, `MOD_ID`, `CRED_CERT`, `CRED_PASSW`, `CRED_USER`, `CRED_SIG_REQUIRED`, `CRED_PASSW_ENCRYPTED`, `CRED_TYPE`) VALUES (12,'2013-02-12 10:28:05','orazisa','2013-02-12 10:28:05','orazisa',NULL,'ljvwCC+Wr/k8MQ/YQKMnggeeKo4=','SP1_USER',0,0, 'PARTY');


-- ********CERTIFICATES********
insert into `ETR_TB_CERTIFICATE`(`CERT_ID`,`CRE_DT`,`CRE_ID`,`MOD_DT`,`MOD_ID`,`CERT_ATTRIBUTES`,`CERT_ENCODED_DATA`,`CERT_HOLDER`,`CERT_ISSUER`,`CERT_SERIAL_NR`,`CERT_SIGN_ALG`,`CERT_SIGN_VAL`,`CERT_TYPE`,`CERT_USAGE`,`CERT_VALID_TO`,`CERT_VALID_FROM`,`CERT_VERSION`) values (1,'2013-11-19 10:36:03','ORAZISA','2013-11-19 10:36:03','ORAZISA',null,'MIIDWDCCAkCgAwIBAgIEUL880DANBgkqhkiG9w0BAQIFADBuMQswCQYDVQQGEwJC','CN = EtxWeb to NodeACC, OU = European Commission, O = DIGIT B1, S = Bruxelles, C = BE','CN = EtxWeb to NodeACC, OU = European Commission, O = DIGIT B1, S = Bruxelles, C = BE','5500762833104',null,null,'X509','KEY_ENCIPHERMENT',null,null,null);
insert into `ETR_TB_CERTIFICATE`(`CERT_ID`,`CRE_DT`,`CRE_ID`,`MOD_DT`,`MOD_ID`,`CERT_ATTRIBUTES`,`CERT_ENCODED_DATA`,`CERT_HOLDER`,`CERT_ISSUER`,`CERT_SERIAL_NR`,`CERT_SIGN_ALG`,`CERT_SIGN_VAL`,`CERT_TYPE`,`CERT_USAGE`,`CERT_VALID_TO`,`CERT_VALID_FROM`,`CERT_VERSION`) values (5,'2013-12-19 14:28:00','ventrgi','2013-12-19 14:28:00','ventrgi',null,'MIICcTCCAdqgAwIBAgIEUCoQGDANBgkqhkiG9w0BAQUFADB9MQswCQYDVQQGEwJFVTEPMA0GA1UECBMGRXVyb3BlMREwDwYDVQQHEwhCcnVzc2VsczEcMBoGA1UEChMTRXVyb3BlYW4gQ29tbWlzc2lvbjEOMAwGA1UECxMFRElHSVQxHDAaBgNVBAMTE3RydXN0Y3VzdHBhcnR5MTNjZXIwHhcNMTIwODE0MDg0NTEyWhcNMTQwODE0MDg0NTEyWjB9MQswCQYDVQQGEwJFVTEPMA0GA1UECBMGRXVyb3BlMREwDwYDVQQHEwhCcnVzc2VsczEcMBoGA1UEChMTRXVyb3BlYW4gQ29tbWlzc2lvbjEOMAwGA1UECxMFRElHSVQxHDAaBgNVBAMTE3RydXN0Y3VzdHBhcnR5MTNjZXIwgZ8wDQYJKoZIhvcNAQEBBQADgY0AMIGJAoGBAJjQEq7AWj3/Pdr4xW2pT+e6cTan63C6x46o1NYz+U7kbopMYvQIt3nxLCfC1IRcNfUQLHXnFZS0/3Wgqa9OesGGdjcnLC0UDgQMkZcfoEZtLZZFdgy3B0jybZ1gawyu+fUxFRqdkzaMdGir/JnacCIXNjgYjArMRvqX5GCtdP3nAgMBAAEwDQYJKoZIhvcNAQEFBQADgYEAU92NPTagUWrCDlIZz1YytovEMF3N/Mz2uUhqq6MsMoRjuAU39MEM5L8ok6mPspBywOWKlGTQOyDonmVGgLxkUHCEXXL70KO4/MSIT3Qbav+kExYSNIQMjDOQ/q0RPmgNi8ux9SrfXA76kC5+dLCeKBT38TaFwud1A9U3n9Rbhmk=','CN=PRIOR_USER Certificate,OU=DIGITB4,O=European Commission,L=Brussels,ST=Europe,C=EU','CN=PRIOR_USER Certificate,OU=DIGITB4,O=European Commission,L=Brussels,ST=Europe,C=EU','1111111111',null,null,'X509','KEY_ENCIPHERMENT',null,null,null);
insert into `ETR_TB_CERTIFICATE`(`CERT_ID`,`CRE_DT`,`CRE_ID`,`MOD_DT`,`MOD_ID`,`CERT_ATTRIBUTES`,`CERT_ENCODED_DATA`,`CERT_HOLDER`,`CERT_ISSUER`,`CERT_SERIAL_NR`,`CERT_SIGN_ALG`,`CERT_SIGN_VAL`,`CERT_TYPE`,`CERT_USAGE`,`CERT_VALID_TO`,`CERT_VALID_FROM`,`CERT_VERSION`) values (6,'2013-12-19 14:28:00','ventrgi','2013-12-19 14:28:00','ventrgi',null,'MIIB2DCCAZagAwIBAgIJAIzINQCEuuJxMAsGByqGSM44BAEFADAxMQswCQYDVQQGEwJCRTEQMA4GA1UEBxMHQnJ1c3NlbDEQMA4GA1UEAxMHZS1QUklPUjAeFw0xMjA2MjcxMjQwNDhaFw0xMjA3MDcxMjQwNDhaMDExCzAJBgNVBAYTAkJFMRAwDgYDVQQHEwdCcnVzc2VsMRAwDgYDVQQDEwdlLVBSSU9SMIHwMIGoBgcqhkjOOAQBMIGcAkEA/KaCzo4Syrom78z3EQ5SbbB4sF7ey80etKII864WF64B81uRpH5t9jQTxeEu0ImbzRMqzVDZkVG9xD7nN1kuFwIVAJYu3cw2nLqOuyYO5rahJtk0bjjFAkBnhHGyepz0TukaScUUfbGpqvJE8FpDTWSGkx0tFCcbnjUDC3H9c9oXkGmzLik1Yw4cIGI1TQ2iCmxBblC+eUykA0MAAkAWb7ENM08n7JdBjSYtqmiHY9YjzxgyLUB3GrLv5YNfKsgRELOoXdtz/XvQqtrclKSMXDrTDFhheBepvCH6t20fMAsGByqGSM44BAEFAAMvADAsAhQbGn/LfODAlklJ+YR+zl4J85eYVQIUEuQ3XB4xtnQ28gbdbJeNAa0KJ+4=','CN=e-PRIOR, L=Brussel, C=BE','CN=e-PRIOR, L=Brussel, C=BE','10144416436995154545',null,null,'X509','KEY_ENCIPHERMENT',null,null,null);
insert into `ETR_TB_CERTIFICATE`(`CERT_ID`,`CRE_DT`,`CRE_ID`,`MOD_DT`,`MOD_ID`,`CERT_ATTRIBUTES`,`CERT_ENCODED_DATA`,`CERT_HOLDER`,`CERT_ISSUER`,`CERT_SERIAL_NR`,`CERT_SIGN_ALG`,`CERT_SIGN_VAL`,`CERT_TYPE`,`CERT_USAGE`,`CERT_VALID_TO`,`CERT_VALID_FROM`,`CERT_VERSION`) values (7,'2013-12-19 14:28:00','ventrgi','2013-12-19 14:28:00','ventrgi',null,'MIICeTCCAeKgAwIBAgIET99d3DANBgkqhkiG9w0BAQUFADCBgDELMAkGA1UEBhMCRVUxDzANBgNVBAgTBkV1cm9wZTERMA8GA1UEBxMIQnJ1c3NlbHMxHDAaBgNVBAoTE0V1cm9wZWFuIENvbW1pc3Npb24xEDAOBgNVBAsTB0RJR0lUQjQxHTAbBgNVBAMTFGVUcnVzdEV4IENlcnRpZmljYXRlMB4XDTEyMDYxODE2NTcwMFoXDTEyMDkxNjE2NTcwMFowgYAxCzAJBgNVBAYTAkVVMQ8wDQYDVQQIEwZFdXJvcGUxETAPBgNVBAcTCEJydXNzZWxzMRwwGgYDVQQKExNFdXJvcGVhbiBDb21taXNzaW9uMRAwDgYDVQQLEwdESUdJVEI0MR0wGwYDVQQDExRlVHJ1c3RFeCBDZXJ0aWZpY2F0ZTCBnzANBgkqhkiG9w0BAQEFAAOBjQAwgYkCgYEAvb5AopsAWw7cZcKomPZUTohZM6oZ9ossfoQXdlCjQiv+RtCuFO7qfZkXy9PgN8Wg15wOGPZH1uebL2qm60n3SFonZE36fkIj9+8u+6LICHghMX5bOSfkSqP6G8EtP70v8CUYsyh6IjPcWECx/EK5hwpLRaM8KFAOkSGGo9cbpGkCAwEAATANBgkqhkiG9w0BAQUFAAOBgQCfdBhIM+H5ErFD7n9T5NlHq83juMAWb5obnJ7LpNmefrCIKDeA2CbOg4qhhKF4F7R/9hXSzfGmcqfzZ6Ld3GLnQR+o8tKgNgO9NioEfDj/jqUvDWkXXuuID7ox8W7xaKyQb3pSQsfm/NR3kKfFe9EEnOWvp3zIySyvaKOWBZ6ZcA==','CN=PRIOR_USER Certificate,OU=DIGITB4,O=European Commission,L=Brussels,ST=Europe,C=EU','CN=PRIOR_USER Certificate,OU=DIGITB4,O=European Commission,L=Brussels,ST=Europe,C=EU','1111111112',null,null,'X509','KEY_ENCIPHERMENT',null,null,null);
insert into `ETR_TB_CERTIFICATE`(`CERT_ID`,`CRE_DT`,`CRE_ID`,`MOD_DT`,`MOD_ID`,`CERT_ATTRIBUTES`,`CERT_ENCODED_DATA`,`CERT_HOLDER`,`CERT_ISSUER`,`CERT_SERIAL_NR`,`CERT_SIGN_ALG`,`CERT_SIGN_VAL`,`CERT_TYPE`,`CERT_USAGE`,`CERT_VALID_TO`,`CERT_VALID_FROM`,`CERT_VERSION`) values (8,'2014-04-25 10:11:22','ventrgi','2014-04-25 10:11:30','ventrgi',null,'MIICgzCCAeygAwIBAgIEU1oU2zANBgkqhkiG9w0BAQUFADCBhTEfMB0GCSqGSIb3DQEJARYQQVJNRU5AQ0hPTEFLLkNPTTELMAkGA1UEBhMCQkUxETAPBgNVBAgMCEJSVVNTRUxTMRIwEAYDVQQHDAlFVFRFUkJFRUsxCzAJBgNVBAoMAkVDMQ4wDAYDVQQLDAVESUdJVDERMA8GA1UEAwwIQVJNRU5LRVkwHhcNMTQwNDI1MDc1NjE1WhcNMTkwNDI1MDc1NjE1WjCBhTEfMB0GCSqGSIb3DQEJARYQQVJNRU5AQ0hPTEFLLkNPTTELMAkGA1UEBhMCQkUxETAPBgNVBAgMCEJSVVNTRUxTMRIwEAYDVQQHDAlFVFRFUkJFRUsxCzAJBgNVBAoMAkVDMQ4wDAYDVQQLDAVESUdJVDERMA8GA1UEAwwIQVJNRU5LRVkwgZ8wDQYJKoZIhvcNAQEBBQADgY0AMIGJAoGBALFKjrH7+QEOn1TGEpONGK6bjOb3YtOYMt4pofvflgUEdcZ0QMmDqRdfMFyUFVqtaMXsFP/iRfec9fMGCKWiK/OH2a8mtlxNZKpiyVkMua2BEySAu8L3ABKVWUyARkwkG9UH1gs3qtBYGRvqkUo/DfhvOtzJmixMrIe++PtPoSOJAgMBAAEwDQYJKoZIhvcNAQEFBQADgYEAWeYtMk6tLf3PAYShlT9G6NIGOkt4J3pWWVJZ+d/Nuqyv20yS4Oxq/8Dij3dHNIov9vGp+dqHi881FXEsd7onYQNcEjXT2brm8z+EUFlJYZZSX0RhzVGG14uTXMIm5LcFb85RG6mMHGV//jeOF3/KptfmZSwUNFbLrKFeeSDOmco=','CN = ARMENKEY,OU = DIGIT,O = EC,L = ETTERBEEK,S = BRUSSELS,C = BE,E = ARMEN@CHOLAK.COM','CN = ARMENKEY,OU = DIGIT,O = EC,L = ETTERBEEK,S = BRUSSELS,C = BE,E = ARMEN@CHOLAK.COM','?53 5a 14 db','sha1RSA',null,'X509','KEY_ENCIPHERMENT','2019-04-25 10:14:47','2014-04-25 10:14:47','V3');
insert into `ETR_TB_CERTIFICATE`(`CERT_ID`,`CRE_DT`,`CRE_ID`,`MOD_DT`,`MOD_ID`,`CERT_ATTRIBUTES`,`CERT_ENCODED_DATA`,`CERT_HOLDER`,`CERT_ISSUER`,`CERT_SERIAL_NR`,`CERT_SIGN_ALG`,`CERT_SIGN_VAL`,`CERT_TYPE`,`CERT_USAGE`,`CERT_VALID_TO`,`CERT_VALID_FROM`,`CERT_VERSION`) values (9,'2014-07-08 15:42:05','ventrgi','2014-07-08 15:42:05','ventrgi',null,'MIIDUDCCAjigAwIBAgIEU3xeRzANBgkqhkiG9w0BAQsFADBqMQswCQYDVQQGEwJCRTERMA8GA1UECAwIQnJ1c3NlbHMxETAPBgNVBAcMCEJydXNzZWxzMQswCQYDVQQKDAJFQzERMA8GA1UECwwIQ09NUC5SLjMxFTATBgNVBAMMDFBodSBRdXllbiBMZTAeFw0xNDA1MjEwODA4MDBaFw0xNTA1MjEwODA4MDBaMGoxCzAJBgNVBAYTAkJFMREwDwYDVQQIDAhCcnVzc2VsczERMA8GA1UEBwwIQnJ1c3NlbHMxCzAJBgNVBAoMAkVDMREwDwYDVQQLDAhDT01QLlIuMzEVMBMGA1UEAwwMUGh1IFF1eWVuIExlMIIBIjANBgkqhkiG9w0BAQEFAAOCAQ8AMIIBCgKCAQEAhNdnoyo5D/Dfg4LtbHgRGGZlpeCYX8Zpprj9DocO5XG5WIRRhgdPGAMyVTjG8Mc3A/f8DMOuf3Y6Y7egJWPfrUR+fZTDsRVLWdIrfuDpB+fNZyhmQWENggbwEzYGl9EcSOl1fGhh2dvk2B6M3chbnPQX64X1ZzlCrXSQw3H2ac//R9zuTiDVB1dGegYoNWGr4lJI9fsrckasRRCmtjidk2yHQpskrVEwtwsqzjklt4zfBpvNfdkrUuYynyrBwlYrrBS94f97TcQzMi/vXJZDyl6SPL439hhVXTYWU+jUDp3BrRc9H5DNmqj+IIOhXLmimTRRFPnNzVp2FrM9+0b+zwIDAQABMA0GCSqGSIb3DQEBCwUAA4IBAQBKBDFsxJSNC8//MHOaP1zTO69dgS2/8saoHnpZXtuQUBoaXC1DTi0jb0BV/+fRHxcXg8D6f893CFtN9tZhqSEZR0QLOBiKDh9yHgLP05dSI9RGMdvYgLF799igbyBZSnTH3T4J5dHHTNXWEYx3QC1H/vLf6RdAtghsn46Q6RqQEram/P1ZMX3DW8vanoaycbL8+E5dnGwvyp1E4bYOfVnqQT6R5mPUkDeln13YlulLvR/r1e5iFvoj64BSIE05uSjnB1HUCebN7LLviVtm59DQskyifCZBkKkpgPYydDWUgEVB6gBH6+y/vRg9XXWHHjGM7oduq9NCSAHDZs2+YXoM','CN = Phu Quyen Le,OU = COMP.R.3,O = EC,L = Brussels,S = Brussels,C = BE','CN = Phu Quyen Le,OU = COMP.R.3,O = EC,L = Brussels,S = Brussels,C = BE','?53 7c 5e 47','sha256RSA','?65 4e c4 96 5c f1 fd 04 0d 74 9a cd 00 d5 6c 98 eb 2d 31 88','X509','KEY_ENCIPHERMENT','2015-05-21 00:00:00','2014-05-21 00:00:00','V3');
insert into `ETR_TB_CERTIFICATE`(`CERT_ID`,`CRE_DT`,`CRE_ID`,`MOD_DT`,`MOD_ID`,`CERT_ATTRIBUTES`,`CERT_ENCODED_DATA`,`CERT_HOLDER`,`CERT_ISSUER`,`CERT_SERIAL_NR`,`CERT_SIGN_ALG`,`CERT_SIGN_VAL`,`CERT_TYPE`,`CERT_USAGE`,`CERT_VALID_TO`,`CERT_VALID_FROM`,`CERT_VERSION`) values (22,'2013-12-19 14:28:00','ventrgi','2013-12-19 14:28:00','ventrgi',null,'MIICyTCCAjKgAwIBAgIEUT8fgDANBgkqhkiG9w0BAQIFADCBqDEfMB0GCSqGSIb3DQEJARYQYXJtZW5AY2hvbGFrLmNvbTELMAkGA1UEBhMCQkUxETAPBgNVBAgMCEJSVVNTRUxTMRIwEAYDVQQHDAlFVFRFUkJFRUsxHDAaBgNVBAoME0VVUk9QRUFOIENPTU1JU1NJT04xETAPBgNVBAsMCERJR0lUIEIxMSAwHgYDVQQDDBdMRVZFTCAyIENPTkZJREVOVElBTElUWTAeFw0xMzAzMTIxMjI5NThaFw0xNDAzMTIxMjI5NThaMIGoMR8wHQYJKoZIhvcNAQkBFhBhcm1lbkBjaG9sYWsuY29tMQswCQYDVQQGEwJCRTERMA8GA1UECAwIQlJVU1NFTFMxEjAQBgNVBAcMCUVUVEVSQkVFSzEcMBoGA1UECgwTRVVST1BFQU4gQ09NTUlTU0lPTjERMA8GA1UECwwIRElHSVQgQjExIDAeBgNVBAMMF0xFVkVMIDIgQ09ORklERU5USUFMSVRZMIGfMA0GCSqGSIb3DQEBAQUAA4GNADCBiQKBgQCCCiMBpAQ4wsqAdMNMCmivLmcXg9BKU2SExzexrEY5qI0Geg689Bx+djalJ52wAaDkc54icV3kMEuB2DZjR7TDAwGWQuiCgt2eTUlspM09s7SxvouZnKWramY6W/cqq/pRGFTKlmqZnvXEThMbz+vm/wZloHAoXYulsXwfqE4YGwIDAQABMA0GCSqGSIb3DQEBAgUAA4GBAD2uHdjC4g9HbNHa/TVd+4K0pjnk0bTCP+XbnASI2h3ksbCz7WLkzKj4Ksj0+CouMBAuiYqgQruzZA6YdZ/znSEL62jDFZRL2IBRuUmpREWLCR55TBfaUEkh4ZlgVLNbYpeLElXaVUWLqRlyolNwYWP6oMsal3Q19u+jOsvCgnPS','CN = LEVEL 2 CONFIDENTIALITY, OU = DIGIT B1, O = EUROPEAN COMMISSION, L = ETTERBEEK, S = BRUSSELS, C = BE, E = armen@cholak.com','CN = LEVEL 2 CONFIDENTIALITY, OU = DIGIT B1, O = EUROPEAN COMMISSION, L = ETTERBEEK, S = BRUSSELS, C = BE, E = armen@cholak.com','?51 3f 1f 80',null,null,'X509','KEY_ENCIPHERMENT',null,null,null);
insert into `ETR_TB_CERTIFICATE`(`CERT_ID`,`CRE_DT`,`CRE_ID`,`MOD_DT`,`MOD_ID`,`CERT_ATTRIBUTES`,`CERT_ENCODED_DATA`,`CERT_HOLDER`,`CERT_ISSUER`,`CERT_SERIAL_NR`,`CERT_SIGN_ALG`,`CERT_SIGN_VAL`,`CERT_TYPE`,`CERT_USAGE`,`CERT_VALID_TO`,`CERT_VALID_FROM`,`CERT_VERSION`) values (23,'2013-12-19 14:28:00','ventrgi','2013-12-19 14:28:00','ventrgi',null,'MIIDWDCCAkCgAwIBAgIEUAlKFjANBgkqhkiG9w0BAQUFADBuMQswCQYDVQQGEwJCRTERMA8GA1UECBMIQnJ1c3NlbHMxETAPBgNVBAcTCEJydXNzZWxzMQswCQYDVQQKEwJFQzERMA8GA1UECxMIQ09NUC5SLjMxGTAXBgNVBAMTEFJhdnNoYW4gS2hhbWlkb3YwHhcNMTIwNzIwMTIwNzUwWhcNMTQwNzIwMTIwNzUwWjBuMQswCQYDVQQGEwJCRTERMA8GA1UECBMIQnJ1c3NlbHMxETAPBgNVBAcTCEJydXNzZWxzMQswCQYDVQQKEwJFQzERMA8GA1UECxMIQ09NUC5SLjMxGTAXBgNVBAMTEFJhdnNoYW4gS2hhbWlkb3YwggEiMA0GCSqGSIb3DQEBAQUAA4IBDwAwggEKAoIBAQCfu0YEMS2ny7CHElTC9v30vj7KOGlUUm3rYShlj8YOWVG+QMFqLOqGw8WDUhdTmKgThQZWESF7tSBeAV/8WXbHRQBPs/UCIxlauV4kLbxOXiGDJO+QP8RwFOjdwL9amnRZwU8GT2JIz4IQ5ct5A0+cw5VbT+w9SIPP91WEpgsW0wXLFLJ8Qhfro+TnFCgCy8Lo3wGYArAss/71i8rWg+PsnYIPWhuBoODB9dIawfgQGo+34xw5PfhyB+ycUqyvWtVaKXr3Qeovy+fL+vywhV2Nfig/5Ke+nGoE1dVh1D0ZO8sGurq8xo5LKlMwQlHqa0BisIozwAS4j/TiXDlw0PXZAgMBAAEwDQYJKoZIhvcNAQEFBQADggEBAAX16hfzoc8+q16dGBxrDSxOFkbhAQThliuVT7lT+ddiHrDHqp/L/WKzl7fUD3VAmE0OEcYs9/1fNQRqDm6QNsTw5LPoV27RfDk750VlGfkuMtz/enLXZATNC/8Vij/E3EsOqZVXFdBZVh864HzVzRkJGGCoPPsRQjcaeeMEh8Phbf8Gi/kldCzhjUf92ycZgSYgjwY/OR/2WWupWvhWLVaXklDvoAXieu5TIRti5SqtuJMGRZYvrmTo9KyMJxhDNmKKGxOyg1tSGNAS9ASYemzFMO+cQBPPT/Uy4EItt4dqt2XCLzU/3xpZlRB30WMtwgSIlH48NJ22ahw2ru45BqY=','CN=Ravshan Khamidov, OU=COMP.R.3, O=EC, L=Brussels, ST=Brussels, C=BE','CN=Ravshan Khamidov, OU=COMP.R.3, O=EC, L=Brussels, ST=Brussels, C=BE','1342786070',null,null,'X509','KEY_ENCIPHERMENT',null,null,null);
insert into `ETR_TB_CERTIFICATE`(`CERT_ID`,`CRE_DT`,`CRE_ID`,`MOD_DT`,`MOD_ID`,`CERT_ATTRIBUTES`,`CERT_ENCODED_DATA`,`CERT_HOLDER`,`CERT_ISSUER`,`CERT_SERIAL_NR`,`CERT_SIGN_ALG`,`CERT_SIGN_VAL`,`CERT_TYPE`,`CERT_USAGE`,`CERT_VALID_TO`,`CERT_VALID_FROM`,`CERT_VERSION`) values (24,'2013-12-19 14:28:00','ventrgi','2013-12-19 14:28:00','ventrgi',null,'MIIDVjCCAj6gAwIBAgIEUAllMDANBgkqhkiG9w0BAQUFADBtMQswCQYDVQQGEwJCRTERMA8GA1UECBMIQnJ1c3NlbHMxETAPBgNVBAcTCEJydXNzZWxzMQswCQYDVQQKEwJFQzERMA8GA1UECxMIQ09NUC5SLjMxGDAWBgNVBAMTD1JvYmVydG8gQXRpZW56YTAeFw0xMjA3MjAxNDAzMjhaFw0xNDA3MjAxNDAzMjhaMG0xCzAJBgNVBAYTAkJFMREwDwYDVQQIEwhCcnVzc2VsczERMA8GA1UEBxMIQnJ1c3NlbHMxCzAJBgNVBAoTAkVDMREwDwYDVQQLEwhDT01QLlIuMzEYMBYGA1UEAxMPUm9iZXJ0byBBdGllbnphMIIBIjANBgkqhkiG9w0BAQEFAAOCAQ8AMIIBCgKCAQEAmt4O2udut1Us8eJHX/pVc1z8cpLmEK77s/e8dBhU17t3pph2QhmH/ZAvOp45nkAwdk4uzYiuEP6S+SCUWPp2IxsWtO7+A2ngzzTcpib9Ug1pif70u2hB2tVKRSR7cWgtonu/KaZ3RqIHpX0QYFy3+2SuwARxC1mElZXpjPUFC9pPGWspYJLXVTzOWxMVAGna+GMImXJTHZmRrGxQgJHKZumL2vJJ8x5AsvNnVC0cTDF5maUdMfqTukUUn6Zcx+sMlC3ji/h9q2b9426FLrodKII3D+3ZmfxbvpDRZ9g/nZeP57z/rd+WuP15WfBVuUdO1ArbNWNLvvArJwjLFOcuQIDAQABMA0GCSqGSIb3DQEBBQUAA4IBAQCB7fLhAzgKz2ZmYGsZJeADCyp7Y693NyV+6tFRWupwkG8GLLw9GxswS00/T2WJz1dmlhFDV2XiNAQSwlL2CfgNEnD7MpMSZOJzGXnFlprCLp8VE5nhZ6/y2DkUxdG0LaiZAR4ji+4Kq94NS6ML6BF5plVr+ToQoVJIiYgcWYk6eu1WCjBiQ5BhMJ3Lum/VCjoPt58jHoFJ9xxcqv/YICzXedHzIWujr/q3yG00BqhX/bb1NCGfoqkl8QVi7t0UeInaJQHsTh2jl2QcH2xM1q7OUojI31dMygqBbGyE2khako97UH6u0iWJL8lVwyO74wfC1MFcTGBfQ6XmIaSVq/I4','CN=Roberto Atienza, OU=COMP.R.3, O=EC, L=Brussels, ST=Brussels, C=BE','CN=Roberto Atienza, OU=COMP.R.3, O=EC, L=Brussels, ST=Brussels, C=BE','1342793008',null,null,'X509','KEY_ENCIPHERMENT',null,null,null);
insert into `ETR_TB_CERTIFICATE`(`CERT_ID`,`CRE_DT`,`CRE_ID`,`MOD_DT`,`MOD_ID`,`CERT_ATTRIBUTES`,`CERT_ENCODED_DATA`,`CERT_HOLDER`,`CERT_ISSUER`,`CERT_SERIAL_NR`,`CERT_SIGN_ALG`,`CERT_SIGN_VAL`,`CERT_TYPE`,`CERT_USAGE`,`CERT_VALID_TO`,`CERT_VALID_FROM`,`CERT_VERSION`) values (25,'2013-12-19 14:28:00','ventrgi','2013-12-19 14:28:00','ventrgi',null,'MIIBszCCARygAwIBAgIECTDpiTANBgkqhkiG9w0BAQUFADAeMRwwGgYDVQQDExNUZXN0IENBIENlcnRpZmljYXRlMB4XDTEyMDgwOTExMDgxMVoXDTEyMDgyNzExNDg0MFowHjEcMBoGA1UEAxMTVGVzdCBDQSBDZXJ0aWZpY2F0ZTCBnzANBgkqhkiG9w0BAQEFAAOBjQAwgYkCgYEAgPqAZ8b2D+ZPhg1XD6So8XbJ/SatqoQANrimQCDxz5aASJByqHyV4SLrliimYL9xfU/O0ua1h0j9bs8Hw96gzr9RwtVqZAUqd8K9+VQqWMT4ZLp2hK/QxXs9keDVVA5lzw94ut5i5zVwjE1E7HMfpuUXrpi349HStMm5wl/I9a0CAwEAATANBgkqhkiG9w0BAQUFAAOBgQBkv2zAlum4ZRwNOxEs6LFzKcIHJ9MfokyV9PpWWug7SW78lx2YHjU8w1uv/9kA9OjS/tu7iH4E5khK9/1hem24eMP0ZRK0pQo1NNZkQyOQIczRqs7lLb12sL7NQjK1ufsjKlv/d1JwfVFRomUG9UrIQARBt0LtoxqCSrYfaGFJNw==','CN = Test CA Certificate','CN = Test CA Certificate','1343655662',null,null,'X509','KEY_ENCIPHERMENT',null,null,null);
insert into `ETR_TB_CERTIFICATE`(`CERT_ID`,`CRE_DT`,`CRE_ID`,`MOD_DT`,`MOD_ID`,`CERT_ATTRIBUTES`,`CERT_ENCODED_DATA`,`CERT_HOLDER`,`CERT_ISSUER`,`CERT_SERIAL_NR`,`CERT_SIGN_ALG`,`CERT_SIGN_VAL`,`CERT_TYPE`,`CERT_USAGE`,`CERT_VALID_TO`,`CERT_VALID_FROM`,`CERT_VERSION`) values (26,'2013-12-19 14:28:00','ventrgi','2013-12-19 14:28:00','ventrgi',null,'MIIDVjCCAj6gAwIBAgIEUCz3FDANBgkqhkiG9w0BAQUFADBtMQswCQYDVQQGEwJCRTERMA8GA1UECBMIQnJ1c3NlbHMxETAPBgNVBAcTCEJydXNzZWxzMQswCQYDVQQKEwJFQzEQMA4GA1UECxMHQ09NUC5SMzEZMBcGA1UEAxMQUmF2c2hhbiBLaGFtaWRvdjAeFw0xMjA4MTYxMzM1MTZaFw0xNDA4MTYxMzM1MTZaMG0xCzAJBgNVBAYTAkJFMREwDwYDVQQIEwhCcnVzc2VsczERMA8GA1UEBxMIQnJ1c3NlbHMxCzAJBgNVBAoTAkVDMRAwDgYDVQQLEwdDT01QLlIzMRkwFwYDVQQDExBSYXZzaGFuIEtoYW1pZG92MIIBIjANBgkqhkiG9w0BAQEFAAOCAQ8AMIIBCgKCAQEAideuk42Wr5E5VzZ/UOKJDXSeABNpOreKYZy7E1Eu5HHZSlr3bdvgY24ejZG+5qrybF1jVymYIKuJildRXmgbnBNX2fmarFwgYsCGlUcp0rQ0RMWKC6c10JZWmHn4AdGenmz3reUJ/rBDmfkSBa1GkClvydaOfWE9jRrtJUHQy3vWX9UJ3PqLwZmlOQKvmQEetm1/XkU0Ksbr97K/7Za5r+z6nXmFsdYyNmKMTXiaBjxoLdG2MxVq94UhtDY3mCHzOVGQF3QymBOqCCebV+7hjrPaOWz8CKXsc7gXFtzN9Rz6V51yGG2JJqYxSnAn9+dwkc3ermwDJldEgLh38XcrxwIDAQABMA0GCSqGSIb3DQEBBQUAA4IBAQA3+nZNMtLO1+QgaTW4ltyclvSiIiZi6ibr5wsr2Ftg70bIJ4AJX3/r8PxfB0Pws8JZwW3neWATc3srb5PrnHb5OOf+Hv087KqliFWduk/Bs5OQ71rWsQwPHML4A99BKveM68DGSfWrcuIaWOCUbg8Pe1YrdPZSSF+6losEkUQMZz3NMfttdUhMQLjUtSWHndK/DGlEn8HSXvH7oOg/Rp19jEYeBqdeo49XJtOXEE/hAaQWGz7ezUUmp+W9xAGQGGd1yxUwEPItedVjnxM6GedUeb1D5YWgwAFBvFoxcjReYxKdsj5KbXeSW+vggwgy40b2vyD9RD5lTGvET1EEbz3v','CN=Ravshan Khamidov, OU=COMP.R3, O=EC, L=Brussels, ST=Brussels, C=BE','CN=Ravshan Khamidov, OU=COMP.R3, O=EC, L=Brussels, ST=Brussels, C=BE','201208091329',null,null,'X509','KEY_ENCIPHERMENT',null,null,null);
insert into `ETR_TB_CERTIFICATE`(`CERT_ID`,`CRE_DT`,`CRE_ID`,`MOD_DT`,`MOD_ID`,`CERT_ATTRIBUTES`,`CERT_ENCODED_DATA`,`CERT_HOLDER`,`CERT_ISSUER`,`CERT_SERIAL_NR`,`CERT_SIGN_ALG`,`CERT_SIGN_VAL`,`CERT_TYPE`,`CERT_USAGE`,`CERT_VALID_TO`,`CERT_VALID_FROM`,`CERT_VERSION`) values (27,'2013-12-19 14:28:00','ventrgi','2013-12-19 14:28:00','ventrgi',null,'MIIDZjCCAk6gAwIBAgIEUCOLHjANBgkqhkiG9w0BAQUFADB1MQswCQYDVQQGEwJCRTERMA8GA1UECBMIQnJ1c3NlbHMxETAPBgNVBAcTCEJydXNzZWxzMRwwGgYDVQQKExNFdXJvcGVhbiBDb21taXNzaW9uMRAwDgYDVQQLEwdDT01QLlIzMRAwDgYDVQQDEwdERyBDT01QMB4XDTEyMDgwOTEwMDQxNFoXDTE0MDgwOTEwMDQxNFowdTELMAkGA1UEBhMCQkUxETAPBgNVBAgTCEJydXNzZWxzMREwDwYDVQQHEwhCcnVzc2VsczEcMBoGA1UEChMTRXVyb3BlYW4gQ29tbWlzc2lvbjEQMA4GA1UECxMHQ09NUC5SMzEQMA4GA1UEAxMHREcgQ09NUDCCASIwDQYJKoZIhvcNAQEBBQADggEPADCCAQoCggEBAJaM/tHJ1V072s1cDg7tF8go1QsX5MQCRvNssRlVDAqW4JO2a/wPWnTQNcNf1LYho8oUI8gR5kkhC62AqwXeV4RAZA1HYvwLvlYxFMqzz1ktDcz6FFFq35VCsi3E3pQzdk9in4l6UoShtWZwF5C308fzlaBiqFxuCT7aB+cEhf8DzbcE/6+fb310X3vbdet9TDNoPU6ldfXeC1WuCwkONrw4BqftZSP8xTiQ/TGqXztCr1YG7GEQZcVtuL09UGn65tzq4tsBjaTrFE6t4sdyeratgyQs8Zxl5Xsge41hdY6BjovYuvYNM+RZ5mSSIRSJzaWED7ujsZabZa6u6XL9AxkCAwEAATANBgkqhkiG9w0BAQUFAAOCAQEARtEcluZYvgkxkSuuzBwodmE2fMiFpH9iqhFrIm3AlJb/K+ZxlJ7pwJDCcBXDOJMOZgPRrD7XZWyVh+86IP9mawED3pTBcCrfRQi4EACK8/jK4GYIMb6m/hVkiuU/h1d9jLr7sikdl+83jEIyOb+0YZR+vUVRI7+amOKZQEx5i3rc2t5QqrZgmFEIpVdq9CzyFyz+s8wA/UaA7kNsESDpO6BQW1IYbT7XScdn6EWiRCqUNS9plF3my5EqlDlzdGMHuO0Pz9xR9TnRuO+vx1mJ46pE+6+GYL5JRjxaU2RDSykb2bK7L2dCXb+bksEmwUKqJj1fNCha0dW4IUTsreksOQ==','CN = DG COMP,OU = COMP.R3,O = European Commission,L = Brussels,S = Brussels,C = BE','CN = DG COMP,OU = COMP.R3,O = European Commission,L = Brussels,S = Brussels,C = BE','1344506654',null,null,'X509','KEY_ENCIPHERMENT',null,null,null);
insert into `ETR_TB_CERTIFICATE`(`CERT_ID`,`CRE_DT`,`CRE_ID`,`MOD_DT`,`MOD_ID`,`CERT_ATTRIBUTES`,`CERT_ENCODED_DATA`,`CERT_HOLDER`,`CERT_ISSUER`,`CERT_SERIAL_NR`,`CERT_SIGN_ALG`,`CERT_SIGN_VAL`,`CERT_TYPE`,`CERT_USAGE`,`CERT_VALID_TO`,`CERT_VALID_FROM`,`CERT_VERSION`) values (28,'2013-12-19 14:28:00','ventrgi','2013-12-19 14:28:00','ventrgi',null,'MIICXzCCAcigAwIBAgIEUCoNcTANBgkqhkiG9w0BAQUFADB0MQswCQYDVQQGEwJFVTEPMA0GA1UECBMGRXVyb3BlMREwDwYDVQQHEwhCcnVzc2VsczEcMBoGA1UEChMTRXVyb3BlYW4gQ29tbWlzc2lvbjEOMAwGA1UECxMFRElHSVQxEzARBgNVBAMTCmV0cnVzdGV4Y2EwHhcNMTIwODE0MDgzMzUzWhcNMTQwODE0MDgzMzUzWjB0MQswCQYDVQQGEwJFVTEPMA0GA1UECBMGRXVyb3BlMREwDwYDVQQHEwhCcnVzc2VsczEcMBoGA1UEChMTRXVyb3BlYW4gQ29tbWlzc2lvbjEOMAwGA1UECxMFRElHSVQxEzARMIICXzCCAcigAwIBAgIEUCoNcTANBgkqhkiG9w0BAQUFADB0MQswCQYDVQQGEwJFVTEPMA0GA1UECBMGRXVyb3BlMREwDwYDVQQHEwhCcnVzc2VsczEcMBoGA1UEChMTRXVyb3BlYW4gQ29tbWlzc2lvbjEOMAwGA1UECxMFRElHSVQxEzARBgNVBAMTCmV0cnVzdGV4Y2EwHhcNMTIwODE0MDgzMzUzWhcNMTQwODE0MDgzMzUzWjB0MQswCQYDVQQGEwJFVTEPMA0GA1UECBMGRXVyb3BlMREwDwYDVQQHEwhCcnVzc2VsczEcMBoGA1UEChMTRXVyb3BlYW4gQ29tbWlzc2lvbjEOMAwGA1UECxMFRElHSVQxEzARBgNVBAMTCmV0cnVzdGV4Y2EwgZ8wDQYJKoZIhvcNAQEBBQADgY0AMIGJAoGBALH4RzuzvPjdlbxyWFRdIFthiQOkvJ88G+krJEor3HXnZFa5xiRtVQitvdwvWg1XnGgGhubWPWASMWPP6UNT1zQGOa1MjFoyF3HhPXeBG3mP4AmXVvApEPQtW8YjTogUz53kqCvs0QuOP4jw0Nrh+1X/YnEKZxviHWTO+704LvtlAgMBAAEwDQYJKoZIhvcNAQEFBQADgYEAaSkB6eHTf9RP/eA4IVw1Ch7Sl3yRIcTKq6rTkEeQLBf7n95dTgYTBPCyciIq1BtoZQkGG63GhF+bxSrOhVtn3Qed8zn3TDAMH82u7n4KP4tcndjXiF6tLDT9PqtnoJk64SupdEFF7bZ8DCwD5zs1rcMeAdcJVC/+lTE71YAiybw=WFRdIFthiQOkvJ88G+krJEor3HXnZFa5xiRtVQitvdwvWg1XnGgGhubWPWASMWPP6UNT1zQGOa1MjFoyF3HhPXeBG3mP4AmXVvApEPQtW8YjTogUz53kqCvs0QuOP4jw0Nrh+1X/YnEKZxviHWTO+704LvtlAgMBAAEwDQYJKoZIhvcNAQEFBQADgYEAaSkB6eHTf9RP/eA4IVw1Ch7Sl3yRIcTKq6rTkEeQLBf7n95dTgYTBPCyciIq1BtoZQkGG63GhF+bxSrOhVtn3Qed8zn3TDAMH82u7n4KP4tcndjXiF6tLDT9PqtnoJk64SupdEFF7bZ8DCwD5zs1rcMeAdcJVC/+lTE71YAiybw=','CN=PRIOR_USERca, OU=DIGIT, O=European Commission, L=Brussels, ST=Europe, C=EU','CN=PRIOR_USERca, OU=DIGIT, O=European Commission, L=Brussels, ST=Europe, C=EU','1344933233',null,null,'X509','KEY_ENCIPHERMENT',null,null,null);
insert into `ETR_TB_CERTIFICATE`(`CERT_ID`,`CRE_DT`,`CRE_ID`,`MOD_DT`,`MOD_ID`,`CERT_ATTRIBUTES`,`CERT_ENCODED_DATA`,`CERT_HOLDER`,`CERT_ISSUER`,`CERT_SERIAL_NR`,`CERT_SIGN_ALG`,`CERT_SIGN_VAL`,`CERT_TYPE`,`CERT_USAGE`,`CERT_VALID_TO`,`CERT_VALID_FROM`,`CERT_VERSION`) values (29,'2013-12-19 14:28:00','ventrgi','2013-12-19 14:28:00','ventrgi',null,'MIICITCCAYqgAwIBAgIET/WJ9jANBgkqhkiG9w0BAQUFADBVMQswCQYDVQQGEwJCRTELMAkGA1UECBMCQkUxDDAKBgNVBAcTA0JYTDELMAkGA1UEChMCRUMxDjAMBgNVBAsTBURJR0lUMQ4wDAYDVQQDEwVwYXJ0eTAeFw0xMjA3MDUxMjM1MDJaFw0xMjEwMDMxMjM1MDJaMFUxCzAJBgNVBAYTAkJFMQswCQYDVQQIEwJCRTEMMAoGA1UEBxMDQlhMMQswCQYDVQQKEwJFQzEOMAwGA1UECxMFRElHSVQxDjAMBgNVBAMTBXBhcnR5MIGfMA0GCSqGSIb3DQEBAQUAA4GNADCBiQKBgQC+y6rkhPwMSqE/3RTyv1AX02kDtU8+B+VHBU6SUkS9tM6HAgj6+YA0egbVOd1FWy7+miAMFkzPic80pvF4natyTYv9OOhFxz7HiQKjqEEgXsM32E6i3B2OP9HQggPkvpDtAhnt/g+kumchocRf7RHrGbOkzqP86+oAKu8n5SSmKwIDAQABMA0GCSqGSIb3DQEBBQUAA4GBAATqyP0gFvgXByOMXjnfBR8AUI6aGALfxEYtrtVrwEbZ7kyukndmgd0S7uy9Cn/dfrAhWtmvlLvdt3nbiCVk0irsYxtOS03bVDQKsdFcLsKAjTFYJzOwBSIaIw5QhmhlN7InPxJZ9LP519bfW1BnHpLhcvYiwkhB5mEPOFB6hd37','CN=etrustexca, OU=DIGIT, O=European Commission, L=Brussels, ST=Europe, C=EU','CN=etrustexca, OU=DIGIT, O=European Commission, L=Brussels, ST=Europe, C=EU','1344933234',null,null,'X509','KEY_ENCIPHERMENT',null,null,null);
insert into `ETR_TB_CERTIFICATE`(`CERT_ID`,`CRE_DT`,`CRE_ID`,`MOD_DT`,`MOD_ID`,`CERT_ATTRIBUTES`,`CERT_ENCODED_DATA`,`CERT_HOLDER`,`CERT_ISSUER`,`CERT_SERIAL_NR`,`CERT_SIGN_ALG`,`CERT_SIGN_VAL`,`CERT_TYPE`,`CERT_USAGE`,`CERT_VALID_TO`,`CERT_VALID_FROM`,`CERT_VERSION`) values (30,'2013-12-19 14:28:00','ventrgi','2013-12-19 14:28:00','ventrgi',null,'MIICcTCCAdqgAwIBAgIEUCoQGDANBgkqhkiG9w0BAQUFADB9MQswCQYDVQQGEwJFVTEPMA0GA1UECBMGRXVyb3BlMREwDwYDVQQHEwhCcnVzc2VsczEcMBoGA1UEChMTRXVyb3BlYW4gQ29tbWlzc2lvbjEOMAwGA1UECxMFRElHSVQxHDAaBgNVBAMTE3RydXN0Y3VzdHBhcnR5MTNjZXIwHhcNMTIwODE0MDg0NTEyWhcNMTQwODE0MDg0NTEyWjB9MQswCQYDVQQGEwJFVTEPMA0GA1UECBMGRXVyb3BlMREwDwYDVQQHEwhCcnVzc2VsczEcMBoGA1UEChMTRXVyb3BlYW4gQ29tbWlzc2lvbjEOMAwGA1UECxMFRElHSVQxHDAaBgNVBAMTE3RydXN0Y3VzdHBhcnR5MTNjZXIwgZ8wDQYJKoZIhvcNAQEBBQADgY0AMIGJAoGBAJjQEq7AWj3/Pdr4xW2pT+e6cTan63C6x46o1NYz+U7kbopMYvQIt3nxLCfC1IRcNfUQLHXnFZS0/3Wgqa9OesGGdjcnLC0UDgQMkZcfoEZtLZZFdgy3B0jybZ1gawyu+fUxFRqdkzaMdGir/JnacCIXNjgYjArMRvqX5GCtdP3nAgMBAAEwDQYJKoZIhvcNAQEFBQADgYEAU92NPTagUWrCDlIZz1YytovEMF3N/Mz2uUhqq6MsMoRjuAU39MEM5L8ok6mPspBywOWKlGTQOyDonmVGgLxkUHCEXXL70KO4/MSIT3Qbav+kExYSNIQMjDOQ/q0RPmgNi8ux9SrfXA76kC5+dLCeKBT38TaFwud1A9U3n9Rbhmk=','CN=PRIOR_USERca, OU=DIGIT, O=European Commission, L=Brussels, ST=Europe, C=EU','CN=PRIOR_USERca, OU=DIGIT, O=European Commission, L=Brussels, ST=Europe, C=EU','1344933234',null,null,'X509','KEY_ENCIPHERMENT',null,null,null);
insert into `ETR_TB_CERTIFICATE`(`CERT_ID`,`CRE_DT`,`CRE_ID`,`MOD_DT`,`MOD_ID`,`CERT_ATTRIBUTES`,`CERT_ENCODED_DATA`,`CERT_HOLDER`,`CERT_ISSUER`,`CERT_SERIAL_NR`,`CERT_SIGN_ALG`,`CERT_SIGN_VAL`,`CERT_TYPE`,`CERT_USAGE`,`CERT_VALID_TO`,`CERT_VALID_FROM`,`CERT_VERSION`) values (31,'2013-12-19 14:28:00','ventrgi','2013-12-19 14:28:00','ventrgi',null,'LS0tLS1CRUdJTiBDRVJUSUZJQ0FURS0tLS0tCk1JSURXakNDQWtLZ0F3SUJBZ0lFVUw4OE96QU5CZ2txaGtpRzl3MEJBUTBGQURCdk1Rc3dDUVlEVlFRR0V3SkMKUlRFU01CQUdBMVVFQ0F3SlFuSjFlR1ZzYkdWek1SRXdEd1lEVlFRS0RBaEVTVWRKVkNCQ01URWNNQm9HQTFVRQpDd3dUUlhWeWIzQmxZVzRnUTI5dGJXbHpjMmx2YmpFYk1Ca0dBMVVFQXd3U1JYUjRWMlZpSUhSdklFNXZaR1ZVClpYTjBNQjRYRFRFeU1USXdOVEV5TWpJME9Gb1hEVEUzTVRJd05URXlNakkwT0Zvd2J6RUxNQWtHQTFVRUJoTUMKUWtVeEVqQVFCZ05WQkFnTUNVSnlkWGhsYkd4bGN6RVJNQThHQTFVRUNnd0lSRWxIU1ZRZ1FqRXhIREFhQmdOVgpCQXNNRTBWMWNtOXdaV0Z1SUVOdmJXMXBjM05wYjI0eEd6QVpCZ05WQkFNTUVrVjBlRmRsWWlCMGJ5Qk9iMlJsClZHVnpkRENDQVNJd0RRWUpLb1pJaHZjTkFRRUJCUUFEZ2dFUEFEQ0NBUW9DZ2dFQkFLZzlhMER6OHJQUmxEa1oKMzQxK092b29aRjNWeG51Tmh6NU9SL09zT2Q5N0dGYnF6eUhlcStFNy9PRENjcnFrY2ZvZ1RTVW5pYXpFL3pOcwoxMlVaalFmT2ZNR0txRnlOSzNzSHIweElYUTVmbDBldUJSWG5JeDdXV3BrbE5ZZW1FUnJsTy9POXpsQ2M3YzVRCi9ZVEN1SzV2cFRIWi9qYUNraHdxY09YRkVpYTNWMUtOSjk0UXlDRGkyL1ozeC9QS2R3My9IRTRGeHc3NmVNa0EKVGlsd2g0QWcwOXNZOFRjMDJ2L1RadXRRNmZMSEhmUm5zdVVJK3RGWHArRTRpaDZSVFczTGJFVWFsSG1NRDEyMApEelpMdjhXTzBqTEdtZUdZRlJIMnRCK2J5SjRMUTdHbk4yMmJkSTVpdWpsd1dMenlwRXJRckdLU0xrNmFFVHJiCktHUC9hOWNDQXdFQUFUQU5CZ2txaGtpRzl3MEJBUTBGQUFPQ0FRRUFNSHdPTXpHaUdEeGtjMWhQdWREL3U4NWwKUGJ0cnlIWDh2UEMreENYQ3YvcFF2Y2F5eU5RYWRHVVF0SmpHYnFSQkdTQmxMWU9RVGxhVFZHbEZGNGRWeE5tUApJNEpsTjFiTW9Ld1F4eEovNTY3M1lpUDRwUStTYk9ObFA2VWVabDk4WFpOK1lQL3lMUm9rM2JDd0NRdG5sOEt1CmdoNklxRDErRTF5bFV4ZFBpWmhHM0htVkM0R2RXWGNlUC9oWDlXbTEyajlxMGZXd2I5aW8xWDBCYWpuQzFMcEwKMTFUS1RrVXpqQlQ5c0JxNCtjZC9zSjZyVzFYOHJjNnhIL2dVWkJhaW1NcS9qQnhlYnoyTEJ5Y1Bsa3p1cU1MYwo1YWdwQ0EzMW5UdnU0bEVCZHUwZFNEVGFXdFA1bWdIVnR3SWF1MG1iMG92d1UxbHk3Tzl5TnFrVDlYaUNzZz09Ci0tLS0tRU5EIENFUlRJRklDQVRFLS0tLS0K','CN = EtxWeb to NodeTest,OU = European Commission,O = DIGIT B1,S = Bruxelles,C = BE','CN = EtxWeb to NodeTest,OU = European Commission,O = DIGIT B1,S = Bruxelles,C = BE','1354710075',null,null,'X509','KEY_ENCIPHERMENT',null,null,null);
insert into `ETR_TB_CERTIFICATE`(`CERT_ID`,`CRE_DT`,`CRE_ID`,`MOD_DT`,`MOD_ID`,`CERT_ATTRIBUTES`,`CERT_ENCODED_DATA`,`CERT_HOLDER`,`CERT_ISSUER`,`CERT_SERIAL_NR`,`CERT_SIGN_ALG`,`CERT_SIGN_VAL`,`CERT_TYPE`,`CERT_USAGE`,`CERT_VALID_TO`,`CERT_VALID_FROM`,`CERT_VERSION`) values (32,'2013-12-19 14:28:00','ventrgi','2013-12-19 14:28:00','ventrgi',null,'MIIDWjCCAkKgAwIBAgIEUL88OzANBgkqhkiG9w0BAQ0FADBvMQswCQYDVQQGEwJCRTESMBAGA1UECAwJQnJ1eGVsbGVzMREwDwYDVQQKDAhESUdJVCBCMTEcMBoGA1UECwwTRXVyb3BlYW4gQ29tbWlzc2lvbjEbMBkGA1UEAwwSRXR4V2ViIHRvIE5vZGVUZXN0MB4XDTEyMTIwNTEyMjI0OFoXDTE3MTIwNTEyMjI0OFowbzELMAkGA1UEBhMCQkUxEjAQBgNVBAgMCUJydXhlbGxlczERMA8GA1UECgwIRElHSVQgQjExHDAaBgNVBAsME0V1cm9wZWFuIENvbW1pc3Npb24xGzAZBgNVBAMMEkV0eFdlYiB0byBOb2RlVGVzdDCCASIwDQYJKoZIhvcNAQEBBQADggEPADCCAQoCggEBAKg9a0Dz8rPRlDkZ341+OvooZF3VxnuNhz5OR/OsOd97GFbqzyHeq+E7/ODCcrqkcfogTSUniazE/zNs12UZjQfOfMGKqFyNK3sHr0xIXQ5fl0euBRXnIx7WWpklNYemERrlO/O9zlCc7c5Q/YTCuK5vpTHZ/jaCkhwqcOXFEia3V1KNJ94QyCDi2/Z3x/PKdw3/HE4Fxw76eMkATilwh4Ag09sY8Tc02v/TZutQ6fLHHfRnsuUI+tFXp+E4ih6RTW3LbEUalHmMD120DzZLv8WO0jLGmeGYFRH2tB+byJ4LQ7GnN22bdI5iujlwWLzypErQrGKSLk6aETrbKGP/a9cCAwEAATANBgkqhkiG9w0BAQ0FAAOCAQEAMHwOMzGiGDxkc1hPudD/u85lPbtryHX8vPC+xCXCv/pQvcayyNQadGUQtJjGbqRBGSBlLYOQTlaTVGlFF4dVxNmPI4JlN1bMoKwQxxJ/5673YiP4pQ+SbONlP6UeZl98XZN+YP/yLRok3bCwCQtnl8Kugh6IqD1+E1ylUxdPiZhG3HmVC4GdWXceP/hX9Wm12j9q0fWwb9io1X0BajnC1LpL11TKTkUzjBT9sBq4+cd/sJ6rW1X8rc6xH/gUZBaimMq/jBxebz2LBycPlkzuqMLc5agpCA31nTvu4lEBdu0dSDTaWtP5mgHVtwIau0mb0ovwU1ly7O9yNqkT9XiCsg==','CN = EtxWeb to NodeTest,OU = European Commission,O = DIGIT B1,S = Bruxelles,C = BE','CN = EtxWeb to NodeTest,OU = European Commission,O = DIGIT B1,S = Bruxelles,C = BE','13547100751',null,null,'X509','KEY_ENCIPHERMENT',null,null,null);
insert into `ETR_TB_CERTIFICATE`(`CERT_ID`,`CRE_DT`,`CRE_ID`,`MOD_DT`,`MOD_ID`,`CERT_ATTRIBUTES`,`CERT_ENCODED_DATA`,`CERT_HOLDER`,`CERT_ISSUER`,`CERT_SERIAL_NR`,`CERT_SIGN_ALG`,`CERT_SIGN_VAL`,`CERT_TYPE`,`CERT_USAGE`,`CERT_VALID_TO`,`CERT_VALID_FROM`,`CERT_VERSION`) values (33,'2013-12-19 14:28:00','ventrgi','2013-12-19 14:28:00','ventrgi',null,'MIIJOjCCBSKgAwIBAgIEUCO8WTANBgkqhkiG9w0BAQ0FADBfMQswCQYDVQQGEwJCRTEMMAoGA1UECAwDQnhsMQwwCgYDVQQHDANCeGwxCzAJBgNVBAoMAkVDMREwDwYDVQQLDAhESUdJVF9CMTEUMBIGA1UEAwwLVmFsZXIgTWljbGUwHhcNMTIwODA5MTMzNTA2WhcNNDIwODA5MTMzNTA2WjBfMQswCQYDVQQGEwJCRTEMMAoGA1UECAwDQnhsMQwwCgYDVQQHDANCeGwxCzAJBgNVBAoMAkVDMREwDwYDVQQLDAhESUdJVF9CMTEUMBIGA1UEAwwLVmFsZXIgTWljbGUwggQiMA0GCSqGSIb3DQEBAQUAA4IEDwAwggQKAoIEAQCX8T76L+oC7Y7eNsJrawX6v4uAUAC1O+ZZnXjI3f3wDOrlLw40aORhwAND9Efc4RgjhRoEViWdIoyrx9cJq3V9qqSvaHXTalBTCE1woO+OKD+u8W97slULd3C6fr5W6kLs7KO9I5ZVW7QkFT/sqzyNFvQHcXy1O4dmGycPAEE9P9QMGT8J/nTsQw62iYsdzQlv+8RylhTCMauiPytmETLCWmGKhrdU5Ktx4KRhCMr+e8N1FcBMIFsLGXzEHFYIVYaP3JuMQ/OU7H4fSPZjqyLQuOQ/iXGQp5pyVZmUQDMYOWhmImvXni2SlGKr0s8RwbeNc79X59VAtWuUkxNpvxYvhWLRCyRKspwjtI/z7z6nPzMUtWgl55qwxwhtjiJwd+/5gfwVYhZu0nuoATTeXchB68QGGwZybqnpzYwED51wsrBUSrsni1k16q+1YqEhUE2n05ihjQu+qDo+ElLo1w7dYLWileDzCpdX7ST8c9PBZ73fTn/6cXokT3ythdXxt1r1HMZX5/sstimuf4Y0m2mIe/bWDGwX6sW546RJQTn9MJzWITp77IkcEjRyYCnKkosnigeG5SWiuG37iY0l6TYwj+bbJu5BlBnZhlCDjT5O9CnS9vjKXuuwrcJgUJcnUi4RCcqOiuakgnB75Uk/mhxLEuvdvDnnHhN1um/jX2WQ5vIegSUy87ioBNceWuFAURx3Zkv74sMngOhXo1lcQw3P/QjvP0AN4ayovvLTVHubNAAinlwg9NjAXVG4ZjhyMQmDJeDyma0I7yXtxQVX9Mc8ls97PosXbMLGOREGlANeltiX0DugFCxZZmb+yrRqxEc5x0b1dZJOmX4BIBSb8u1iv5n5Nk1BUTwFGc+mB93f5Xc72fEFv2LFx/8BveeSHivtjnn0H3VYI53clu2ewWyiYtqu5nioxRqlAid9iQg2mit+Ckc7EYb4wH3NocIWePeIRm4l+qg+tiuPoqasy2SRMQGBKJ1xaQyQ2zMY4XEmySgUMyTBDh/B12BfMAvbtEpVIj1R42YH5pyF/p4Eohjm3hT1nTYj5QN7ocS7s/ATXb6tjyr2QnySbsrQOdqFgciBcmNOjeExvAmojJ5eeFYBxBp1Bue31AEtwj9MpbNsrSDUMSMQVqeOu9v42kv3x4UTBsmkJXmANzt+KMCzt/2JFTdenqR+COJsPBRqvHVtq5OB7jhOck+qArFKRqyr3RuwVkoMCT09P1nYWmJ0+dpBlj7feTDWqfbfFvWFUqUKbHNEsh6xz0dQ072MAT4w3q4SuKOSycY3kAuDr9keGctXOEUQLa0p9d+3EcoDI527N4eLa0siEgm8sXAaxUaCUtbPIwHqndONDTgOsD9yNNDJAgMBAAEwDQYJKoZIhvcNAQENBQADggQBAHurg/IEq9xnsIUfQJkrHahfdfcbgrS7OD8Q3uPsLq33iWB1hbozp4SuTUXhUR13+YeTGTJSJlPUnKecvZVyluVMznwkX0zCMpPIds3kQsr/kMghkLJ7umhD1vieQGrKA9rPYI8kz0fa076KOzKyMmDamIC+lXdyHUdCsn/eRrRSiQdRT2Nkpfk+CdoHU8VELbQc+yBaS278PgoMUK66RQ/EuvtGP80ZBbbHJcuTNVIMKq/AHgO0V/lCqak+ZQXrbdmMWBIjbeQvhzX4nN6sjdM30dOsJ+DpXW2NscdjT1PyXmy3OtxuBoVRIZjutDhiZ50fGEEleS6Qobcw82EpFoXHmQIihGplTfZoATAAqBLOTIqOPW+9hx/ZUAJV6tSWGuTvERxjbKdQO3DEycp/HfR+011XhdsyrA/lU8Inx4BON+BwjkuaQB+PRBmTrwpGJq2PGusjcLRjZ+pDDC6tsGkMDhab0wBtWTcITQn0qEIKXxaYisSWFF1dd0jD+aAjbrwc6b3shE4Ts9vnQ81RwvmLqG2GUTm9Katihka1hO5KtVKSWfaBEPF59TxanehYgq1B/Ac2nwepLJuWoCgx4+2l9fvtH+9y9dIVxFF0Bu1XDU5tyHGTYoRqmMvFrizCkkJb7JgiI6vDOVkpl955LXDhXmKEXgiR5gaqUaMpDSg4AKGx/WhXiEAdNOMVyjJ8Yz+d1MSGXs7G9ufYoa7Fp5RUBPdnePJeKxyEPloFjLkqSBvYvHH1mEpKxN2Moo3yzh9qd8RbM7MCv8svxUnM8l9Cio1rtiCC8+8ihzVcOdPC5f0wFTq+v+2v2arwQSrsMxrRVpul6+JjjGb+XsWmz9EfkJt3gVIOXfhKJ+gyNORw/ByHJxtHG3lb3gsNX/QjrnVJvWUMXmn/FvjgEi6FtTjGKA++MvyI0HC3wVAWW2Dr0B4XQopBJsATaueCRrCO6Tdj1AXVYjZqB4Pr5qJ8nAC4haea9yYFDgoqiWW+WcDmRQRw/lNwdxd3Ac2qeX821V/d+LQdLkYdB8poo8RldRWrwjLsMF3DPAUc3DAnJs4nhY4YCbrmzi5o07VliPxpa4I2Je464mrrbye9Gym/MJtRQxe+pgGOfqUd4c2WbUmUiBqU7SpRo5bCPedmcs/vJIpoBNReUgqH0XDTC+Fk80t8M7DKZ61LrmyyHp67EvveLHPEsZXci7zXymUKdv4ptF36/j8aOGW0r0aYMtWN/wcFWMV0p94MWjYT3IvWoF76aSHEHLGpF0DIvHTQKWyCKHiUHPU+H8/bwqTCfG2j/N0e9dIaM7KKVjCyW6zqEhVbQ1piXKhNQ6FbxIiIOpfAyLLEWXox9UIMpkC5pQDJ4Qc=','CN = Valer Micle, OU = DIGIT_B1, O = EC, L = Bxl, S = Bxl, C = BE','CN = EtxWeb to NodeTest,OU = European Commission,O = DIGIT B1,S = Bruxelles,C = BE','13547100752',null,null,'X509','KEY_ENCIPHERMENT',null,null,null);
insert into `ETR_TB_CERTIFICATE`(`CERT_ID`,`CRE_DT`,`CRE_ID`,`MOD_DT`,`MOD_ID`,`CERT_ATTRIBUTES`,`CERT_ENCODED_DATA`,`CERT_HOLDER`,`CERT_ISSUER`,`CERT_SERIAL_NR`,`CERT_SIGN_ALG`,`CERT_SIGN_VAL`,`CERT_TYPE`,`CERT_USAGE`,`CERT_VALID_TO`,`CERT_VALID_FROM`,`CERT_VERSION`) values (34,'2013-12-19 14:28:00','ventrgi','2013-12-19 14:28:00','ventrgi',null,'MIIDYjCCAkqgAwIMIIDYjCCAkqgAwIBAgIEURNsgzANBgkqhkiG9w0BAQIFADBzMQswCQYDVQQGEwJCRTENMAsGA1UECAwEQkVMRzERMA8GA1UEBwwIQlJVU1NFTFMxEDAOBgNVBAoMB0VETUFTWVMxGzAZBgNVBAsMEkVETUFfQURQX05PREVfVEVTVDETMBEGA1UEAwwKRURNQS1BUk1FTjAeFw0xMzAyMDcwODU5MjNaFw0xNDAyMDcwODU5MjNaMHMxCzAJBgNVBAYTAkJFMQ0wCwYDVQQIDARCRUxHMREwDwYDVQQHDAhCUlVTU0VMUzEQMA4GA1UECgwHRURNQVNZUzEbMBkGA1UECwwSRURNQV9BRFBfTk9ERV9URVNUMRMwEQYDVQQDDApFRE1BLUFSTUVOMIIBIjANBgkqhkiG9w0BAQEFAAOCAQ8AMIIBCgKCAQEAh1O2JFVC9Ei692P+ybd1mdKKAUZWqUPuZNL9DGWxCmgWVFT5dRc9/2CubX5qYzIgWL+FuogFtyEcnBBFohzHLruE/o9onmAilT9Xo/CWNfcu7CGppF/op3qX62uFheHX2lQZMIIDYjCCAkqgAwIBAgIEURNsgzANBgkqhkiG9w0BAQIFADBzMQswCQYDVQQGEwJCRTENMAsGA1UECAwEQkVMRzERMA8GA1UEBwwIQlJVU1NFTFMxEDAOBgNVBAoMB0VETUFTWVMxGzAZBgNVBAsMEkVETUFfQURQX05PREVfVEVTVDETMBEGA1UEAwwKRURNQS1BUk1FTjAeFw0xMzAyMDcwODU5MjNaFw0xNDAyMDcwODU5MjNaMHMxCzAJBgNVBAYTAkJFMQ0wCwYDVQQIDARCRUxHMREwDwYDVQQHDAhCUlVTU0VMUzEQMA4GA1UECgwHRURNQVNZUzEbMBkGA1UECwwSRURNQV9BRFBfTk9ERV9URVNUMRMwEQYDVQQDDApFRE1BLUFSTUVOMIIBIjANBgkqhkiG9w0BAQEFAAOCAQ8AMIIBCgKCAQEAh1O2JFVC9Ei692P+ybd1mdKKAUZWqUPuZNL9DGWxCmgWVFT5dRc9/2CubX5qYzIgWL+FuogFtyEcnBBFohzHLruE/o9onmAilT9Xo/CWNfcu7CGppF/op3qX62uFheHX2lQZTgwZTvBslMvOd4rb+mFP34RJtorktmIkBtcQSVJ5cWofDZ8SqJaDImjL1oWTpvtoVNUJzWFvP/aeTSeZ865nTn0L+KPjcHibfMhU11/BA7oyqiBtelTtJHaFKmbbT1KEHwPyuaYXbcANHsvd/lAhT+2gAIgAOaaSl5i0VxNJClFgKLNfuCQTONSQu4HKKMV0llm5VNtMU6MpBJK/4QIDAQABMA0GCSqGSIb3DQEBAgUAA4IBAQBtdYDJ4fRltrY5UuKjQjAJQiyQE4zsIM4IKzc8z5g838pTa5XGLRUiyvhcbzVD+WLoQXzH00ZGWRhRP3cTkMHz7Sm87r1XTxn0m/4EYYwPwQXY6m2MG+/JPgDo3oHZ9JJ6tPCtm68xYQS/ajW1+sDF4DGImPrLzfyfs0AnAcfZXqyIfeZ8pdZAXA7zmyUca16NKQUHO5ZOYd3gywaCXlVBA/f8LdcPkeFNcLwfBEOW8vOstE2PEqwt7ca5Fy446y0WvGHzTsXeKvcUkYqanPqxZhwh8BM5fwHZHZsmPL3ubF1ToV9DZkO12Blsw62+SQOJ6C2eNq3ECgDueFeNCqZoVNUJzWFvP/aeTSeZ865nTn0L+KPjcHibfMhU11/BA7oyqiBtelTtJHaFKmbbT1KEHwPyuaYXbcANHsvd/lAhT+2gAIgAOaaSl5i0VxNJClFgKLNfuCQTONSQu4HKKMV0llm5VNtMU6MpBJK/4QIDAQABMA0GCSqGSIb3DQEBAgUAA4IBAQBtdYDJ4fRltrY5UuKjQjAJQiyQE4zsIM4IKzc8z5g838pTa5XGLRUiyvhcbzVD+WLoQXzH00ZGWRhRP3cTkMHz7Sm87r1XTxn0m/4EYYwPwQXY6m2MG+/JPgDo3oHZ9JJ6tPCtm68xYQS/ajW1+sDF4DGImPrLzfyfs0AnAcfZXqyIfeZ8pdZAXA7zmyUca16NKQUHO5ZOYd3gywaCXlVBA/f8LdcPkeFNcLwfBEOW8vOstE2PEqwt7ca5Fy446y0WvGHzTsXeKvcUkYqanPqxZhwh8BM5fwHZHZsmPL3ubF1ToV9DZkO12Blsw62+SQOJ6C2eNq3ECgDueFeNCqZo','CN = Armen, OU = DIGIT_B1, O = EC, L = Bxl, S = Bxl, C = BE','CN = EtxWeb to NodeTest,OU = European Commission,O = DIGIT B1,S = Bruxelles,C = BE','13547100753',null,null,'X509','KEY_ENCIPHERMENT',null,null,null);
insert into `ETR_TB_CERTIFICATE`(`CERT_ID`,`CRE_DT`,`CRE_ID`,`MOD_DT`,`MOD_ID`,`CERT_ATTRIBUTES`,`CERT_ENCODED_DATA`,`CERT_HOLDER`,`CERT_ISSUER`,`CERT_SERIAL_NR`,`CERT_SIGN_ALG`,`CERT_SIGN_VAL`,`CERT_TYPE`,`CERT_USAGE`,`CERT_VALID_TO`,`CERT_VALID_FROM`,`CERT_VERSION`) values (35,'2013-12-19 14:28:00','ventrgi','2013-12-19 14:28:00','ventrgi',null,'MIIDWjCCAkKgAwIBAgIEUL88OzANBgkqhkiG9w0BAQ0FADBvMQswCQYDVQQGEwJCRTESMBAGA1UECAwJQnJ1eGVsbGVzMREwDwYDVQQKDAhESUdJVCBCMTEcMBoGA1UECwwTRXVyb3BlYW4gQ29tbWlzc2lvbjEbMBkGA1UEAwwSRXR4V2ViIHRvIE5vZGVUZXN0MB4XDTEyMTIwNTEyMjI0OFoXDTE3MTIwNTEyMjI0OFowbzELMAkGA1UEBhMCQkUxEjAQBgNVBAgMCUJydXhlbGxlczERMA8GA1UECgwIRElHSVQgQjExHDAaBgNVBAsME0V1cm9wZWFuIENvbW1pc3Npb24xGzAZBgNVBAMMEkV0eFdlYiB0byBOb2RlVGVzdDCCASIwDQYJKoZIhvcNAQEBBQADggEPADCCAQoCggEBAKg9a0Dz8rPRlDkZ341+OvooZF3VxnuNhz5OR/OsOd97GFbqzyHeq+E7/ODCcrqkcfogTSUniazE/zNs12UZjQfOfMGKqFyNK3sHr0xIXQ5fl0euBRXnIx7WWpklNYemERrlO/O9zlCc7c5Q/YTCuK5vpTHZ/jaCkhwqcOXFEia3V1KNJ94QyCDi2/Z3x/PKdw3/HE4Fxw76eMkATilwh4Ag09sY8Tc02v/TZutQ6fLHHfRnsuUI+tFXp+E4ih6RTW3LbEUalHmMD120DzZLv8WO0jLGmeGYFRH2tB+byJ4LQ7GnN22bdI5iujlwWLzypErQrGKSLk6aETrbKGP/a9cCAwEAATANBgkqhkiG9w0BAQ0FAAOCAQEAMHwOMzGiGDxkc1hPudD/u85lPbtryHX8vPC+xCXCv/pQvcayyNQadGUQtJjGbqRBGSBlLYOQTlaTVGlFF4dVxNmPI4JlN1bMoKwQxxJ/5673YiP4pQ+SbONlP6UeZl98XZN+YP/yLRok3bCwCQtnl8Kugh6IqD1+E1ylUxdPiZhG3HmVC4GdWXceP/hX9Wm12j9q0fWwb9io1X0BajnC1LpL11TKTkUzjBT9sBq4+cd/sJ6rW1X8rc6xH/gUZBaimMq/jBxebz2LBycPlkzuqMLc5agpCA31nTvu4lEBdu0dSDTaWtP5mgHVtwIau0mb0ovwU1ly7O9yNqkT9XiCsg==','CN = web certificate, OU = DIGIT_B1, O = EC, L = Bxl, S = Bxl, C = BE','CN = EtxWeb to NodeTest,OU = European Commission,O = DIGIT B1,S = Bruxelles,C = BE','13547100754',null,null,'X509','KEY_ENCIPHERMENT',null,null,null);
insert into `ETR_TB_CERTIFICATE`(`CERT_ID`,`CRE_DT`,`CRE_ID`,`MOD_DT`,`MOD_ID`,`CERT_ATTRIBUTES`,`CERT_ENCODED_DATA`,`CERT_HOLDER`,`CERT_ISSUER`,`CERT_SERIAL_NR`,`CERT_SIGN_ALG`,`CERT_SIGN_VAL`,`CERT_TYPE`,`CERT_USAGE`,`CERT_VALID_TO`,`CERT_VALID_FROM`,`CERT_VERSION`) values (36,'2013-12-19 14:28:00','ventrgi','2013-12-19 14:28:00','ventrgi',null,'MIICyTCCAjKgAwIBAgIEUT8fgDANBgkqhkiG9w0BAQIFADCBqDEfMB0GCSqGSIb3DQEJARYQYXJtZW5AY2hvbGFrLmNvbTELMAkGA1UEBhMCQkUxETAPBgNVBAgMCEJSVVNTRUxTMRIwEAYDVQQHDAlFVFRFUkJFRUsxHDAaBgNVBAoME0VVUk9QRUFOIENPTU1JU1NJT04xETAPBgNVBAsMCERJR0lUIEIxMSAwHgYDVQQDDBdMRVZFTCAyIENPTkZJREVOVElBTElUWTAeFw0xMzAzMTIxMjI5NThaFw0xNDAzMTIxMjI5NThaMIGoMR8wHQYJKoZIhvcNAQkBFhBhcm1lbkBjaG9sYWsuY29tMQswCQYDVQQGEwJCRTERMA8GA1UECAwIQlJVU1NFTFMxEjAQBgNVBAcMCUVUVEVSQkVFSzEcMBoGA1UECgwTRVVST1BFQU4gQ09NTUlTU0lPTjERMA8GA1UECwwIRElHSVQgQjExIDAeBgNVBAMMF0xFVkVMIDIgQ09ORklERU5USUFMSVRZMIGfMA0GCSqGSIb3DQEBAQUAA4GNADCBiQKBgQCCCiMBpAQ4wsqAdMNMCmivLmcXg9BKU2SExzexrEY5qI0Geg689Bx+djalJ52wAaDkc54icV3kMEuB2DZjR7TDAwGWQuiCgt2eTUlspM09s7SxvouZnKWramY6W/cqq/pRGFTKlmqZnvXEThMbz+vm/wZloHAoXYulsXwfqE4YGwIDAQABMA0GCSqGSIb3DQEBAgUAA4GBAD2uHdjC4g9HbNHa/TVd+4K0pjnk0bTCP+XbnASI2h3ksbCz7WLkzKj4Ksj0+CouMBAuiYqgQruzZA6YdZ/znSEL62jDFZRL2IBRuUmpREWLCR55TBfaUEkh4ZlgVLNbYpeLElXaVUWLqRlyolNwYWP6oMsal3Q19u+jOsvCgnPS','CN = LEVEL 2 CONFIDENTIALITY,OU = DIGIT B1,O = EUROPEAN COMMISSION,L = ETTERBEEK,S = BRUSSELS,C = BE,E = armen@cholak.com','CN = LEVEL 2 CONFIDENTIALITY,OU = DIGIT B1,O = EUROPEAN COMMISSION,L = ETTERBEEK,S = BRUSSELS,C = BE,E = armen@cholak.com','13547100755','md2RSA',null,'X509','KEY_ENCIPHERMENT','2014-03-12 00:00:00','2013-03-12 00:00:00','V3');
insert into `ETR_TB_CERTIFICATE`(`CERT_ID`,`CRE_DT`,`CRE_ID`,`MOD_DT`,`MOD_ID`,`CERT_ATTRIBUTES`,`CERT_ENCODED_DATA`,`CERT_HOLDER`,`CERT_ISSUER`,`CERT_SERIAL_NR`,`CERT_SIGN_ALG`,`CERT_SIGN_VAL`,`CERT_TYPE`,`CERT_USAGE`,`CERT_VALID_TO`,`CERT_VALID_FROM`,`CERT_VERSION`) values (37,'2013-12-19 14:28:00','ventrgi','2013-12-19 14:28:00','ventrgi',null,'MIIDVTCCAj2gAwIBAgIFATRv+64wDQYJKoZIhvcNAQENBQAwbDELMAkGA1UEBhMCQkUxEjAQBgNVBAgMCUJydXhlbGxlczERMA8GA1UECgwIRElHSVQgQjExHDAaBgNVBAsME0V1cm9wZWFuIENvbW1pc3Npb24xGDAWBgNVBAMMD0VETUEgdG8gTm9kZUFDQzAeFw0xMzA2MjAxMTE1NTVaFw0xODA2MjAxMTE1NTVaMGwxCzAJBgNVBAYTAkJFMRIwEAYDVQQIDAlCcnV4ZWxsZXMxETAPBgNVBAoMCERJR0lUIEIxMRwwGgYDVQQLDBNFdXJvcGVhbiBDb21taXNzaW9uMRgwFgYDVQQDDA9FRE1BIHRvIE5vZGVBQ0MwggEiMA0GCSqGSIb3DQEBAQUAA4IBDwAwggEKAoIBAQCK1HEZ4yApxorg+fp4g1Jr9q/H8rJbddQtQnB8o8QMlgWq3tlD7S6FnXoZtQAehp8H9v6GCzem+eg1g0TPwtChuts/hfotX7Yulm1K0xCMnj0VdNNms8I1YaSJCJxxyrJqTZllgKci8/a/lpzzDyZGDS0rQZ2louA4TKZV+3rwFwovJCWEMCEaJ4JNeLU9oIJ8gAk/IEGG2bpPLlyaI4l4Ji6ey/nYLxe+Rc3TNa5M5JT7cTOFard3gyk2JzAOgUuWYSNiyI4TZmOKhoaV4JgMge6UjhjxU1+b7LzPn9beddTMnzxkQ3qjOvOaGEyqe7AfD6e/GgNgP2wVBsxCRUM7AgMBAAEwDQYJKoZIhvcNAQENBQADggEBAFtvpZNUZKtHOLM2jGrFZP2hBS/25fhrJgxQ3G1E5q6AJ8i6tplnr5Xqd2nD3/tUcaxejRhPFK3rwgs/mkczXA2X3pehO+AbUoTg+0Xy1GMy3Zj8cYhybVY8uPh3upsESoGEz3hMinzF/1rdX+BjYjEI5TIHCfWTLu6kxOFmTDjTZPKH0homtaqJyDtEqNE+HoIYo8tAaVoTCzrzOy/UqEd9jjmf0cFJqkvgagIvLuMGVYRYBh8oHwQBCZCbro2FB2AT1b5sITkU+Tr1N/QzTDMEOQF2qwx4ZXxLy9Mjns3Ux3lEq0tu33uLa5Ndn09AnQ7dZOnuq5haM1b0GoKE0AQ=','CN = Armen, OU = DIGIT_B1, O = EC, L = Bxl, S = Bxl, C = BE','CN = Armen, OU = DIGIT_B1, O = EC, L = Bxl, S = Bxl, C = BE','1354710075599','md2RSA',null,'X509','KEY_ENCIPHERMENT','2014-03-12 00:00:00','2013-03-12 00:00:00','V3');
insert into `ETR_TB_CERTIFICATE`(`CERT_ID`,`CRE_DT`,`CRE_ID`,`MOD_DT`,`MOD_ID`,`CERT_ATTRIBUTES`,`CERT_ENCODED_DATA`,`CERT_HOLDER`,`CERT_ISSUER`,`CERT_SERIAL_NR`,`CERT_SIGN_ALG`,`CERT_SIGN_VAL`,`CERT_TYPE`,`CERT_USAGE`,`CERT_VALID_TO`,`CERT_VALID_FROM`,`CERT_VERSION`) values (38,'2013-12-19 14:28:00','ventrgi','2013-12-19 14:28:00','ventrgi',null,'MIICyTCCAjKgAwIBAgIEUT8fgDANBgkqhkiG9w0BAQIFADCBqDEfMB0GCSqGSIb3DQEJARYQYXJtZW5AY2hvbGFrLmNvbTELMAkGA1UEBhMCQkUxETAPBgNVBAgMCEJSVVNTRUxTMRIwEAYDVQQHDAlFVFRFUkJFRUsxHDAaBgNVBAoME0VVUk9QRUFOIENPTU1JU1NJT04xETAPBgNVBAsMCERJR0lUIEIxMSAwHgYDVQQDDBdMRVZFTCAyIENPTkZJREVOVElBTElUWTAeFw0xMzAzMTIxMjI5NThaFw0xNDAzMTIxMjI5NThaMIGoMR8wHQYJKoZIhvcNAQkBFhBhcm1lbkBjaG9sYWsuY29tMQswCQYDVQQGEwJCRTERMA8GA1UECAwIQlJVU1NFTFMxEjAQBgNVBAcMCUVUVEVSQkVFSzEcMBoGA1UECgwTRVVST1BFQU4gQ09NTUlTU0lPTjERMA8GA1UECwwIRElHSVQgQjExIDAeBgNVBAMMF0xFVkVMIDIgQ09ORklERU5USUFMSVRZMIGfMA0GCSqGSIb3DQEBAQUAA4GNADCBiQKBgQCCCiMBpAQ4wsqAdMNMCmivLmcXg9BKU2SExzexrEY5qI0Geg689Bx+djalJ52wAaDkc54icV3kMEuB2DZjR7TDAwGWQuiCgt2eTUlspM09s7SxvouZnKWramY6W/cqq/pRGFTKlmqZnvXEThMbz+vm/wZloHAoXYulsXwfqE4YGwIDAQABMA0GCSqGSIb3DQEBAgUAA4GBAD2uHdjC4g9HbNHa/TVd+4K0pjnk0bTCP+XbnASI2h3ksbCz7WLkzKj4Ksj0+CouMBAuiYqgQruzZA6YdZ/znSEL62jDFZRL2IBRuUmpREWLCR55TBfaUEkh4ZlgVLNbYpeLElXaVUWLqRlyolNwYWP6oMsal3Q19u+jOsvCgnPS','CN = LEVEL 2 CONFIDENTIALITY, OU = DIGIT B1, O = EUROPEAN COMMISSION, L = ETTERBEEK, S = BRUSSELS, C = BE, E = armen@cholak.com','CN = LEVEL 2 CONFIDENTIALITY, OU = DIGIT B1, O = EUROPEAN COMMISSION, L = ETTERBEEK, S = BRUSSELS, C = BE, E = armen@cholak.com','?51 3f 1f 81',null,null,'X509','KEY_ENCIPHERMENT',null,null,null);
insert into `ETR_TB_CERTIFICATE`(`CERT_ID`,`CRE_DT`,`CRE_ID`,`MOD_DT`,`MOD_ID`,`CERT_ATTRIBUTES`,`CERT_ENCODED_DATA`,`CERT_HOLDER`,`CERT_ISSUER`,`CERT_SERIAL_NR`,`CERT_SIGN_ALG`,`CERT_SIGN_VAL`,`CERT_TYPE`,`CERT_USAGE`,`CERT_VALID_TO`,`CERT_VALID_FROM`,`CERT_VERSION`) values (452868,'2014-08-25 13:07:33','daniemn','2014-08-25 13:07:33','daniemn','party94','party94','party94','party94','party94','party94','party94','party94','party94','2014-08-29 00:00:00','2014-08-26 00:00:00','party94');
insert into `ETR_TB_CERTIFICATE`(`CERT_ID`,`CRE_DT`,`CRE_ID`,`MOD_DT`,`MOD_ID`,`CERT_ATTRIBUTES`,`CERT_ENCODED_DATA`,`CERT_HOLDER`,`CERT_ISSUER`,`CERT_SERIAL_NR`,`CERT_SIGN_ALG`,`CERT_SIGN_VAL`,`CERT_TYPE`,`CERT_USAGE`,`CERT_VALID_TO`,`CERT_VALID_FROM`,`CERT_VERSION`) values (542895,'2014-08-28 15:11:24','daniemn','2014-08-28 15:11:24','daniemn','b','a','ba','ba','b',null,null,'b','b',null,null,null);
insert into `ETR_TB_CERTIFICATE`(`CERT_ID`,`CRE_DT`,`CRE_ID`,`MOD_DT`,`MOD_ID`,`CERT_ATTRIBUTES`,`CERT_ENCODED_DATA`,`CERT_HOLDER`,`CERT_ISSUER`,`CERT_SERIAL_NR`,`CERT_SIGN_ALG`,`CERT_SIGN_VAL`,`CERT_TYPE`,`CERT_USAGE`,`CERT_VALID_TO`,`CERT_VALID_FROM`,`CERT_VERSION`) values (722991,'2014-09-02 15:19:58','daniemn','2014-09-02 15:19:58',null,'  party303  ','  party303  ','  party303  ','  party303  ','  party303  ','  party303  ','  party303  ','  party303  ','  party303  ',null,null,'  party303  ');
insert into `ETR_TB_CERTIFICATE`(`CERT_ID`,`CRE_DT`,`CRE_ID`,`MOD_DT`,`MOD_ID`,`CERT_ATTRIBUTES`,`CERT_ENCODED_DATA`,`CERT_HOLDER`,`CERT_ISSUER`,`CERT_SERIAL_NR`,`CERT_SIGN_ALG`,`CERT_SIGN_VAL`,`CERT_TYPE`,`CERT_USAGE`,`CERT_VALID_TO`,`CERT_VALID_FROM`,`CERT_VERSION`) values (723186,'2014-09-02 15:26:44','daniemn','2014-09-02 15:26:44','daniemn',null,'ba','bqba','ba','b',null,null,'b','b',null,null,null);
insert into `ETR_TB_CERTIFICATE`(`CERT_ID`,`CRE_DT`,`CRE_ID`,`MOD_DT`,`MOD_ID`,`CERT_ATTRIBUTES`,`CERT_ENCODED_DATA`,`CERT_HOLDER`,`CERT_ISSUER`,`CERT_SERIAL_NR`,`CERT_SIGN_ALG`,`CERT_SIGN_VAL`,`CERT_TYPE`,`CERT_USAGE`,`CERT_VALID_TO`,`CERT_VALID_FROM`,`CERT_VERSION`) values (724710,'2014-09-02 15:37:12','daniemn','2014-09-02 15:37:12','daniemn',null,'a','a','a','a',null,null,'a','a',null,null,null);
insert into `ETR_TB_CERTIFICATE`(`CERT_ID`,`CRE_DT`,`CRE_ID`,`MOD_DT`,`MOD_ID`,`CERT_ATTRIBUTES`,`CERT_ENCODED_DATA`,`CERT_HOLDER`,`CERT_ISSUER`,`CERT_SERIAL_NR`,`CERT_SIGN_ALG`,`CERT_SIGN_VAL`,`CERT_TYPE`,`CERT_USAGE`,`CERT_VALID_TO`,`CERT_VALID_FROM`,`CERT_VERSION`) values (766694,'2014-09-03 15:12:45','daniemn','2014-09-03 15:12:45',null,'party401','party401','party401','party401','party401','party401','party401','party401','party401','2014-09-03 00:00:00','2014-09-03 00:00:00','party401');
insert into `ETR_TB_CERTIFICATE`(`CERT_ID`,`CRE_DT`,`CRE_ID`,`MOD_DT`,`MOD_ID`,`CERT_ATTRIBUTES`,`CERT_ENCODED_DATA`,`CERT_HOLDER`,`CERT_ISSUER`,`CERT_SERIAL_NR`,`CERT_SIGN_ALG`,`CERT_SIGN_VAL`,`CERT_TYPE`,`CERT_USAGE`,`CERT_VALID_TO`,`CERT_VALID_FROM`,`CERT_VERSION`) values (767335,'2014-09-03 15:20:48','daniemn','2014-09-03 15:20:48',null,'party401','party401','party401','party401','party401','party401','party401','party401','party401','2014-09-11 00:00:00','2014-09-01 00:00:00','party401');
insert into `ETR_TB_CERTIFICATE`(`CERT_ID`,`CRE_DT`,`CRE_ID`,`MOD_DT`,`MOD_ID`,`CERT_ATTRIBUTES`,`CERT_ENCODED_DATA`,`CERT_HOLDER`,`CERT_ISSUER`,`CERT_SERIAL_NR`,`CERT_SIGN_ALG`,`CERT_SIGN_VAL`,`CERT_TYPE`,`CERT_USAGE`,`CERT_VALID_TO`,`CERT_VALID_FROM`,`CERT_VERSION`) values (767353,'2014-09-03 15:22:37','daniemn','2014-09-03 15:22:37',null,'party401','party401','party401','party401','party401','party401','party401','party401','party401','2014-09-03 00:00:00','2014-09-01 00:00:00','party401');
insert into `ETR_TB_CERTIFICATE`(`CERT_ID`,`CRE_DT`,`CRE_ID`,`MOD_DT`,`MOD_ID`,`CERT_ATTRIBUTES`,`CERT_ENCODED_DATA`,`CERT_HOLDER`,`CERT_ISSUER`,`CERT_SERIAL_NR`,`CERT_SIGN_ALG`,`CERT_SIGN_VAL`,`CERT_TYPE`,`CERT_USAGE`,`CERT_VALID_TO`,`CERT_VALID_FROM`,`CERT_VERSION`) values (767354,'2014-10-03 15:41:09','daniemn','2014-10-03 15:41:09',null,'ac02','ac02','ac02','ac02','ac02','ac02','ac02','ac02','ac02',null,null,'ac02');
insert into `ETR_TB_CERTIFICATE`(`CERT_ID`,`CRE_DT`,`CRE_ID`,`MOD_DT`,`MOD_ID`,`CERT_ATTRIBUTES`,`CERT_ENCODED_DATA`,`CERT_HOLDER`,`CERT_ISSUER`,`CERT_SERIAL_NR`,`CERT_SIGN_ALG`,`CERT_SIGN_VAL`,`CERT_TYPE`,`CERT_USAGE`,`CERT_VALID_TO`,`CERT_VALID_FROM`,`CERT_VERSION`) values (767355,'2014-10-07 10:01:40','ventrgi','2014-10-07 10:03:39','ventrgi','','MIIGKDCCBRCgAwIBAgIRANVoNNPFSqjRzEQuHuBkNlYwDQYJKoZIhvcNAQEFBQAw gZMxCzAJBgNVBAYTAkdCMRswGQYDVQQIExJHcmVhdGVyIE1hbmNoZXN0ZXIxEDAO BgNVBAcTB1NhbGZvcmQxGjAYBgNVBAoTEUNPTU9ETyBDQSBMaW1pdGVkMTkwNwYD VQQDEzBDT01PRE8gQ2xpZW50IEF1dGhlbnRpY2F0aW9uIGFuZCBTZWN1cmUgRW1h aWwgQ0EwHhcNMTMwOTMwMDAwMDAwWhcNMTQwOTMwMjM1OTU5WjCCATIxCzAJBgNV BAYTAlVTMQ4wDAYDVQQREwU5MDA3MTELMAkGA1UECBMCQ0ExFDASBgNVBAcTC0xv cyBBbmdlbGVzMR8wHQYDVQQJExYzMzMgU291dGggR3JhbmQgQXZlbnVlMSQwIgYD VQQKFBtHaWJzb24sIER1bm4gJiBDcnV0Y2hlciBMTFAxQTA/BgNVBAsUOElzc3Vl ZCB0aHJvdWdoIEdpYnNvbiwgRHVubiAmIENydXRjaGVyIExMUCBFLVBLSSBNYW5h Z2VyMR8wHQYDVQQLExZDb3Jwb3JhdGUgU2VjdXJlIEVtYWlsMRswGQYDVQQDExJH bG9iYWwgUHJvY3VyZW1lbnQxKDAmBgkqhkiG9w0BCQEWGWdkY2VuY3J5cHRAZ2li c29uZHVubi5jb20wggEiMA0GCSqGSIb3DQEBAQUAA4IBDwAwggEKAoIBAQCopsUC mbF5ORz/I294ZjXmGZSY0aRmMz1Bh7wY1KKi0vJmrK4zNMR6aDMYMvB8EURMi/Pm v2f1jsPisj9X4dVF+cHBfzQrdcgi1ta2smnQtgtPSbJBgHZ58CANnxoZiHf08k2g D3PmLgUdN6Hx/1vVdN7ZuA+d+v7QjkRmJrHhkFjfnXMQgrEorX1AUUdEEHvxzWku EDjHKN3nHoI3WO7iELBe+KVl8uaPK/9kQVoNHChYjyMH7ysxsw+r9Ttky93AvKF5 GbmyUjsXtuMlwKZXPLpXrWlm0xv+OfoSZxW0SZ2N3O6dKpV2vPM7vvbYhAMqKXfl /bMrwKvNSw5yt/qLAgMBAAGjggHTMIIBzzAfBgNVHSMEGDAWgBR6E04AdFvGeGNk J8Ev4qBbvHnFezAdBgNVHQ4EFgQUTbyZ1cTGPwTF8R5SvwcJiTpJZs8wDgYDVR0P AQH/BAQDAgWgMAwGA1UdEwEB/wQCMAAwHQYDVR0lBBYwFAYIKwYBBQUHAwQGCCsG AQUFBwMCMEYGA1UdIAQ/MD0wOwYMKwYBBAGyMQECAQMFMCswKQYIKwYBBQUHAgEW HWh0dHBzOi8vc2VjdXJlLmNvbW9kby5uZXQvQ1BTMFcGA1UdHwRQME4wTKBKoEiG Rmh0dHA6Ly9jcmwuY29tb2RvY2EuY29tL0NPTU9ET0NsaWVudEF1dGhlbnRpY2F0 aW9uYW5kU2VjdXJlRW1haWxDQS5jcmwwgYgGCCsGAQUFBwEBBHwwejBSBggrBgEF BQcwAoZGaHR0cDovL2NydC5jb21vZG9jYS5jb20vQ09NT0RPQ2xpZW50QXV0aGVu dGljYXRpb25hbmRTZWN1cmVFbWFpbENBLmNydDAkBggrBgEFBQcwAYYYaHR0cDov L29jc3AuY29tb2RvY2EuY29tMCQGA1UdEQQdMBuBGWdkY2VuY3J5cHRAZ2lic29u ZHVubi5jb20wDQYJKoZIhvcNAQEFBQADggEBAB6vhFSrc4LjugzBfWSH613QEX7d SXqvMpTCW0aUnBtcomuIIKGGucuQAfHdPueGkF4CHphZX5Al5bfnVdhBbvLG+qC1 S0nqKhj6uh7wmnFP/DGGjs+tL2zXf2KPenjC/96ZtDlXMov6VCsQ9PxoKAJprTN7 WScBdU/T9/Eu5MjAX7FAqqydCc9rW7LQBRkvlhi9wORRaXE0FVMOM44HdAPMp5Ap X75n/Qi38DyG2gDA49X1gyi0ByNzeEoGxYWZhfthd7F9FpNcBghkqExPT3ZqHWRf QCSWbkhHqLs1Z/mnq0B9U+wq1pfb9rL1AliUKID1AI2XOgnvjchhGSarF2w=','E = gdcencrypt@gibsondunn.com, CN = Global Procurement, OU = Corporate Secure Email, OU = Issued through Gibson, Dunn "&" Crutcher LLP E-PKI Manager, O = Gibson, Dunn "&" Crutcher LLP, STREET = 333 South Grand Avenue, L = Los Angeles, S = CA, PostalCode','CN = COMODO Client Authentication and Secure Email CA,O = COMODO CA Limited, L = Salford, S = Greater Manchester, C = GB','?00 d5 68 34 d3 c5 4a a8 d1 cc 44 2e 1e e0 64 36 56','sha1RSA','35150744882001872089491875530671559519','X509','KEY_ENCIPHERMENT','2014-12-31 00:00:00','2014-10-01 00:00:00','V3');
insert into `ETR_TB_CERTIFICATE`(`CERT_ID`,`CRE_DT`,`CRE_ID`,`MOD_DT`,`MOD_ID`,`CERT_ATTRIBUTES`,`CERT_ENCODED_DATA`,`CERT_HOLDER`,`CERT_ISSUER`,`CERT_SERIAL_NR`,`CERT_SIGN_ALG`,`CERT_SIGN_VAL`,`CERT_TYPE`,`CERT_USAGE`,`CERT_VALID_TO`,`CERT_VALID_FROM`,`CERT_VERSION`) values (767356,'2014-10-16 15:29:33','guerrpa',null,null,'','CIPADMIN-234-2','CIPADMIN-234-2','CIPADMIN-234-2','CIPADMIN-234-2','','','CIPADMIN-234-2','CIPADMIN-234-2',null,null,'');
insert into `ETR_TB_CERTIFICATE`(`CERT_ID`,`CRE_DT`,`CRE_ID`,`MOD_DT`,`MOD_ID`,`CERT_ATTRIBUTES`,`CERT_ENCODED_DATA`,`CERT_HOLDER`,`CERT_ISSUER`,`CERT_SERIAL_NR`,`CERT_SIGN_ALG`,`CERT_SIGN_VAL`,`CERT_TYPE`,`CERT_USAGE`,`CERT_VALID_TO`,`CERT_VALID_FROM`,`CERT_VERSION`) values (767357,'2014-10-16 15:29:45','guerrpa',null,null,'','CIPADMIN-234','CIPADMIN-234','CIPADMIN-234','CIPADMIN-234','','','CIPADMIN-234','CIPADMIN-234',null,null,'');
insert into `ETR_TB_CERTIFICATE`(`CERT_ID`,`CRE_DT`,`CRE_ID`,`MOD_DT`,`MOD_ID`,`CERT_ATTRIBUTES`,`CERT_ENCODED_DATA`,`CERT_HOLDER`,`CERT_ISSUER`,`CERT_SERIAL_NR`,`CERT_SIGN_ALG`,`CERT_SIGN_VAL`,`CERT_TYPE`,`CERT_USAGE`,`CERT_VALID_TO`,`CERT_VALID_FROM`,`CERT_VERSION`) values (767358,'2014-10-16 17:10:26','guerrpa',null,null,'','CIPADMIN-234-3','CIPADMIN-234-3','CIPADMIN-234-3','CIPADMIN-234-3','','','CIPADMIN-234-3','CIPADMIN-234-3',null,null,'');
insert into `ETR_TB_CERTIFICATE`(`CERT_ID`,`CRE_DT`,`CRE_ID`,`MOD_DT`,`MOD_ID`,`CERT_ATTRIBUTES`,`CERT_ENCODED_DATA`,`CERT_HOLDER`,`CERT_ISSUER`,`CERT_SERIAL_NR`,`CERT_SIGN_ALG`,`CERT_SIGN_VAL`,`CERT_TYPE`,`CERT_USAGE`,`CERT_VALID_TO`,`CERT_VALID_FROM`,`CERT_VERSION`) values (767359,'2014-10-17 08:41:02','guerrpa',null,null,'','CIPADMIN-234-ica','CIPADMIN-234-ica','CIPADMIN-234-ica','CIPADMIN-234-ica','','','CIPADMIN-234-ica','CIPADMIN-234-ica',null,null,'');

-- ********PARTY********
INSERT INTO `etr_tb_party` (`PTY_ID`, `CRE_DT`, `CRE_ID`, `MOD_DT`, `MOD_ID`, `PTY_PARTY_NAME`, `PTY_CRED_ID`, `PTY_CERT_ID`, `PTY_THIRD_PTY_FL`, `PTY_BUSINESS_DOMAIN`) VALUES (1,'2013-02-12 10:23:46','orazisa','2013-02-12 10:23:46','orazisa','Test Party two',1,NULL,0, 3);
INSERT INTO `etr_tb_party` (`PTY_ID`, `CRE_DT`, `CRE_ID`, `MOD_DT`, `MOD_ID`, `PTY_PARTY_NAME`, `PTY_CRED_ID`, `PTY_CERT_ID`, `PTY_THIRD_PTY_FL`, `PTY_BUSINESS_DOMAIN`) VALUES (2,'2013-02-12 10:28:05','orazisa','2013-02-12 10:28:05','orazisa','Test Party One',2,NULL,0, 3);
INSERT INTO `etr_tb_party` (`PTY_ID`, `CRE_DT`, `CRE_ID`, `MOD_DT`, `MOD_ID`, `PTY_PARTY_NAME`, `PTY_CRED_ID`, `PTY_CERT_ID`, `PTY_THIRD_PTY_FL`, `PTY_BUSINESS_DOMAIN`) VALUES (3,'2013-02-12 10:28:05','orazisa','2013-02-12 10:28:05','orazisa','Test Third Party',3,NULL,1, 3);
INSERT INTO `etr_tb_party` (`PTY_ID`, `CRE_DT`, `CRE_ID`, `MOD_DT`, `MOD_ID`, `PTY_PARTY_NAME`, `PTY_CRED_ID`, `PTY_CERT_ID`, `PTY_THIRD_PTY_FL`, `PTY_BUSINESS_DOMAIN`) VALUES (4,'2013-02-12 10:28:05','orazisa','2013-02-12 10:28:05','orazisa','Test Bundle PartyOne',4,NULL,0, 3);
INSERT INTO `etr_tb_party` (`PTY_ID`, `CRE_DT`, `CRE_ID`, `MOD_DT`, `MOD_ID`, `PTY_PARTY_NAME`, `PTY_CRED_ID`, `PTY_CERT_ID`, `PTY_THIRD_PTY_FL`, `PTY_BUSINESS_DOMAIN`) VALUES (5,'2013-02-12 10:28:05','orazisa','2013-02-12 10:28:05','orazisa','Test Bundle PartyTwo',5,NULL,0, 3);
INSERT INTO `etr_tb_party` (`PTY_ID`, `CRE_DT`, `CRE_ID`, `MOD_DT`, `MOD_ID`, `PTY_PARTY_NAME`, `PTY_CRED_ID`, `PTY_CERT_ID`, `PTY_THIRD_PTY_FL`, `PTY_BUSINESS_DOMAIN`) VALUES (6,'2013-02-12 10:28:05','orazisa','2013-02-12 10:28:05','orazisa','TRUSTSUPPARTY1',6,NULL,0, 1);
INSERT INTO `etr_tb_party` (`PTY_ID`, `CRE_DT`, `CRE_ID`, `MOD_DT`, `MOD_ID`, `PTY_PARTY_NAME`, `PTY_CRED_ID`, `PTY_CERT_ID`, `PTY_THIRD_PTY_FL`, `PTY_BUSINESS_DOMAIN`) VALUES (7,'2013-02-12 10:28:05','orazisa','2013-02-12 10:28:05','orazisa','TRUSTCUSTPARTY1',7,NULL,0, 1);
INSERT INTO `etr_tb_party` (`PTY_ID`, `CRE_DT`, `CRE_ID`, `MOD_DT`, `MOD_ID`, `PTY_PARTY_NAME`, `PTY_CRED_ID`, `PTY_CERT_ID`, `PTY_THIRD_PTY_FL`, `PTY_BUSINESS_DOMAIN`) VALUES (8,'2013-02-12 10:28:05','orazisa','2013-02-12 10:28:05','orazisa','TRUSTSUPPARTY6',8,NULL,0, 1);
INSERT INTO `etr_tb_party` (`PTY_ID`, `CRE_DT`, `CRE_ID`, `MOD_DT`, `MOD_ID`, `PTY_PARTY_NAME`, `PTY_CRED_ID`, `PTY_CERT_ID`, `PTY_THIRD_PTY_FL`, `PTY_BUSINESS_DOMAIN`) VALUES (9,'2013-02-12 10:28:05','orazisa','2013-02-12 10:28:05','orazisa','TRUSTCUSTPARTY6',9,NULL,0, 1);
INSERT INTO `etr_tb_party` (`PTY_ID`, `CRE_DT`, `CRE_ID`, `MOD_DT`, `MOD_ID`, `PTY_PARTY_NAME`, `PTY_CRED_ID`, `PTY_CERT_ID`, `PTY_THIRD_PTY_FL`, `PTY_BUSINESS_DOMAIN`) VALUES (10,'2013-02-12 10:28:05','orazisa','2013-02-12 10:28:05','orazisa','AS2ADAPTER_PARTY',11,NULL,1, 1);
INSERT INTO `etr_tb_party` (`PTY_ID`, `CRE_DT`, `CRE_ID`, `MOD_DT`, `MOD_ID`, `PTY_PARTY_NAME`, `PTY_CRED_ID`, `PTY_CERT_ID`, `PTY_THIRD_PTY_FL`, `PTY_BUSINESS_DOMAIN`) VALUES (11,'2013-02-12 10:28:05','orazisa','2013-02-12 10:28:05','orazisa','SP1_PARTY',12,NULL,1, 1);

-- ********PARTY_ID********
INSERT INTO `ETR_TB_PARTY_ID` (`PID_ID`, `CRE_DT`, `CRE_ID`, `MOD_DT`, `MOD_ID`, `PID_IDENTIFIER_SCHEME`, `PID_IDENTIFIER_VALUE`, `PID_PTY_ID`) VALUES (1,'2013-02-12 10:23:46','orazisa','2013-02-12 10:23:46','orazisa','GLN','000886688001',1);
INSERT INTO `ETR_TB_PARTY_ID` (`PID_ID`, `CRE_DT`, `CRE_ID`, `MOD_DT`, `MOD_ID`, `PID_IDENTIFIER_SCHEME`, `PID_IDENTIFIER_VALUE`, `PID_PTY_ID`) VALUES (2,'2013-02-12 10:28:05','orazisa','2013-02-12 10:28:05','orazisa','GLN','000886688002',2);
INSERT INTO `ETR_TB_PARTY_ID` (`PID_ID`, `CRE_DT`, `CRE_ID`, `MOD_DT`, `MOD_ID`, `PID_IDENTIFIER_SCHEME`, `PID_IDENTIFIER_VALUE`, `PID_PTY_ID`) VALUES (3,'2013-02-12 10:28:05','orazisa','2013-02-12 10:28:05','orazisa','GLN','000886688004',3);
INSERT INTO `ETR_TB_PARTY_ID` (`PID_ID`, `CRE_DT`, `CRE_ID`, `MOD_DT`, `MOD_ID`, `PID_IDENTIFIER_SCHEME`, `PID_IDENTIFIER_VALUE`, `PID_PTY_ID`) VALUES (4,'2013-02-12 10:28:05','orazisa','2013-02-12 10:28:05','orazisa','GLN','000886688005',4);
INSERT INTO `ETR_TB_PARTY_ID` (`PID_ID`, `CRE_DT`, `CRE_ID`, `MOD_DT`, `MOD_ID`, `PID_IDENTIFIER_SCHEME`, `PID_IDENTIFIER_VALUE`, `PID_PTY_ID`) VALUES (5,'2013-02-12 10:28:05','orazisa','2013-02-12 10:28:05','orazisa','EC_LEF','155879966532',5);
INSERT INTO `ETR_TB_PARTY_ID` (`PID_ID`, `CRE_DT`, `CRE_ID`, `MOD_DT`, `MOD_ID`, `PID_IDENTIFIER_SCHEME`, `PID_IDENTIFIER_VALUE`, `PID_PTY_ID`) VALUES (6,'2013-02-12 10:28:05','orazisa','2013-02-12 10:28:05','orazisa','GLN','TRUSTSUPPARTY1',6);
INSERT INTO `ETR_TB_PARTY_ID` (`PID_ID`, `CRE_DT`, `CRE_ID`, `MOD_DT`, `MOD_ID`, `PID_IDENTIFIER_SCHEME`, `PID_IDENTIFIER_VALUE`, `PID_PTY_ID`) VALUES (7,'2013-02-12 10:28:05','orazisa','2013-02-12 10:28:05','orazisa','GLN','TRUSTCUSTPARTY1',7);
INSERT INTO `ETR_TB_PARTY_ID` (`PID_ID`, `CRE_DT`, `CRE_ID`, `MOD_DT`, `MOD_ID`, `PID_IDENTIFIER_SCHEME`, `PID_IDENTIFIER_VALUE`, `PID_PTY_ID`) VALUES (8,'2013-02-12 10:28:05','orazisa','2013-02-12 10:28:05','orazisa','GLN','TRUSTSUPPARTY6',8);
INSERT INTO `ETR_TB_PARTY_ID` (`PID_ID`, `CRE_DT`, `CRE_ID`, `MOD_DT`, `MOD_ID`, `PID_IDENTIFIER_SCHEME`, `PID_IDENTIFIER_VALUE`, `PID_PTY_ID`) VALUES (9,'2013-02-12 10:28:05','orazisa','2013-02-12 10:28:05','orazisa','GLN','TRUSTCUSTPARTY6',9);
INSERT INTO `ETR_TB_PARTY_ID` (`PID_ID`, `CRE_DT`, `CRE_ID`, `MOD_DT`, `MOD_ID`, `PID_IDENTIFIER_SCHEME`, `PID_IDENTIFIER_VALUE`, `PID_PTY_ID`) VALUES (10,'2013-02-12 10:28:05','orazisa','2013-02-12 10:28:05','orazisa','GLN','AS2ADAPTER_PARTY',10);
INSERT INTO `ETR_TB_PARTY_ID` (`PID_ID`, `CRE_DT`, `CRE_ID`, `MOD_DT`, `MOD_ID`, `PID_IDENTIFIER_SCHEME`, `PID_IDENTIFIER_VALUE`, `PID_PTY_ID`) VALUES (11,'2013-02-12 10:28:05','orazisa','2013-02-12 10:28:05','orazisa','GLN','SP1_PARTY',11);

-- ********PARTY_AGREEMENT********
INSERT INTO `ETR_TB_PARTYAGREEMENT` (`PAG_ID`, `CRE_DT`, `CRE_ID`, `MOD_DT`, `MOD_ID`, `PAG_AUTH_PTY_ID`, `PAG_DEL_PTY_ID`) VALUES (1,'2013-02-25 00:00:00','orazisa','2013-02-25 00:00:00','orazisa',2,3);
INSERT INTO `ETR_TB_PARTYAGREEMENT` (`PAG_ID`, `CRE_DT`, `CRE_ID`, `MOD_DT`, `MOD_ID`, `PAG_AUTH_PTY_ID`, `PAG_DEL_PTY_ID`) VALUES (2,'2013-02-25 00:00:00','orazisa','2013-02-25 00:00:00','orazisa',6,10);
INSERT INTO `ETR_TB_PARTYAGREEMENT` (`PAG_ID`, `CRE_DT`, `CRE_ID`, `MOD_DT`, `MOD_ID`, `PAG_AUTH_PTY_ID`, `PAG_DEL_PTY_ID`) VALUES (3,'2013-02-25 00:00:00','orazisa','2013-02-25 00:00:00','orazisa',7,11);

-- ********PARTY_ROLE********
INSERT INTO `ETR_TB_PARTY_ROLE` (`PAR_ID`, `CRE_DT`, `CRE_ID`, `MOD_DT`, `MOD_ID`, `PAR_PTY_ID`, `PAR_ROL_ID`) VALUES (1,'2013-02-12 10:29:24','orazisa','2013-02-12 10:29:24','orazisa',1,2);
INSERT INTO `ETR_TB_PARTY_ROLE` (`PAR_ID`, `CRE_DT`, `CRE_ID`, `MOD_DT`, `MOD_ID`, `PAR_PTY_ID`, `PAR_ROL_ID`) VALUES (2,'2013-02-12 10:29:24','orazisa','2013-02-12 10:29:24','orazisa',2,1);
INSERT INTO `ETR_TB_PARTY_ROLE` (`PAR_ID`, `CRE_DT`, `CRE_ID`, `MOD_DT`, `MOD_ID`, `PAR_PTY_ID`, `PAR_ROL_ID`) VALUES (3,'2013-02-12 10:29:24','orazisa','2013-02-12 10:29:24','orazisa',3,5);
INSERT INTO `ETR_TB_PARTY_ROLE` (`PAR_ID`, `CRE_DT`, `CRE_ID`, `MOD_DT`, `MOD_ID`, `PAR_PTY_ID`, `PAR_ROL_ID`) VALUES (4,'2013-02-12 10:29:24','orazisa','2013-02-12 10:29:24','orazisa',4,6);
INSERT INTO `ETR_TB_PARTY_ROLE` (`PAR_ID`, `CRE_DT`, `CRE_ID`, `MOD_DT`, `MOD_ID`, `PAR_PTY_ID`, `PAR_ROL_ID`) VALUES (5,'2013-02-12 10:29:24','orazisa','2013-02-12 10:29:24','orazisa',5,6);
INSERT INTO `ETR_TB_PARTY_ROLE` (`PAR_ID`, `CRE_DT`, `CRE_ID`, `MOD_DT`, `MOD_ID`, `PAR_PTY_ID`, `PAR_ROL_ID`) VALUES (6,'2013-02-12 10:29:24','orazisa','2013-02-12 10:29:24','orazisa',6,6);
INSERT INTO `ETR_TB_PARTY_ROLE` (`PAR_ID`, `CRE_DT`, `CRE_ID`, `MOD_DT`, `MOD_ID`, `PAR_PTY_ID`, `PAR_ROL_ID`) VALUES (7,'2013-02-12 10:29:24','orazisa','2013-02-12 10:29:24','orazisa',7,6);
INSERT INTO `ETR_TB_PARTY_ROLE` (`PAR_ID`, `CRE_DT`, `CRE_ID`, `MOD_DT`, `MOD_ID`, `PAR_PTY_ID`, `PAR_ROL_ID`) VALUES (8,'2013-02-12 10:29:24','orazisa','2013-02-12 10:29:24','orazisa',8,6);
INSERT INTO `ETR_TB_PARTY_ROLE` (`PAR_ID`, `CRE_DT`, `CRE_ID`, `MOD_DT`, `MOD_ID`, `PAR_PTY_ID`, `PAR_ROL_ID`) VALUES (9,'2013-02-12 10:29:24','orazisa','2013-02-12 10:29:24','orazisa',9,6);
INSERT INTO `ETR_TB_PARTY_ROLE` (`PAR_ID`, `CRE_DT`, `CRE_ID`, `MOD_DT`, `MOD_ID`, `PAR_PTY_ID`, `PAR_ROL_ID`) VALUES (10,'2013-02-12 10:29:24','orazisa','2013-02-12 10:29:24','orazisa',6,1);
INSERT INTO `ETR_TB_PARTY_ROLE` (`PAR_ID`, `CRE_DT`, `CRE_ID`, `MOD_DT`, `MOD_ID`, `PAR_PTY_ID`, `PAR_ROL_ID`) VALUES (11,'2013-02-12 10:29:24','orazisa','2013-02-12 10:29:24','orazisa',7,2);
INSERT INTO `ETR_TB_PARTY_ROLE` (`PAR_ID`, `CRE_DT`, `CRE_ID`, `MOD_DT`, `MOD_ID`, `PAR_PTY_ID`, `PAR_ROL_ID`) VALUES (12,'2013-02-12 10:29:24','orazisa','2013-02-12 10:29:24','orazisa',6,4);
INSERT INTO `ETR_TB_PARTY_ROLE` (`PAR_ID`, `CRE_DT`, `CRE_ID`, `MOD_DT`, `MOD_ID`, `PAR_PTY_ID`, `PAR_ROL_ID`) VALUES (13,'2013-02-12 10:29:24','orazisa','2013-02-12 10:29:24','orazisa',7,4);

-- ********ICA********

INSERT INTO `ETR_TB_INTERCHANGE_AGR` (`ICA_ID`, `CRE_DT`, `CRE_ID`, `MOD_DT`, `MOD_ID`, `ICA_PRO_ID`, `ICA_VAL_START_DT`, `INT_CIA_ID`) VALUES (1,'2013-02-12 10:28:50','orazisa','2013-02-12 10:28:50','orazisa',3,NULL,NULL);
INSERT INTO `ETR_TB_INTERCHANGE_AGR` (`ICA_ID`, `CRE_DT`, `CRE_ID`, `MOD_DT`, `MOD_ID`, `ICA_PRO_ID`, `ICA_VAL_START_DT`, `INT_CIA_ID`) VALUES (2,'2013-02-12 10:28:50','orazisa','2013-02-12 10:28:50','orazisa',1,NULL,NULL);
INSERT INTO `ETR_TB_INTERCHANGE_AGR` (`ICA_ID`, `CRE_DT`, `CRE_ID`, `MOD_DT`, `MOD_ID`, `ICA_PRO_ID`, `ICA_VAL_START_DT`, `INT_CIA_ID`) VALUES (3,'2013-02-12 10:28:50','orazisa','2013-02-12 10:28:50','orazisa',3,NULL,NULL);
INSERT INTO `ETR_TB_INTERCHANGE_AGR` (`ICA_ID`, `CRE_DT`, `CRE_ID`, `MOD_DT`, `MOD_ID`, `ICA_PRO_ID`, `ICA_VAL_START_DT`, `INT_CIA_ID`) VALUES (4,'2013-02-12 10:28:50','orazisa','2013-02-12 10:28:50','orazisa',3,NULL,NULL);
INSERT INTO `ETR_TB_INTERCHANGE_AGR` (`ICA_ID`, `CRE_DT`, `CRE_ID`, `MOD_DT`, `MOD_ID`, `ICA_PRO_ID`, `ICA_VAL_START_DT`, `INT_CIA_ID`) VALUES (5,'2013-02-12 10:28:50','orazisa','2013-02-12 10:28:50','orazisa',3,NULL,NULL);
INSERT INTO `ETR_TB_INTERCHANGE_AGR` (`ICA_ID`, `CRE_DT`, `CRE_ID`, `MOD_DT`, `MOD_ID`, `ICA_PRO_ID`, `ICA_VAL_START_DT`, `INT_CIA_ID`) VALUES (6,'2013-02-12 10:28:50','orazisa','2013-02-12 10:28:50','orazisa',3,NULL,NULL);
INSERT INTO `ETR_TB_INTERCHANGE_AGR` (`ICA_ID`, `CRE_DT`, `CRE_ID`, `MOD_DT`, `MOD_ID`, `ICA_PRO_ID`, `ICA_VAL_START_DT`, `INT_CIA_ID`) VALUES (7,'2013-02-12 10:28:50','orazisa','2013-02-12 10:28:50','orazisa',3,NULL,NULL);
INSERT INTO `ETR_TB_INTERCHANGE_AGR` (`ICA_ID`, `CRE_DT`, `CRE_ID`, `MOD_DT`, `MOD_ID`, `ICA_PRO_ID`, `ICA_VAL_START_DT`, `INT_CIA_ID`) VALUES (8,'2013-02-12 10:28:50','orazisa','2013-02-12 10:28:50','orazisa',3,NULL,NULL);
INSERT INTO `ETR_TB_INTERCHANGE_AGR` (`ICA_ID`, `CRE_DT`, `CRE_ID`, `MOD_DT`, `MOD_ID`, `ICA_PRO_ID`, `ICA_VAL_START_DT`, `INT_CIA_ID`) VALUES (9,'2013-02-12 10:28:50','orazisa','2013-02-12 10:28:50','orazisa',3,NULL,NULL);
INSERT INTO `ETR_TB_INTERCHANGE_AGR` (`ICA_ID`, `CRE_DT`, `CRE_ID`, `MOD_DT`, `MOD_ID`, `ICA_PRO_ID`, `ICA_VAL_START_DT`, `INT_CIA_ID`) VALUES (10,'2013-02-12 10:28:50','orazisa','2013-02-12 10:28:50','orazisa',8,NULL,NULL);
INSERT INTO `ETR_TB_INTERCHANGE_AGR` (`ICA_ID`, `CRE_DT`, `CRE_ID`, `MOD_DT`, `MOD_ID`, `ICA_PRO_ID`, `ICA_VAL_START_DT`, `INT_CIA_ID`) VALUES (11,'2013-02-12 10:28:50','orazisa','2013-02-12 10:28:50','orazisa',12,NULL,NULL);

-- ********ICA_PARTY_ROLE********
INSERT INTO `ETR_TB_ICA_PARTYROLE` (`ICA_ID`, `PAR_ID`) VALUES (1,1);
INSERT INTO `ETR_TB_ICA_PARTYROLE` (`ICA_ID`, `PAR_ID`) VALUES (2,1);
INSERT INTO `ETR_TB_ICA_PARTYROLE` (`ICA_ID`, `PAR_ID`) VALUES (1,2);
INSERT INTO `ETR_TB_ICA_PARTYROLE` (`ICA_ID`, `PAR_ID`) VALUES (2,2);
INSERT INTO `ETR_TB_ICA_PARTYROLE` (`ICA_ID`, `PAR_ID`) VALUES (3,4);
INSERT INTO `ETR_TB_ICA_PARTYROLE` (`ICA_ID`, `PAR_ID`) VALUES (3,5);
INSERT INTO `ETR_TB_ICA_PARTYROLE` (`ICA_ID`, `PAR_ID`) VALUES (4,6);
INSERT INTO `ETR_TB_ICA_PARTYROLE` (`ICA_ID`, `PAR_ID`) VALUES (5,6);
INSERT INTO `ETR_TB_ICA_PARTYROLE` (`ICA_ID`, `PAR_ID`) VALUES (6,6);
INSERT INTO `ETR_TB_ICA_PARTYROLE` (`ICA_ID`, `PAR_ID`) VALUES (4,7);
INSERT INTO `ETR_TB_ICA_PARTYROLE` (`ICA_ID`, `PAR_ID`) VALUES (7,7);
INSERT INTO `ETR_TB_ICA_PARTYROLE` (`ICA_ID`, `PAR_ID`) VALUES (9,7);
INSERT INTO `ETR_TB_ICA_PARTYROLE` (`ICA_ID`, `PAR_ID`) VALUES (5,8);
INSERT INTO `ETR_TB_ICA_PARTYROLE` (`ICA_ID`, `PAR_ID`) VALUES (7,8);
INSERT INTO `ETR_TB_ICA_PARTYROLE` (`ICA_ID`, `PAR_ID`) VALUES (8,8);
INSERT INTO `ETR_TB_ICA_PARTYROLE` (`ICA_ID`, `PAR_ID`) VALUES (6,9);
INSERT INTO `ETR_TB_ICA_PARTYROLE` (`ICA_ID`, `PAR_ID`) VALUES (8,9);
INSERT INTO `ETR_TB_ICA_PARTYROLE` (`ICA_ID`, `PAR_ID`) VALUES (9,9);
INSERT INTO `ETR_TB_ICA_PARTYROLE` (`ICA_ID`, `PAR_ID`) VALUES (10,10);
INSERT INTO `ETR_TB_ICA_PARTYROLE` (`ICA_ID`, `PAR_ID`) VALUES (10,11);
INSERT INTO `ETR_TB_ICA_PARTYROLE` (`ICA_ID`, `PAR_ID`) VALUES (11,12);
INSERT INTO `ETR_TB_ICA_PARTYROLE` (`ICA_ID`, `PAR_ID`) VALUES (11,13);

COMMIT;
